:020000040000FA
:10000000FFFFFFFFFFFFFFFFFFFFFFFFFFFFFFFF00
:100010005599AA660C8500E004008C85C0018C828D
:10002000BC108C8690778C43200008C90C8700F3A5
:100030000C83008104000400040004000400040098
:100040000400040004000400040004000400040090
:10005000040004000400CC813C138C8110812C84AA
:1000600000004C8000F88C87FFFFCC8400A0CC827D
:100070000020CC8080004C8600004C8100004C8524
:1000800000004C8300004C870000CC85D847CC434F
:1000900000000000040004000C44000000000C8577
:1000A00000800A06004019B50000000000000000B2
:1000B0000000000000000000000000000000000040
:1000C0000000000000000000000000000000000030
:1000D0000000000000000000000000000000000020
:1000E0000000000000000000000000000000000010
:1000F0000000000000000000000000000000000000
:1001000000000000000000000000000000000000EF
:1001100000000000000000000000000000000000DF
:1001200000000000000000000000000000000000CF
:1001300000000000000000000000000000000000BF
:1001400000000000000000000000000000000000AF
:10015000000000000000000000000000000000009F
:10016000000000000000000000000000000000008F
:10017000000000000000000000000000000000007F
:10018000000000000000000000000000000000006F
:10019000000000000000000000000000000000005F
:1001A000000000000000000000000000000000004F
:1001B000000000000000000000000000000000003F
:1001C000000000000000000000000000000000002F
:1001D000000000000000000000000000000000001F
:1001E00000000000000000000000000000000020EF
:1001F00000000020000000000000000000000000DF
:1002000000000000000000000000000000000000EE
:1002100000000000000000000000000000000000DE
:1002200000000000000000000000000000000000CE
:100230000000000000002500000000000000000099
:1002400000000000000000000000000000000000AE
:10025000000000000000000000000000000000009E
:10026000000000000000000000000000000000008E
:10027000000000000000000000000000000000007E
:10028000000000000000000000000000000000006E
:10029000000000000000000000000000000000005E
:1002A000000000000000000000000000000000004E
:1002B000040000000000000000000000000000003A
:1002C000000000000000000000000400000000002A
:1002D000040000000000000000000000000000001A
:1002E000000000000000000000000400000000000A
:1002F00000000000000000000000000000000000FE
:1003000000000000000000000000000000000000ED
:1003100000000000000000000000000000000000DD
:1003200000000000000000000000000000000000CD
:1003300000000000000000000000000000000000BD
:1003400000000000000000000000000000000000AD
:10035000000000000000000000000000000000009D
:10036000000000000000000000000000000000008D
:10037000000000000000000000000000000000007D
:10038000000000000000000000000000000000006D
:10039000000000000000000000000000000000005D
:1003A000000000000000000000000000000000004D
:1003B000000000000000000000000000000000003D
:1003C000000000000000000000000000000000002D
:1003D000000000000000000000000000000000001D
:1003E000000000000000000000000000000000000D
:1003F00000000000004000000000000000000000BD
:1004000000000000000000000000000000000000EC
:1004100000000000000000000000000000000000DC
:1004200000000000000000000000000000000000CC
:1004300000000000000000000000000000000000BC
:1004400000000000000000000000000000000000AC
:10045000000000000000000000000000000000009C
:10046000000000000000000000000000000000008C
:10047000000000000000000000000000000000007C
:10048000000000000000000000000000000000006C
:10049000000000000000000000000000000000005C
:1004A000000000000000000000000000000000004C
:1004B000000000000000000000000000000000003C
:1004C000000000000000000000000000000000002C
:1004D000000000000000000000000000000000001C
:1004E000000000000000000000000000000000000C
:1004F00000000000000000000000000000000000FC
:1005000000000000000000000000000000000000EB
:1005100000000000000000000000000000000000DB
:1005200000000000000000000000000000000000CB
:1005300000000000000000000000000000000000BB
:1005400000000000000000000000000000000000AB
:10055000000000000000000000000000000000009B
:10056000000000000000000000000000000000008B
:10057000000000000000000000000000000000007B
:10058000000000000000000000000000000000006B
:10059000000000000000000000000000000000005B
:1005A000000000000000000000000000000000004B
:1005B000000000000000000000000000000000003B
:1005C000000000000000000000000000000000002B
:1005D000000000000000000000000000000000001B
:1005E000000000000000000000000000000000000B
:1005F00000000000000000000000000000000000FB
:1006000000000000000005000000000000000000E5
:1006100000000000000000000000000000000000DA
:1006200000000000000000000000000000000000CA
:1006300000000000000000000000000000000000BA
:1006400000000000000000000000000000000000AA
:10065000000000000000000000000000000000009A
:10066000000000000000000000000000000000008A
:10067000000000000000000000000000000000007A
:10068000080000000000000000000000080000005A
:10069000000000000000000000000000000000005A
:1006A000000000000000000000000000000000004A
:1006B000000000000000000000000000000000003A
:1006C000000000000000000000000000000000002A
:1006D000000000000000000000000000000000001A
:1006E000000000000000000000000000000000000A
:1006F00000000000000000000000000000000000FA
:1007000000000000000000000000000000000000E9
:100710000000000000000000000041001000000088
:1007200000000000000000000000000000000000C9
:1007300000000000000000000000000000000000B9
:1007400000000000000000000000000000000000A9
:100750000000000000000000000000000000000099
:100760000000000000000000000000000000000089
:100770000000000000000000000000000000000079
:100780000000000000000000000000000000000069
:100790000000000000000000000000000000000059
:1007A0000000000000000000000000000000000049
:1007B0000000000000000000000000000000000039
:1007C0000000000000000000000000000000000029
:1007D0000000000000000000000000000000000019
:1007E0000000000000000000000000000000000009
:1007F00000000000000000000000000000000000F9
:1008000000000000000010000000000000000000D8
:1008100000000000000000000000000000000000D8
:1008200000000000000003000000000000000000C5
:1008300000000000000000000000000000000000B8
:1008400000000000000000000000000000000000A8
:100850000000000000000000000000000000000098
:100860000000000000000000000000000000000088
:100870000000000000000000000000000000000078
:100880000000000000000000000000000000000068
:1008900000000000A0000000A00000000000000018
:1008A0000000000000000000000000000000000048
:1008B0000000000000000000000000000000000038
:1008C0000000000000000000000000000000000028
:1008D0000000000000000000000000000000000018
:1008E0000000000000000000000000000000000008
:1008F00000000000000000000000000000000000F8
:1009000000000000000000000000000000000000E7
:1009100000000000000000000000000000000000D7
:1009200000000000000000000000000000000000C7
:1009300000000000000000000000000000000000B7
:1009400000000000000000000000000000000000A7
:100950000000000000000000000000000000000097
:100960000000000000000000000000000000000087
:100970000000000000000000000000000000000077
:100980000000000000000000000000000000000067
:100990000000000000000000000000000000000057
:1009A0000000000000000000000000000000000047
:1009B0000000000000000000000000000000000037
:1009C0000000000000000000000000000000000027
:1009D0000000000000000000000000000000000017
:1009E0000000000000000000000000000000000007
:1009F00000000000000000000000000000000000F7
:100A000000000000000000000000000000000000E6
:100A100000000000000000000000000000000000D6
:100A200000000000000000000000000000000000C6
:100A300000000000000801000000000000080000A5
:100A400000000000000000000000000000000000A6
:100A50000000000000000000000000000000000096
:100A60000000000000000000000000000000000086
:100A70000000000000000000000000000000000076
:100A80000000000000000000000000000000000066
:100A90000000000000000000000000000000000056
:100AA0000000000000000000000000000000000046
:100AB0000000000000000080200000000000008016
:100AC0000000000000000000000000000000000026
:100AD0000000000000000000000000000000000016
:100AE0000000000000000000000000000000000006
:100AF00000000000000000000000000000000000F6
:100B000000000000000000000000000000000000E5
:100B100000000000000000000000000000000000D5
:100B200000000000000000000000000000000000C5
:100B300000000000000000000000000000000000B5
:100B400000000000000000000000000000000000A5
:100B50000000000000000000000000000000000095
:100B60000000000000000000000000000000000085
:100B70000000000000000000000000000000000075
:100B80000000000000000000000000000000000065
:100B90000000000000000000000000000000000055
:100BA0000000000000000000000000000000000045
:100BB0000000000000000000000000000000000035
:100BC0000000000000000000000000000000000025
:100BD0000000000000000000000000000000000015
:100BE0000000000000000000000000000000000005
:100BF00000000000000000000000000000000000F5
:100C000000000000000000000000000000000000E4
:100C10000000000000400000000000000000000094
:100C200000000000000000000000000000000000C4
:100C30000000000000000000000000018200000031
:100C400000000000000000000000000000000000A4
:100C50000000000000000000000000000000000094
:100C60000000000000000000000000000000000084
:100C70000000000000000000000000000000000074
:100C80000000000000000000000000000000000064
:100C90000000000000000000000000000000000054
:100CA0000000000000000000000000000000000044
:100CB0000000000000000000000000000040800074
:100CC0000000000000000000000000000000000024
:100CD0000000000000000000000000000000000014
:100CE0000000000000000000000000000000000004
:100CF00000000000000000000000000000000000F4
:100D000000000000000000000000000000000000E3
:100D100000000000000000000000000000000000D3
:100D200000000000000000000000000000000000C3
:100D30000000000000000000000000000000C200F1
:100D400043C800000000000000C8000000000000D0
:100D50000000000000000000000000000000000093
:100D60000000000000000000000000000000000083
:100D70000000000000000000000000000000000073
:100D80000000000000000000000000000000000063
:100D90000000000000000000000000000000000053
:100DA0000000000000000000000000000000000043
:100DB0000000000000000000000000000000000033
:100DC0000000000000000000000000000000000023
:100DD0000000000000000000000000000000000013
:100DE0000000000000000000000000000000000003
:100DF00000000000000000000000000000000000F3
:100E000000000000000000000000000000000000E2
:100E100000000000000000000000000000000000D2
:100E200000000000000000000000000000000000C2
:100E300000000000000000000000000000000008AA
:100E4000000000800800000000000080000000009A
:100E50000000000000000000000000000000000092
:100E60000000000000000000000000000000000082
:100E70000000000000000000000000000000000072
:100E80000000000000000000000000000000000062
:100E90000000000000000000000000000000000052
:100EA0000000000000000000000000000000000042
:100EB0000000000000000000000000000000000032
:100EC0000002C0120000000000000000000000004E
:100ED00000000000000000000000000000008C0086
:100EE0000000000000000000000000000000000002
:100EF00000000000000000000000000000000000F2
:100F000000000000000000000000000000000000E1
:100F100000000000000000000000000000000000D1
:100F200000000000000000000000000000000000C1
:100F300000000000000000000000000000000000B1
:100F400000001040001008200000000000000820F1
:100F50000000000000000000000000000000000091
:100F60000000000000000000000000000000000081
:100F70000000000000000000000000000000000071
:100F80000000000000000000000000000000000061
:100F90000000000000000000000000000000000051
:100FA0000000000000000000000000000000000041
:100FB0000000000000000000000000000000000031
:100FC0000000000000000000000000000000000021
:100FD0000000000000000000000000000000000011
:100FE0000000000000000000000000000000000001
:100FF00000000000000000000000000000000000F1
:1010000000000000000000000000000000000000E0
:1010100000000000000000000000000000000000D0
:1010200000000000000000000000000000000000C0
:1010300000000000000000000000000000000000B0
:1010400000000000000000000000000000000000A0
:101050000000000000000000000000000000000090
:101060000000000000000000000000000000000080
:101070000000000000000000000000000000000070
:101080000000000000000000000000000000000060
:101090000000000000000000000000000000000050
:1010A0000000000000000000000000000000000040
:1010B0000000000000000000000000000000000030
:1010C000000000000000000000000020300033009D
:1010D00000000020000001000000000000000000EF
:1010E0000000000000000000000000000000000000
:1010F00000000000000000000000000000000000F0
:1011000000000000000000000000000000000000DF
:1011100000000000000000000000000000000000CF
:1011200000000000000000000000000000000000BF
:1011300000000000000000000000000000000000AF
:10114000000000000000000000000000000000009F
:10115000000000400000000000000000000000004F
:10116000000000000000000000000000000000007F
:10117000000000000000000000000000000000006F
:10118000000000000000000000000000000000005F
:10119000000000000000000000000000000000004F
:1011A000000000000000000000000000000000003F
:1011B000000000000000000000000000000000002F
:1011C0000000000000000000000000000000000916
:1011D00019000000000000010900000000000000EC
:1011E00000000000000000000000000000000000FF
:1011F00004000400000000000000000000000400E3
:1012000000000000000000000400000000000000DA
:1012100004000400000000000000000000000400C2
:1012200000000000000000000400000000000000BA
:1012300000000400040000000000000000000000A6
:10124000040000000000000000000000000000009A
:101250000000040000000000000011000000000079
:10126000000000000000000000000000000000007E
:10127000000000000000000000000000000000006E
:10128000000000000000000000000000000000005E
:10129000000000000000000000000000000000004E
:1012A000000000000000000000000000000000003E
:1012B000000000000000000000000000000000002E
:1012C000000000000000000000000000000000001E
:1012D000000000000000000000000000000000000E
:1012E00000000000000000000000000000000000FE
:1012F00000000000000000000000000000000000EE
:1013000000000000000000000000000000000000DD
:1013100000000000000000000000000000000000CD
:1013200000000000000000000000000000000000BD
:1013300000C000000000000000000000000000C02D
:10134000000000000000000000000000000000009D
:10135000000000000000000000000000000000008D
:10136000000000000000000000000000000000007D
:10137000000000000000000000000000000000006D
:10138000000000000000000000000000000000005D
:10139000000000000000000000000000000000004D
:1013A000000000000000000000000000000000003D
:1013B000000000000000000000000000000000002D
:1013C000000000000000000000000000000000001D
:1013D000000000000000000000000000000000000D
:1013E00000000000000000000000000000000000FD
:1013F00000000000000000000000000000000000ED
:1014000000000000000000000000000000000000DC
:1014100000000000000000000000000000000000CC
:1014200000000000000000000000000000000000BC
:10143000000000000000000000008000004080006C
:10144000000000400000000000000000000000005C
:10145000000000000000000000000000000000008C
:10146000000000000000000000000000000000007C
:10147000000000000000000000000000000000006C
:10148000000000000000000000000000000000005C
:10149000000000000000000000000000000000004C
:1014A000000000000000000000000000000000003C
:1014B000000000000000000000000000400000806C
:1014C0000800000000000000000000000000000014
:1014D000000000000000000000000000000000000C
:1014E00000000000000000000000000000000000FC
:1014F00000000000000000000000000000000000EC
:1015000000000000000000000000000000000000DB
:1015100000000000000000000000000000000000CB
:1015200000000000000000000000000000000000BB
:10153000000000000000000000004000000021004A
:10154000000000000000000000000000000180001A
:10155000000000000000100000000000000000007B
:10156000100000000000000000000000000000006B
:10157000000000000000000000000000000000006B
:10158000000000000000000000000000000000005B
:10159000000000000000000000000000000000004B
:1015A000000000000000000000000000000000003B
:1015B0000005000000000000000000000100000025
:1015C00000000000000000000000000000000020FB
:1015D0000800000000000000000000000000000003
:1015E00000000000000000000000000000000000FB
:1015F00000000000000000000000000000000000EB
:1016000000000000000000000000000000000000DA
:1016100000000000000000000000000000000000CA
:1016200000000000000000000000000008000800AA
:101630000400040003020000030200020000000096
:1016400040002100400000200000000000000800D1
:101650000800040004000000000200020002000074
:10166000000080000000000000008000000000007A
:10167000000000000000000000000010000000005A
:10168000000000000000000000000000000000005A
:10169000000000000000000000000000000000004A
:1016A0000000000000000000000000000000010039
:1016B00001000100010000800000008000800000A7
:1016C0000000010000000100008000000000000098
:1016D0000100010001000100000000800080008086
:1016E00000000000100000000000000010000000DA
:1016F00000000000000000000000000000000000EA
:1017000000000000000000000000000000000000D9
:1017100000000000000000000000000000000000C9
:1017200000000000000000000001800000018001B6
:10173000040004000800080000000002008480008B
:101740000000000000002100000082000021A11024
:101750008010800180008000809100020000000065
:101760000000000000000000000000000000000079
:101770000000000010000000000000000000000059
:101780000000000000000000000000000000000059
:101790000000000000000000000000000000000049
:1017A00000000000000000000000000240000002F5
:1017B000040201000100010001050000008000009A
:1017C000020000000000000000000000080000907F
:1017D0000480048008200800040004100080000039
:1017E00000000000000000000000000000000000F9
:1017F00000000000000000000010000000000000D9
:1018000000000000000000000000000000000000D8
:1018100000000000000000000000000000000000C8
:1018200000000000000000000000000000030000B5
:10183000000000008083808088800080000380009A
:10184000200000400000000380000810100080838A
:1018500011000909410080838404210011804003A4
:101860000040000000000000000000000000000038
:101870000000000000000000000000000000000068
:101880002000000000000000000000000000000038
:101890000000000000000000000000000000000048
:1018A0000000000000000000000000000000000137
:1018B0000000000000008883101011900008000153
:1018C000C0000100000100000001820001010100D0
:1018D000908385C004C1010888831083A10201C0E0
:1018E00001010001000000000000000000000000F5
:1018F00000000000000000000000000000000000E8
:1019000000000100000000000000000000000000D6
:1019100000000000000000000000000000000000C7
:1019200000000000000000000000000000000000B7
:1019300000000000000001000801838410048309F6
:10194000010000C0000001010000000001000000D3
:1019500001008201C0000890830808010400029081
:1019600083C1000000000000010000000000000032
:101970000000000000000000000000000000000067
:10198000000201000000000000C000000000000094
:101990000000000000000000000000000000000047
:1019A0000000000000000000000000000000000037
:1019B00000000000110000000300801141008000C1
:1019C0008391400000000000034000000000100070
:1019D00000000300004000008080830080110000B0
:1019E0000080838800000000000003000000000069
:1019F00000000000000000000000000000000000E7
:101A0000000000000800000000000080000000004E
:101A100000000000000000000000000000000000C6
:101A200000000000000000000000000000000000B6
:101A3000000000000900000000110003028080097E
:101A4000110080830000004000000003000000003F
:101A500000000000000300008080880080830000F8
:101A60008000800080830000000000000003000070
:101A70000000000000000000000000000000000066
:101A80000000000000000000000000000000000056
:101A90000000000000000000000000000000000046
:101AA0000000000000000000000000000000000036
:101AB000000000000000000000000000100101080C
:101AC000C0910504908300C000A1008200A10040E5
:101AD00000C0009000C0009100C0049008088883F6
:101AE00000901004A002908300000000000000019C
:101AF00000000000000000000000000000000000E6
:101B000000000000000000000000000000000000D5
:101B100000000000000000000000000000000000C5
:101B200000000000000000000000000000000000B5
:101B30000000000000000000001000000000000095
:101B4000830904909000C08801A0000000000000FC
:101B50000000010001000000000083410800A00116
:101B6000039083A110914100C08801000001010091
:101B70000000000000000000000000000000000065
:101B80000000000000000000000000000000000055
:101B90000000000000000000000000000000000045
:101BA0000000000000000000000000000000000035
:101BB000000000000000000000000000090000001C
:101BC0000000838800800000800003000000000007
:101BD0000000000003000800000000008382800075
:101BE000002110808308808991008000030000405C
:101BF00040000000000000000000000000000000A5
:101C000000000000000000000000000000000000D4
:101C100000000000000000000000000000000000C4
:101C200000000000000000000000000000000000B4
:101C30000000000000000000000000008100001310
:101C40000000000081000013000000000000000000
:101C500000000000000000000000000042008100C1
:101C600000130000000081000013000000000000CD
:101C70000000000000000000000000000000000064
:101C80000000000000000000000000000000000054
:101C90000000000043C80000000000000000000039
:101CA0000000000000000000000000000000000034
:101CB0000000000000000000000000000000FF0025
:101CC000FF00FF000000FFFF00000F0F0000FFFFFC
:101CD00000000F0F00000000FF000000FFFF0000E9
:101CE0003C3C0000FFFF00000F0F0000FFFF000062
:101CF0000F0F0000666600000000000000000000FA
:101D000000000000000000000000000000000000D3
:101D100000000000000000000000000000000000C3
:101D200000000000000000000000000000000000B3
:101D300000000000000000000000000000000000A3
:101D4000FF00FF00FF000000000000000F0F000078
:101D5000000000000F0F00000000FF000000000066
:101D600000003C3C0000000000000F0F00000000DD
:101D700000000F0F00006666000000000000000079
:101D80000000000000000000000000000000000053
:101D900000000008000000800000000000000000BB
:101DA0000000000000000000000000000000000033
:101DB0000000000000000000000000000000000023
:101DC0000000000000000000000000000000000013
:101DD0000000000000000000000000000000000003
:101DE00000000000000000000000000000000000F3
:101DF00000000000000000000000000000000000E3
:101E000000000000000000000000000000000000D2
:101E10000000000000000410082000000000000086
:101E200000000000000000000000000000000000B2
:101E300000000000000000000000000000000000A2
:101E4000000000000000FFFF0000F0F00000FFFFB6
:101E50000000F0F000003C3C00003C3C00000000B2
:101E6000F0F00000F0F00000F0F00000FFFF0000D4
:101E700000FF00006666000000FFFFFF9999000068
:101E80000000000000000000000000000000000052
:101E90000000000000000000000000000000000042
:101EA0000000000000000000000000000000000032
:101EB0000000000000000000000000000000000022
:101EC000000000000000000000000000F0F0000032
:101ED00000000000F0F000003C3C00003C3C000032
:101EE0000000F0F00000F0F00000F0F00000000052
:101EF000000000FF00006666000000FFFFFF9999E8
:101F000000000000000000000000000000000000D1
:101F100000000000000000000000000000000000C1
:101F200000000000000000000000000000000000B1
:101F300000000000000000000000000000000000A1
:101F4000000000000000000002C6016003B4494028
:101F5000024101800304494002C7016000B44940C6
:101F6000000002C7016000B449400241018003043F
:101F7000494002410180030449400241010000043C
:101F800041400000000000000000000000000000D0
:101F90000000000000000800000000000009090027
:101FA0000000000000000000000000000000000031
:101FB0000000000000000000000000000000000021
:101FC0000000000000000000000000000000000011
:101FD00000000000000003004100000000000000BD
:101FE000000000000000000000000000000A000CDB
:101FF00000820002000000003000500000000000DD
:1020000000000000000000000000000000000000D0
:10201000000000000000000000000100000000209F
:1020200000000100000000000000000000000000AF
:1020300000000000000000000000000000000000A0
:102040000000000000000000000000000000000090
:102050000000000000A000300000000000000000B0
:102060008000000000000000000080000000000070
:102070000000000000020C000A0000000000000048
:102080000000000000000000000000000000000050
:102090000000000000000040000000000000000000
:1020A0000000000000000000000000000000000030
:1020B0000000000000000000000000000000000020
:1020C0000000000000000000000000000000000010
:1020D0000000000000000000000000C00040000000
:1020E00000000000000000000000000000000000F0
:1020F000000000003000500002020200100030001A
:1021000000000000000000000000000000000000CF
:1021100000000000000000000000000000000000BF
:1021200000000000000000000000000000000000AF
:10213000000000000000000000000000000000009F
:10214000000000000000000000000000000000008F
:102150000000000000000000C000820000000040FD
:10216000000000000000000000000000000000006F
:1021700000000028003000000000000002001000F5
:10218000000000000000000000000000000000004F
:10219000000000000000000000000000000000003F
:1021A000000000000000000000000400000000002B
:1021B000000000000300000000000000000000001C
:1021C000000000000000000000000400000000000B
:1021D00000000000000000000000000000000000FF
:1021E00000000000000000000000000004000000EB
:1021F00000000000000000000000000000000000DF
:1022000000000000000000000000000000000000CE
:1022100000000000000000000000000000000000BE
:1022200000000000000000000000000000000000AE
:10223000000000000000000000000000000000009E
:10224000000000000000000000000000000000008E
:1022500000000000000000000000000084000000FA
:1022600000000000000000009000000000000000DE
:10227000000000000000000000000000000000005E
:10228000000000000000000000000000000000004E
:10229000000000000000000000000000000000003E
:1022A000000000000000000000000000000000002E
:1022B00000000000200000000000000020000000DE
:1022C00000000000002000000000000000000000EE
:1022D00000000000000000000800000000000000F6
:1022E000000000000400000008000000000000C022
:1022F00000000000000000000000000000000000DE
:1023000000000000000000000000000000000000CD
:1023100000000000000000000000000000000000BD
:1023200000000000000000000000000000000000AD
:10233000000000000000010000000000000001009B
:10234000000000000000008000000000000000000D
:10235000000000000000000000000100000000007C
:10236000000000000000010000000100000000006B
:10237000000000000000000000000000000000005D
:10238000000000000000000000000000000000004D
:10239000000000000000000000000000000000003D
:1023A000000000000000000000000000000000002D
:1023B0000000000000000000008800000000000095
:1023C000000000000000000000000000000000000D
:1023D00000000000000000000000000000908000ED
:1023E000000000000000000000000000009000005D
:1023F00000840000000000000000008400000000D5
:102400000000000800000000000000400000000084
:1024100000000000000000000000000000000000BC
:1024200000000000000000000000000000000000AC
:10243000000000000000000000000000000000009C
:10244000000000000000000000000000000000008C
:10245000000000000000000000000000000000007C
:10246000100000000000000000000000000000005C
:10247000C00000000000000000008200000000001A
:10248000C00000000080000000000011008000007B
:10249000000000000000000000000000000000003C
:1024A000000000000000000000000000000000002C
:1024B000000000000000000000000000000000001C
:1024C000000000000000000000000000000000000C
:1024D00000000000100000000000000000000000EC
:1024E00000001000000000000000000000010000DB
:1024F00003000000000000000000000000000000D9
:1025000000000000000000000000000000000000CB
:1025100000000000000000001000000000000000AB
:1025200000000000000000000000000000000000AB
:10253000000000000000000000000000000000009B
:10254000000000000000000000000000000000008B
:10255000000000000000000000000000000000007B
:10256000000000000100000000000000000000204A
:10257000000000000000000000000000000000005B
:10258000000000000000000000000000000000004B
:10259000000000000000000000000000000000003B
:1025A000000000000000000000000000000000002B
:1025B00000000000000000000000000041000000DA
:1025C000008800002100000000000000050000005D
:1025D00000000000000000000000000000000000FB
:1025E00000001000C0011000C10102C00000030083
:1025F0000084000000000000024000000000000015
:1026000000000000000000000000000000000000CA
:1026100000000000000000000000000000000000BA
:102620000000000000000000000000004100000069
:10263000000000000000000000000000000000009A
:10264000000000000000000000000000000000008A
:10265000000000000000000000000000000000007A
:1026600000000000010021020100400402000000FF
:102670008240842100000000000001800000000072
:102680000000000000000000C0000000000000008A
:1026900000000011880000000000000000000000A1
:1026A000000000000000000000000000000000002A
:1026B000000000000000000000000000000000001A
:1026C000000000008000000021A0000000010000C8
:1026D00000A00000000000000084000000000000D6
:1026E00000000000000000000000000041010000A8
:1026F00000A000A0000000000010009000400000BA
:1027000000000000000000000000000000000000C9
:1027100000880000000000000000000000400000F1
:1027200000000000000000000000000000000000A9
:102730000000000000000000000000000000000099
:10274000000000000000040000000000000008205D
:102750008200000000000000820000000000000075
:102760000000000000000000000010000000004019
:102770000000000000000000000000800000008059
:102780000000000000000000000000000000000049
:102790000000000000000000000000000000000039
:1027A0000000000000000000000000000000000029
:1027B0000000000000000000000000000000000019
:1027C0000000000000008000000000000400000085
:1027D00000000000000000000000000000000000F9
:1027E0000000000000000000000085038940110582
:1027F0002003000000001100000000008000000025
:1028000000000000000000000000000000000000C8
:102810000000000000008000100000000000000028
:1028200000000000000000000000000000000000A8
:102830000000000000000000000000000000000098
:102840000000000000000000100000000000000078
:102850000800000000000000100000000000000060
:1028600000000000000000000000000005019100D1
:102870000001000010009000000000000000900027
:102880000000000000000000000000000000000048
:102890000000000000000000040001000000000033
:1028A0000000000000000000000000000000000028
:1028B0000000000000000000000000000000000018
:1028C0000000000000000000000000000001000007
:1028D00000000000000100000000000000000000F7
:1028E00000000000000000000000000000000100E7
:1028F00001C004010101400002009000C00000007E
:1029000000000000000000000000000000000000C7
:1029100001000000000000000000000000000000B6
:1029200000000000000000000000000000000000A7
:102930000000000000000000000000000000000097
:1029400000000000000000C0000000000000004087
:102950000000000000000041000000000000000036
:102960000000000000000000000000000000000067
:102970001100048083410309000080000000000072
:102980000000000000000000000000000000000047
:1029900000001000050020000300000000000000FF
:1029A0000000000000000000000000000000000027
:1029B0000000000000000000000000000000000017
:1029C0000000030000000000000000000000000004
:1029D00000000000000000000000000000000000F7
:1029E00000000000000000000000000000000000E7
:1029F000000003080080059082C0000000000080F5
:102A00008080000000804000008000000000000086
:102A100000000000000000000000000000800080B6
:102A200000800080000000000000000000000000A6
:102A30000000000000000000000000000000000096
:102A40000000000000000000000000000000000086
:102A50000000C000000000000000C00000000000F6
:102A60000000C000000000000000000000000000A6
:102A700000000000000100100105908200C000C0AD
:102A80000084848800C00010010200820000000061
:102A90000000000000000000000000000000000432
:102AA000000200040004000000000000000000001C
:102AB0000000000000000000000000000000000016
:102AC000000000000000000000000000000000C046
:102AD0000084000000000000001000000000000062
:102AE00000000000000000000000000000000000E6
:102AF000000000000000000001880100010000014A
:102B00000001000000400000000000000000004044
:102B100000000000000000000000000000000000B5
:102B200000000000000000000000000000000000A5
:102B30000000000000000000000000000000000095
:102B40000000000000000000000000000000000085
:102B50000000000000000000000000000000000075
:102B60000000000000000000000000000000000065
:102B700000000000000000000000104021024000A2
:102B800000030040000800000000000000000000FA
:102B9000000000000000000000000000000500052B
:102BA0000000000000000000000000000000000025
:102BB0000000000000000000000000000000000015
:102BC0000000000000000000000000000000000005
:102BD000000012420013C200000012420013C200A3
:102BE00000001200001300000000000000000000C0
:102BF0000000000000000000000021410013C2009E
:102C0000000011000013000021002100001300004B
:102C100000000000000000000000000000000000B4
:102C200000000000000000000000000000000000A4
:102C30000000000000000000000000000000000094
:102C40000000000000000000000000000000000084
:102C5000000043C800000000000000000000000069
:102C60000000000000000000000000000000000064
:102C70000000000000000000000000000000000054
:102C80000000001400000000000000000000000030
:102C90000000000000000000000000000000000034
:102CA0000000000000000000000000000000000024
:102CB0000000000000000000000000000000000014
:102CC0000000000000000000000000000000000004
:102CD00000000000000000000000000000000000F4
:102CE00000000000000000000000000000000000E4
:102CF0000000000000000000000000000000800054
:102D00008000000000000000000000000000000043
:102D100000000000000000000000000000000000B3
:102D200000000000000000000000000000000000A3
:102D30000000000000000000000000000000000093
:102D40000000000000000000000000000000000083
:102D500000080000008000000000000000000000EB
:102D60000000000000000000000000000000000063
:102D70000000000000000000000000000000000053
:102D800004000500000000000000000055555555E6
:102D90000000000000000000000000000000000033
:102DA0000000000000000000000000000000000023
:102DB0000000000000000000000000000000000013
:102DC0000000000000000000000000000000000003
:102DD00000000000041008200000000000000000B7
:102DE00000000000000000000000000000000000E3
:102DF00000000000000000000000000000000000D3
:102E0000000004000000820080800000000000003C
:102E100000000000000000000000000000000000B2
:102E200000000000000000000000000100000000A1
:102E30000000000000000000000000000000000092
:102E40000000000000000000000000000000000082
:102E5000000000000000000000000000008600FCF0
:102E600003B08405008600FC03B08405008600E002
:102E700003B004000000000000000000000000009B
:102E8000000000000086047C03380010008600600B
:102E90000390000000860060033000000000000086
:102EA000000000000000000000000000000000869C
:102EB000006000B000000000000000000000000002
:102EC0000000000000000000000000000000000002
:102ED00000000000000000000000000000000000F2
:102EE00000000000000000000000000000000000E2
:102EF00000000000000000000000000000000000D2
:102F000000000000000000000000F5FF55F0000088
:102F100000000000FF00000000000F0FFCFC00009C
:102F200000000000000000000000000000000000A1
:102F30000000000000000000000000000000000091
:102F40000000000000000000000000000000000081
:102F5000000000000000000000000009090000005F
:102F60000000000000000000000000000000000061
:102F70000000000000000000000000000000000051
:102F800000000000000000000000000055FF55F0A8
:102F9000000000004040FF40000000000C0FFFFF59
:102FA0000000000000000000000000000000000021
:102FB0000000000000000000010000000000000010
:102FC0000000000000000000000000000000000001
:102FD00000000000000000000000000000200000D1
:102FE00001000000000000000000000000000000E0
:102FF00000000000000000000000000000000000D1
:103000000000000000000000000000000000FF00C1
:10301000FF000000000000000004000000000000AD
:1030200000000000000000000000000000000000A0
:103030000000000000000000000000000000000090
:103040000000000000000000000000000000000080
:103050000000000000000000000000000000000070
:103060000000000000000000000000000000000060
:103070000000000000000000000000000000000050
:103080000000000000000000000000000000000040
:10309000FF00FF0000000000FFFFFFFF0000000036
:1030A0000000000000000000000000000000000020
:1030B0000000000000000000000000000000000010
:1030C0000000000000000000000000000000000000
:1030D00000000000000000000000000000000000F0
:1030E00000000000000000000000000000000000E0
:1030F00000000000000000000000000000000000D0
:1031000000000000000000000000000000000000BF
:1031100000000000000000000000000000000000AF
:10312000000000000000000000000000000000009F
:10313000000000000000000000000000000000008F
:10314000000000000000000000000000000000007F
:10315000000000000000000000000000000000006F
:10316000000000000000000000000000000000005F
:10317000000000000000000000000000000000004F
:10318000000000000000000000000000000000003F
:10319000000000000000000000000000000000002F
:1031A000000000000000000000000000000000001F
:1031B000000000000000000000000000000000000F
:1031C00000000000000000000000000000000000FF
:1031D00000000000000000000000000000000000EF
:1031E00000000000000000000000000000000000DF
:1031F00000000000000000000000000000000000CF
:1032000000000000000000000000000000000000BE
:1032100000000000000000000000000000000000AE
:10322000000000000000000000000000000000009E
:10323000000000000000000000000000000000008E
:10324000000000000000000000000000000000007E
:10325000000000000000000000000000000000006E
:10326000000000000000000000000000000000005E
:10327000000000000000000000000000000000004E
:10328000000000000000000000000000000000003E
:10329000000000000000000000000000000000002E
:1032A000000000000000000000000000000000001E
:1032B000000000000000000000000000000000000E
:1032C00000000000002100000000000000000000DD
:1032D00000000000000000000000000000000000EE
:1032E00000000000000000000000000000000000DE
:1032F00000000000000000000000000000000000CE
:1033000000000000000000000000000000000000BD
:1033100000000000000000000200000000000500A6
:10332000000000000000000000000000000000009D
:10333000000000000000000000000000000000008D
:10334000000000000000000000000000000000007D
:10335000000000000000000200000000000000006B
:10336000000000000000000000000000000000005D
:10337000000010000000000000000000000000003D
:10338000000000020000000000000000000000003B
:10339000000000000000000000000000000000002D
:1033A0000000000000000000000000000008000015
:1033B000000000000000000000000000000000000D
:1033C00000000000000000000000000000000000FD
:1033D00000000000000000000000000000000000ED
:1033E00000000000000000000000000000000000DD
:1033F000000000A00000009000000000000000009D
:10340000000000000000000000900000000000002C
:10341000009000000000000000000000000000001C
:10342000000000000000000000000000000000009C
:10343000000000000000000000000000000000008C
:10344000000000000000000000000000000000007C
:10345000000000000000000000000000000000006C
:10346000000000000000000000000000000000005C
:103470000000000000001000A0000000000000009C
:10348000881100000000000000008800000000001B
:10349000000000000000000000000000000000002C
:1034A000000000000000000000000000000000001C
:1034B000000000000000000000000000000000000C
:1034C00000000000000000000000000000000000FC
:1034D00000000000000000000000000000000000EC
:1034E00000000000000000000000000000000000DC
:1034F00000000000000000001000000000000000BC
:1035000000000000020000000000000000000000B9
:1035100000000000000000000000000000000000AB
:10352000000000000000000000000000000000009B
:10353000000000000000000000000000000000008B
:10354000000000000000000000000000000000007B
:10355000000000000000000000000000000000006B
:10356000000000000000000000000000000000005B
:103570000000000000000000000000000000000249
:10358000000000000000200000000000000000001B
:10359000000000000000000000000000000000002B
:1035A00000000000001100030000000000000010F7
:1035B0000000000000080000000000000000000003
:1035C00000000000000000000000000000000000FB
:1035D00000050000000000000000000000000000E6
:1035E00000000000000000000000000000000000DB
:1035F00000000000000000000000000000000000CB
:103600000000008800000000000000000000000032
:1036100000000000000000000000000000000000AA
:103620000000110000000000000000000000000089
:10363000000000000000000000000000000000008A
:10364000000000000000000000000000000000007A
:10365000000000000000000000000000000000006A
:10366000000000000000000000000000000000005A
:10367000000000000000000000000000000000004A
:103680000000A00082000000000000000000A00078
:1036900082000000000000000000000000000000A8
:1036A0000000000088000000000000000000000092
:1036B000000000000000000000000000000000000A
:1036C00000000000000000000000000000000000FA
:1036D00000000000000000000000000000000000EA
:1036E00000000000000000000000000000000000DA
:1036F00000000000000000000000000000000000CA
:1037000000000000000000000000000000000000B9
:1037100000000000000000000000000000000000A9
:103720000000000000000000000000000000000099
:103730000000000000000000000000000000000089
:103740000000000000000000000000000000000079
:103750000000000000000000000000000000000069
:103760000000000000000000000000000000000059
:103770000000000000000000000000000000000049
:103780000000000000000000000000000000000039
:103790000000000000000000000000000000000029
:1037A0000000000000000000000000000000000019
:1037B0000000000000000000000000000000000009
:1037C00000000000000000000000000000000000F9
:1037D00000000000000000000000000000000000E9
:1037E00000000000000000000000000000000000D9
:1037F00000000000000000000000000000000000C9
:1038000000000000000000000000000000000000B8
:1038100000000000000000000000000000000000A8
:103820000000000000000000000000000000000098
:103830000000000000000000000000000000000088
:103840000000000000000000000000000000000078
:103850000000000000000000000000000000000068
:103860000000000000000000000000000000000058
:103870000000000000000000000000000000000048
:103880000000000000000000000000000000000038
:103890000000000000000000000000000000000028
:1038A0000000000000000000000000000000000018
:1038B0000000000000000000000000000000000008
:1038C00000000000000000000000000000000000F8
:1038D00000000000000000000000000000000000E8
:1038E00000000000000000000000000000000000D8
:1038F00000000000000000000000000000000000C8
:1039000000000000000000000000000000000000B7
:1039100000000000000000000000000000000000A7
:103920000000000000000000000000000000000097
:103930000000000000000000000000000000000087
:103940000000000000000000000000000000000077
:103950000000000000000000000000000000000067
:103960000000000000000000000000000000000057
:103970000000000000000000000000000000000047
:103980000000000000000000000000000000000037
:103990000000000000000000000000000000000027
:1039A0000000000000000000000000000000000017
:1039B0000000000000000000000000000000000007
:1039C00000000000000000000000000000000000F7
:1039D00000000000000000000000000000000000E7
:1039E00000000000000000000000000000000000D7
:1039F00000000000000000000000000000000000C7
:103A000000000000000000000000000000000000B6
:103A100000000000000000000000000000000000A6
:103A20000000000000000000000000000000000096
:103A30000000000000000000000000000000000086
:103A40000000000000000000000000000000000076
:103A50000000000000000000000000000000000066
:103A60000000000000000000000000000000000056
:103A70000000000000000000000000000000000046
:103A80000000000000000000000000000000000036
:103A90000000000000000000000000000000000026
:103AA0000000000000000000000000000000000016
:103AB0000000000000000000000000000000000006
:103AC00000000000000000000000000000000000F6
:103AD00000000000000000000000000000000000E6
:103AE00000000000000000000000000000000000D6
:103AF00000000000000000000000000000000000C6
:103B000000000000000000000000000000000000B5
:103B100000000000000000000000000000000000A5
:103B20000000000000000000000000000000000095
:103B30000000000000000000000000000000000085
:103B40000000000000000000000000000000000075
:103B50000000000000000000000000000000000065
:103B60000000000000000000000000000000000055
:103B70000000000000000000000000000000000045
:103B80000000000000000000000000000000000035
:103B90000000000000000000000000000000000025
:103BA0000000000000000000000000000000000015
:103BB0000000000000000000000000000000000005
:103BC00000000000000000000000000000000000F5
:103BD00000000000000000000000000000000000E5
:103BE00000000000000000000000000000000000D5
:103BF00000000000000000000000000000000000C5
:103C000000000000000000000000000000000000B4
:103C100000000000000000000000000000000000A4
:103C20000000000000000000000000000000000094
:103C30000000000000000000000000000000000084
:103C40000000000000000000000000000000000074
:103C50000000000000000000000000000000000064
:103C60000000000000000000000000000000000054
:103C70000000000000000000000000000000000044
:103C80000000000000000000000000000000000034
:103C90000000000000000000000000000000000024
:103CA0000000000000000000000000000000000014
:103CB0000000000000000000000000000000000004
:103CC00000000000000000000000000000000000F4
:103CD00000000000000000000000000000000000E4
:103CE00000000000000000000000000000000000D4
:103CF00000000000000000000000000000000000C4
:103D000000000000000000000000000000000000B3
:103D100000000000000000000000000000000000A3
:103D20000000000000000000000000000000000093
:103D30000000000000000000000000000000000083
:103D40000000000000000000000000000000000073
:103D50000000000000000000000000000000000063
:103D60000000000000000000000000000000000053
:103D70000000000000000000000000000000000043
:103D80000000000000000000000000000000000033
:103D90000000000000000000000000000000000023
:103DA000000000000000000000000400000000000F
:103DB00000000400000000000000000000000000FF
:103DC00000000000000000000000040000000000EF
:103DD00000000400000000000000000000000000DF
:103DE00000000000000000000000000000000000D3
:103DF00000000000000000000000000000000000C3
:103E000000000000000000000000000000000000B2
:103E100000000000000000000000000000000000A2
:103E20000000000000000000000000000000000092
:103E30000000000000000000000000000000000082
:103E40000000000000000000000000000000000072
:103E50000000000000000000000000000000000062
:103E60000000000000000000000000000000000052
:103E70000000000000000000000000000000000042
:103E80000000000000000000000000000000000032
:103E90000000000000000000000000000000000121
:103EA0000000801000000000000000000000000181
:103EB00000000001000000000000000400000000FD
:103EC00000000000000000000000000100000000F1
:103ED00000000000000000000000000000C0000022
:103EE00000000000000000000000000000000000D2
:103EF00000000000000000000000000000000000C2
:103F000000000000000000000000000000000000B1
:103F100000000000000000000000000000000000A1
:103F200000400000208000000000000000000000B1
:103F300000080000000200000000000000800000F7
:103F4000000000000000000000000000000400006D
:103F50000000000000000000000000000000000061
:103F60000000000000000000000000000000000051
:103F70000000000000000000000000000000000041
:103F80000000000000000000000000000000000031
:103F90000000000000000000000000000000000021
:103FA0000000000000000000000000000300008886
:103FB00000000002100800000000000000000000E7
:103FC00000020000000000000000000000000000EF
:103FD00020000000000000000000000000000000C1
:103FE00000000000000000000000000000000000D1
:103FF00000000000000000000000000000000000C1
:1040000000000000000000000000000000000000B0
:1040100000000000000000000000000000000000A0
:104020000000000000000000000000000800000088
:10403000000000000080018000000000000000007F
:104040000000000000000000000000000000000070
:104050000000000000000000000000000000000060
:104060000000000000000000000000000000000050
:104070000000000000000000000000000000000040
:104080000000000000000000000000000000000030
:104090000000000000000000000000000000000020
:1040A000000000000000000000008001050000008A
:1040B0000000030403000000000040018000000035
:1040C00000004100000000000000000000000000AF
:1040D00000000000000000000000000000000000E0
:1040E00000000000000000000000000000000000D0
:1040F00000000000000000001000000000000000B0
:10410000100000000000000000000000000000009F
:10411000000000000000000000000000000000009F
:10412000000000000000000000000000022000412C
:10413000200002008290000500110000010404002C
:104140000000000008000000000000000000000067
:10415000000000000011000000000000000000004E
:10416000000000000000000000000000000000004F
:10417000000000000000000000000000000000003F
:10418000000000000000000000000000000000002F
:10419000000000000000000000000000000000001F
:1041A00000000000000000001000000010000200ED
:1041B000000008002100080000002100000010207D
:1041C00000000000002000000000000000000000CF
:1041D00000000000000000000000000000000000DF
:1041E00000000000000000000000000000000000CF
:1041F00000000000000000000000000000000000BF
:10420000000000000000000000000000410000006D
:10421000000000000000000000000000000000009E
:10422000000000000000000000000000000000008E
:10423000010000000000000000000000000000007D
:1042400001800000000000000000000000000000ED
:10425000000000000000000000040000000000005A
:10426000000000000000000000000000000000004E
:10427000000000000000000000000000000000003E
:10428000000000000000000000000000000000002E
:10429000000000000000000000000000000000001E
:1042A00000000000000000000000000010000000FE
:1042B0000040000021000300024020010000000037
:1042C00000000000000000000000004000000000AE
:1042D00000000000000000000000000000000000DE
:1042E00000000000000000000000000000000000CE
:1042F00000000000000000000000000000000000BE
:1043000000000000000000000000000000000000AD
:104310000000000000000300410000000000000059
:10432000000000000000000000000000000010007D
:1043300000000080200800000040020008208200E9
:1043400000000040004100000000A0000800C00084
:1043500000000000C000000000000000C0000000DD
:10436000000000000000000000000000000000004D
:10437000000000000000000000000000000000003D
:10438000000000000000000000000000000000002D
:10439000000000000000000000000000000000001D
:1043A000000000000000000000000000000000000D
:1043B00000008000200000000000000080000000DD
:1043C0008203204000400820000000008000000020
:1043D00000000000000000000000000000000000DD
:1043E00000000000000000000000000000000000CD
:1043F00000000000000000000000000000000000BD
:1044000000000000000000000000000000000000AC
:10441000000000000000000000000000000000009C
:10442000000000002000000000000000000000006C
:1044300000000000840040000000000000000800B0
:10444000000009010101040100010000000010004A
:10445000000000000000000000000000000000005C
:10446000000000000000000000000000000000004C
:10447000000000000000000000000000000000003C
:10448000000000000000000000000000000000002C
:10449000000000000000000000000000000000001C
:1044A000000000000000010000000000000000000B
:1044B0000000000040001000900008C00000000054
:1044C00000000001010001000140010100020000A4
:1044D00000000000000000000000000000000000DC
:1044E00000000000000000000000000000000000CC
:1044F00000000000000000000000000000000000BC
:1045000000000000000000000000000000000000AB
:10451000000000000000000000000000000000009B
:1045200000000000000001000000000000C00000CA
:1045300000000000000000090000000080410000B1
:1045400000000000004040000400208041100000F6
:10455000000000000041000000000000000000001A
:104560000000000000050000000000000000000046
:10457000000000000000000000000000000000003B
:10458000000000000000000000000000000000002B
:10459000000000000000000000000000000000001B
:1045A000000000000000000020000000000000806B
:1045B000000000000000000000000080100080806B
:1045C00000000000000080002005002110204009AC
:1045D00000000000000000000000000000000000DB
:1045E00000000000000000000000000000000000CB
:1045F00000000000000000000000000000000000BB
:1046000000000000000000000000000000000000AA
:10461000000000000000000000000000000000009A
:10462000000000000000000000000000000000008A
:1046300000000000000000000000001000100090CA
:10464000400800000000000004000100000100011B
:1046500091000000000000000000000000000000C9
:10466000000000000000000000000000000000004A
:1046700000000000000000000000004000000000FA
:10468000000000000000000000000000000000002A
:10469000000000000000000000000000000000001A
:1046A000000000000000000000000000000000000A
:1046B0000000000000000000000000008201C04077
:1046C000400004020008001000000000000000117B
:1046D00000000000000000C000000000000000001A
:1046E00000000000000800040000000000000000BE
:1046F00000000000000000000000000000000000BA
:1047000000000000000000000000000000000000A9
:104710000000000000000000000000000000000099
:104720000000000000000000000000000000000089
:1047300000000000000000000000000000008003F6
:1047400000008000000000800080000000090000E0
:104750000085004100000000000000000000000093
:1047600000000000000000800000000000000000C9
:104770000000000000000000000000000000000039
:104780000000000000000000000000000000000029
:104790000000000000000000000000000000000019
:1047A0000000000000000000000000000000000009
:1047B00000000000000000000000000000000000F9
:1047C00021840013C2200A0081810013C22000004E
:1047D00021840013C220000082410013C220000087
:1047E000000000000000000000810000C220000066
:1047F00000000000000000000000000000000000B9
:1048000000000000000000000000000000000000A8
:104810000000000000000000000000000000000098
:104820000000000000000000000000000000000088
:10483000000000000000000043C80000000000006D
:104840000000000000000000000000000000000068
:104850000000000000000000000000000000000058
:104860000000000000000000000000000000000048
:104870000000000000000000000000000000000038
:104880000000000000000000000000000000000028
:104890000000000000000000000000000000000018
:1048A0000000000000000000000000000000000008
:1048B00000000000000000000000000000000000F8
:1048C00000000000000000000000000000000000E8
:1048D0000000000000000000400000000000000098
:1048E00000000000000000000000000000000000C8
:1048F00000000000000000000000000000000000B8
:1049000000000000000000000000000000000000A7
:104910000000000000000000000000000000000097
:104920000000000000000000000000000000000087
:1049300000000000000000080000008000000000EF
:104940000000000000000000000000000000000067
:104950000000000000000000000000000000000057
:104960000000000000000000000000000000000047
:104970000000000000000000000000000000000037
:104980000000000000000000000000000000000027
:104990000000000000000000000000000000000017
:1049A0000000000000000000000000000000000007
:1049B00000000000000000000000041008200000BB
:1049C00000000000000000000000000000000000E7
:1049D0000000000000000000FFF7FF7F0000000162
:1049E00000000000000000000000000000000000C7
:1049F00000000000000000000000000000000000B7
:104A000000000000000000000000000000000000A6
:104A10000000000000000000000000000000000096
:104A20000000000000000000000000000000000086
:104A30000000000000000000000000000000000076
:104A40000000000000000000000000000000000066
:104A500000000000000000000000FFFFFFFF00005A
:104A60000000000000000000000000000000000046
:104A70000000000000000000000000000000000036
:104A80000000000000000000000000000000000026
:104A90000000000000000000000000000000000016
:104AA0000000000000000000000000000000000006
:104AB00000000000000000000000000000000000F6
:104AC000000000000000000000000000008600FC64
:104AD00003B00405008600FC03B0040500860AFC50
:104AE00003B0008500A600FC03B000050000000034
:104AF000000000000000001C000000050000000095
:104B000000000000000000000000000000000000A5
:104B10000000000000000000000000000000000095
:104B20000000000000000000000000000000000085
:104B30000000000000000000000000000000000075
:104B40000009090000000000000000000000FDFF57
:104B5000BFFF000000000000000000000000000097
:104B60000000000000000000000000000000000045
:104B70000000000000000000000000000000000035
:104B80000000000000000000000000000000000025
:104B90000000000000000000000000000000000015
:104BA0000000000000000000000000000000000005
:104BB00000000000000000000000000000000000F5
:104BC00000000020000001000000000000000000C4
:104BD000FFFFFFFF00000040000000000000000099
:104BE00000000000000000000000000000000000C5
:104BF00000000000000000000000000000000000B5
:104C000000000000000000000000000000000000A4
:104C10000000000000000000000000000000000094
:104C20000000000000000000000000000000000084
:104C30000000000000000000000000000000000074
:104C40000000000000000000000000000000000064
:104C500000000000000000000080000000000000D4
:104C60000000000000000000000000000000000044
:104C70000000000000000000000000000000000034
:104C80000000000000000000000000000000000024
:104C90000000000000000000000000000000000014
:104CA0000000000000000000000000000000000004
:104CB00000000000000000000000000000000000F4
:104CC00000000000000000000000000000000000E4
:104CD00000000000000000000000000000000000D4
:104CE00000000000000000000000000000000000C4
:104CF00000000000000000000000000000000000B4
:104D000000000000000000000000000000000000A3
:104D10000000000000000000000000000000000093
:104D20000000000000000000000000000000000083
:104D30000000000000000000000000000000000073
:104D40000000000000000000000000000000000063
:104D5000000000000000000004000000000010003F
:104D60000000000000000000000000000040000003
:104D70000000000000000000000200000000000031
:104D80000000000000000000000000000000000023
:104D90000000000000000000000000000000000013
:104DA0000000000000000000000000000000000003
:104DB00000000000000000000000000000000000F3
:104DC00000000000000000000000000000000040A3
:104DD00000000000000000000000000000000000D3
:104DE0000100000000000000000000000000008042
:104DF0000000000000000000000000800000000033
:104E000000000000000000000000000000000000A2
:104E10000000000000000000000000000000000092
:104E20000000000000000000000000000000000082
:104E30000000000000000000000000000000000072
:104E40000000000000000000000000000000000062
:104E50000000000000000000000000010000000051
:104E60000000104000008005800400080040004160
:104E7000000100010000001000000000001100000F
:104E80000003040000001101000000000000000009
:104E9000000000000000000000880080000000000A
:104EA0000000000000000000000000000000000002
:104EB00000000000000000000000000000000000F2
:104EC00000000000000000000000000000000000E2
:104ED00000000000000000000000000000020000D0
:104EE00000000020018000004090208000800080B1
:104EF00000820010004000000080000000050082D9
:104F000000000084000000000020000000000000FD
:104F10000000000000000000000000000000000091
:104F20000000000000000000000000000000000081
:104F30000000000000000000000000000000000071
:104F40000000000000000000000000000000000061
:104F50000000000000000000000000000000000051
:104F6000000000000000008400408084400000C079
:104F700000000020002000C00000004000200000D1
:104F800000848000002000004000000000000000BD
:104F900000200000000000020000002000200000AF
:104FA00000000020000000000000000000000000E1
:104FB00000000000000000000000000000000000F1
:104FC00000000000000000000000000000000000E1
:104FD00000000000000000000000000000000000D1
:104FE000080000100800000000008480020001009A
:104FF00000000000880000800000000000A1008088
:105000000000000010000080000000000000000010
:105010000000000000000000000000000000000090
:105020000000000000000000000000000000000080
:105030000000000000000000000000000000000070
:105040000000000000000000000000000000000060
:105050000000000000000000000000000000000050
:105060000000081000000800211005090508A01024
:105070008000418810004100C10100000040410053
:105080000000000000010000000080090000800016
:105090000000000000000000000000000000000010
:1050A0000000000000000000000000000000000000
:1050B00000000000000000000000000000000000F0
:1050C00000000000000000000000000000000000E0
:1050D00000000000000000000000000000000000D0
:1050E00000000000000000000000000000880080B8
:1050F0004100404000000100000008040000008062
:1051000000000000080000080000000004A00000EB
:105110000405000000000000000000000000000086
:10512000000000000000000000000000000000007F
:10513000000000000000000000000000000000006F
:10514000000000000000000000000000000000005F
:10515000000000000000000000000000000000004F
:10516000000000000000080000000000000000C077
:105170008200001100844100008800894184000001
:1051800000000010050402000000000802200000DA
:105190004000000000000000000000880000000047
:1051A00000000000002000000000000000000000DF
:1051B00000000000000000000000000000000000EF
:1051C00000000000000000000000000000000000DF
:1051D00000000000000000000000000000000000CF
:1051E0000000000000000000000000008405A00096
:1051F0004000020000C000000000000084400200E7
:105200000000000000C000C100000000008000009D
:10521000020000000000000000000000000000008C
:10522000000000000000000000000000000000007E
:10523000000000000000000000000000000000006E
:10524000000000000000000000000000000000005E
:10525000000000000000000000000000000000004E
:105260000000000000000000000008000800080026
:10527000809000888500410100830088000041087B
:10528000024000004100009000000000100000906B
:105290002102000000000090000000C00084000017
:1052A00000000000000000000000000000000000FE
:1052B00000000000000000000000000000000000EE
:1052C00000000000000000000000000000000000DE
:1052D00000000000000000000000000000000000CE
:1052E00000000000000000000000000000000000BE
:1052F00000000400000010000004C02000000000B6
:10530000008001000000000000000000000000001C
:1053100000000080100000000000000000000000FD
:10532000000000000000000000000000000000007D
:10533000000000000000000000000000000000006D
:10534000000000000000000000000000000000005D
:10535000000000000000000000000000000000004D
:1053600000000000000000000000000000004008F5
:1053700000098010044080830505000300118508A2
:1053800082408209051100800500800000000803AA
:1053900002208002050200800080880000000000DA
:1053A00000000000000000000000000000000000FD
:1053B00000000000000000000000000000000000ED
:1053C00000000000000000000000000000000000DD
:1053D00000000000000000000000000000000000CD
:1053E00000000000000000000000000000000000BD
:1053F0000000000010000000088300A090A000C082
:10540000090185008500000000820102C0A000C0E3
:1054100000010001C000000000080884104000C026
:10542000000000000000000000000000000000007C
:10543000000000000000000000000000000000006C
:10544000000000000000000000000000000000005C
:10545000000000000000000000000000000000004C
:10546000000000000000000000000000000000003C
:10547000000001000120000001009001C000820432
:1054800008C1080004A008910804080104000400F1
:1054900008040000000000000001100040A0A0006F
:1054A00040090000000000000000000000000000B3
:1054B00000000000000000000000000000000000EC
:1054C00000000000000000000000000000000000DC
:1054D00000000000000000000000000000000000CC
:1054E00000000000000000000000000000000000BC
:1054F00000000000100008042105100911088800B0
:105500002010888800020000009080418008000080
:105510000000802109000400080009038008000041
:105520008005008500000000000000000000000071
:10553000000000000000000000000000000000006B
:10554000000000000000000000000000000000005B
:10555000000000000000000000000000000000004B
:10556000000000000000000000000000000000003B
:10557000000000000000090300080904C108092018
:105580008005821140210389000841908389000031
:105590000000850080000221000800104109000081
:1055A00000000800000000000000000000000000F3
:1055B00000000000000000000000000000000000EB
:1055C00000000000000000000000000000000000DB
:1055D00000000000000000000000000000000000CB
:1055E00000000000000000000000000000000000BB
:1055F00000000000000000000000000100000400A6
:105600000000820108009101010200080008200842
:105610000000C000050020000001000000902000F4
:10562000009090C082100088000000000000000080
:10563000000000000000000000000000000000006A
:10564000000000000000000000000000000000005A
:10565000000000000000000000000000000000004A
:10566000000000000000000000000000000000003A
:10567000000000000000000000000000000000002A
:1056800000008241A01002080408830102400208C1
:105690000482C005048282000809000000C10000E5
:1056A00000000841C000100041C0000000000000E0
:1056B00000000000000000000000000000000000EA
:1056C00000000000000000000000000000000000DA
:1056D00000000000000000000000000000000000CA
:1056E00000000000000000000000000000000000BA
:1056F0000000000000000000000000002100040481
:1057000004042009110588801000088083020280AB
:10571000028002808005000000008010000000056B
:1057200000110000840209001000200000000000A9
:105730000000000000000000000000000000000069
:105740000000000000000000000000000000000059
:105750000000000000000000000000000000000049
:105760000000000000000000000000000000000039
:1057700000000000000000000000000000008200A7
:1057800000130000000081880013C2000A0082415B
:105790000013C20041410A500013C20000008241C0
:1057A0000013C24000480000001300000000000089
:1057B00000000000000000000000000000000000E9
:1057C00000000000000000000000000000000000D9
:1057D00000000000000000000000000000000000C9
:1057E00000000000000000000000000000000000B9
:1057F00000000000000000000000000000000000A9
:10580000F50CF5FC0055FF5500FF10FF0F0F003C95
:10581000FFFFFFFE0000000000000000000000008D
:105820000000000000000000FFFFDFFF000000009C
:105830000000000000000000000000000000000068
:105840000000000000000000000000000000000058
:105850000000000000000000000000000000000048
:105860000000000000000000000000000000000038
:105870000000000000000000000000000000000028
:105880000000050C05FC0F3C0F3C00FF10FF0F0F44
:10589000003CFFDFFFFF00000800000000000000E8
:1058A00000000000000000000100FFFFFFFF0000FB
:1058B00000000000000000000000000000000000E8
:1058C00000000000000000000000000000000000D8
:1058D00000000000000000000000000000000000C8
:1058E00000000000000000000000000000000000B8
:1058F00000000000000000000000000000000000A8
:10590000000000003FAF30AF7D287D283C3CAAF06E
:105910003030FF0000000000000000000000000028
:1059200000000000FFFFFFFF01000000000000007A
:105930000000000000000000000000000000000067
:105940000000000000000000000000000000000057
:105950000000000000000000000000000000000047
:105960000000000000000000000000000000000037
:105970000000000000000000000000000000000027
:105980000000000000003FA030A0FAFA50503CF0A8
:10599000AAAA3030FF00000800000000000000004C
:1059A000000000000000FF7FFFDF0000000000009B
:1059B00000000000000000000000000000000000E7
:1059C00000000000000000000000000000000000D7
:1059D00000000000000000000000000000000000C7
:1059E00000000000000000000000000000000000B7
:1059F00000000000000000000000000000000000A7
:105A00000000000000000000008600E003B3040076
:105A100001860AFC03B00400058600FC03B084057F
:105A2000008600FC03B0840500860AFC03308485F0
:105A3000008600C000A00000000000000000000080
:105A40000000000000000000000000000000000056
:105A50000000000000000000000000000000000046
:105A60000000000000000000000000000000000036
:105A70000000000000000000000000000000000026
:105A80000000000000000000000000000000000016
:105A900000000100000000000000FFFFF7FF000011
:105AA000000001000000000000000000000000FFF6
:105AB00000003C0A3C0050005C0C000000000000AC
:105AC00000000000000000000000000000000000D6
:105AD00000000000000000000000000000000000C6
:105AE00000000000000000000000000000000000B6
:105AF00000000000000000000000000000000000A6
:105B00000000000000000000000000000000000095
:105B1000000000000000000000000000DFFFFFFFA9
:105B20000000010000000000000000000000000074
:105B300000FF0000000A000000000C0C0000000044
:105B40000000000000000000000000000000000055
:105B50000000000000000000000000000000000045
:105B60000000000000000000000000000000000035
:105B70000000000000000000000000000000000025
:105B80000000000000000000000000000000000015
:105B9000000000000000FFFFDFFF00000000000029
:105BA000000000000080FFDFFFFF00000000000099
:105BB0000000000000003C003C00507C407C0000E5
:105BC00000000000000000000000000000000000D5
:105BD00000000000000000000000000000000000C5
:105BE00000000000000000000000000000000000B5
:105BF00000000000000000000000000000000000A5
:105C00000000000000000000000000000000000094
:105C10000000000000000000FFBFFFFF0000004088
:105C20000000000000000000FFFFEFFF0000004048
:105C30000000000000000000BE8A3C00003C003C68
:105C40000000000000000000000000000000000054
:105C50000000000000000000000000000000000044
:105C60000000000000000000000000000000000034
:105C70000000000000000000000000000000000024
:105C80000000000000000000000000000000000014
:105C90000000000002000000000000000000000002
:105CA00000000000000000000000030000000000F1
:105CB00000000000040000000000000000000000E0
:105CC00000000010000000000000000000000000C4
:105CD00000000000000000000000000000000000C4
:105CE00000000000000000000000000000000000B4
:105CF00000000000000000000000000000000000A4
:105D00000000000000000000000000000000000093
:105D10000000000000000000000000000000000083
:105D2000000004000000000000000000000000006F
:105D30000000000000000000000000000000000063
:105D40000000000000000000000000000000000053
:105D50000000000000000000000000000000000043
:105D60000000000000000000000000000000000033
:105D70000000000000000000000000000000000023
:105D80000000000000000000000000000000000013
:105D90000000000000000000000000000000000003
:105DA00000000000000000000000000000000000F3
:105DB0000000000000000090000000000000000053
:105DC00000000000000000000000000000000000D3
:105DD000400000000000000000000400000000007F
:105DE00000000000000000000000000000000000B3
:105DF00000000000000000000000000000000000A3
:105E00000000000000000000000000000000000092
:105E10000000000000000000000000000000000082
:105E2000000000000000000000000000A0000010C2
:105E30000000001100000000002100000000000030
:105E40000000400000200000002000000000400290
:105E50000000000000000000000000000000000042
:105E600000000000000000000000004000000000F2
:105E70000000000000000000000000000000000022
:105E80000000000000000000000000000000000012
:105E900000000000000000000000000005000000FD
:105EA00009000000000000000000000000000000E9
:105EB00009000000009000002100000000020082A4
:105EC00000000000009000000000009000000000B2
:105ED0000090000000000000000000000000000032
:105EE00000000000000000000000000000000000B2
:105EF00000000000000000000000000000000000A2
:105F00000000000000000000000000000000000091
:105F10000000000000000000000000000000000081
:105F2000081100218200C00000001008A010C0115C
:105F3000820290090000100500000800000008001F
:105F400000110009000000110000002000400020A6
:105F50000011000000000000000000000000000030
:105F60000000000000000000000000000000000031
:105F70000000000000000000000000000000000021
:105F80000000000000000000000000000000000011
:105F9000000000000000000000000000000000827F
:105FA0000500000000C00000000000A0000000C0CC
:105FB000000010C000000000000000000000000011
:105FC00000000000000000000000000000000000D1
:105FD0000000004000001000000000000000000071
:105FE00000000000000000000000000000000000B1
:105FF00000000000000000000000000000000000A1
:106000000000000000000000000000000000000090
:106010000000000000000000000000000000000080
:1060200000000000000000008809000408000020B3
:106030000000000000000204000000000000002139
:106040000000000000000000A0000000A000000010
:106050000800000008000000000000000800000028
:106060000000080000000000000000000000000028
:106070000000000000000000000000000000000020
:106080000000000000000000000000000000000010
:106090000000000000000000000000000000000000
:1060A00000000000050005000000000000000002E4
:1060B000028200000000000000000000002000003C
:1060C0000090000000000000000000000000000040
:1060D00000000000000000000000000000000000C0
:1060E00000000000000000000000000000000000B0
:1060F00000000000000000000000000000000000A0
:10610000000000000000000000000000000000008F
:10611000000000000000000000000000000000007F
:1061200000000000901090009011C0030020821128
:10613000842102090011C00010119021000000000C
:106140008400A00000090000C011A00940009000D8
:10615000900004110000000090000000000000000A
:10616000000000000000000000000000000000002F
:10617000000000000000000000000000000000001F
:10618000000000000000000000000000000000000F
:1061900000000000000000000000000000000000FF
:1061A00000000000000000000000410000000000AE
:1061B000000000000002000000001040000000008D
:1061C000000000000040000000000000008400000B
:1061D00000000000000000000000000000000000BF
:1061E00000000000000000000000000000000000AF
:1061F000000000000000000000000000000000009F
:10620000000000000000000000000000000000008E
:10621000000000000000000000000000000000007E
:1062200000000000000000000041000002114004D6
:106230000000000588109000000000050205000025
:10624000000000000000000000000000000000004E
:106250000040000000008800020000000200000072
:106260000000000008000000000000000000A00086
:106270000000C00000000000A000000000000000BE
:10628000000000000000000000000000000000000E
:1062900000000000000000000000000000000000FE
:1062A00000000000000000000000000000000000EE
:1062B00000000000000000000000000000000000DE
:1062C00000000000000000000000000000000000CE
:1062D00000000000000000000000000000000000BE
:1062E00000000000000000000000000000000000AE
:1062F000000000000000000000000000000000009E
:10630000000000000000000000000000000000008D
:10631000000000000000000000000000000000007D
:10632000000000000000000000000000000000006D
:10633000000000000000000000000000000000005D
:10634000000000000000000000000000000000004D
:10635000000000000000000000000000000000003D
:10636000000000000000000000000000000000002D
:10637000000000000000000000000000000000001D
:10638000000000000000000000000000000000000D
:1063900000000000000000000000000000000000FD
:1063A00000000000000000000000000000000000ED
:1063B00000000000000000000000000000000000DD
:1063C00000000000000000000000000000000000CD
:1063D00000000000000000000000000000000000BD
:1063E00000000000000000000000000000000000AD
:1063F000000000000000000000000000000000009D
:10640000000000000000000000000000000000008C
:10641000000000000000000000000000000000007C
:10642000000000000000000000000000000000006C
:10643000000000000000000000000000000000005C
:10644000000000000000000000000000000000004C
:10645000000000000000000000000000000000003C
:10646000000000000000000000000000000000002C
:10647000000000000000000000000000000000001C
:10648000000000000000000000000000000000000C
:1064900000000000000000000000000000000000FC
:1064A00000000000000000000000000000000000EC
:1064B00000000000000000000000000000000000DC
:1064C00000000000000000000000000000000000CC
:1064D00000000000000000000000000000000000BC
:1064E00000000000000000000000000000000000AC
:1064F000000000000000000000000000000000009C
:10650000000000000000000000000000000000008B
:10651000000000000000000000000000000000007B
:10652000000000000000000000000000000000006B
:10653000000000000000000000000000000000005B
:10654000000000000000000000000000000000004B
:10655000000000000000000000000000000000003B
:10656000000000000000000000000000000000002B
:10657000000000000000000000000000000000001B
:10658000000000000000000000000000000000000B
:1065900000000000000000000000000000000000FB
:1065A00000000000000000000000000000000000EB
:1065B00000000000000000000000000000000000DB
:1065C00000000000000000000000000000000000CB
:1065D00000000000000000000000000000000000BB
:1065E00000000000000000000000000000000000AB
:1065F000000000000000000000000000000000009B
:10660000000000000000000000000000000000008A
:10661000000000000000000000000000000000007A
:10662000000000000000000000000000000000006A
:10663000000000000000000000000000000000005A
:10664000000000000000000000000000000000004A
:10665000000000000000000000000000000000003A
:10666000000000000000000000000000000000002A
:10667000000000000000000000000000000000001A
:10668000000000000000000000000000000000000A
:1066900000000000000000000000000000000000FA
:1066A00000000000000000000000000000000000EA
:1066B00000000000000000000000000000000000DA
:1066C00000000000000000000000000000000000CA
:1066D00000000000000000000000000000000000BA
:1066E00000000000000000000000000000000000AA
:1066F000000000000000000000000000000000009A
:106700000000000000000000000000000000000089
:106710000000000000000000000000000000000079
:106720000000000000000000000000000000000069
:106730000000000000000000000000000000000059
:106740000000000000000000000000000000000049
:106750000000000000000000000000000000000039
:106760000000000000000000000000000000000029
:106770000000000000000000000000000000000019
:106780000000000000000000000000000000000009
:1067900000000000000000000000000000000000F9
:1067A00000000000000000000000000000000000E9
:1067B00000000000000000000000000000000000D9
:1067C00000000000000000000000000000000000C9
:1067D00000000000000000000000000000000000B9
:1067E00000000000000000000000000000000000A9
:1067F0000000000000000000000000000000000099
:106800000000000000000000000000000000000088
:106810000000000000000000000000000000000078
:106820000000000000000000000000000000000068
:106830000000000000000000000000000000000058
:106840000000000000000000000000000000000048
:106850000000000000000000000000000000000038
:106860000000000000000000000000000000000028
:106870000000000000000000000000000000000018
:106880000000000000000000000000000000000008
:1068900000000000000000000000000000000000F8
:1068A00000000000000000000000000000000000E8
:1068B00000000000000000000000000000000000D8
:1068C00000001000000005000000000000000000B3
:1068D000040020000000200000A0040000000400CC
:1068E0002000110000004000020005000000000030
:1068F0000000000000000000000000A000000000F8
:1069000000000000000000000000000000880000FF
:106910000000000000000000000000000000000077
:106920000000000000000000000000000000000067
:106930000000000000000000000000000000000057
:106940000000000000000000000000000000000047
:10695000000400000500000001000000010000002C
:106960000100000000000000010000000000000025
:106970000000000000000000000000000000000017
:106980000000000000000000000000000000000007
:1069900000000000000000000000000000000000F7
:1069A00000000000000000000000000000000000E7
:1069B00000000000000000000000000000000000D7
:1069C0000000000000000002000000000000410084
:1069D000000000000000000400000004004004006B
:1069E00080C08020800000000000002080000001A6
:1069F0000000040000010001000180000001881176
:106A000000000000404100C0000100010000000043
:106A10000002000000000000000100020000000071
:106A20000000000000002000000000000000000046
:106A30000000000000000000000000000000000056
:106A40000000000000000000008800080000002195
:106A500000000000000000000080000000800080B6
:106A60000100400004804000000000000080400958
:106A7000004000000300002002400040040000200D
:106A800009900000002101C0000000020002A000E7
:106A900000000080000000000000000200800000F4
:106AA00000000000000000000100000000000000E5
:106AB00000000000000000000000000000000000D6
:106AC0000000000000000000000000000000410085
:106AD00000000000210002080200802000080000E1
:106AE000050800040088000400009102000080886E
:106AF000052002000040000411080002000203C14A
:106B00000000001000C000000240000020000084CF
:106B100004200000009000040002000000000010AB
:106B20000000000000000000000000C000000000A5
:106B30000000000000000000000000000000000055
:106B40000000000000000000000000000000000045
:106B50000000000082000000000000002080000013
:106B60000000840000800000000084000480000019
:106B70000400000000000080000000000080008091
:106B80000002000000890000840001800000000075
:106B900000000080100000000000008000000000E5
:106BA0000080000000000000000000000000000065
:106BB00000000000000000000000000000000000D5
:106BC00000000000000000000000000000000000C5
:106BD000210000000000210000200501080404003D
:106BE0000090004010000503000088040800900198
:106BF000000000000000000000004100882110009B
:106C000000011001002100110000020202400000FA
:106C100010010000002008000401000141010001F2
:106C20000000000000004100002000000000000003
:106C30000001000000000000000000000000000053
:106C40000000000000000000000000000000000044
:106C50000000000000000000000000110020108073
:106C60000110C04100218410C0A0820540000040F6
:106C7000042000008421C00000000021C000099011
:106C800008000040102088900090000001801180D2
:106C90000000C02000001080080001200002002039
:106CA0000002000000000000C000008000000000A2
:106CB0000000004000000000000000000000000094
:106CC00000000000000000000000000000000000C4
:106CD000000000004100000000100400000000401F
:106CE00008000402002002C000400910090221022D
:106CF000008421A0000210000020088489004120A7
:106D00001000040080840200080108001102100035
:106D100041880000202000004100030010200900ED
:106D200004200000030000880000000000000000B4
:106D3000000000040000000000100000000000003F
:106D40000000000000000000000000000000000043
:106D500000000000C000C0000000C01000000000E3
:106D600000040000000000200240040500110000A3
:106D7000002084009000008000000020C005020078
:106D80000091900000100205000001020100008047
:106D90000000000000000080000000000000000073
:106DA00000000100000000000000000000000000E2
:106DB00000000000008000000000008000000000D3
:106DC00000000000000000000000000000000000C3
:106DD0000000000000000000000021080010808476
:106DE0008400000090821040000000000584000034
:106DF00000002110051000100010000041008084E8
:106E00009140A102A18400000084030080001001D1
:106E1000000003000200000021000000020000004A
:106E20000001000080000084000000000002020257
:106E30000000000000000000000000000000000052
:106E40000000000000000000000000000000000042
:106E5000000000000000000000050000000000002D
:106E600004100400040002100005081090008200C5
:106E700008108200084108040000002100050021DC
:106E800040204080048040050041000002000800CE
:106E900000020000000001000000100000000000DF
:106EA00000000020000004008200000000000080BC
:106EB000C180000000000000000000000000000091
:106EC00000000000000000000000000000000000C2
:106ED000000000000000000000002120022000054A
:106EE000100200008880090000800309098204C1A3
:106EF00011400003050010800009808305111080F7
:106F00000000000380408000110000038005008025
:106F1000008000030000200000000000800380804B
:106F2000A0890000000310800580050900031140BE
:106F30004100000000000000000000000080000090
:106F40000000000000000000000000000000000041
:106F50000000000000000000000000000100000030
:106F60000000010082880504888200C001080285B3
:106F7000880300210091C11088C000021009058417
:106F800088C000C00089844104020002000384C05C
:106F9000048800080001C00001000000000088050E
:106FA0000884A19100A000A10484C0C00002C00117
:106FB00085010100000000000004020000C0008202
:106FC00000000010000200000000000000000000AF
:106FD00000000000000000000000000000000100B0
:106FE0000004000000019101820004400802000139
:106FF0000182011000401000900008008540080147
:10700000C1004000C10900009008A0000511100156
:10701000C0004000A1050400C00040008301000042
:107020000400838488088583A0011100A0000389DF
:10703000000000000000010000000000000000014E
:107040000000000000000000000000000000000040
:107050000000000000000000000000000000000030
:1070600010000382020321410202090084004080D3
:10707000210808804109100080040000000083807E
:107080008040C000000003850004000091000391CF
:1070900000408000000003110000800041008305D3
:1070A000000000084000000083C00008400080008D
:1070B00003050000000000000300000000000000C5
:1070C00000200000000000000000000000000000A0
:1070D00000000000000000000000000000000000B0
:1070E0000000404100404002030200800000C00058
:1070F000800021110011A1838810000000000811F8
:1071000080030000808000100003000000000400E5
:10711000000300410000200000030941008000003E
:107120000003000000200080C180808300808080F8
:1071300000000003000200000000008300000000C7
:10714000210080000000000080000000000000001E
:10715000000000000000000000000000000000002F
:107160000000000001000000010000000008080805
:10717000A08802900004C001A1401141020408044B
:10718000C00810410008C0088204900900000804EB
:10719000C088000500000440411000A10008000460
:1071A000000200C1000000838804C010901100405C
:1071B000821082C000090088000400C00083000023
:1071C000000001008400000000001000000000002A
:1071D00000000000000000000000000000000000AF
:1071E0000000000000000000000100000000040496
:1071F0008289100010100900A188C000A0008288B8
:107200000220A000400809400810C00008908384B4
:1072100084000800A0088384A084C000C00001008E
:10722000000001000008000005098408400090A04B
:1072300041100410A000C0900100000000000000F8
:10724000000000000001000000000000000000003D
:10725000000000000000000000000000000000002E
:107260000000000000000000210002400202200097
:1072700080850004800400008200051003110300D3
:107280000809008080400080831100008000110008
:107290008380000080000080838000000541800022
:1072A0000340000040000080000083830000800055
:1072B000000083910080000090000300000000099E
:1072C000020000000000004000000000000000007C
:1072D00000000000000000000000000000000000AE
:1072E000000000000000000000000000000000009E
:1072F000000000000013C200000000000013C200E4
:10730000060000810013C20000000000001300000E
:107310000000210000130000000021000013000005
:10732000000000000000000000000000000000134A
:107330000000216000000013000042001100001353
:107340000000000021840013C200000000000000C3
:10735000000000000000000000000000000000002D
:10736000000000000000000000000000FF36F036C2
:107370003CFF660F0000000000000000FF40FF001F
:10738000061E063E0000FFFF00FFFFFFC3C3FFFF16
:1073900000FFFFFF0000FFFF0000FFFFF0F0FFFF16
:1073A000C3C3FFFFF0F0FFFFC3C3FFFF00000000F7
:1073B000FFFFC3C3FFFFC3C3FFFF0000FFFFC3C343
:1073C000FFFFC3C3FFFF000000000000000000003B
:1073D00000000000000000000000000000000000AD
:1073E00000000000000000000000000000000F3658
:1073F00000363C00660F00000000000000006060E6
:107400000000060606060000FFFF00FFFFFFC3C3E3
:10741000FFFF00FFFFFFFFFFFFFFFFFFFFFFF0F099
:10742000FFFFC3C3FFFFF0F0FFFFC3C3FFFF000078
:10743000FFFFFFFFC3C3FFFFC3C3FFFFFFFFFFFF4C
:10744000C3C3FFFFC3C3FFFF000000000000000034
:10745000000000000000000000000000000000002C
:10746000000000000000000000000000000000001C
:10747000000000000000000000000000000000000C
:1074800000000000000000000000000000000000FC
:1074900000000000000000000000000000000000EC
:1074A00000000000000000000000000000000000DC
:1074B00000000000000000000000000000000000CC
:1074C00000000000000000000000000000000000BC
:1074D00000000000000000000000000000000000AC
:1074E000000000000000000000000000000000009C
:1074F000000000C33CFF00F0FFF00000000020206F
:1075000020FF00003C3C008130B1FFFFC3C3FFFF00
:107510000000FFFFFF00FFFF0F0FFFFFFF00FFFF57
:10752000FF00FFFFFF00FFFF0000FFFF0000FFFF65
:10753000FF000000FFFF0F0FFFFF0F0FFFFFC3C390
:10754000FFFF0F0FFFFFFF000000FFFF0000000024
:10755000000000000000000000000000000000002B
:10756000000000000000000000000000000000001B
:1075700000000000E4E4E4E43C663C660000000037
:10758000000000006000600000003030FFFFC3C357
:10759000FFFFFFFFFFFFFF00FFFF0F0FFFFFFF00D9
:1075A000FFFFFF00FFFFFF00FFFFFFFFFFFFFFFFE9
:1075B000FFFFFF000000FFFF0F0FFFFF0F0FFFFF98
:1075C000C3C3FFFF0F0FFFFFFF000000000000001C
:1075D0000000FFFFFFFF00000000000000000000AF
:1075E000000000000000000000000000000000009B
:1075F0000000000000000000000000030000008602
:10760000009000A00000008600D000B00080A2CE54
:1076100001DC00A4494002C701C000A4494002C7E0
:1076200001E00384494002C701E00384494002C7E6
:10763000016000B44940000002C701C000A44940F5
:1076400002C701C000A4494002C701600334514091
:10765000008600CC03B000050086006000B000008A
:10766000000000000000000000000000000000001A
:10767000000000000000000000000000000000000A
:10768000382830000000FFFF30003000AA28FF3CFF
:107690003C3C00A0000000552020202008005D5543
:1076A000AAAAFC0CFFFF000FF0F07D28FFFF000FDF
:1076B00000000000000020200000AAAA0C00000525
:1076C000C0C52B0328000005000500000000550080
:1076D000FFFF0000000000000000000000000000AC
:1076E000000000000000000000000000000000009A
:1076F000000000000000000000000000000000008A
:107700000000300030000B00FFFFB2823000AAEB17
:10771000FFFF000000A00C000C552F2020200800C7
:1077200008003A3AFF000000000FFA503C3C00000D
:10773000000F0000000055007520000000000C0044
:107740000005000528002800000530350000000075
:107750005F0F3C3C00000000000000000000000043
:107760000000000000000000000000000000000019
:107770000000000000000000000000000000000009
:1077800000000000A828A00004040455AE04AE0CBC
:10779000000000007130303008005D55F0F4003C0E
:1077A0000C0C0C0CFBF83B3800FF0505AA3CF0FF65
:1077B0000F0F003C00000000FF3DFFFF0000FF40F6
:1077C00050500B003F3CFF020A0A507C407C0000F6
:1077D0000000000000003C003C00000000003030D1
:1077E0003C3C000000000000000000000000000021
:1077F0000000000000000000000000000000000089
:107800000000000000002828000000000055AA0029
:10781000AA0000000000753030300C005D55F0F01B
:1078200000000C0C0CEFCBC80B0800FF0505AA3CB0
:10783000F0000F0F003C0000000005053C3C00007C
:10784000FF00000000003C3CFF000000003C003C4A
:1078500000000000000000003C003C0000000000B0
:1078600030300000000000000000000000000000B8
:107870000000000000000000000000000000000008
:1078800000000000110008000000000003001100CB
:1078900004000000110000000000000000100800BB
:1078A000A10021008004000000000000040000008E
:1078B0000000002004000040000000000002000062
:1078C0000000008800000000200000000000000010
:1078D00000000000000000000000000000000000A8
:1078E0000000000000000000000000000000000098
:1078F0000000000000000000000000000000000088
:107900000000000000000000000000000000000077
:1079100090000000040000000000000000000000D3
:107920000000200000002000000000000000840093
:10793000000304000000010000000000000000003F
:107940000000000000000000000000000000000037
:107950000000000000000000000000000000000027
:107960000000000000000000000000000000000017
:107970000000000000000000000000000000000007
:1079800000000000000000000000000100000001F5
:10799000800000400000000000000900000000001E
:1079A0008000800080040000000000000041000012
:1079B000000000008010008800008000000000002F
:1079C0000000000000800000000000000000000037
:1079D000000000010000000900000011000100008B
:1079E0000000000100000000000000000000000096
:1079F0000000000000000000000000000000000087
:107A000000000000000000000000900000400000A6
:107A100000021000008000000000000000000021B3
:107A200000002000400004800000000000100084DE
:107A300000000000000902090021002002100010CF
:107A400000000010000000000011000000110011F3
:107A5000000000000010000000C0000000820008CC
:107A600000110000001000000000000000000000F5
:107A70000000000000000000000000000000000006
:107A80000000000000000000000080000000000472
:107A900000000300000041000082000080A000C040
:107AA00080080000200200020010002000100020CA
:107AB00000408000002000041020000320A00000EF
:107AC00000C0002000000000000000000082000054
:107AD00000000000000000000000000000000000A6
:107AE0000000004000000000000000000000000056
:107AF0000000000000000000000000000000000086
:107B0000000000000000000000001000020004005F
:107B10000200C00000008800001010004020200279
:107B200000020480A0001141000282028885100931
:107B300010000082040584001020A009002000002D
:107B400000200800000000000000000000411000BC
:107B5000820000090000C009000000000000A00031
:107B60000000000200800000000000000000000093
:107B70000000000000000000000000000000000005
:107B800000000000000000000000000003000000F2
:107B9000200000001100100004000000100100008F
:107BA00021012100000000A0000080002000000052
:107BB00004000400004100000004004010008001A7
:107BC0001000000100002000020000000000000082
:107BD0000000410000000008000000000300000059
:107BE0000000000000000000000000000000000095
:107BF0000000000000000000000000000000000085
:107C00000000000000000000000000000000100064
:107C10000000010084000010010000030010820435
:107C20000000100482000000A02100032000014099
:107C300000000300010000C0001108C000000000A7
:107C40000402C010C0080000000000008200000014
:107C5000C000000000000200A08000000000004002
:107C60000000840082000000000000000000C0004E
:107C70000000000000000000000000000000000004
:107C800000000000000000000000000000000000F4
:107C900000002000020000004184020000000010EB
:107CA00040080020101000000084410100A00002E4
:107CB00000A000822004208220A100A020831120A7
:107CC0000882000280200088000000000000088870
:107CD0000000100000C00200028800400000000008
:107CE0000388000080000300000000000000000086
:107CF00000880000000000001000000000000300E9
:107D00000000000003000000000000000000000070
:107D10000000000000000100000088009100000049
:107D2000C009101004900000081040108808A0003E
:107D300000C0C0400005854002000104002003048B
:107D4000000900000000040004008400000000009E
:107D500010000000C0210000000008090080000998
:107D60001020000000004000C000000000000000E3
:107D700000000000000000000000001100000000F2
:107D800000000000000000000000000000000000F3
:107D9000000000000000000000010000210000823F
:107DA00000010000808400000484808400A010880A
:107DB00010208089C188A182A020002002400300F9
:107DC00021100000108204A00000000000000088C4
:107DD00000C00040000000000000410009000084D5
:107DE0000800000000000000000003000000000088
:107DF0000000000000000000000000000000000083
:107E00000000000000000000000000000000000072
:107E10000000000000000441820000040010000087
:107E20000000884000002000000011000400080548
:107E30000121008040040421040320800880008088
:107E400000008800000000000100000000000203A4
:107E5000840000000000000010000000A0000800E6
:107E600000000000884082000000000010000000B8
:107E7000000082008400A00000000000000000005C
:107E800000000000000000000000000000000000F2
:107E900000000000000000004000800020001000F2
:107EA00009098011020840041005A08810051190EE
:107EB000008308C100110889400280C121400311DC
:107EC00005A004A080100391000000800280000043
:107ED00000000000000000000000000000000000A2
:107EE0000000008000000000008000800000008092
:107EF0000000008000000000008000000000000082
:107F00000000000000000000000000000000000071
:107F100000000000000000000000010084000100DB
:107F2000000020008400010100010188C0C1888494
:107F300008C000A101C0880901C0000108091102A0
:107F400000020009000908C001080282A0080520FB
:107F50000090000000000000000000000000000091
:107F600000000000008200C000C0004000820088C5
:107F70000004000000820000000800400000000033
:107F800000000000000000000000000000000000F1
:107F90000000000000000000000000000201C0001E
:107FA000030020400500110010021088208982047F
:107FB0002108080220021120100141000000C10226
:107FC00002A0020201010008000101820000C100BC
:107FD00004A00504000000000000000000000000F4
:107FE000000000000000000000040000000000008D
:107FF0000000000001000000000000000000000080
:108000000000000000000000000000000000000070
:108010000000000000000100000000000000C1207E
:108020008400A0002108914002008300C0008882E3
:108030000980A10310C1000090009020C008020038
:1080400088801140098920084000102141850900DD
:108050008800800003100000000000000000000005
:10806000000000000000000000000080000300008D
:1080700000000800050903000000000000000000E7
:1080800000000000000000000000000000000000F0
:1080900000000000000000004000000000000000A0
:1080A0000011001100910009031000110521821038
:1080B0002082401100024190050080050021050446
:1080C00008038040801004050203A0111008100866
:1080D0000000008000800080000000000000000020
:1080E0000000000000000000000000000000000090
:1080F0000000000080000000000000000000800080
:10810000000000000000000000000000000000006F
:10811000000000000000000000000000000000005F
:108120000000000800890084C0A00009008201034B
:10813000050301100809820908090000080140012F
:108140004000010082A008020003010002011001AA
:10815000000000A08404C0A010080000000000007F
:10816000000000000000000000000000000000000F
:1081700000000000000008000000000000000000F7
:1081800010000000000000000000000000000000DF
:1081900000000000000000000000000000000000DF
:1081A000000000004089C090080108080401100187
:1081B00010002008A11011900901404000000002A9
:1081C0000100018808400388090109828810858917
:1081D00011102100C0C102004000408200000000D8
:1081E000000000000000000000000000000000008F
:1081F000000001000100010000000000000000007C
:10820000000000000000000000000000000000006E
:10821000000000000000000000000000000000005E
:108220000000000000000003802000028080800326
:108230008005800200A090100505022191800503B1
:10824000050009111000890904418810910003807C
:108250000502081108008041800080118080000024
:10826000000000000000000000000000000000000E
:108270004100020020002000030005000911000059
:1082800000000000000000000000000000000000EE
:1082900000000000000000000000000000000000DE
:1082A000000000000000000000000000C200060006
:1082B000000000000000420000000013C2000000A7
:1082C00000600013C200000000000013C200110093
:1082D00000000013C20000600000001300000060F6
:1082E000000000000000000000000000000000008E
:1082F000000000000000000000000000000000007E
:10830000000000000000000000000000000000006D
:10831000000000000000000000000000000000005D
:1083200000000000000000000000000000000F0F2F
:108330002F0F000000002A2F7A7F000F000F000F80
:10834000C38FFF3C0F550F0F00FF000A3C3C50400D
:1083500050FF507C407C0F0F4F0F000000000000CA
:10836000000000000000000000000000000000000D
:10837000000000000000000000000000000F005599
:1083800000000000000000000000000000000000ED
:1083900000000000000000000000000000000000DD
:1083A00000000000000000000000000000000000CD
:1083B000000028280000000020257075141F101FE1
:1083C000000F000F003C0F550F0F0000000A3C3E4D
:1083D000000000FF003C003C0000550000000000D1
:1083E000000000000000000000000000000000008D
:1083F0000000000000008000000000000000000FEE
:108400000055000000000000000000000000000017
:10841000000000000000000000000000000000005C
:10842000000000000000000000000000000000004C
:108430000000A0B4A0A03CAAFFF0FFF00F00E141B3
:10844000A000280028F0F330BE82F0FF00FFAA0051
:10845000AA30F0001414AA00AA00A0B4001400006E
:10846000000030303C3C0000000000000000000034
:1084700000000000000000000000000000000000FC
:1084800000000000FF00F0000000000000000000FD
:1084900000000000000000000000000000000000DC
:1084A00000000000000000000000000000000000CC
:1084B00000000000001400003CAA00F0ACACACAC22
:1084C000A000A00028002800F0F0AAAAF0000000F8
:1084D00000000030F00000000C0C0000A0A0000024
:1084E000000000003030000000000000000000002C
:1084F000000000000000000000000000000000007C
:108500000000000000000000F0000000000000007B
:10851000000000000000000000000000000000005B
:10852000000000000000000000000000000000004B
:1085300000000086007000B000800086006000B877
:108540000080008600900080008001860ADC00A088
:1085500000000086029000800000008600B000B09D
:108560000080008600A000A000A000000000000025
:108570000000000000000000000000000086006015
:1085800000B000000586006000B000A0008600601A
:1085900000B000000000000000000000000000002B
:1085A00000000000000000000000000000000000CB
:1085B00000000000BFB3BCB005AFBEBEFCAFFCA066
:1085C0000FFF553CF800280004040455000000008B
:1085D000000000000030000000000500BAAA3000D2
:1085E000000000000C00000000000000000000007F
:1085F000000000000000000000000000000000007B
:10860000000000000000000000000000000000006A
:10861000000000000000000000000000000000005A
:10862000000000000000000000000000000000004A
:108630000000010000008F838C8005AF14140CAF84
:108640000CA00F00553CF000000000000055000099
:10865000000000000000000000000000000000001A
:10866000000000000000000000008000000000008A
:1086700000000000000000000000000000000000FA
:1086800000000000000000000000000000000000EA
:1086900000000000000000000000000000000000DA
:1086A00000000000000000000000000000000000CA
:1086B00000000020000000000000000058F85DFDF0
:1086C00000000000FF550F3CF8F02800040404FFF0
:1086D000A8A0280000550455080008000000050067
:1086E000FF30FF0000000000000000000000000A52
:1086F000000000000000000000000000000000007A
:1087000000003C00303000000000F000A0A000009D
:10871000000030303C3C0000000000000000000081
:108720000000000000000000000000000000000049
:10873000000000000000000002000000000008A887
:108740000DAD0000000000550F3C000000000000CF
:108750000000A0A0000000000404000000000000D1
:108760000000FF50FF50000000000000000100006A
:1087700000000000000000000000000000000000F9
:10878000000000003C00303000000000F000A0A01D
:108790000000000030300000000000000000000079
:1087A00000000000000000000000000000000000C9
:1087B00000000000000000000000000000000000B9
:1087C00000000000000000000000000000000000A9
:1087D0000000000000000000000000000000000099
:1087E0000000000000000000000000000000000089
:1087F0000000000000000000000000000000000079
:108800000000000000000000000000000000000068
:108810000000000000000000000000000000000058
:108820000000000000000000000000000000000048
:108830000000000000000000000000000000200018
:1088400000000400000080000000A000A00411004F
:1088500000001100830000000000840000008090F0
:108860004000000000000000119040900000110046
:1088700000000000030000000000000000000000F5
:1088800000000000000000000000000000000000E8
:1088900000000000000000000000000000000000D8
:1088A00000000000000000000000000000000000C8
:1088B00000000000000000010000000000000000B7
:1088C00001001000010000000200000021002180D2
:1088D0000000000000004000A000000009000000AF
:1088E0000400010000000000000000000000000083
:1088F0000000000000000400000000000000000074
:108900000000000000000000000000000000000067
:108910000000000000000000000000000000000057
:108920000000000000000000000000000000000047
:108930000000000000000000001000000000000027
:10894000000000080004000821200000000082044C
:108950008041000080908000A000004000000000E6
:108960000040800000109100A1004008401040012C
:1089700041000000000000004101400040004000B4
:10898000400000C0000004002000000000010400BE
:1089900011012100000000000000040000000000A0
:1089A00000010000000000000000000000000000C6
:1089B00000000000000000000000001000000000A7
:1089C0000000000000000000000000044000000063
:1089D0002180208400001000040005000080002099
:1089E000900090804000000040004000010801C15C
:1089F00001400008004100000000002001080100C3
:108A0000012001000000000000080000000000201C
:108A10000000002000000000000000000000000036
:108A20000000002000000000000000000000000026
:108A300000000000000000000000000000800000B6
:108A400000000000000000000000840000000001A1
:108A50000010A005A004080180C02182022100406E
:108A600040200804050200000000030041C040004F
:108A70000088000000400400000003880900000096
:108A80000000000000000000002000200020000086
:108A90000020020000000800100000000084000018
:108AA000000100000000000000000001208800001C
:108AB00000000000000000000000000000000000B6
:108AC0000000000000000000840000002100000001
:108AD0000040000521842180000802008800909059
:108AE000009008C00190080500000203104100201A
:108AF000401000000810108000400000000000112D
:108B00000000000082040000000008800080008057
:108B100000000080020000000000000000000000D3
:108B20001000002000000000000000000004010010
:108B30000000000000000000000000000000000035
:108B40000000000000000000000084200000200160
:108B5000100840021000A005A005880000002000B9
:108B6000092180200400000009011000009003008A
:108B70000940050000042000840840004000000077
:108B80001000090002001040000000000800000072
:108B9000800008004000100010008001000005C0A7
:108BA000050021000000800000000000000000001F
:108BB00000000000000000000000000000000000B5
:108BC0000000000000000000000000002180000004
:108BD00083040000000201002184218402000000BF
:108BE0008300009020098500C0000804C000000038
:108BF00090090080A00008110200400801008300D5
:108C0000C0002000000500000480002000000000DB
:108C10000000400000110100000000004040000082
:108C20000000000000000020040000000000000020
:108C30000000000000000000000000000000000034
:108C4000000000000000000000000000000041885B
:108C5000080000200000001002082009A0110040B8
:108C60000001A108A110000200C021022100002083
:108C700000004140080200110040211010C0008493
:108C8000000010A0400000000500051000000000DA
:108C900003000000088889000200000000000000B6
:108CA00091C080008000210141020000030003897F
:108CB0000001000000008000000000000000000033
:108CC00000000000000000000000000000000000A4
:108CD00000210005408000218400010001042104DE
:108CE000A09000400400200084000040824000402A
:108CF000C08902118220000040108440100010033F
:108D000010000000080011410000000000004000B9
:108D100000000000000000000400000090000000BF
:108D20000800040004000400A020008000000000EF
:108D300000200004000000002000000000000000EF
:108D40000000000000000000000000000000000023
:108D50000000418200000000058440840000801172
:108D600080110800100004A0C000020021040020AF
:108D7000414009C011000000020000000000101076
:108D80002000410008844084040100002100080400
:108D900004000000000500012020850020004000A4
:108DA0004090000000000090000403000890009034
:108DB00002000001000000000000000000000000B0
:108DC00000000000000000000000000000000000A3
:108DD00000000000000000000000880000050020E6
:108DE000200420048400010004004100C1008280AE
:108DF000C0800000000000008200000000020000AF
:108E0000100010080000000001008420082000006D
:108E100000000020000000020002000040110000DD
:108E20000100890000000000000000000000002098
:108E30000000000000020000000000000000000030
:108E40000000A00000000000000000000000000082
:108E50000000000000000320851110101020C00841
:108E6000800808101089000300020091081020A05B
:108E70000420800808080000808090400000001155
:108E800000400800000000008000024100100000C7
:108E9000030000414120000000000804C0801000D1
:108EA00000800490102000800080091041840000A0
:108EB00000908900840900802020004000400204C6
:108EC00000000000000000000000000000000000A2
:108ED0000000000000000000008303888940008833
:108EE0004121840901410089A08900C1828900894A
:108EF0002183850320C0001000028240091000A0D9
:108F000000000001010000000000820004000000D9
:108F100002000000000000010000028802C0C0043E
:108F2000A00204A0C1858589000210088890839062
:108F3000000404048282C0C00008A10100010001F5
:108F40000000000000000000000000000000000021
:108F5000000000000000000000008400C082084003
:108F600010090200C1004000108984011091200501
:108F70000803918811C011400200000000000000A9
:108F800000000800910090008200000000010040F5
:108F900000001100C0850240C000000008018200EE
:108FA0008208080208001001C000A00590A0080077
:108FB000080004C0080010840490A0080100008488
:108FC000010100000000000000000000000000009F
:108FD00000000000000000000000000005108910E3
:108FE00083098885844084000400C1890040880585
:108FF000200489112000C18089C08804000000116C
:1090000004001111800041110000800200000002E4
:10901000008002021000000200808005000080082D
:10902000090410848041844100100200004180093D
:10903000801080000209801102410080008420001D
:1090400002002040020000000000000000000400B8
:1090500000000000000000000000000000000910F7
:1090600080400021831002A08084898408C12100EF
:109070000005801184894103008883050484400031
:1090800000000505000400800080101000A000848E
:109090000000080800000000000021008009000016
:1090A000108080809020000000800080111100411D
:1090B0000011009002008000008280000202000087
:1090C000020200402140C1410000000000000000F9
:1090D0000000000000000000000000000000000090
:1090E00000A0821010A185110109C0848984400864
:1090F0000110C02104829008018810C082A00240A3
:10910000A104C0880020100210080008000000839D
:10911000100800C000A00000020000000100400094
:109120000000040882C0A09110020240840410C014
:10913000000402900490C14090040405C0C0C1C066
:10914000A0A00101000101010800000000000000D2
:10915000000000000000000000000000000000000F
:109160000000A0A01189C0012110080582842001FF
:10917000A020838205200589100083081002820147
:109180008500000001000000000000000001000058
:1091900000000000000000000000000100000000CE
:1091A0000082000004010500900010200410080057
:1091B0000800040804119000A00008040404C090F2
:1091C000C000A0080100000900000000000000002D
:1091D000000000000000000000000000000000008F
:1091E0000000000010110540200210808082001154
:1091F00000400083C080408009A1C0002000888812
:1092000008110800040020000000000010001140B8
:109210000000000004000010000009000020000011
:109220000204008000008003A0000000000082090A
:1092300090008000008041881100800980808005B6
:10924000058000040080020002C002094100000005
:10925000000000000000000000000000000000000E
:1092600000000000000000000013C2004160000088
:109270000000C20000000A500013C20011004100AB
:109280000013C2000088000000130000210000004D
:109290000000000000000000001300004200000079
:1092A0000000000000480000000000130000420021
:1092B0000000001300000000000000130000000088
:1092C000000000130000810000000000C200000048
:1092D000000000000000000000000000000000008E
:1092E000000000000000000066006F0BFF00FF029E
:1092F0000000000000000006FF0F663CFF000F0F9B
:109300006E0C000026242424FF0000FFFF0000FF55
:10931000FF0000FFFF0000FF3C3CC3C33CC33CC355
:109320000F0F0F0FFFFF0000000066996699FF0006
:10933000FF00FF0000FFFF0000FFFF0000FFCCCC9C
:10934000CCCCFF00FF003CC33CC300000200000087
:10935000020000000000000000000000000000000B
:10936000000000000000000000006600660002022D
:1093700002020000000000030006000F663C00002F
:109380000F0F0C0C000006000000FF0000FFFF00A4
:1093900000FFFF0000FFFF0000FF3C3CC3C33CC3D5
:1093A0003CC3F0F0F0F00000FFFF00006699669902
:1093B00000FF00FFFF0000FFFF0000FFFF0000FFB5
:1093C000CCCCCCCC00FF00FF3CC33CC30000000071
:1093D000000000000000000000000000000000008D
:1093E000000000000000000000000000000000007D
:1093F000000000000000000000000000000000006D
:10940000000000000000000000000000000000005C
:10941000000000000000000000000000000000004C
:10942000000000000000000000000000000000003C
:10943000000000000000000000000000000000002C
:10944000000000000000000000000000000000001C
:10945000000000000000000000000000000000000C
:1094600000000000000000000000000000002424B4
:10947000242D006081E1E4E4E4E4300000007EFF9C
:10948000F0B4FFFF00F000003C7C2020203CF0F016
:10949000F0F0FF0000FFFF0000FF696969693333E6
:1094A000333399996666333333333C3C3C3C00009C
:1094B00000FF00FF0FF00FF00FF00FF0C33CC33CB4
:1094C0000FF00FF00000FFFF0F0FF0F0F0F0F0F0E2
:1094D000000000000000000000000000000000008C
:1094E000000000000000000000000000000000007C
:1094F0000000000900600060003CC3FF300018005D
:109500001800F0B4000000F0000000600000003C13
:109510000F0F0F0FFF0000FFFF0000FF696969696F
:10952000333333339999666633333333C3C3C3C399
:109530000000FF00FF000FF00FF00FF00FF0C33C32
:10954000C33C0FF00FF0FFFF00000F0FF0F00F0F04
:109550000F0F0000001000002000000000000000BD
:1095600000000000000000000000000000000000FB
:109570000000008600D000A000000086007000B04F
:10958000000001860AFC03800000008600B003A0F2
:109590000000028601C000B408400286016000B4E9
:1095A0000840028601E0009408400286016000B491
:1095B000084000000286018000840840028601C045
:1095C00000A40840028601800084084002860180D1
:1095D00000841040000000100000000000000000A7
:1095E00000000000000000800100000000000000FA
:1095F00000000000202F2020101000FF3CFF3C0046
:109600000CCF7D7D3F3CFAAA00FF0C0CF03C003CE7
:10961000FC00FCFC00000000000000000000000056
:1096200014140C0C000000000400040000000000F2
:109630000000000000000400000000000800FF001F
:1096400000002828000F000000200000010000009A
:109650000000000000020000000000000000000008
:1096600000000000000000000020000000000000DA
:109670000000000000002020202010100000AAF0B0
:10968000AAF00CCF4141303C0AAA00FF0C0CF03C80
:10969000003CFCFFFCFC000000008000000000001B
:1096A000000014140C0C000000000000000000007A
:1096B00000000000000000000000000000000000AA
:1096C000808080800000000F00000000000000008B
:1096D000000020000000000000000000000000006A
:1096E0000000000000000000000000000000020078
:1096F0000000000000000000AAEAAAAA414F410FA2
:10970000F330F33005F505F5FA7DFA283C3C000FFF
:10971000ABABFFC03C003C0F0800000000000000A5
:1097200000000000003C0C0C0000000000000000E5
:109730000000000000000000000000001000000019
:109740000000F404F41430752075001000000000CF
:109750000800000080000000000000000000000081
:1097600000000000000000000000400000000000B9
:1097700000000000000000000000C0C00000000F5A
:10978000000FEBEB282830303F3F507D50283C3C09
:10979000000FA8A83F003C003C0F0800000000009C
:1097A000000000000000003C0C0C00000000000065
:1097B0000000000000008000000000000000000029
:1097C00000040000F000F00000550055000000000B
:1097D0000000000000000000000004000000000085
:1097E0000000000000000000000000000000000079
:1097F0000000000000000000000000002000200425
:109800002000800089000400042004000000000003
:10981000200084000000000004000488A008040068
:1098200011C0119004001000100291040004000007
:1098300000000400001040000000000000000000D4
:1098400000C004C000000200000000000000000092
:109850000000000000000000000000000000000008
:1098600000000000004000000000000000000000B8
:1098700000000000000000000000000000000000E8
:1098800000000000400020000100018001000000F5
:1098900000000100210000000000910001002100F3
:1098A000000000000000A100010000804080008056
:1098B0000000000002000080900000000000000096
:1098C0000000000000000000010000000000000097
:1098D0000040000000000000000000000000000048
:1098E00000000000000000800000000000000000F8
:1098F0000000000000000000000000000000000068
:1099000000000000A000A002000080A00000800075
:10991000000000C0040000000040000000018000C2
:109920000000000000100000000000002000000106
:10993000000100000001A100000000001100000073
:1099400000C0000200000000000000000000000055
:109950000000000000000000040000000000000003
:1099600000200000000000000000000000000000D7
:1099700000000000000000000000000000000000E7
:10998000000090000000050005800000200000009D
:1099900020100041000003000200008800000002C7
:1099A000040000210011000000110010000001104F
:1099B0000440000400000004020000009000004089
:1099C00000090000008000000008000000400000C6
:1099D0000040000000000021000000000000000026
:1099E00000000080000000000000000000000000F7
:1099F0000000000000000000000000000000000067
:109A000000000000000000000020020400A00490FC
:109A100000040004001083048500042000000040BE
:109A200005A000040000000021000200048400A042
:109A3000080185000440044010040802200400C00E
:109A400002000000000000202004040004000000C8
:109A50000000000005000000000000000000000001
:109A60000000000000200000001080000000000046
:109A700000000000000000000000000000000000E6
:109A8000000000000000904190000220008084004F
:109A90000100088510800003208004000883044131
:109AA000C080A003A0001002000582400021110028
:109AB0000800840420000000C0400000902083C102
:109AC0008200112000000000C00000000100110011
:109AD000C0408200C00010008400C000C0008400AC
:109AE00000000000000084800000008040000000B2
:109AF00084000000000000000000000000000000E2
:109B000000000000000000000001900020000201A1
:109B1000000003012000100000008500080008017B
:109B200080000000200041010200200020014100CF
:109B300002001000200000001100030000002100BE
:109B4000210000000300020000000000410010009E
:109B50000000000002000000100000000000830070
:109B60000400030011000000040040000000000099
:109B700000000000000000000000000000010001E3
:109B800000000000000000000000C00803002000EA
:109B90000010844088048500002184080200200011
:109BA0000220020884008200C02010000305032068
:109BB000C000000000000040C004000000100000D1
:109BC0000000000000000000000000002000100065
:109BD00000002000000083000000000000000000E2
:109BE0000800010000009000000001000100840056
:109BF00000008400000000000000000000000010D1
:109C00000010000000000000000000000400000040
:109C100004008284C110058803001083218802405B
:109C20004110410400000000091008100020030446
:109C30001004218400008284100141000082412030
:109C40004100100000C000000500000000000008F6
:109C5000044010080088044000000000080008C00C
:109C60000800040004000002100000004120000071
:109C70000000410005881120000005002110081097
:109C800008000400040000000000000000020410AE
:109C9000901005020810200000000811102000217B
:109CA0000104A01000A00000000500400100108089
:109CB000C08800850011040010110004C00000409D
:109CC00000001000A00400000000C0001000000010
:109CD000100004001080C003900010001000C1208C
:109CE0008921850403200900888008008400C08041
:109CF00000009000100008000080000000000080BC
:109D0000018001000100010000000000000000804F
:109D1000200902000400808220C021C0031003003B
:109D200080400901219102108040000004000000E1
:109D30000001002021C04141004080900890800433
:109D400000040084030021000088008800C0000097
:109D500000000000000000401000100003900040D0
:109D6000080080838000C100820000881102000288
:109D7000040203004000410140000021C120831083
:109D8000C10080000001002000210002000200024A
:109D9000000000C001000100040300008800000072
:109DA00010000280C040C02008C0100084110103D0
:109DB000882108040080100000200009101188117B
:109DC0000200000000000000000000000000100081
:109DD0000000000000090002000000000421001142
:109DE00000001005082004000400080000000080A6
:109DF0000080018000000100C0408500109008C173
:109E000004A1042104000020008000900080008054
:109E10000080000040038021008200090304844088
:109E2000C040080302C0110280A010900000808092
:109E3000A080000000090090114010100083808273
:109E400021820002030800040020040200020041F5
:109E500000110005000009800000100000008003D0
:109E600000801180000080830800838000000003D0
:109E70008000030000400003800000100000808389
:109E80000080C000000080830000208000000003EC
:109E90000000000000402141C091828800200500A0
:109EA0000200C101010001110083A08900400040AF
:109EB0008404A08800A0009040C184C10008004133
:109EC0000405A00400A0010000000001000008013A
:109ED00000000000000000000102C0C08810001057
:109EE0009001849008880040888391881190000434
:109EF000000102000100000100014000000100001B
:109F000090838404A10400A08883A0A0C19000A035
:109F1000000100000000000100018408C1400409A4
:109F200004010484C1010282400184000540C0088C
:109F300088002090A00090C00401C0C0401110080B
:109F400000200010009101000000008201010000CB
:109F500008008488A041820000008200C000021036
:109F600002109001090090A1830908012084C1C05A
:109F700083C1010000C0000001009000910090002A
:109F8000030008000300900183020801A0849100EF
:109F900083C1010000C00000010000219100089170
:109FA00004910403910040408080032082002080BF
:109FB000C1050005800000118005000280800010AE
:109FC000000204800080418808214100418020086F
:109FD00011008000000000908000000000200000C0
:109FE0008000000000109100808983118011000022
:109FF000A100839140000000000003000000080061
:10A000000000030080091100800983048011000012
:10A0100021008311400000000000030002910005B0
:10A0200020001004038400C000808003000080C171
:10A030008220414100000000100000000009009053
:10A040000841020203020005C188894041880011CD
:10A0500000851120040000000000080000000040FE
:10A060000009008000031100800000A1808302002D
:10A070008009110080830000004000008003008000
:10A080000010000000831180008080218083020086
:10A0900080091100808300000040000000030010D0
:10A0A00040012090000401020005004002000088E9
:10A0B000A0118805C0A000008882880800000090D8
:10A0C0004010A0080002019100C1A0049005008882
:10A0D00000010088020000000000000001000000F4
:10A0E00000098491900200030190C08882C1888396
:10A0F0000188C08983C09083008800090008880512
:10A10000000800C1000000830108849082838883D6
:10A110000190C091C1C090830000000100000001C7
:10A1200083848504890040000405C0844001000147
:10A130008200C0A0C00008008200C0000200110020
:10A14000040141041000C0400000000201010000B1
:10A150000140019100010000000001020100010026
:10A160000000C00810048200C0C08291109010004E
:10A170004090832190840400C09001020000000000
:10A18000000001010100000000028303A000820022
:10A1900002908301A090A000C0A001000000000078
:10A1A0000000909102840900A0008503050580212C
:10A1B0002008800000000010800085001000410091
:10A1C0008800890210001000008005000580092128
:10A1D0000200100005414102020003000580080052
:10A1E0002000000000030080000080008083808049
:10A1F00080000080830380000000800003000000D6
:10A2000000000000030808000000000083030000B5
:10A210000000008083080080000080000300000030
:10A220000000000041880013C2000000000000137D
:10A23000C2000A4821000013C200000006000013FB
:10A240000000000000000013C200000000600013C6
:10A25000C200110000000000C20042000000000027
:10A26000C2000000000000000013000000004100D8
:10A2700000130000820041000013000042818100B1
:10A280000013000000840000000000000000060031
:10A29000001300000660060000130000000000002C
:10A2A000000000000000C317FF170F0F1414001464
:10A2B000000004040000000000000000000A0CFC84
:10A2C0005F5F000000000000050000000C0055FF6B
:10A2D0000F3C0F0F003C003C003C0F2F0F0F507C39
:10A2E000407C000000000000000000000C0C141472
:10A2F00055555555000000FF0000FFFF00000F0FEF
:10A300000000FFFF00000F0F000000FF00000F0F14
:10A3100000005555000000FF0000FFFF00000F0F78
:10A320000000FFFF00000F0F00173C170F0F141461
:10A33000000000000000000000000000000000001D
:10A340000CFC505000000000000000000000000065
:10A3500055000F3C0F0F003C053D013D0028002833
:10A36000003C003C000000000000000000000C0C5D
:10A37000141455555555000000FF00000000000062
:10A380000F0F0000000000000F0F000000FF000092
:10A390000F0F00005555000000FF000000000000F6
:10A3A0000F0F0000000000000F0FBEAAF0F3F00036
:10A3B000AAAAC00000000000000000200000C000A9
:10A3C000000000000000000000000020000000006D
:10A3D0000000FF28F1F13C00FFFF3E020202A0B4A2
:10A3E0000014F00000000000000000000000000069
:10A3F00000000000FFFF0000F0F00000FFFF000081
:10A40000FF0000003C3C00003C3C0000F0F000007D
:10A41000F0F00000FFFF0000F0F00000FFFF000080
:10A42000FF0000003C3C0000C3C3FFFF82AAF030E5
:10A43000F000AAAA00000000200020000020000078
:10A4400000000000000000000000000000200000EC
:10A4500000000000D700B0B03C0000003C0000004D
:10A46000A0A00000F000282800000000000000006C
:10A4700000000000000000000000F0F000000000FC
:10A480000000FF0000003C3C00003C3C0000F0F0FD
:10A490000000F0F0000000000000F0F000000000FC
:10A4A0000000FF0000003C3C0000C3C3FFFF00862B
:10A4B0000AFC03800000008600B0008000000086D7
:10A4C00000F003800000018600E0038000000086A9
:10A4D00000900080000001860ADC00B000000086C9
:10A4E000007000B000800086007000B00000000026
:10A4F0000086008000890000024601E00304494014
:10A50000024101800304494002C7016003944940AD
:10A5100002C7016000B44940024101800304494080
:10A52000024101800304494002410100000441400E
:10A530007D28F0F0FFFF003C0000A000001000109C
:10A54000AA3CF0F0000CFF0CFFF57C2CFF05FF058A
:10A55000B0303030000C141C00000000000FFF0F62
:10A5600000000000C300C300000000000000000065
:10A57000000000100000000000200406FAF0002097
:10A5800020200000000041000100000000005DDF0D
:10A590000CCF000000000C0C0F0F000000000002A8
:10A5A0000082000000000A002800000000000000F7
:10A5B0000000FF00B4B40000003C000000000000F8
:10A5C00000003C3CF0AA000CFF0C0A007C2C0005AB
:10A5D0000005A0000000000C000C00000000553C2D
:10A5E000553C00000000C300C30000000000000054
:10A5F00000000000000000000000000014160A0027
:10A600000020000008080C0000000100000000000D
:10A610005D5D0C0C000000000C0C000010105000E0
:10A62000000200000A000C00000000000000000012
:10A6300000000000FCC0FCC00F0F00FF0000000085
:10A6400000000030FCBEC0BE0F000F3CE8FFE83C3D
:10A65000000CFF0CBC3C000000003C3D0030000042
:10A6600000000000000000000000000000000000EA
:10A67000000F003C00000000080000000000000087
:10A6800000000000000000C0008201000300000084
:10A6900000000000000000000000000000000000BA
:10A6A00000000000000000000000020200020000A4
:10A6B000000000000000EBEB28280F0F0000000056
:10A6C000000000000000FC82C0820F000F3CE8C3C5
:10A6D000E800000CFF0CA0000000000000050000D6
:10A6E000000000000000000000000000000000006A
:10A6F0000000000F003C000000000000000000010E
:10A7000000010001101000300000000001000000F6
:10A7100000000000000000000000000080000000B9
:10A720000A00080801010003C000820000000002C6
:10A7300000000000000000000000110000002000E8
:10A740000008A10004008000111004080300041098
:10A7500040000200000004000000040004000400A7
:10A7600000A000A0400500040000040080000020BC
:10A770000000000000008001000000000000000058
:10A780000800800000010008040000000000000034
:10A7900000000000000000000000000000000000B9
:10A7A00000000000000000000000000000000000A9
:10A7B0000000000000000000000088000000000011
:10A7C000010000000200010308000000000000007A
:10A7D000C1800000A0008221010000002000830051
:10A7E0000000A000000004A000800400000002009F
:10A7F00004800000000000001008000000000000BD
:10A800000000000040000040008001000000000047
:10A810000000000000000000000000000000000038
:10A820000000000000000000000000000000000028
:10A830000000000000000000000000000000000018
:10A840000000004100010000000080000041000005
:10A8500000000011000000008000800100010001E4
:10A86000A000000000A100004000008220010000C4
:10A8700020002001000000000000000300C00000D4
:10A880000000000000004002000000010000024043
:10A890000000000000000000000000004000000078
:10A8A0008000000000000000000000010000000027
:10A8B0000000000000000000000000000000001088
:10A8C000000000000084004000000000040000C000
:10A8D00000000000002000000000200020040040D4
:10A8E00000400400C0000020000004100000001020
:10A8F000000000000420000000000000000800002C
:10A9000000000000000000100180000000080000AE
:10A9100001800000000000000000000000000000B6
:10A9200000000800000000080000000000400000D7
:10A930000000000000000000000000000000000017
:10A940000300090021900982210000400010050148
:10A95000000009008004088200000009080011209E
:10A9600000000200058288C00404200000102000BE
:10A97000004021000500050010A00085000000082F
:10A98000000000000300100005004001024110011A
:10A99000A0010201100002000000020005A000005A
:10A9A00000000000000100008040000000000000E6
:10A9B0000040000000000000000000000000000057
:10A9C0000000900090090009000382100085A0009B
:10A9D0000020000000000480910090410008A009C0
:10A9E00010A1900001000009050001801100001075
:10A9F000A1048200000000090021002100020000E3
:10AA0000008400000000000000000000010201C0FE
:10AA100000080520014000410041C0000000000086
:10AA20000000000000000010C021028000000000B3
:10AA30000000008000000000000000000000000096
:10AA400000000000200000000000020000000000E4
:10AA50000000200109000200800010200400000016
:10AA600021002001000000002000820500000000FD
:10AA700020002000000000001000040000000090F2
:10AA80000000000000000000110000004100000272
:10AA90000000000020000201000003001000000080
:10AAA0000000000041000000000000000000000065
:10AAB0000000000000000000000000000000000096
:10AAC0000000000000000100000000110000001163
:10AAD000000000000020020001000400009000407F
:10AAE000000000000104000000000000042000003D
:10AAF0000005001000000000000000000100000040
:10AB00000000000000000000000000000000000045
:10AB10000080000000000100014000000000010072
:10AB20000000000000000000000000000000000025
:10AB30000000000000000000000000000000000015
:10AB4000000000000000000000000200024000843D
:10AB5000000000012100218280000501100041C099
:10AB60000984088200831100410005000389041153
:10AB7000000003012021200000A000A00000000030
:10AB8000000010000800004100000000100041001B
:10AB900041004001030000008405000100000000A6
:10ABA000410000C000A003000000000000004100C0
:10ABB0004140000000000000000000000000000014
:10ABC0000000000000000000000004000108A18552
:10ABD00088000000824000100008200000040005EA
:10ABE00000000021000000048400882100000020F3
:10ABF0008510000000048484000000410000C000B3
:10AC000000210000000000002008000000000000FB
:10AC10000000000005020000001021A0004000001C
:10AC2000000084050000000000000000C0000000DB
:10AC30000000108000000000000010000000000074
:10AC400000008400000000000000000000C00010B0
:10AC500021000400409002000521002100000300B3
:10AC600003848900200003002084A00000404100EC
:10AC7000038280C103040000039041000000000033
:10AC8000000000000002008400001008000003C063
:10AC9000100011000800000000000900040000007E
:10ACA0000400000000A0000000000040008400003C
:10ACB00003100000000000000000004010000088A9
:10ACC000000000880090000000000000000000006C
:10ACD0000000000002210000000000200020000011
:10ACE0000000000008000008000000004010000004
:10ACF00000000000101000800000000000000000B4
:10AD000000000000C00000000000040000800000FF
:10AD1000000000000000100000000000880001009A
:10AD20000000000000000000000000000000000023
:10AD30000000008000000000000000000080000013
:10AD40000000000000000000000000000000000003
:10AD500000008000020000008000800010800000E1
:10AD60000589859100830988000300412040030282
:10AD70000080C1800080000000050585110341416D
:10AD8000000383410041004100000000000000007A
:10AD900000000000000000000000408080800200F1
:10ADA0000380008000800000000000000000000020
:10ADB00000000000800002000000008080002100F0
:10ADC0000080000000000000000000000000000003
:10ADD000000088008400010000002020848883880F
:10ADE0000040A002C14082880089000100010501E5
:10ADF0000000A0028420828800A00240C102888254
:10AE00000004A00189010001000100000000000011
:10AE1000000000000000000000000000A102C0844B
:10AE200001C001880008004000A000C00000000030
:10AE30000000000000009000000000000002402020
:10AE4000019000020000000000000000000000006F
:10AE500000000000A00020A0910091C000000000B0
:10AE60000400901000000982C100400300000100AE
:10AE70000000000011014000A00009C008012000EE
:10AE800040A020C10000C082C0008201000000007C
:10AE900000000100000000000000000000000100B0
:10AEA000010040008340000000000000000000009E
:10AEB0000000000000000000000000000000020090
:10AEC0008400C000049000000000000000000000AA
:10AED0000000000000000821008040001000004138
:10AEE0000000000080000904058089410411000071
:10AEF000200000001109C0034100C100C0A0A00251
:10AF000085004141C1050000008000008003000071
:10AF1000000002000300000000000000000000002C
:10AF20001109400010009083050005000500050090
:10AF30000000000000000000000000000000000011
:10AF4000800580000000800200000000000000007A
:10AF50000000000000000000000000800000000071
:10AF600000008000C10080800309001188080304EC
:10AF70004180000441A105910000800020800080F4
:10AF800000898041008304830380000000000000EA
:10AF90000000000000000000008000000000000031
:10AFA000000000A080048041000300008000000039
:10AFB0000000000000000000000000000080008091
:10AFC0000080000080008080008000000000000001
:10AFD0000000000000000000000000080002000463
:10AFE00000040000C0002004201001C08808A14116
:10AFF0004000000200110003884100000282A00806
:10B000000208004082A088A04040018800000000A3
:10B0100000000000000000000000008000000000B0
:10B0200000000000009102A084A100C10000C00047
:10B0300082000200000000000000000000C000408C
:10B040000004008200C004A0028400400000000050
:10B05000000000000000000000000000030921843F
:10B060009001418282850484A000C008832111845C
:10B07000A101050000080005000100008284840190
:10B080009000400040002102A000408201820100A7
:10B0900001000140000000000000000000800000EE
:10B0A000000000000000400108410400A0880002E8
:10B0B000000000010000000000000000000000008F
:10B0C000000000000000900104022000C000000009
:10B0D0000000000000000000000000000000908957
:10B0E0004011111010808083800000008000824099
:10B0F00040111008C0000000008500100000808092
:10B10000004100058000854020008404C180038048
:10B110000400020005800000000000020000008022
:10B120000000000000000000800580A08003008077
:10B1300000000003001000000000000000000000FC
:10B14000000000000000000000058080000080007A
:10B1500000000000000000000000000000000000EF
:10B1600000000000C2000050210000130000420057
:10B170000A000013C2000A0000840013C20000008D
:10B180000A0000130000060000000013C200418204
:10B1900000000013C2001242000000000000000086
:10B1A0000000000000000000000000000013C200CA
:10B1B000008200000000000000000000000000000D
:10B1C00000000A0000130000000000000000000062
:10B1D000000000000000000000000000000000006F
:10B1E000000000000C000000000000000000000053
:10B1F00000003E0006002C0C0C0C000000000FFFAD
:10B200000F00000000000000000008000000000C1B
:10B21000000000000000000000000000000000002E
:10B22000000000000000000000000000000000001E
:10B2300000001800000000000000000000000000F6
:10B2400000000000000000000000000000000000FE
:10B2500000000000000000000000000000000000EE
:10B2600000000000000000000000000000000000DE
:10B27000000000000600060024000000000000009E
:10B2800000FF0000000000000000000008000000B7
:10B2900000000000000000000000000000000000AE
:10B2A000000000000000000000000000000000009E
:10B2B0000000020018000000000000000000000074
:10B2C000000000000000000000000000000000007E
:10B2D000000000000000000000000000000000006E
:10B2E000000000000000000000000000000000005E
:10B2F000000000000000000000000000000000004E
:10B30000000000000000000000000000000000003D
:10B310000000000000008210020000010000000098
:10B32000000000000000000000000000000000001D
:10B33000000000000000000000000000000000000D
:10B3400000000000000000000000000000000000FD
:10B3500000000000000000000000000000000000ED
:10B3600000000000000000000000000000000000DD
:10B37000000000000000000000003076002430349F
:10B38000F6663C3F0606F6F600000000FFFFFFFFF2
:10B390000000000400003000000000000000000079
:10B3A0000000000000FF000000000000000000009E
:10B3B0000000000000000C0CFFFF00000000000077
:10B3C000000000000000000000000000000000007D
:10B3D000000000000000000000000000000000006D
:10B3E000000000000000000000000000000000005D
:10B3F000002400000000000000000000006600249F
:10B40000002406663C300606060600000000F7FF32
:10B41000FFFF000000040000000000000300000027
:10B420000000000000000000FF000000000000001D
:10B4300000000000000000000000F9FF0000000014
:10B4400001000000000000000000000000000000FB
:10B4500000000000000000000000000000000000EC
:10B4600000000000000000000000000000860070E6
:10B4700000B00000008600E003800000008600F0BD
:10B480000380000000860AFC00900000008600E0B7
:10B4900003800000008600D000A00000009600603D
:10B4A0000090000000000000000000A0000000006C
:10B4B0000000000000000086006000990000008687
:10B4C000006000B0000000000000000000000086E6
:10B4D0000060033000000086006000B00000000043
:10B4E0000000000000000000000000000000FFF06D
:10B4F0003A3A55FF3C0FFFAF3A3CFF00FF553A3A4E
:10B50000FF00C3CFC3CF0000000000000400F2F230
:10B51000FF14FFFF000F713030300000000F0000FB
:10B520000000FFFFFFFF000000000000000000001F
:10B530000000000000000000200000003C3C3C3CFB
:10B5400000000000000000000000000000000000FB
:10B5500000000000CB033EFC2000000010505050C3
:10B5600000000000000000000000000000000000DB
:10B570000F003A3A55003C0F00A03A3C000000553D
:10B58000AAAAFC0C000C000C000000000000040043
:10B590007070EB000000000F410000001414000F59
:10B5A000000000003C3C3C3C0000000000000000AB
:10B5B00000000000000000000000000000003CBC93
:10B5C0003C3C000000000000000000000000000003
:10B5D0000000000000000A003EFC00000000505087
:10B5E00050500000000000000000000000000000BB
:10B5F0000000000000000F55FF3CFA50FA500055C3
:10B60000FF553CAAF0FF00000F0F000000000000F3
:10B610000000FCFCC0C03C3C000F282828281F1458
:10B620001714000000000055050500000000000090
:10B63000000000000000000000000000FDF5FCF02C
:10B640000000FFAAAAAAAAAA0000000000000000A9
:10B6500000000000000000000000000000000000EA
:10B660000000000C000000000000000000000000CE
:10B6700000000000000000000F55003C7D7D2828E0
:10B680000000FF003CAAF00000FF00FF00000000E7
:10B6900000000000EB28EB283C3C000FE8F82828CD
:10B6A00014141414000000000055050500000000EB
:10B6B0000000000000000000000000000000FCF09E
:10B6C000FCF05555FFAAAABAAAAA00000000000083
:10B6D000000000000000000000000000000000006A
:10B6E0000001000000000000000000000000000059
:10B6F0000000000000000001020802010291002089
:10B7000000000020000011000000000820000000E0
:10B7100000000001200000000400200004000000E0
:10B7200000000000000004100001000004010000FF
:10B7300000100000000000000000000000000020D9
:10B7400000000000000000000000000000000000F9
:10B7500000000000000000000000000000000000E9
:10B7600000000000000000000000000000000000D9
:10B7700000000000000000000010010005409110D2
:10B780000000000000000000200000000000000099
:10B7900000002000900400000000000000050400EC
:10B7A0000000000000000009000000100000004040
:10B7B00000000080000020000000000000000000E9
:10B7C0000400000020000000000000000000000055
:10B7D00090000000000000000000000000000000D9
:10B7E0000000000000000000000000000000000059
:10B7F0000000000000000000000000000000000049
:10B800000000000000000000000000000000000038
:10B810000002000000000000000000000000000026
:10B820000000000000000000000000000000000018
:10B830000000000000000000000000800000000088
:10B840000000000000900000000000000000000068
:10B8500000000000000000000000000000000000E8
:10B8600000000000000000000000000000000000D8
:10B8700000000000000000000000000000000000C8
:10B88000000900000000000000000011000000009E
:10B890000000000000000000000000110000001186
:10B8A0000000000000000000000000000000000098
:10B8B000000004090000002000000000000000005B
:10B8C000000000000000000000000000000000096F
:10B8D0000000000000000000000000000000000068
:10B8E0000000000000000000000000000000000058
:10B8F0000000000000000000000000000000410007
:10B9000000009001820141C0000000000000000022
:10B9100000000000100040020000A00040000200F3
:10B9200000000582100000A00300000000000000DD
:10B930000000410000004000000000001040000036
:10B940004000400010001001000000000000000056
:10B950001000000041001000000000000000000086
:10B9600000000000000000000000000000000000D7
:10B9700000000000000000000000000000000000C7
:10B98000A0210008024003408808000082008400D3
:10B9900000000000820000100020001021000000C4
:10B9A00000410000000010000000C0000000000086
:10B9B00000000000000000000020000000000080E7
:10B9C000000000001100000000080000000000005E
:10B9D000000800000000000000000000000000005F
:10B9E0000000000000000000000000000000000057
:10B9F0000000000000000000000000000000000047
:10BA0000000008000000009082010000000010000B
:10BA10001100000000000000410000002000004074
:10BA20000000000000001000000000000000000006
:10BA300000040000000000000000000009000000F9
:10BA4000000000000000000009001000000000904D
:10BA500000000000000000000000000000000000E6
:10BA600000000000000000000000000000000000D6
:10BA700000000000000000000000000000000000C6
:10BA800000000000010000000000030800000000AA
:10BA90000000000000000000200000000000000086
:10BAA000000000000000000088000000000000000E
:10BAB0000000000000000000000000000000000086
:10BAC0000000000000000000000010000000000066
:10BAD0000000000000000000000000000000000066
:10BAE0000000000000000000000000000000000056
:10BAF0000000000000000000000000000000000046
:10BB000000000000000082400000000008A10000CA
:10BB100000000000030000000000000000820000A0
:10BB20000000000000000000000010000000000005
:10BB30000000000000020000000000000000000003
:10BB400000000500000000000000000000000000F0
:10BB500000000000000000000000000000000000E5
:10BB600000000000000000000000000000000000D5
:10BB700000000000000000000000000000000000C5
:10BB8000000000000000000003808410C021C140BC
:10BB90000005000000000000000300020805C000CE
:10BBA00000210000C000C00200008800100040001A
:10BBB00000000000000084050000000008000000F4
:10BBC0000000000000000000000000000000000075
:10BBD00000000000C0000000840000000000000021
:10BBE000C000000000000000000000000000000095
:10BBF0000000000000000000000000000000000045
:10BC00000000000000000000000002000000000032
:10BC100041400088000000A0008200000000009069
:10BC20000000000000000900000000880082000001
:10BC300010040000000000000000000800000900DF
:10BC400000000000000000000000000000000000F4
:10BC500000002000000000000000000000000000C4
:10BC600000000000000000000000000000000000D4
:10BC700000000000000000000000000000000000C4
:10BC800000000000000000000000000001000000B3
:10BC90000000008000000000100000000000000014
:10BCA0000000100000000000000000000000000084
:10BCB0000000000000000000000002000000000082
:10BCC0000000000000000000000000000000000074
:10BCD0000000000000000000000000000000000064
:10BCE0000000000000000000000000000000000054
:10BCF0000000000000000000000000000000000044
:10BD000000000000000000000000000000000080B3
:10BD100080804000000000000000000000000000E3
:10BD20000000000000000900000000000300000007
:10BD30000000000000000000000000000000000003
:10BD400000001100000000000000000000000000E2
:10BD500000000000000000000000000000000000E3
:10BD600000000000000000000000000000000000D3
:10BD700000000000000000000000000000000000C3
:10BD800000000000000000000000000000000000B3
:10BD9000000240C08500009000000000000000008C
:10BDA0000000000000000000000000000000010092
:10BDB0000000000000000000000000000000000083
:10BDC000000000000000000000000400000000006F
:10BDD0000000000000000000000000000000000063
:10BDE0000000000000000000000000000000000053
:10BDF0000000000000000000000000000000000043
:10BE00000000000000000000000000000000000032
:10BE100000000401020010A0838500A000000000C3
:10BE20000000000000000000000000000000000012
:10BE30000100000000000000000000000000000001
:10BE400000000000000000000000000000000000F2
:10BE500000000000000001000000010000000000E0
:10BE600000000000000000000000000000000000D2
:10BE700000000000000000000000000000000000C2
:10BE800000000000000000000000000000000000B2
:10BE900000000000090280008500C085000000004D
:10BEA000000000000000000000000000410003004E
:10BEB0000200100000000000000000000000000070
:10BEC0000000000000000000000000000000000072
:10BED000000000000000000040000000030000001F
:10BEE0000000000000000000000000000000000052
:10BEF0000000000000000000000000000000000042
:10BF00000000000000000000000000000000000031
:10BF10000000000000000000800020000080000001
:10BF20000000000000000000000000000000000809
:10BF3000001000118011000000000000000000004F
:10BF400000000000000000000000008000800000F1
:10BF500000800000008000000000000000000000E1
:10BF600000000000000000000000000000000000D1
:10BF700000000000000000000000000000000000C1
:10BF800000000000000000000000000000000000B1
:10BF900000000000000000000002C0A08302024078
:10BFA0000000000000000000000000000000000091
:10BFB00000000001000084000000000000000000FC
:10BFC00000000000000000000008000000040082E3
:10BFD0000000000800A00082000000000000000037
:10BFE0000000000000000000000000000000000051
:10BFF0000000000000000000000000000000000041
:10C000000000000000000000000000000000000030
:10C010000000000000000000000082200401020077
:10C02000008200000000000000000000000000008E
:10C0300000000040000200010000000000000000BD
:10C0400000000000000000000000000000000000F0
:10C0500000000000000000000000000000100000D0
:10C0600000010000000000000000000000000000CF
:10C0700000000000000000000000000000000000C0
:10C0800000000000000000000000000000000000B0
:10C09000000000000000000000000000802080027E
:10C0A00000410080000000000000000000000000CF
:10C0B00000000000000000850002000000000000F9
:10C0C0000000000000000000000000000000000070
:10C0D0000000000000000000000000000000000060
:10C0E0000009000200000000000000000000000045
:10C0F0000000000000000000000000000000000040
:10C10000000000000000000000000000000000002F
:10C11000000000000000000000000000000000001F
:10C12000001300000082000000000000000000007A
:10C1300000000000000000000000C20000840000B9
:10C1400000000000000000000000000000000000EF
:10C1500000000000000000000000000000000000DF
:10C1600000000000000000000000000000000000CF
:10C1700000000000000000000000000000000000BF
:10C1800000000000000000000000000000000000AF
:10C19000000000000000000000000000000000009F
:10C1A000000000000000000000000000000000008F
:10C1B00000000000000000000000000055557575EB
:10C1C000000000000000000000000000000000006F
:10C1D000000000000000000000000000000000005F
:10C1E000000000000000000000000000000000004F
:10C1F000000000000000000000000000000000003F
:10C20000000000000000000000000000000000002E
:10C21000000000000000000000000000000000001E
:10C22000000000000000000000000000000000000E
:10C2300000000000000000000000000000000000FE
:10C24000302000000000000000000000000000009E
:10C2500000000000000000000000000000000000DE
:10C2600000000000000000000000000000000000CE
:10C2700000000000000000000000000000000000BE
:10C2800000000000000000000000000000000000AE
:10C29000000000000000000000000000000000009E
:10C2A00000000000000000003C3C3C2800000000B2
:10C2B000000000000000000000000000000000007E
:10C2C000A0A0003C000000000000000000000000F2
:10C2D000000000000000000000000000000000005E
:10C2E00000000000000000000000F0F0A0A000002E
:10C2F000000000000000000000000000000000003E
:10C30000000000000000000000000000000000002D
:10C31000000000000000000000000000000000001D
:10C3200000000000000000000000001400000000F9
:10C3300000000000000000000000000000000000FD
:10C340000000A0A0000000000000000000000000AD
:10C3500000000000000000000000000000000000DD
:10C360000000000000000000000000000000A0A08D
:10C3700000000000000000000000000000000000BD
:10C3800000000000000000000000000000000000AD
:10C39000000000000000000000000000000000009D
:10C3A0000000000000000000000600E000B00000F7
:10C3B000000000000000000000000000000000007D
:10C3C000000000100000000000000000000000005D
:10C3D00000000000000000000086006000B00000C7
:10C3E0000086006000B000000000000000000000B7
:10C3F00000A000000000000000000000000000009D
:10C40000000000000000000000000000000000002C
:10C41000000000000000000000000000000000001C
:10C42000000000000000000000000500FAFF00000E
:10C4300000000000000000000000000000000000FC
:10C4400000000000000000000000000000000000EC
:10C450000000000000000000000000000000003CA0
:10C4600000550000000000FF000F00000000000069
:10C4700000000000000000000000000000000000BC
:10C4800000000000000000000000000000000000AC
:10C49000000000000000000000000000000000009C
:10C4A0000000000000000000000000000500FFFF89
:10C4B00000000080000000000000000000000000FC
:10C4C000000000000000000000000000000000006C
:10C4D000000000000000000000000000000000005C
:10C4E000003C0055000000000000000F00000000AC
:10C4F000000000000000000000000000000000003C
:10C50000000000000000000000000000000000002B
:10C51000000000000000000000000000000000001B
:10C5200000000000000000000000000000003C3C93
:10C530003C3C0000EFEF00000000000000000000A5
:10C5400000000000000000000000000000000000EB
:10C5500000000000000000000000000000000000DB
:10C5600000000000000000000000000000000000CB
:10C5700000000000000000000000000000000000BB
:10C5800000000000000000000000000000000000AB
:10C59000000000000000000000000000000000009B
:10C5A000000000000000000000000000000000008B
:10C5B000BE3C3C3C0004FFFF000000000000000007
:10C5C000000000000000000000000000000000006B
:10C5D000000000000000000000000000000000005B
:10C5E000000000000000000000000000000000004B
:10C5F000000000000000000000000000000000003B
:10C60000000000000000000000000000000000002A
:10C61000000000000000000000000000000000001A
:10C62000000000000000000000000000000000000A
:10C6300000000000000000000008000000000000F2
:10C6400000000000000000000000000000000000EA
:10C6500000000000000000000000000000002100B9
:10C6600000000000000000000000000000000000CA
:10C6700000000000000000000000000000000000BA
:10C6800000000000000000000000000000000000AA
:10C69000000000000000000000000000000000009A
:10C6A000000000000000000000000000000000008A
:10C6B00000000000000000000000000000008200F8
:10C6C000400000000000000000000000000000002A
:10C6D000000000000000000000000000000000005A
:10C6E000200000000000000000002000000000000A
:10C6F00000410000000000000000000000000000F9
:10C700000000000000000000000000000000000029
:10C710000000000000000000000000000000000019
:10C720000000000000000000000000000000000009
:10C7300000000000000000000000000000000000F9
:10C7400000000000000000000000000000000000E9
:10C7500000000000000000000000000000000000D9
:10C7600000000000000000000000000000000000C9
:10C7700000000000000000000008000000000000B1
:10C7800000820000008400000000000000000000A3
:10C790000000000000000000000000000000000099
:10C7A0000000000000000000000000000000000089
:10C7B0000000000000000000000000000000400831
:10C7C000000000000000A000000000000000400386
:10C7D0000000000000000000000000000000000059
:10C7E0000000000000000000000000000000000049
:10C7F0000000000000000000000000000000000039
:10C800000000000000000000000000000000000028
:10C810000000000000000000000000000000000018
:10C820000000000000000000000000000000000008
:10C8300000000000000000000000000000000000F8
:10C8400000000000000000004100000000000500A2
:10C8500000000000000005000000000000000000D3
:10C8600000000000000000000000000000000000C8
:10C8700000000008000000000000000000000000B0
:10C880000000000000000000100000000000000098
:10C890002100000021000000000000000000000056
:10C8A0000000000000000000000000000000000088
:10C8B0000000000000000000000000000000000078
:10C8C0000000000000000000000000000000000068
:10C8D0000000000000000000000000000041000017
:10C8E00000000000000000000000000000009000B8
:10C8F0000000000000200000000000000000000018
:10C900000000000000000000000000000000000027
:10C910000000000000000000000000000000000017
:10C920000000000000000000000000000000000007
:10C9300000000000000000000000000000000000F7
:10C9400000000000000000000000000002000000E5
:10C9500000000000000000000000000000000000D7
:10C960000000000000000084000000020000000041
:10C9700000000000000000020000000200020000B1
:10C980000000000200000000000000000040000065
:10C990000000000000000000000000000000000097
:10C9A0000000000000000000000000000000000087
:10C9B0000000000000000000000000000000000077
:10C9C0000000000400000000000000110000000052
:10C9D0000000000000000000000000000000200037
:10C9E00000000000000000000000000020004000E7
:10C9F00000000000000000000000400008000000EF
:10CA000000000000000000000000000040000002E4
:10CA10000002000000000000000000000000000014
:10CA20000000000000000000000000000000000006
:10CA300000000000000000000000000000000000F6
:10CA400000000000000000000000000000000000E6
:10CA500000000000000000000000000000000000D6
:10CA600000000000000000000000000000000000C6
:10CA700000080000000000000000000000000000AE
:10CA800000000000000000000000000000000000A6
:10CA90000000000000000000000000000000000096
:10CAA0000000000000000000000000000000000086
:10CAB0000000000000000000000000000000000076
:10CAC00000000000000800000011900000000000BD
:10CAD000000000000000000000000000000800004E
:10CAE0000000C0080000004000000000000000003E
:10CAF00000000000000000000000002040000000D6
:10CB00000000000000000000020000000000000023
:10CB10000000000000000000000000000000000015
:10CB20000000000000000000000000000000000005
:10CB300000000000000000000000000000000000F5
:10CB400000000000000000000000000000000000E5
:10CB500000001000000000000000090000000000BC
:10CB600000000000000000000000000000000000C5
:10CB700000000000000000000000000000000000B5
:10CB800000000000000000000000000000000000A5
:10CB90000000000000000000000000000000000095
:10CBA0000000000000000000000000000000000085
:10CBB0000000000000000000000000000000000075
:10CBC000000000000000000000000240000000081B
:10CBD0000000000000000000000000000000000055
:10CBE00000000000020000000000000040004020A3
:10CBF00040004000880020000000000000044000C9
:10CC000000000020200000000000000000004000A4
:10CC100020000000000000000000000000000000F4
:10CC200040000000000000000000000000000000C4
:10CC300000000000000000000000000020000000D4
:10CC400000000000000000000000000000000000E4
:10CC500000000000000000000000000000000000D4
:10CC600000000000000000000000000000000000C4
:10CC700000000000000000000000000000000000B4
:10CC800000000000000000000000000000000000A4
:10CC90000000000000000000000000000000000094
:10CCA0000000000000000000000000000000000084
:10CCB0000000000000000000000000000000000074
:10CCC0000000000000000000000000000000000064
:10CCD0000000000000000000000000000000000054
:10CCE0000000000000000000000000000000000044
:10CCF0000000000000000000000000000000000034
:10CD00000000000000000000000000000000000023
:10CD10000000000000000000000000000000000013
:10CD20000000000000000000000000000000000003
:10CD300000000000000000000000000000000000F3
:10CD400000000000000000000000000000000000E3
:10CD500000000000000000000000000000000000D3
:10CD600000000000000000000000000000000000C3
:10CD700000000000000000000000000000000000B3
:10CD800000000000000000000000000000000000A3
:10CD90000000000000000000000000000000000093
:10CDA0000000000000000000000000000000000083
:10CDB0000000000000000000000000000000000073
:10CDC0000000000000000000000000000000000063
:10CDD0000000000000000000000000000000000053
:10CDE0000000000000000000000000000000000043
:10CDF0000000000000000000000000000000000033
:10CE00000000000000000000000000000000000022
:10CE10000000000000000000000000000000000012
:10CE20000000000000000000000000000000000002
:10CE300000000000000000000000000000000000F2
:10CE400000000000000000000000000000000000E2
:10CE500000000000000000000000000000000000D2
:10CE600000000000000000000000000000000000C2
:10CE700000000000000000000000000000000000B2
:10CE800000000000000000000000000000000000A2
:10CE90000000000000000000000000000000000092
:10CEA0000000000000000000000000000000000082
:10CEB0000000000000000000000000000000000072
:10CEC0000000000000000000000000000000000062
:10CED0000000000000000000000000000000000052
:10CEE0000000000000000000000000000000000042
:10CEF0000000000000000000000000000000000032
:10CF00000000000000000000000000000000000021
:10CF10000000000000000000000000000000000011
:10CF20000000000000000000000000000000000001
:10CF300000000000000000000000000000000000F1
:10CF400000000000000000000000000000000000E1
:10CF500000000000000000000000000000000000D1
:10CF600000000000000000000000000000000000C1
:10CF700000000000000000000000000000000000B1
:10CF800000000000000000000000000000000000A1
:10CF90000000000000000000000000000000000091
:10CFA0000000000000000000000000000000000081
:10CFB0000000000000000000000000000000000071
:10CFC0000000000000000000000000000000000061
:10CFD0000000000000000000000000000000000051
:10CFE0000000000000000000000000000000000041
:10CFF0000000000000000000000000000000000031
:10D000000000000000000000000000000000000020
:10D010000000000000000000000000000000000010
:10D020000000000000000000000000000000000000
:10D0300000000000000000000000000000000000F0
:10D0400000000000000000000000000000000000E0
:10D0500000000000000000000000000000000000D0
:10D0600000000000000000000000000000000000C0
:10D0700000000000000000000000000000000000B0
:10D0800000000000000000000000000000000000A0
:10D090000000000000000000000000000000000090
:10D0A0000000000000000000000000000000000080
:10D0B0000000000000000000000000000000000070
:10D0C0000000000000000000000000000000000060
:10D0D0000000000000000000000000000000000050
:10D0E0000000000000000000000000000000000040
:10D0F0000000000000000000000000000000000030
:10D10000000000000000000000000000000000001F
:10D11000000000000000000000000000000000000F
:10D1200000000000000000000000000000000000FF
:10D1300000000000000000000000000000000000EF
:10D1400000000000000000000000000000000000DF
:10D1500000000000000000000000000000000000CF
:10D1600000000000000000000000000000000000BF
:10D1700000000000000000000000000000000000AF
:10D18000000000000000000000000000000000009F
:10D19000000000000000000000000000000000008F
:10D1A000000000000000000000000000000000007F
:10D1B000000000000000000000000000000000006F
:10D1C000000000000000000000000000000000005F
:10D1D000000000000000000000000000000000004F
:10D1E000000000000000000000000000000000003F
:10D1F000000000000000000000000000000000002F
:10D20000000000000000000000000000000000001E
:10D21000000000000000000000000000000000000E
:10D2200000000000000000000000000000000000FE
:10D2300000000000000000000000000000000000EE
:10D2400000000000000000000000000000000000DE
:10D2500000000000000000000000000000000000CE
:10D2600000000000000000000000000000000000BE
:10D2700000000000000000000000000000000000AE
:10D28000000000000000000000000000000000009E
:10D29000000000000000000000000000000000008E
:10D2A000000000000000000000000000000000007E
:10D2B000000000000000000000000000000000006E
:10D2C000000000000000000000000000000000005E
:10D2D000000000000000000000000000000000004E
:10D2E00000000000000000000000400000000000FE
:10D2F0000000000000000000040000000002000028
:10D300000002000100000002800004020002000090
:10D3100000020302000000000411000100000000F0
:10D3200000010002000000010001000000020001F5
:10D3300000020001000200010000000000020000E5
:10D3400000000000000000000000000000000000DD
:10D3500000000000000000000000000000000000CD
:10D36000000000000000000000004000000000007D
:10D37000000000000000000000100000000000801D
:10D38000000000800002000000804000008000805B
:10D390000000008000800000000000020002000089
:10D3A0000000000200800000000200020000008077
:10D3B00000020080000200800002000400000080E3
:10D3C000000000000000000000000000000000005D
:10D3D000000000000000000000000000000000004D
:10D3E000000000000000000000000001000100003B
:10D3F000000000000000000000000000000000002D
:10D40000000000000000000000000000000000001C
:10D41000000000000000000000000001000000000B
:10D42000000000000000000000800000000000007C
:10D4300000000000000000000000000000000001EB
:10D4400000000000000000000000000000000000DC
:10D4500000000000000000000000000000000000CC
:10D46000000000000000000000000000002000207C
:10D4700000000000000000000000000000000000AC
:10D48000000000000000000000000000000000009C
:10D49000000000000000000000000000000200008A
:10D4A000000000000000000000000000000000007C
:10D4B000000000000000000000000000000000006C
:10D4C000000200000000000000000000000000005A
:10D4D000000000000000000000000000000000004C
:10D4E000000000000000000000000000002000001C
:10D4F0000000042000000000000000000000000008
:10D50000000000000000400000000000400000009B
:10D5100000000000000000010000000040000000CA
:10D52000000000004000400000000000000000007B
:10D5300011000001000000000000000000000000D9
:10D54000400000000000000000000000000000009B
:10D5500000000000000000000000000000000000CB
:10D56000000000000000000000000000000000803B
:10D57000900000000180000000000000000000009A
:10D580000000000000000000010000000000010099
:10D590000000000000000000000200000000010088
:10D5A0000000000000000100010000000000000079
:10D5B00000000000000200000000000082000000E7
:10D5C00090000100000000000000000000000000CA
:10D5D000000000000000000000000000000000004B
:10D5E000000000000000000000000000000000003B
:10D5F00000000000400000010000000000000000EA
:10D60000000000000000000010000000000000000A
:10D61000000000000000000000000000000000000A
:10D6200000000000000000000000000000000000FA
:10D6300000000000000000000000000000000000EA
:10D6400000000000000000000000000000000000DA
:10D6500000000000000000000000000000000000CA
:10D6600000000000000000000000000000000000BA
:10D6700000000000000000000008000000000000A2
:10D68000000000000000000000001000000000008A
:10D690000000000000008200000000000000000008
:10D6A00000000000000000008202000000000000F6
:10D6B000000000000000004000000000000000200A
:10D6C000000000000000000000000000000000005A
:10D6D000000000000000000000000000000000004A
:10D6E000000000000000000000000000000000003A
:10D6F00000000000002000200008000000000000E2
:10D7000000000000000000004100000000000000D8
:10D7100000001000000000000000000041000000B8
:10D7200000000000000000000000000000000000F9
:10D7300000000000000000000000000010000000D9
:10D7400000000000100000000000000000000000C9
:10D7500000000000000000000000000000000000C9
:10D7600000000000000000000000000000000000B9
:10D77000000000000000008000808480900800000D
:10D780000000000000000000000000000000000099
:10D790000000000000000000000000000000000089
:10D7A00000000000000088000000000000000000F1
:10D7B0000000000000000000000000000000000069
:10D7C0000000000000000000000000000000000059
:10D7D0000000000000000000000000000000000049
:10D7E0000000000000000000000000000000000039
:10D7F0000000000000000000008800080000000099
:10D8000000000000000000040000000040000000D4
:10D810000000000000000000000000000000020006
:10D8200000000000000200000000000002000000F4
:10D8300000000000000200000000000000000900DD
:10D8400020000000000000000000000000000000B8
:10D8500000020000000000000000000000000000C6
:10D8600000000000000000000000090000000000AF
:10D870000000000000000000000000000080000028
:10D880000000000000000000000000000000000098
:10D890000000000000000000000000000000000088
:10D8A0000000C01100000000001100000000000096
:10D8B0000000000800000000000000000000000060
:10D8C0000000000000000400000000000000000054
:10D8D0000000000000000000000000000000000048
:10D8E0000000000000000000000000000000000038
:10D8F0000000000000000000000000000282208004
:10D9000004A01090000000000000000000000000D3
:10D9100000000000000300000020000000030005DC
:10D9200000000000000300000005200000030000CC
:10D9300000050000000300000020000000000003BC
:10D94000000500002000000300000000001000039C
:10D9500000000000000000000000000000000000C7
:10D9600000000000000000000000000000000000B7
:10D970000000000000000000000000000000A1897D
:10D9800082C0820301C1000000000000000000000E
:10D990000000000000000001000000010000000184
:10D9A0000000000000000001000000000100000174
:10D9B0000000000000000001000000010000000065
:10D9C0000001000000000000000100000000000154
:10D9D0000001000000000000000000000000000046
:10D9E0000000000000000000000000000000000037
:10D9F0000000000000000000000000000000000027
:10DA0000030105008920C0A1000000000000000003
:10DA10000000000000000000000000000000010005
:10DA200000000000000001000000000000000100F4
:10DA300000000000000001000000000000000100E4
:10DA400000000000000000000100000000000100D4
:10DA500001000000000000000100000000000000C4
:10DA600000000000000000000000000000000000B6
:10DA700000000000000000000000010000000000A5
:10DA8000000402024000C0008210000000000000FC
:10DA90000000000000000000000000000000210065
:10DAA0000300000003000000030000000500000068
:10DAB000030000000000000003000300000000005D
:10DAC0000300000000000000000003000000000050
:10DAD00020000300000041000000030000000000DF
:10DAE0000000000000000000000000000000000036
:10DAF0000000000000000000000000002000000006
:10DB000000000000038500A002A0A080000000002B
:10DB100000000000000000000000000000400000C5
:10DB200000000003000000000005000300000000EA
:10DB300000000003000000000010000300000005CA
:10DB400000000003000000000000000000030000CF
:10DB50000040000000030900004000000003000036
:10DB600000000000000000000000000000000000B5
:10DB700000000000000000000000000000000000A5
:10DB80000000000000000108A0090421098800002D
:10DB90000000000000000000000000000000000184
:10DBA0000000000000010000000000000001000073
:10DBB0000000000000010000000000010001000062
:10DBC0000000000000010000000000000000000153
:10DBD0000000000100000001000000010000000141
:10DBE0000000000000000000000000000000000035
:10DBF0000000000000000000000000000000000025
:10DC00000000000000000000400388000800909021
:10DC10000000000000000000000000000000000004
:10DC200000000000000000000100000001000000F2
:10DC300001000000000000000100000000000000E2
:10DC400001000000000000000000010000000000D2
:10DC500000000100000000000100010000000000C1
:10DC600000000000000000000000000000000000B4
:10DC700000000000000000000000000000000000A4
:10DC80000000000000000000000080828000802171
:10DC90000000000000000000000000000000000084
:10DCA000000005000000000000000300000010005C
:10DCB0000000030000000000210003000000000934
:10DCC000410003000000030000000000030000000A
:10DCD00041200000030000000000200003000500B8
:10DCE0000000000000000000000000000000000034
:10DCF0000000000000000000000000000000000024
:10DD0000000000000000000000000000810000137F
:10DD100000002100000000000000000000000000E2
:10DD200000000000000000000000000000000000F3
:10DD300000000000000000000000000000000000E3
:10DD400000000000000000000000000000000000D3
:10DD500000000000000000000000000000000000C3
:10DD600000000000000000000000000000000000B3
:10DD700000000000000000000000000000000000A3
:10DD80000000000000000000000000000000000093
:10DD900000000F000F000000000000000000000065
:10DDA000000000000000FFFF00003C3C00000F0FDF
:10DDB0000000FF0000003C3C0000FFFF00003C3C76
:10DDC0000000FF0000000F0F00000F0F0000000018
:10DDD0000F0F0000FFFF00003C3C00000F0F000091
:10DDE000FF0000000F0F0000000000000000000016
:10DDF0000000000000000000000000000000000023
:10DE00000000000000000000000000000000000012
:10DE1000000000002D002D000000000000000000A8
:10DE20000000000000000000FFFF00003C3C00007C
:10DE30000F0F0000FF0000003C3C0000000000004D
:10DE40003C3C0000FF0000000F0F00000F0F00001F
:10DE500000000F0F0000000000003C3C00000F0F0E
:10DE60000000FF0000000F0F000000000000000095
:10DE700000000000000000000000000000000000A2
:10DE80000000000000000000000000000000000092
:10DE90000000000000000000000000000000000082
:10DEA0000000000000000000000000000000000072
:10DEB0000000000000000000000000000000000062
:10DEC0000000000000000000000000000000000052
:10DED0000000000000000000000000000000000042
:10DEE0000000000000000000000000000000000032
:10DEF0000000000000000000000000000000000022
:10DF00000000000000000000000000000000000011
:10DF1000000000006060E0E000F000F000000000A1
:10DF20000000000000000000000000000000F0F011
:10DF3000000000FF000000FF0000F0F00000F0F023
:10DF40000000F0F00000F0F00000FFFF0000F0F033
:10DF500000003C3C0000000000FF0000FFFF00004C
:10DF60003C3C000000FF0000FFFFFFFF0F0F000020
:10DF700000000000000000000000000000000000A1
:10DF80000000000000000000000000000000000091
:10DF90000000000000006060202000C030F00000A1
:10DFA0000000000000000000000000000000000071
:10DFB000F0F0000000FF000000FF0000F0F00000A3
:10DFC000F0F00000F0F00000F0F0000000000000B1
:10DFD000F0F000003C3C0000000000FF00000000EA
:10DFE00000003C3C000000FF00000000FFFF0F0F9E
:10DFF0000000000000000000000000000000000021
:10E000000000000000000000000000000000000010
:10E010000000000000000000008600800380000077
:10E0200000000000000000000000000000000000F0
:10E03000024001000004494002410100000449403F
:10E04000024101000004494002410100000449402E
:10E0500002410100000449400000024101000004A7
:10E06000494002410100000449400241010000040E
:10E07000414000000000000000000000000000001F
:10E080000000000000000000000000000000000090
:10E0900000000000000009000000FDFDFD800F14DD
:10E0A0000FBE0000000000000000000000000000A3
:10E0B0000000000000000000000000000000000060
:10E0C0000000000000000000000000000000000050
:10E0D0000000000000000000000000000000000040
:10E0E0000000000000000000000000000000000030
:10E0F0000000000000000000000000000000000020
:10E10000000000000000000000000000000000000F
:10E110000000000000000020000001008080FD8061
:10E120001414BEBE0000000000000000000000004B
:10E1300000000000000000000000000000000000DF
:10E1400000000000000000000000000000000000CF
:10E1500000000000000000000000000000000000BF
:10E1600000000000000000000000000000000000AF
:10E17000000000000000000000000000000000009F
:10E18000000000000000000000000000000000008F
:10E190000000000000000040000000000200AAB2E1
:10E1A000AAB20CCFAEEF000000000000000000009B
:10E1B000000000000000000000000000000000005F
:10E1C000000000000000000000000000000000004F
:10E1D000000000000000000000000000000000003F
:10E1E000000000000000000000000000000000002F
:10E1F000000000000000000000000000000000001F
:10E20000000000000000000000000000000000000E
:10E2100000000000000000000000000000000000FE
:10E22000FFF300300CCF04450000000000000000A8
:10E2300000000000000000000000000000000000DE
:10E2400000000000000000000000000000000000CE
:10E2500000000000000000000000000000000000BE
:10E2600000000000000000000000000000000000AE
:10E27000000000000000000000000000000000009E
:10E28000000000000000000000000000000000008E
:10E29000000000000000000000000000000000007E
:10E2A000000000000000000000000000000000006E
:10E2B000000000000000000004000000000000005A
:10E2C000000000000000000020000000000100012C
:10E2D0000001000000000000040000000000000138
:10E2E0000001000000000000000100040000000028
:10E2F000000000000000000000000400000000001A
:10E30000000000000000000000000000000000000D
:10E3100000000000000000000000000000000000FD
:10E3200000000000000000000000000000000000ED
:10E3300000000000000000000000000000000000DD
:10E3400000000000000000000000000000000004C9
:10E350004004000400000000000000000000000075
:10E360000004000400000000000000040080000021
:10E37000000000000000000000000000000000009D
:10E38000000000000000000000000000000000008D
:10E39000000000000000000000000000000000007D
:10E3A000000000000000000000000000000000006D
:10E3B000000000000000000000000000000000005D
:10E3C000000000000000000000000000000000004D
:10E3D000000000000000000000000000000000003D
:10E3E00000000000000000C000000000000000006D
:10E3F000000000000000000000000000000000001D
:10E40000000000000000000000000000000000000C
:10E4100000000000000000000000000000000000FC
:10E4200000000000000000000000000000000000EC
:10E4300000000000000000000000000000000000DC
:10E4400000000000000000000000000000000000CC
:10E4500000000000000000000000000000000000BC
:10E4600000000000000000000000000000000000AC
:10E47000000000000000000000000000000000009C
:10E48000000000000000000000000000000000008C
:10E49000000000000000000000000000000000007C
:10E4A000000000000000000000000000000000006C
:10E4B000000000000000000000000000000000005C
:10E4C000000000000000000000000000000000004C
:10E4D000000000000000000000000000000000003C
:10E4E0000000200820A000000000000000A0200084
:10E4F000000000000000000000000000000000001C
:10E50000000000000000000000000000000000000B
:10E5100000000000000000000000000000000000FB
:10E5200000000000000000000000000000000000EB
:10E5300000000000000000000000000000000000DB
:10E5400000000000000000000000000000000000CB
:10E550000000C000000000000000000000000000FB
:10E5600000000000010001000000000000000000A9
:10E57000010000000000000000000000000000009A
:10E58000000000000000000000000000000000008B
:10E59000000000000000000000000000000000007B
:10E5A000000000001000000000000000000000005B
:10E5B000000000000000000000000000000000005B
:10E5C0000000000020000000000000002000020009
:10E5D000000040000000000000000000410040007A
:10E5E00000004000400000000000000000000000AB
:10E5F000000000000000100000000000000000000B
:10E6000000000000000000000000000000004000CA
:10E6100000000000000000000000000000000000FA
:10E6200000000000000000000000000000000000EA
:10E6300000000000000000000000000000000000DA
:10E6400000000000000000000000000000000000CA
:10E6500000000000000000000000000000000000BA
:10E6600000000000000000000000000000000000AA
:10E67000000000000000000000000000000000009A
:10E68000000000000000000000000000000000008A
:10E69000000000000000000000000000000000007A
:10E6A000000000000000000000000000000000006A
:10E6B000000000000000000000000000000000005A
:10E6C000000000000000000000000000000000004A
:10E6D0000000000000000000000000010000000039
:10E6E000000041080000000000C005000000000814
:10E6F0004100000080A0008200A0000000A00000F7
:10E700000000000000000000000000000000000009
:10E7100000000000000000000000000000000000F9
:10E7200000000000000000000000000000000000E9
:10E730000000000010000000100082000000000037
:10E7400000000000000000000000000000000000C9
:10E7500000000000000000000000000000040000B5
:10E760000000000000000000C000000000000000E9
:10E770000000000000002000000000000000000079
:10E78000000000000000000000000000C0000000C9
:10E790000000000000000000000000000000000079
:10E7A0000000000000000000000000000000000069
:10E7B0000000000000000000000000000000000059
:10E7C0000000000000000000000000000000000049
:10E7D0000000000000000000000000000000000039
:10E7E00000000000000041840000000000C00000A4
:10E7F000000000004100000000A0008200A0000016
:10E8000000020000002000000002000000000000E4
:10E8100000000000000000000000000000000000F8
:10E8200000000000000041000000000000000000A7
:10E8300000000000000000000000000000000000D8
:10E8400000000000000000000000000000000000C8
:10E8500000000000000000000000000000000000B8
:10E8600000000000000000000000000000000000A8
:10E870000000000000000000000000000000000098
:10E880000000000000000000000000000000000088
:10E890000000000000000000000000000000000078
:10E8A0000000000000000000000000000000000068
:10E8B0000000000000000000000000000000000058
:10E8C0000000000000000000000000000000000048
:10E8D0000000000000000000000000000000000038
:10E8E0000000032100410041100200000000000070
:10E8F0000000100800100008402100000210202035
:10E900000040414000000000000000000000000046
:10E9100000000000000000000000000000000000F7
:10E9200000000000000000000000000000000000E7
:10E9300000000000000000000000000000000000D7
:10E9400000000000000000000000000000000000C7
:10E9500000000000000000000000000000000000B7
:10E9600000000000000000010000010000000000A5
:10E9700000000000A10100010001010000000001F1
:10E980000000000101010000000000000000000084
:10E990000000000000000000000000000000000077
:10E9A0000000000000000000000000000000000067
:10E9B0000000000000000000000000000000000057
:10E9C0000000000000000000000000000000000047
:10E9D0000000000000000000000000000000000037
:10E9E000000000000000010001880000000000009D
:10E9F0000000000000000100019000010000000084
:10EA0000010000820003010000000000000000007F
:10EA100000000000000000000000000000000000F6
:10EA200000000000000000000000000000000000E6
:10EA300000000000000000A0000000000000000036
:10EA400000000000000000000000000000000000C6
:10EA500000000000000000000000000000000000B6
:10EA60000000000000000000100008000321020563
:10EA70000000000000000000080004002008020060
:10EA800000001000210020104000000000000000E5
:10EA90000000000000000000000000000000000076
:10EAA0000000000000000000000000000000000066
:10EAB0000000000000000000000000000000000056
:10EAC0000000000000000000000000000000000046
:10EAD0000000000000000000000000000000000036
:10EAE000000000000000000000000840004000217D
:10EAF000A0020000000000000000202100411008DA
:10EB00000208000002020004104002200000000081
:10EB100000000000000000000000000000000000F5
:10EB200000000000000000000000000000000000E5
:10EB300000000000000000000000000000000000D5
:10EB400000000000000000000000000000000000C5
:10EB500000000000000000000000000000000000B5
:10EB600000000000000000000000000001000000A4
:10EB7000000104000000000000000000010000018E
:10EB8000010102010000010100010101000100007A
:10EB90000000000000000000000000000000000075
:10EBA0000000000000000000000000000000000065
:10EBB0000000000000000000000000000000000055
:10EBC0000000000000000000000000000000000045
:10EBD0000000000000000000000000000000000035
:10EBE0000000000000000000000000000000010024
:10EBF00000880000000000000000000000000190FC
:10EC000001030001000000000190018901010000E2
:10EC100000000000000000000000000000000000F4
:10EC200000000000000000000000000000000000E4
:10EC300000000000000000000000000000000000D4
:10EC400000000000000000000000000000000000C4
:10EC500000000000000000000000000000000000B4
:10EC600000000000000000000000000000000000A4
:10EC700010004040020502000000000000000000FB
:10EC8000020041902102410000001000404040106D
:10EC9000050000000000000000000000000000006F
:10ECA0000000000000000000000000000000000064
:10ECB0000000000000000000000000000000000054
:10ECC0000000000000000000000000000000000044
:10ECD0000000000000000000000000000000000034
:10ECE0000000000000000000000000000000000024
:10ECF000000000000000C200000000000000000052
:10ED0000000000000000C200000000000000000041
:10ED1000C200000000000000000000000000000031
:10ED200000000000000000000000000000000000E3
:10ED300000000000000000000000000000000000D3
:10ED400000000000000000000000000000000000C3
:10ED500000000000000000000000000000000000B3
:10ED600000000000000000000000000000000000A3
:10ED70000000000000000000000000000000000093
:10ED80000000000000010000000000000000000082
:10ED90000020000001000000000000000000000052
:10EDA0000000000000000000000000000000000063
:10EDB0000000000000000000000000000000000053
:10EDC0000000000000000000000000000000000043
:10EDD0000000000000000000000000000000000033
:10EDE0000000000000000000000000000000000023
:10EDF000000000000000000000010000040000000E
:10EE000000000000000000000000000400000000FE
:10EE100000000000000000000000000000000000F2
:10EE200000000000000000000000000000000000E2
:10EE300000000000000000000000000000000000D2
:10EE400000000000000000000000000000000000C2
:10EE500000000000000000000000000000000000B2
:10EE600000000000000000000000000000000000A2
:10EE70000000000000000000000000000000000092
:10EE80000000000000000000000000000200000080
:10EE90000000000000000000000000000000000072
:10EEA0000000000000000000000000000000000062
:10EEB0000000000000000000000000000000000052
:10EEC0000000000000000000000000000000000042
:10EED0000000000000000000000000000000000032
:10EEE0000000000000000000000000000000000022
:10EEF00000000000000000000000002000000800EA
:10EF000000000000000000000000000020000000E1
:10EF10000000000080000000000020000000000051
:10EF200000000000000000000000000000000000E1
:10EF300000000000000000000000000000000000D1
:10EF400000000000000000000000000000000000C1
:10EF500000000000000000000000000000000000B1
:10EF600000000000000000000000000000000000A1
:10EF70000000000000000000000000000000001081
:10EF80000000000000000000000000000000001071
:10EF90000000000000000000001000000000000061
:10EFA0000000000000000000000000000000000061
:10EFB0000000000000000000000000000000000051
:10EFC0000000000000000000000000000000000041
:10EFD0000000000000000000000000000000000031
:10EFE0000000000000000000000000000000000021
:10EFF0000000000000000000000000000000000011
:10F000000000000000000000000000000000000000
:10F0100000000000000000000000000000000000F0
:10F0200000000000000000000000000000000000E0
:10F0300000000000000000000000000000000000D0
:10F0400000000000000000000000000008000000B8
:10F0500000000000000000000000000000000000B0
:10F0600000000000000000000000000000000000A0
:10F070000000000000000000000000000000000090
:10F080000000000000000000000000000000000080
:10F090000000000000000000000000000000000070
:10F0A0000000000000000000000000000000000060
:10F0B0000000000000000000000000000000000050
:10F0C0000000000000000000000000000000000040
:10F0D000010000000000000000000000000000002F
:10F0E0000000000000000000000000000000000020
:10F0F0000000000000000000000000000000000010
:10F1000000000000000000000000000000000000FF
:10F1100000000000000000000000000000000000EF
:10F1200000000000000000000000000000000000DF
:10F1300000000000000000000000000000000000CF
:10F14000000000000000000000000000004000007F
:10F1500000000000000000000000000000000000AF
:10F16000000000000000000000000000000000009F
:10F17000000000000000000000000000000000008F
:10F18000000000000000000000000000000000007F
:10F19000000000000000000000000000000000006F
:10F1A000000000000000000000000000000000005F
:10F1B000000000000000000000000000000000004F
:10F1C000000000000000000000000000000000003F
:10F1D000000000000000000000000000000000002F
:10F1E000000000000000000000000000000000001F
:10F1F000000000000000000000000000000000000F
:10F2000000000000000000000000000000000000FE
:10F2100000000000000000000000000000000000EE
:10F2200000000000000000000000000000000000DE
:10F2300000000000000000000000000000000000CE
:10F2400000000000000000000000000000000000BE
:10F2500000000000000000000000000000000000AE
:10F26000000000000000000000000000000000009E
:10F27000000000000000000000000000000000008E
:10F28000000000000000000000000000000000007E
:10F29000000000000000000000000000000000006E
:10F2A000000000000000000000000000000000005E
:10F2B000000000000000000000000000000000004E
:10F2C000000000000000000000000000000000003E
:10F2D000000000000000000000000000000000002E
:10F2E000000000000000000000000000000000001E
:10F2F000000000000000000000000000000000000E
:10F3000000000000000000000000000000000000FD
:10F3100000000000000000000000000000000000ED
:10F3200000000000000000000000000000000000DD
:10F3300000000000000000000000000000000000CD
:10F3400000000000000000000000000000000000BD
:10F3500000000000000000000000000000000000AD
:10F36000000000000000000000000000000000009D
:10F37000000000000000000000000000000000008D
:10F38000000000000000000000000000000000007D
:10F39000000000000000000000000000000000006D
:10F3A000000000000000000000000000000000005D
:10F3B000000000000000000000000000000000004D
:10F3C000000000000000000000000000000000003D
:10F3D000000000000000000000000000000000002D
:10F3E000000000000000000000000000000000001D
:10F3F000000000000000000000000000000000000D
:10F4000000000000000000000000000000000000FC
:10F4100000000000000000000000000000000000EC
:10F4200000000000000000000000000000000000DC
:10F4300000000000000000000000000000000000CC
:10F4400000000000000000000000000000000000BC
:10F4500000000000000000000000000000000000AC
:10F46000000000000000000000000000000000009C
:10F47000000000000000000000000000000000008C
:10F48000000000000000000000000000000000007C
:10F49000000000000000000000000000000000006C
:10F4A000000000000000000000000000000000005C
:10F4B000000000000000000000000000000000004C
:10F4C000000000000000000000000000000000003C
:10F4D000000000000000000000000000000000002C
:10F4E000000000000000000000000000000000001C
:10F4F000000000000000000000000000000000000C
:10F5000000000000000000000000000000000000FB
:10F5100000000000000000000000000000000000EB
:10F5200000000000000000000000000000000000DB
:10F5300000000000000000000000000000000000CB
:10F5400000000000000000000000000000000000BB
:10F5500000000000000000000000000000000000AB
:10F56000000000000000000000000000000000009B
:10F57000000000000000000000000000000000008B
:10F58000000000000000000000000000000000007B
:10F59000000000000000000000000000000000006B
:10F5A000000000000000000000000000000000005B
:10F5B000000000000000000000000000000000004B
:10F5C000000000000000000000000000000000003B
:10F5D000000000000000000000000000000000002B
:10F5E000000000000000000000000000000000001B
:10F5F000000000000000000000000000000000000B
:10F6000000000000000000000000000000000000FA
:10F6100000000000000000000000000000000000EA
:10F6200000000000000000000000000000000000DA
:10F6300000000000000000000000000000000000CA
:10F6400000000000000000000000000000000000BA
:10F6500000000000000000000000000000000000AA
:10F66000000000000000000000000000000000009A
:10F67000000000000000000000000000000000008A
:10F68000000000000000000000000000000000007A
:10F69000000000000000000000000000000000006A
:10F6A000000000000000000000000000000000005A
:10F6B000000000000000000000000000000000004A
:10F6C000000000000000000000000000000000003A
:10F6D000000000000000000000000000000000002A
:10F6E000000000000000000000000000000000001A
:10F6F000000000000000000000000000000000000A
:10F7000000000000000000000000000000000000F9
:10F7100000000000000000000000000000000000E9
:10F7200000000000000000000000000000000000D9
:10F7300000000000000000000000000000000000C9
:10F7400000000000000000000000000000000000B9
:10F7500000000000000000000000000000000000A9
:10F760000000000000000000000000000000000099
:10F770000000000000000000000000000000000089
:10F780000000000000000000000000000000000079
:10F790000000000000000000000000000000000069
:10F7A0000000000000000000000000000000000059
:10F7B0000000000000000000000000000000000049
:10F7C0000000000000000000000000000000000039
:10F7D0000000000000000000000000000000000029
:10F7E0000000000000000000000000000000000019
:10F7F0000000000000000000000000000000000009
:10F8000000000000000000000000000000000000F8
:10F8100000000000000000000000000000000000E8
:10F8200000000000000000000000000000000000D8
:10F8300000000000000000000000000000000000C8
:10F8400000000000000000000000000000000000B8
:10F8500000000000000000000000000000000000A8
:10F860000000000000000000000000000000000098
:10F870000000000000000000000000000000000088
:10F880000000000000000000000000000000000078
:10F890000000000000000000000000000000000068
:10F8A0000000000000000000000000000000000058
:10F8B0000000000000000000000000000000000048
:10F8C0000000000000000000000000000000000038
:10F8D0000000000000000000000000000000000028
:10F8E0000000000000000000000000000000000018
:10F8F0000000000000000000000000000000000008
:10F9000000000000000000000000000000000000F7
:10F9100000000000000000000000000000000000E7
:10F9200000000000000000000000000000000000D7
:10F9300000000000000000000000000000000000C7
:10F9400000000000000000000000000000000000B7
:10F9500000000000000000000000000000000000A7
:10F960000000000000000000000000000000000097
:10F970000000000000000000000000000000000087
:10F980000000000000000000000000000000000077
:10F990000000000000000000000000000000000067
:10F9A0000000000000000000000000000000000057
:10F9B0000000000000000000000000000000000047
:10F9C0000000000000000000000000000000000037
:10F9D0000000000000000000000000000000000027
:10F9E0000000000000000000000000000000000017
:10F9F0000000000000000000000000000000000007
:10FA000000000000000000000000000000000000F6
:10FA100000000000000000000000000000000000E6
:10FA200000000000000000000000000000000000D6
:10FA300000000000000000000000000000000000C6
:10FA400000000000000000000000000000000000B6
:10FA500000000000000000000000000000000000A6
:10FA60000000000000000000000000000000000096
:10FA70000000000000000000000000000000000086
:10FA80000000000000000000000000000000000076
:10FA90000000000000000000000000000000000066
:10FAA0000000000000000000000000000000000056
:10FAB0000000000000000000000000000000000046
:10FAC0000000000000000000000000000000000036
:10FAD0000000000000000000000000000000000026
:10FAE0000000000000000000000000000000000016
:10FAF0000000000000000000000000000000000006
:10FB000000000000000000000000000000000000F5
:10FB100000000000000000000000000000000000E5
:10FB200000000000000000000000000000000000D5
:10FB300000000000000000000000000000000000C5
:10FB400000000000000000000000000000000000B5
:10FB500000000000000000000000000000000000A5
:10FB60000000000000000000000000000000000095
:10FB70000000000000000000000000000000000085
:10FB80000000000000000000000000000000000075
:10FB90000000000000000000000000000000000065
:10FBA0000000000000000000000000000000000055
:10FBB0000000000000000000000000000000000045
:10FBC0000000000000000000000000000000000035
:10FBD0000000000000000000000000000000000025
:10FBE0000000000000000000000000000000000015
:10FBF0000000000000000000000000000000000005
:10FC000000000000000000000000000000000000F4
:10FC100000000000000000000000000000000000E4
:10FC200000000000000000000000000000000000D4
:10FC300000000000000000000000000000000000C4
:10FC400000000000000000000000000000000000B4
:10FC500000000000000000000000000000000000A4
:10FC60000000000000000000000000000000000094
:10FC70000000000000000000000000000000000084
:10FC80000000000000000000000000000000000074
:10FC90000000000000000000000000000000000064
:10FCA0000000000000000000000000000000000054
:10FCB0000000000000000000000000000000000044
:10FCC0000000000000000000000000000000000034
:10FCD0000000000000000000000000000000000024
:10FCE0000000000000000000000000000000000014
:10FCF0000000000000000000000000000000000004
:10FD000000000000000000000000000000000000F3
:10FD100000000000000000000000000000000000E3
:10FD200000000000000000000000000000000000D3
:10FD300000000000000000000000000000000000C3
:10FD400000000000000000000000000000000000B3
:10FD500000000000000000000000000000000000A3
:10FD60000000000000000000000000000000000093
:10FD70000000000000000000000000000000000083
:10FD80000000000000100000000000000000000063
:10FD90000000000000000000000000000000000063
:10FDA0000000000000000000000000000000000053
:10FDB0000000000000000000000000000000000043
:10FDC0000000000000000000000000000000000033
:10FDD0000000000000000000000000000000000023
:10FDE0000000000000000000000000000000000013
:10FDF0000000000000000000000000000000000003
:10FE000000000000000000000000000000000000F2
:10FE100000000000000000000000000000000000E2
:10FE200000000000000000000000000000000000D2
:10FE300000000000000000000000000000000000C2
:10FE400000000000000000000000000000000000B2
:10FE500000000000000000000000000000000000A2
:10FE60000000000000000000000000000000000092
:10FE70000000000000000000000000000000000082
:10FE80000000000000000000000000000000000072
:10FE90000000000000000000000000000000000062
:10FEA0000000000000000000000000000000000052
:10FEB0000000000000000000000000000000000042
:10FEC0000000000000000000000000000000000032
:10FED0000000000000000000000000000000000022
:10FEE0000000000000000000000000000000000012
:10FEF0000000000000000000000000000000000002
:10FF000000000000000000000000000000000000F1
:10FF100000000000000000000000000000000000E1
:10FF200000000000000000000000000000000000D1
:10FF300000000000000000000000000000000000C1
:10FF400000000000000000000000000000000000B1
:10FF500000000000000000000000000000000000A1
:10FF60000000000000000000000000000000000091
:10FF70000000000000000000000000000000000081
:10FF80000000000000000000000000000000000071
:10FF90000000000000000000000000000000000061
:10FFA0000000000000000000000000000000000051
:10FFB0000000000000000000000000000000000041
:10FFC0000000000000000000000000000000000031
:10FFD0000000000000000000000000000000000021
:10FFE0000000000000000000000000000000000011
:10FFF0000000000000000000000000000000000001
:020000040001F9
:1000000000000000000000000000000000000000F0
:1000100000000000000000000000000000000000E0
:1000200000000000000000000000000000000000D0
:1000300000000000000000000000000000000000C0
:1000400000000000000000000000000000000000B0
:1000500000000000000000000000000000000000A0
:100060000000000000000000000000000000000090
:100070000000000000000000000000000000000080
:100080000000000000000000000000000000000070
:100090000000000000000000000000000000000060
:1000A0000000000000000000000000000000000050
:1000B0000000000000000000000000000000000040
:1000C0000000000000000000000000000000000030
:1000D0000000000000000000000000000000000020
:1000E0000000000000000000000000000000000010
:1000F0000000000000000000000000000000000000
:1001000000000000000000000000000000000000EF
:1001100000000000000000000000FFFFFFFFFFFFE5
:10012000FFFFFFFFFFFFFFFFFFFFFFFFFFFFFFFFDF
:10013000FFFFFFFFFFFFFFFFFFFFFFFFFFFFFFFFCF
:10014000FFFFFFFFFFFFFFFFFFFFFFFFFFFFFFFFBF
:10015000FFFFFFFFFFFFFFFFFFFFFFFFFFFFFFFFAF
:10016000FFFFFFFFFFFFFFFFFFFFFFFFFFFFFFFF9F
:10017000FFFFFFFFFFFFFFFFFFFFFFFFFFFFFFFF8F
:10018000FFFFFFFFFFFFFFFFFFFFFFFFFFFFFFFF7F
:10019000FFFFFFFFFFFFFFFFFFFFFFFFFFFFFFFF6F
:1001A000FFFFFFFFFFFFFFFFFFFFFFFFFFFFFFFF5F
:1001B000FFFFFFFFFFFFFFFFFFFFFFFFFFFFFFFF4F
:1001C000FFFFFFFFFFFFFFFFFFFFFFFFFFFFFFFF3F
:1001D000FFFFFFFFFFFFFFFFFFFFFFFFFFFFFFFF2F
:1001E000FFFFFFFFFFFFFFFFFFFFFFFFFFFFFFFF1F
:1001F000FFFFFFFFFFFFFFFFFFFFFFFFFFFFFFFF0F
:10020000FFFFFFFFFFFFFFFFFFFFFFFFFFFFFFFFFE
:10021000FFFFFFFFFFFFFFFFFFFFFFFFFFFF0000EC
:1002200000000000000000000000000000000000CE
:1002300000000000000000000000000000000000BE
:1002400000000000000000000000000000000000AE
:10025000000000000000000000000000000000009E
:10026000000000000000000000000000000000008E
:10027000000000000000000000000000000000007E
:10028000000000000000000000000000000000006E
:10029000000000000000000000000000000000005E
:1002A000000000000000000000000000000000004E
:1002B000000000000000000000000000000000003E
:1002C000000000000000000000000000000000002E
:1002D000000000000000000000000000000000001E
:1002E000000000000000000000010000000000000D
:1002F00000000000000000000000000000000000FE
:1003000000000000000000000000000000000000ED
:1003100000000000000000000000000000000000DD
:1003200000000000000000000000000000000000CD
:1003300000000000000000000000000000000000BD
:1003400000000000000000000000000000000000AD
:10035000000000000000000000000000000000009D
:10036000000000000020000000200000000000004D
:10037000000000000000000000000000000000007D
:10038000000000000000000000000000000000006D
:10039000000000000000000000000000000000005D
:1003A000000000000000000000000000000000004D
:1003B000000000000000000000000000000000003D
:1003C000000000000000000000000000000000002D
:1003D000000000000000000000000000000000001D
:1003E000000000000000000000000081000000008C
:1003F00000000000000000000000000000000000FD
:1004000000000000000000000000000000000000EC
:1004100000000000000000000000000000000000DC
:1004200000000000000004000200040004000400BA
:100430000400110002000800030004000000020094
:100440000400020002000400000004001100040087
:100450000400040000000000000000000000040090
:100460000400000004000000040000000000000080
:100470000400040000000000000000000000000074
:100480000000040000000000040000000000000064
:10049000000000000000000000000000000000005C
:1004A0000000040000000000000000000000000048
:1004B000000000000200000008000200000002002E
:1004C000000000000000000000000000000000002C
:1004D000000000000000000000000000000000001C
:1004E000000000000000000000000000000000000C
:1004F00000000000000000000000000000000000FC
:1005000000000000000000000000000000000000EB
:1005100000000000000000000000000000000000DB
:1005200000000000000000000000041000000000B7
:100530000000001000000000000000000300008820
:100540000040080000000000000000000000000063
:10055000000000000000000000000000000000009B
:100560000000000000000000000000C000000000CB
:10057000000000000000000000000000000000007B
:100580000000000004010000000000000000000066
:100590000000000000000000000000000401000056
:1005A00000000000000000000000000001800000CA
:1005B000820000000280820004400200001002005D
:1005C000000002000000000004000400020000001F
:1005D00082008200040004000200000000100000FD
:1005E000000000000010000090000000000000006B
:1005F00000000000000000000000000000000010EB
:1006000000000000000001100000000000000000D9
:1006100000000000000000000000000000000110C9
:1006200000000000000000000000000000000020AA
:10063000000000000000000000002000000000009A
:100640000800000000000000000000004100000061
:10065000000000000000000000000000000000009A
:100660000000100000000000080000004100000031
:10067000000000000000000000000000000000007A
:10068000000000000000000000000000000000006A
:10069000000000000000000000000000000000005A
:1006A000000000000000000000000000000000004A
:1006B000000000000000000000000000000000003A
:1006C000000000000000000000000000000000002A
:1006D000000000000000100000000000000000000A
:1006E000000000000000000000000000000000000A
:1006F00000000000000000000000000000000000FA
:1007000000000000000000000000000000000000E9
:1007100000000000000000000000000000000000D9
:1007200000000000000000000000000000000000C9
:100730000000000100000000000000C100000020D7
:100740001020000003A000000500000000000300CE
:100750000000000000000000000000000000410058
:100760001000000000000000000000000000100069
:100770000000000000000000000010000000000069
:1007800041000000000000000000410010000000D7
:1007900000001000030000000000410010000000F5
:1007A0000000000000000000000000000000000049
:1007B000000000000020000000000000A0208200D7
:1007C00000000000000010000000100020002000C9
:1007D0008208200010008202000000008200000059
:1007E000A000200008000800000000000000A00099
:1007F00000000800000000000000000000000000F1
:1008000000000000000000000000000000000000E8
:1008100000000000000000000000000000000000D8
:1008200010000000000000000000000000000000B8
:100830000000000000000000100008002000000080
:10084000000003000200000000000000020400009D
:10085000000009000000000010000000000000007F
:100860000000000000000000000000000000000088
:100870000000000000000000000000001000000068
:100880000000000000000000000000000500000063
:100890000000030000000000000000000000000055
:1008A0000500000000000000000000000000000043
:1008B0000000000000000000000000000000000038
:1008C0000000000000000000000000000000000028
:1008D0000000000000000000000000000000000018
:1008E0000000000000000000000000000000000008
:1008F00000000000000000000000000000000000F8
:1009000000000000000000000000000000000000E7
:1009100000000000000000000000000000000000D7
:1009200000000000000000000000000000000000C7
:1009300000000000000000000000000000000300B4
:100940004100000000000000410000000000000025
:100950000000000000A000000000000041020000B4
:100960000000000000000000000000000000000087
:100970000000000000000000000000000000000077
:100980000000000000000300100000000000000054
:100990000000410000000000000000000300000013
:1009A00000000000410000000000410000000000C5
:1009B0000000000000000000000000000000000037
:1009C000000000000000000084000000000008009B
:1009D000820000001000000000001000000008006D
:1009E000000008000804840000040040100010000B
:1009F0000000080000000000C000C000000000006F
:100A000000000000000000000000000000000000E6
:100A10008400000000000000000000000000000052
:100A200000000000000000000000000000000000C6
:100A3000000000000000C0000000000000000000F6
:100A40000000000000800000000000000000000026
:100A50000000000000000000000000000000000096
:100A60000000000000000000000000000000000086
:100A70000000000000000000000000000000000076
:100A80000000000000000000000000000000000066
:100A90000000000000000000000000000000000056
:100AA0000000000000000000000000000000000046
:100AB0000000000000000000000000000000000036
:100AC00000000000000000400000000000000002E4
:100AD0000000000000000000000000000000000016
:100AE0000000000000000000000000000000000006
:100AF00000000000000000000000000000000000F6
:100B000000000000000000000000000000000000E5
:100B100000000000000000000000000000000000D5
:100B200000A0000000000000000000000000000025
:100B300000000000000000000002000000000000B3
:100B4000000000000000000000A001000000000004
:100B500000A00000000000000000000000000000F5
:100B60000000000000000000000000000000000085
:100B70000000000000000000000000000000000075
:100B80000000000000000000000000000000000065
:100B90000000000000000000000000000100000054
:100BA000000200040000000000000000000000003F
:100BB0000000000001000000000000A00000000094
:100BC00000000000020000000000000040000000E3
:100BD0000000000000000000000000000000000015
:100BE0000000000000000000000000000000000005
:100BF00000000000000000000000000000000000F5
:100C000000000000000000000000000000000000E4
:100C100000000000000000000000000000000200D2
:100C200000000000000000000000000000000000C4
:100C30000000000000002000000000000000000094
:100C40000000000000000040000000004100000221
:100C50000000020002000000000000000000000090
:100C60000000000000000000000000000000000084
:100C70000000000000000000000000000000000074
:100C80000000000000000000000000000000000064
:100C90000000000000000000000000000000000054
:100CA00000400000000020000000000000000000E4
:100CB0000000000000000000000200000000020030
:100CC0000000000000000000000100000000000023
:100CD0000001000000000000000000000000000013
:100CE0000000000000000000000000000000000004
:100CF00000000000000000000000000000000000F4
:100D000000000000000000000000000000000000E3
:100D100000000000000000000000000000000000D3
:100D200000000001000000000100000000000000C1
:100D300000000000000000000000000000000000B3
:100D40000000000000000000000000C000000001E2
:100D50000000008200000001000000000000000010
:100D60000000000000000000000000000000000083
:100D70000000000000000000000000000000000073
:100D80000000000000000000000000400000000023
:100D90000000000000000000000000000000000053
:100DA0000000000000C00000000100000000000082
:100DB0000000000000000000000000000000000033
:100DC0000001000000000000000000000000000022
:100DD000000200000000000000020000000000000F
:100DE0000000000000000000000000000000000003
:100DF00000000000000000000000000000000000F3
:100E000000000000000000000000000000000000E2
:100E100000000000000000000000000000000000D2
:100E200000000000000000000000000200000000C0
:100E300000000000000000000000000000000000B2
:100E40000000004000000000000000000000000062
:100E50000000000043C800000000000043C800007C
:100E60000000000000000000000000000000000082
:100E70000000000000000000000000000000000072
:100E80000000000000000000000000000000000062
:100E90000000000000000000000000000000000052
:100EA000000000000000000000000000000043C837
:100EB0000000000000000000000000000000000032
:100EC00000000000000043C8000000000000000017
:100ED0000000000000000000000000000000000012
:100EE0000000000000000000000000000000000002
:100EF00000000000000000000000000000000000F2
:100F000000000000000000000000000000000000E1
:100F100000000000000000000000000000000000D1
:100F200000000000000000000000000000000000C1
:100F300000000000000000000000000000000000B1
:100F400000000000000000000000000000000000A1
:100F500000004008000001800000400800000180FF
:100F60000000000000000000000000000000000081
:100F70000000000000000000000000000000000071
:100F80000000000000000000000000000000000061
:100F90000000000000000000000000000000000051
:100FA00000000000000000000000000040080000F9
:100FB00001800000000000000000000000000000B0
:100FC0000000000040080000018000000000000058
:100FD0000000000000000000000000000000000011
:100FE0000000000000000000000000000000000001
:100FF00000000000000000000000000000000000F1
:1010000000000000000000000000000000000000E0
:1010100000000000000000000000000000000000D0
:1010200000000000000000000000000000000000C0
:1010300000000000000000000000000000000000B0
:1010400000000000000000000000000000000000A0
:101050000000000000000000061008600000000012
:101060000610086000000000000000000000000002
:101070000000000000000000000000000000000070
:101080000000000000000000000000000000000060
:101090000000000000000000000000000000000050
:1010A0000000000000000000000000000000000040
:1010B00000000610086000000000000000000000B2
:1010C00000000000000000000000061008600000A2
:1010D0000000000000000000000000000000000010
:1010E0000000000000000000000000000000000000
:1010F00000000000000000000000000000000000F0
:1011000000000000000000000000000000000000DF
:1011100000000000000000000000000000000000CF
:1011200000000000000000000000000000000000BF
:1011300000000000000000000000000000000000AF
:10114000000000000000000000000000000000009F
:10115000000000000000000000000000000000008F
:10116000000000000000000000000000000000007F
:10117000000000000000000000000000000000006F
:10118000000000000000000000000000000000005F
:10119000000000000000000000000000000000004F
:1011A000000000000000000000000000000000003F
:1011B000000000000000000000000000000000002F
:1011C000000000000000000000000000000000001F
:1011D00000000000000000000000000000000020EF
:1011E000301031400000002030103140000000007D
:1011F00000000000000000000000000000000000EF
:1012000000000000000000000000000000000000DE
:1012100000000000000000000000000000000000CE
:1012200000000000000000000000000000000000BE
:1012300000000000000000000020301031400000DD
:10124000000000000000000000000000000000009E
:1012500000203010314000000000000000000001BC
:1012600040000002800000014000000280000000F9
:10127000000000000000000000000000000000006E
:10128000000000000000000000000000000000005E
:10129000000000000000000000000000000000004E
:1012A000000000000000000000000000000000003E
:1012B000000000000000000000014000000280006B
:1012C000000000000000000000000000000000001E
:1012D000000140000002800000000000000000004B
:1012E000000090990900000000009099090000009A
:1012F00000000000000000000000000000000000EE
:1013000000000000000000000000000000000000DD
:1013100000000000000000000000000000000000CD
:1013200000000000000000000000000000000000BD
:10133000000000000000000000000000909909007B
:10134000000000000000000000000000000000009D
:10135000000000009099090000000000000000005B
:10136000000008000400110004009000C000040008
:10137000C00003000000050003000000040080011D
:10138000840011000000040002010000020000407F
:101390000000000000000200040000000000000047
:1013A0000000000000000200040004000000000033
:1013B00000000000000040000400000000000000E9
:1013C0000000000000000000040004000000000015
:1013D0000000000000000400000000000000000009
:1013E00010000000000000000000000011001100CB
:1013F00000001100000000000000000004000000D8
:10140000204020000000000000000040000000001C
:10141000008000000000000000000000000000004C
:1014200000000000000000000000000000000000BC
:1014300000000000000000000100000000000000AB
:10144000000000000000000000000000000000009C
:10145000000000000000000000000000000000008C
:1014600000000100000011900000000010010000C9
:1014700010C000008000000011000000000000000B
:1014800080058205A011024002040208400091007C
:10149000800020000004100800000000020000008E
:1014A00000000000904100C00400000000000000A7
:1014B0000000000000000000000100010000000129
:1014C000000000000000000000000000000000001C
:1014D000000000000000000000000000000000000C
:1014E0000000000000000000820004000210010261
:1014F0000010410090000240041000100000901005
:1015000000202084218421040580050001908300AF
:101510002041200001000080019000100000901088
:1015200000000000000041820000000000000021D7
:10153000000000000400000000000004000400009F
:101540000004000000000000000000000000000097
:10155000000000000000000000000000000000008B
:1015600000000000000000000000000000000090EB
:1015700000040000000009000900009000000004C1
:1015800000C000000004800480040000000080000F
:101590000000004000080000000000028040000041
:1015A00000080000000000900000000000000000A3
:1015B000000000000000000000000020000000000B
:1015C0000004000000000000000000000000000017
:1015D000000000000000000000000000000000000B
:1015E00000000000000000000000000010002000CB
:1015F000000000000000C00000000000000000002B
:101600000000000000000080208002800000000038
:10161000100000000080008000000000008020001A
:10162000000000800000000000000000000000003A
:1016300000000000000000000000000000000000AA
:10164000000000801000000000000000000000000A
:10165000000000000000000000000000000000008A
:101660000000000000000000000000000000410039
:1016700010010040C1001000100080001000410067
:1016800005000500400910002001A00580C10500EB
:10169000A1020501100810411001031010000800FC
:1016A0000000100900400040000000001000000091
:1016B00041000000410000000000000000000000A8
:1016C000000000000000000000000000000000001A
:1016D0000000000000000000030000000000000007
:1016E00000000000000000000000000000000000FA
:1016F0001000C00200001000080010050200820562
:1017000000000811004111828200090403842004B2
:10171000C0000285840800C10808C040108008008D
:101720000000080002820291008208000800000503
:101730000000100008000000004000000000000051
:101740000000000000000000000000000000000099
:101750000000000000000000000000000000000089
:101760000000000000000000000000000000000079
:10177000000005004100000021004100214005005B
:101780002108410003A0030002A0008420042005DA
:1017900021042000002000040584080041000810F6
:1017A000000003400040004008400000100000001E
:1017B0000000000000000000000000000000000029
:1017C0001100000000000000000000000088000080
:1017D00000000000000010000000000000000000F9
:1017E00000000000000002000000000000000000F7
:1017F00000000000000000000000000000000000E9
:1018000000000080000000000000010000000080D7
:1018100001C0000000000000000000000000000007
:1018200000800000008000800080000000000000B8
:1018300000000000000000000000000000000000A8
:101840000000000000000000000000000000000098
:101850000000000000000000000000000000000088
:101860000000000000000000000000000000000078
:101870000000000000000300100010002100100014
:10188000410003842184414000000000080040C062
:101890002005A004A00520000084880990000040D5
:1018A0004100034102001010A1414100020000016B
:1018B00009000000000000000000004000000000DF
:1018C00000000000000041000000000000000000D7
:1018D0000000000000000000000000000000000008
:1018E00000000000000000000000020010000000E6
:1018F00000000000000000001000A000A000200573
:1019000083218802000084058800C04010008221E5
:1019100084001184218421840800000410881004AC
:101920000080080010908300C08020840000020026
:10193000C002080000000020000008008400000031
:10194000000000000000000000000800000000008F
:101950000000000000000000000000000000000087
:101960000000000000000000000000000000000077
:10197000000000000000000000000011082000101E
:1019800000080905402041410204002000024010E7
:101990000008030200410911C010A182A0104141BA
:1019A0008421058302820240058905C18940021015
:1019B0004140102000A12020204000000000000035
:1019C00000000000000000000000000003030909FF
:1019D00000020311000000000000000000000000F1
:1019E00000000000000000000000000000000000F7
:1019F0000000000040000000000010000000000196
:101A00000001000100010001010100000001880047
:101A100001010001A100C000000089000941A1C02E
:101A2000A18208A1008202851002C0C0010585A123
:101A300000000101000304C001C101050000000015
:101A40000000000000000000000000000000010194
:101A50000100000001000000000000000000000084
:101A60000000000000000000000000000000000076
:101A70000000000000000100000000000000000065
:101A8000004100010000020010004100410001007F
:101A900000C101850001830084100420A001900191
:101AA00040A1A085038590019004038585840501EC
:101AB000A1A0A1028202000001A00000000100001C
:101AC0000000000000000000000000000000000016
:101AD0000100000000020100000000000000000002
:101AE00000000000000000000000000000000000F6
:101AF00000000000000000000000000000000000E6
:101B000004000408414140000200020005000800F2
:101B100010000082089020102000029004000208AB
:101B200005110421918503850221021040C1839093
:101B3000A14002002005850009002005090202409D
:101B40000000000000000000000000000000000095
:101B50000000020004000900030000000000000073
:101B60000000000000000000000000000000000075
:101B70000000000000000000000000000000000065
:101B800000000800000010001000410800C00040E4
:101B900040100580004000889002110200020804F5
:101BA0004105000000A02020050384088809912039
:101BB0008811C18200112189090300020010C02090
:101BC00020050000000000000000000000000000F0
:101BD0000000000082400008000920110000000001
:101BE00000000000000000000000000000000000F5
:101BF00000000000000000000000000000020020C3
:101C00000020000500000000010001000101008427
:101C1000000409A00008000500099108000900C09F
:101C2000010800C00082A0411103010510A103C0FA
:101C300082C102A008850201008400A10083840300
:101C4000C10301C10000000000000000000000000E
:101C5000000000000000040100010000010100007C
:101C60000000000000000000000000000000000074
:101C70000000000000000000000000000000000064
:101C8000000100010000010001010002010001014A
:101C9000000901000108000001200101010000010C
:101CA000002000910082C0010900410009828509DD
:101CB000914089C08488C1080205040040000140A9
:101CC00000400101010000000000000000000000D1
:101CD0000000000000000000000000030000000001
:101CE00000000000000000000000000000000000F4
:101CF00000000000000000000000000000000000E4
:101D00000000000000000000020020400810100049
:101D1000200840414121058002001080412120001F
:101D200002034005110821808205C005A00085C17D
:101D30002104C18204048400830202209002C100B5
:101D4000028009852040050000000000000000001E
:101D50000000000000000000000000000008000972
:101D60000000000000000000000000000000000073
:101D70000000000000000000000000000000000063
:101D80000000000000000000000000000000000053
:101D90000000000000000000000000000000000043
:101DA000000000420000C2000A82000000000000A3
:101DB000004800810000C220006000810000C200D5
:101DC0000000000000000000000000000000000013
:101DD0000000000000000000000000000000000003
:101DE000C20041810000000000000000000000006F
:101DF00000000000000000000000000000000000E3
:101E00000000000000000000000000000900099030
:101E1000000000000C3F3F0C6672666633E8CC178A
:101E20000FF0F00FFF3C00000F0F00002F0F2400F9
:101E300090006F00735A75A543D300004200FFFF66
:101E4000FF0090003D3D393636F6060600000000E2
:101E50000000000000000000000000000000000082
:101E60000000000000000000000000000000000072
:101E70000000000000000000000000000000000062
:101E8000000000000000000000000F002F241900D7
:101E90009009000000000C3F3F0C0F270F0F778EBA
:101EA0008E110FF0F00FF03000000F0D0000240035
:101EB0002400900000002CA52A5A000000002000F9
:101EC000FF3C000090803D34363006F606060000E8
:101ED0000000000000000000000000000000000002
:101EE00000000000070603000000000000000000E2
:101EF00000000000000000000000000000000000E2
:101F00000000000000000000000000000F000F00B3
:101F100000000000000000000000000000000000C1
:101F200000000000000000000000000000000000B1
:101F300000000000000000000000000000000000A1
:101F40000000000000000000000000000000000091
:101F50000000000000000000000000000000000081
:101F60000000000000000000000000000000000071
:101F70000000000000000000000000000000000061
:101F80000000000000000000000000000000000051
:101F9000000000000000FFFFFFFB9BF189D0747E72
:101FA00047E753BC7C933CC3C33C00007EFF00006A
:101FB000F0F000306070F6F6C40F046666666402E6
:101FC0003333000000106FF3F00C0080FFFFB24DC0
:101FD00017E8000000000000000000000000000002
:101FE00000000000666600FF000200FC0000000028
:101FF00000000000000000000000000000000000E1
:1020000000000000000000000000000000000000D0
:1020100000000000034C0CF3FFFFFFFF8FD90B9172
:10202000247442472C53037CC33C3CC300000E0F76
:102030000000B0F000306070F6F6C40F046604666D
:102040000004CCCC00000000000C6FF30080FFFF08
:102050008E71D42B00000000000000000000000082
:10206000000000000000000000FB000000FC000079
:102070000000000000000000000000000000000060
:102080000000000000000000000000000000000050
:1020900000000000000000000C000000008000862E
:1020A000026000B0008000860C6000B00000008676
:1020B000707400B0000000860C6000B900A0A09E03
:1020C0005074A0B020A50586007400B90080008679
:1020D0000C6000B8000000000000000000000000DC
:1020E0000000000000000000A0000A00000000A0A6
:1020F00000000000000000000000000000000000E0
:1021000000000000000000000000000000000000CF
:1021100000000000000000000000000000000000BF
:102120000000000050F5A0FA0000000000000000D0
:102130000000000005550505FFBFBFBF857A7A8501
:10214000FFF3FFAAAFAD2C24082B080F3C7DFFFF47
:1021500000000000888C2232000000000000000017
:10216000000000000000000000000000000000006F
:10217000000000000000000000000000000000005F
:10218000000000000000000000000000000000004F
:10219000000000000000000000000000000000003F
:1021A00000000000000050F5A0FA00000000FFEA67
:1021B0005DEA000000002D7D2D2DF0B0B0B08156FD
:1021C00056BDFF30FFAA0008282A004D00550055D3
:1021D000C3D700000000223288CD000000000000BC
:1021E00000000000000000000000000000000000EF
:1021F00000000000000000000000000000000000DF
:1022000000000000000000000000000000000000CE
:1022100000000000000000000000000000000000BE
:102220000000000000000000669900990000000016
:10223000000000000000000000001C3CCE5AE6A593
:1022400000000000FF0003030FDF0FDFAA5555AAAF
:10225000F3FF3FC095A9A665000000000000000044
:10226000000000000000000000000000000000006E
:10227000000000000000000000000000000000005E
:10228000000000000000000000000000000000004E
:10229000000000000000000000000000000000003E
:1022A000000000000000000000006699000000002F
:1022B0000000000000000000000000003C3C20A5E1
:1022C000085A02000000FF20000000D7FFFFAA55B7
:1022D00055AAF3FF00306A56599A0000000000002A
:1022E00000000000000000000000000000000000EE
:1022F00000000000000000000000000000000000DE
:1023000000000000000000000000000000000000CD
:1023100000000000000000000000000000000000BD
:102320000200A000040084008500110982208208B8
:10233000020084002000C00000000400040004002B
:1023400021000200040000000000800000000000E6
:102350000000000004000000000002000000000077
:10236000000011000000000000000000000000005C
:10237000000000000000000000000000000000005D
:102380000000040000000000000000000000000049
:10239000000000000000000000000000000000003D
:1023A00008000000040000000500100000841180F7
:1023B00041808800040000000500020400002000A5
:1023C00000009000A00000000400000002000000D7
:1023D00020000000000000000000000400000000D9
:1023E00000000000000000000000000000000000ED
:1023F00000000000000000000000000000000000DD
:1024000000000000000000000000000000000000CC
:1024100000000000000000000000000000000000BC
:10242000000000000088100100008240002104002C
:1024300000C1090000008001040084910000000038
:102440000002000109000900000040400084210151
:10245000200000000200000000080002000000014F
:102460000000000000C000010000000000010000AA
:1024700003000000000000000000000000C0000099
:10248000000000000000000000000000000000004C
:1024900000000000000000000000000084000000B8
:1024A0009101000040008241012010410400040815
:1024B00002002008A00000210420004105040010B3
:1024C00020100200020882000000A000008000002E
:1024D00000400000000082000200A080008000098F
:1024E0000240000000000000000200000000004068
:1024F00000000000000000000000000000000000DC
:1025000000000000000000000000000000000000CB
:102510000000000000000000000900000000210091
:10252000000040080000830000208420000080207C
:1025300080880000000084A0000400850084A001C1
:102540000000000000C000C0004100080040000082
:1025500000000040000000000000000000840000B7
:1025600000000000000000000000008400000040A7
:10257000000000400000000000000010000000000B
:10258000000000000000000000000000000000004B
:10259000000000000000000000000000000000003B
:1025A0000000000000000000000000200580820004
:1025B0000480024102000041110000000020900050
:1025C000212000000800000010400802108000A137
:1025D000C00082001080A00000000005080000007C
:1025E000A04100210041000000090000000000009F
:1025F000008000000080900000000000000000004B
:1026000000000000000000000000000000000000CA
:1026100000000000000000000000000000000000BA
:102620000000000000000000000000001090850085
:102630004140A000410190000200100009008420E8
:1026400002008400100008001000850021A0059001
:10265000100802000040100002000082020000008A
:10266000200041C00088000810000000000010A0F9
:10267000000000000000000000000000000000005A
:10268000000000000000000010000000000000003A
:1026900000000000000000004100000000000000F9
:1026A0002100000000000000000000000000000009
:1026B00004000000040882040400010000009000EF
:1026C00005800000050000100000A000401110006F
:1026D00010000880841088008800C00000091100E4
:1026E0001000000000000000008008000000000052
:1026F00000000000100000000000000000040000C6
:1027000000000000000000000000001000000000B9
:1027100000000000000000000000000000000000B9
:1027200000000000000000000000000000000000A9
:1027300021A004000088102011C0021000014103F4
:1027400000A0C18300829004001008C01104100092
:102750000010C190000410C0008800081082080812
:10276000000008000800000000C00090000404C041
:1027700000000084000000A041C0000000000088AC
:102780000000000000000000000000000000000049
:102790000000000000000000000000000000000039
:1027A00000000000210008000000050020001020AB
:1027B000000000000103000000C000000100000450
:1027C0000204000004200000048000004009000012
:1027D000004100001000C01110001011008208001C
:1027E0001091000010000200C00000001000000066
:1027F0001009000000000000000000000000900030
:1028000000000000C009840010000000A0000000CB
:1028100000000000000000000000000000000000B8
:1028200000000000000000000000000000000000A8
:1028300001000000218441900000090004C005400F
:102840000840080403000400030184212088028357
:102850000000080400002008038410044140020026
:1028600041080000410002001100090405040004B1
:1028700010040040000000840240000041000040BD
:102880000200001000000000000000000000000036
:102890000000000000000000000000000000000038
:1028A0000000000000000800000000000000000020
:1028B00000020008000010000800104000000100A5
:1028C00000800080008010000100000821A00000AE
:1028D000894000000000C00008C0000000000000A7
:1028E00011000080200000040100C0001000000062
:1028F00000000000000000000000100002000000C6
:102900000000000000800000000000000000001136
:1029100000000000000000000000000000000000B7
:1029200000000000000000000000000000000000A7
:1029300084000080008000002105104041C0200874
:1029400085C1C1C120030000081084A0412089096D
:102950000905212002032011C0058008004002085B
:10296000C091800982912021890000020584080815
:102970004080800020910889000002000000400093
:1029800003000080108000000080000000000000B4
:102990000000000000000000000000000000000037
:1029A0000000000000000000000000000400000023
:1029B000000008034009000403040389C0048304E1
:1029C00090054002101002C00088038304C08304F5
:1029D000890500080541002000109101C001000197
:1029E0000001919108108509011108900090C0081C
:1029F000012101C0100401090008000001001000BD
:102A0000010001000082008400C000C0000000003E
:102A100000000000000000000000000000000000B6
:102A200000000000000000000000000000000000A6
:102A3000900000000101010000000100C0014102FE
:102A4000030805C0091109000420911040018210FB
:102A500008030303C1A14002A10104851000104036
:102A60000501A000C1010201C00082840501208986
:102A70004191028405000390A100A08400000000A1
:102A8000000002A00200000000000000000800009A
:102A90000000000000000000000000000000000036
:102AA0000000000000000000000000000000000026
:102AB00000000000000100000000000001000920EB
:102AC000828005A0208021C084082080C108C00326
:102AD00041890904082021A18285052109A08400DB
:102AE0000380820210051104091109008980020285
:102AF00041038802418085004000850204C1000036
:102B00002000110009000400000400000000008003
:102B100000000000000000000000000000000000B5
:102B200000000000000000000000000000000000A5
:102B300000000000000000414000020010004100C1
:102B40000804A09000A0414191000803C0898005BD
:102B500005030020008505100302008810838341CF
:102B60000004008200110503028080028521418358
:102B7000090541110504A10900208002C184054115
:102B80000000001000894191808500000000900045
:102B900080000000000000000000000000000000B5
:102BA0000000000000000000000000000000000025
:102BB00000000000000000000000040800020041C6
:102BC000C00901A11109028521022004028884059F
:102BD00020C0A0048810C0840003018990A0018453
:102BE000910300A000A000820105019008A085A12A
:102BF000038300C0048383A08588004108A110845A
:102C00000101000000A10040008484C00000A00079
:102C1000A00008000000000000000000000000000C
:102C200000000000000000000000000000000000A4
:102C300000000000000000000000C00000010000D3
:102C400000019100840011881101090882038508A0
:102C500009C0A1088500A020A00002A18483C111A1
:102C60001000410300C001000102000284010509B7
:102C70000801901084A0A088C10291008501024043
:102C800008000404000000040005000100008200A8
:102C90000208C000A00000000000000000000000CA
:102CA0000000000000000000000000000000000024
:102CB0000000000000000010009000000000000074
:102CC000001100000000C10821002110859184201E
:102CD00021808400A080904020802003410889A0AA
:102CE0000441830390880304080910030989904173
:102CF000A1A1800500000241040588852100830808
:102D000091808541C18000000000000200020000A7
:102D100000000080800000000000000000000000B3
:102D200000000000000000000000000000000000A3
:102D30000000000000000000000000000000000093
:102D4000000000050010000000000013000000005B
:102D500000000013C200000000420013C200410046
:102D600000000000000041500000000000000000D2
:102D70000000000000000000000000000000210032
:102D80000000000000000000000000000000000043
:102D900000840000000000000000000000000000AF
:102DA0000000000000000000000000000000000023
:102DB0000000000000000000000081810013C2003C
:102DC000000000000000000000840000FFFF000081
:102DD00000000C0C0CFF050505FF080F070800019B
:102DE00014150000000000140F1F00000000002058
:102DF0002020FF0000000555FAAA00D000FF0000C7
:102E000000FFB00000BE00FF01FF00000000000056
:102E10000A82AA82000000000000000000000000FA
:102E200000000000000000000000000000000000A2
:102E30000000000000000000000000000000000092
:102E4000000000000000000000000000282AFFFF32
:102E5000000080000C0C0CFF050505FF00080808A9
:102E60000001000100500030001400144D410C001E
:102E700000303030FF0000000000FFFF001000FFB6
:102E8000001700FF4B0000000000010100000000DF
:102E900000000A00AA00000000000000000000007E
:102EA0000000000000000000000000000000000022
:102EB0000000000000000000000000000000000012
:102EC0000000000000000000000000000040AAAA6E
:102ED000000000000000FFFFF000FC3CF000C060BC
:102EE000E0B0F0C0F0C054540404BEAABEAABFBFF4
:102EF000BFB0CFC38A82F575F530F000A400F0C0F2
:102F0000F0C080C0000C38383838FFFCFF000000EB
:102F1000000000000C0CC0C0000000000000000019
:102F200000000000000000000000000000000000A1
:102F30000000000000000000000000000000000091
:102F40000000000000000000FFFFFFFF0100000084
:102F5000AAAA008000000300F000F000FC3CF00092
:102F600000A0A030F0C0000055505A00FEFABEAAE2
:102F7000BFBFBFB00F000A00F575A030000004000D
:102F8000F040F0400003203038383838FF3CFF0074
:102F9000000000000000840CC0C000000000000021
:102FA0000000000000000000000000000000000021
:102FB0000000000000000000000000000000000011
:102FC00000000000000000000000BFFFFF7F0000C5
:102FD0000000008600A000900000A08652F0A0B083
:102FE000000500860CB40090000000860C6000B064
:102FF00000000086006000B900000186006000B992
:10300000000000860C6000B000800586006000B003
:10301000000000000086006000B80000008600602C
:1030200000B00000000000000000000000000000F0
:103030000000000000000000000000000000000090
:1030400000000000008600FC03B0840500000A00B8
:1030500000000080FF00FF00FFFFFFFFBE8200F0C6
:1030600000000000FF41FF003E3E3C3CAAAAAAAA85
:103070008241418200000000FFFF3F3CFFFF2F28FC
:10308000F000FFFC0000EF2F0F2F2F2FFFFFF0F0BD
:103090003FBF3FBF0000000000000000141E2020C2
:1030A00020200000000000000000000000000000E0
:1030B0000000000000000000000000000000000010
:1030C0000000000000000000000000000000000000
:1030D000000000000000FFD5FFC00A8A0082BE8207
:1030E0000FFF4056E0F6FF51FF503EBE3CBEAAAA7D
:1030F000A82802010102000000000000303CFFFF90
:103100002828F0005FFF0000E0200F2F2F2FFFFF87
:10311000C00000AA00AA0000000000000000000E8D
:10312000A0A0A0A20000000000000000000000001D
:10313000000000000000000000000000000000008F
:10314000000000000000000000000000000000007F
:103150000000000000000000202020200F003C554F
:10316000AAF028F3FCF00C00AA003CF020702575B2
:103170009060609099666699000000000000000071
:10318000201020004000BFFFAA00BA300000000C51
:10319000F2F0F2F20C032E80000000000000FF00AD
:1031A000FFFFFF085F5F000000000000000000005C
:1031B000000000000000000000000000000000000F
:1031C00000000000000000000000000000000000FF
:1031D00000000000000000000000FFC33C000F00E2
:1031E0003C00AAF028F05555555500003CF02070E1
:1031F0002070906060906699996600000000400021
:103200000000001000004100BEFFAA00AA0000005C
:103210000000820082820000000000000000000028
:10322000FF00FFFFFF0000000000000000000000A2
:10323000000000000000000000000000000000008E
:10324000000000000000000000000000000000007E
:10325000000000000000000000000000020011005B
:103260001188110004402100002021000400040006
:1032700004000400110011001100110004000400FA
:10328000020000002188200020000000200004002F
:10329000000000000000000000000000000000002E
:1032A0000200000000000000000000000000040018
:1032B000040000000000000000000000000000000A
:1032C00004000000000000000000000000000000FA
:1032D00000000000000000000000000000000000EE
:1032E0000200000082000000A000000000000200B8
:1032F0000000040002000400020020002000200062
:10330000C002A000200000002000A0000000040077
:10331000900000000000000000000000000000001D
:103320008400000000000000000000000000000019
:10333000000000000000000000000000000000008D
:10334000000000000000000000000000000000007D
:10335000000000000000000000000000000000006D
:103360000000002000880000000005081000100088
:10337000100002001000410040000410080808403E
:10338000100003000400040000002104000000A05D
:10339000000000004100008200020209101002201B
:1033A00000C00000000000900000000000000000CD
:1033B00000A0000009000000000000000000001054
:1033C00000010000000000000000000000000000FC
:1033D00000000000000000000000000000000000ED
:1033E00000000021000090000441002090402008CF
:1033F00000402010004102000000A1000540838031
:103400000390000000000040000090000000A009B0
:10341000A0200040000000400000008001A00180CA
:10342000019000000000000000000000000000000B
:10343000000020000000000000000000000000006C
:1034400000800020000000000000000000000000DC
:10345000000000000000000000000000000000006C
:103460000000000000C000000000418400200900AE
:103470000000001040020020050000C000000540D0
:1034800000000400000041C04100410000000400B1
:10349000050002000000000021C0102041000000D3
:1034A000000000100000000000000000000000000C
:1034B00000000000000010000000000000000000FC
:1034C00000000000001100000000000000000000EB
:1034D00000000000000000001000000000000000DC
:1034E000000000000300C0001000840000008841BC
:1034F000A0000810200200100821C010C0410200E6
:1035000088A00004101100000021080000021040F3
:10351000A000C000100000000800840002000000AD
:10352000C000080008800000100010000003000028
:10353000000000000000000010000000000000007B
:1035400000000000000000C00000000000000000BB
:103550000000840000000000400000002000200067
:103560000000000000000000004009842100084025
:103570004100100005004100008220000800108278
:1035800010908200080003830300080005000984EE
:103590000500030000004100410011400040000010
:1035A0000300000400000000000000004190000043
:1035B000000000000000000000000000000000000B
:1035C00000000000000000000000000000000000FB
:1035D00000000000000008000000000000000000E3
:1035E0000000000000000000000020000005104165
:1035F000020010001000000402000200000010048D
:103600009000080010008200842010118400C02166
:103610001020C0202040841110080800002108005C
:103620000000002084008421100000000000000041
:103630001040000400000000000000000000000036
:10364000000000000000000000000000000000007A
:1036500000000000820000000000000000000000E8
:103660000000820000000000820088000088110233
:103670000090000000C002C00000021021400000C5
:10368000099002020000030403040088210000885E
:10369000104000002004000021000302090005047E
:1036A0000000210000002188000000200000000030
:1036B0000000000000000000000008000000000002
:1036C00000000000000000000000000000000000FA
:1036D00010000000000003000000000000001000C7
:1036E00000000000200000000000000000001003A7
:1036F00008000840080010000821C008100004005D
:1037000084080000A0001009C000100090210000F3
:10371000A0000021000208201040900008000000D6
:10372000C000C0008200C00008000821000900009D
:1037300084001011000008091000100010000000A3
:103740001000000000000000000000000000000069
:103750000000000000000000000000000000000069
:10376000000000000000000020000000C000000079
:103770000000000004000904030010001000000015
:10378000000008400300090010A0210411000008F7
:1037900010C00000108400822100084004C0000016
:1037A0000000210010000800100000400000000090
:1037B00000000090000000820000410008000000AE
:1037C00000000000000000000000000000040000F5
:1037D00000000000100000000000000000000000D9
:1037E00000000000000000000000000000000000D9
:1037F000000000000041021082090804A00000102F
:103800008400000908000811102102000240040091
:1038100002408400820008090200C011C004201187
:103820001004000082048811C00420401000100021
:1038300000000000000000000800A00000000000E0
:103840000000000000000000000000000000000078
:103850000000000000000000000000000000000068
:103860000000000000000000000000000000000058
:103870000000000000008300008083C100000300FE
:1038800080C183C103000300000403410000030062
:1038900000A0210000008300008083C1000003001D
:1038A00080C183C103000300004003410000030006
:1038B00080A1200000000000000000000000800047
:1038C0000000800000000000000000030000000075
:1038D00000000000000000000000000000000000E8
:1038E00000000000000000000000000000000000D8
:1038F0000000000000000082838200C083C10082BB
:10390000018282C183C101884182000001010082DD
:10391000018290C110000082838200C083C10082B6
:10392000018282C183C10108A182000101010082DC
:10393000018208C10100000000000000000000003A
:10394000820000004000000000A002000001000012
:103950000000000000000000000000000000000067
:103960000000000000000000000000000000000057
:10397000000000000000000082A0A0820083000080
:10398000828283820083C082C183C1820083C1019D
:1039900082008382008301C08200A0820083000035
:1039A000828283820083C082418309820083C100B6
:1039B000830083820083010200000000C000000039
:1039C000000100000100000000000900A00100004B
:1039D0000000000000000000008200000000000065
:1039E00000000000000000000000000000000000D7
:1039F0000000000000000000000000008080008344
:103A000000000080028000838080208388910083F2
:103A1000C108110002800083410000008080008303
:103A200000000080028000838080A083C191008319
:103A3000C1081000028000834110000000008000D7
:103A4000000000030000040000000000C100091095
:103A500000000000040000000000008000000000E2
:103A60000000000000000000000000000000000056
:103A70000000000000000000000000000002000044
:103A80008302000000000000838203C100100000D8
:103A9000830200000000000083000000000200001C
:103AA0008302000000000000838203C100080000C0
:103AB000830200000000000003000000000000007E
:103AC00000000300000000000000000000000040B3
:103AD00000000000000000000000000000000000E6
:103AE00000000000000000000000000000000000D6
:103AF00000000000000000000000000000000001C5
:103B00000082838310000000008283C101C1008312
:103B10000082838388000000008409820000000185
:103B20000082838310000000008283C101C10083F2
:103B300000828383000000000084C1820000000036
:103B40000000000001000000000000000000000074
:103B50000001000000000000000000000000000064
:103B60000000000000000000000000000000000055
:103B70000000000000000000000000000000000045
:103B80008383011001C1000082820182C183C0834E
:103B90008382010101830000828200000101C0884C
:103BA000838301000109000082820182C183C083F6
:103BB0008382000101830000828200C0000102C1F3
:103BC0000000000001000083000000000000000071
:103BD00000000082000000040000000000820000DD
:103BE000C083000000000000000000000000000092
:103BF00000000000000000000000000000000000C5
:103C000000000283410002A1000000800480C18303
:103C100080830282410302830000008000000803C9
:103C200000080283410002A1000000800480C183DB
:103C300080830285030302830000008000000403E8
:103C400000C000000000020000830000000000002F
:103C50000000000000830900000000000000008058
:103C60000000808300000000000000000000000051
:103C70000000000000000000000000000000000044
:103C800000000000000000000000124200000000E0
:103C90000000124281480013C200124200000000DE
:103CA000000012420000000000001242000000006C
:103CB0000000124281480013C200124200000000BE
:103CC000000012420000000000000000004200005E
:103CD000000000001200810000130000120000002C
:103CE0000000000012420000000000000000000080
:103CF00000000000000000000000000000000000C4
:103D000000000000000000000000000000000000B3
:103D100000000000000000000000000000000000A3
:103D20000000000000000000000000000000000093
:103D30000000000000000000000000000000000083
:103D40000000000000000000000000000000000073
:103D50000000000000000000000000000000000063
:103D60000000000000000000000000000000000053
:103D70000000000000000000000000000000000043
:103D80000000000000000000000000000000000033
:103D90000000000000000000000000000000000023
:103DA0000000000000000000000000000000000013
:103DB0000000000000000000000000000000000003
:103DC00000000000000000000000000000000000F3
:103DD00000000000000000000000000000000000E3
:103DE00000000000000000000000000000000000D3
:103DF00000000000000000000000000000000000C3
:103E000000000000000000000000AEDE0000000026
:103E100000000000000000000000000000000000A2
:103E200000000000000000007B75AEDE0000000016
:103E30000000000000000000000000000000000082
:103E400000000000000000007B7500002EDE000076
:103E50000000000000000000000000000000000062
:103E6000000000000000000000007B740000000063
:103E70000000000000000000000000000000000042
:103E8000000000000000000000000000866FC0027B
:103E9000000000000000408C07000000000000004F
:103EA00030020000000000004003F661866FC0028F
:103EB000000000000000408C07000000000000002F
:103EC00030020000000000004003F6610000866E32
:103ED000C002000000000000408C0700000000004D
:103EE0000000300200000000000040037661000086
:103EF00000000000000000000000000000000000C2
:103F000000000000000000000000000000000400AD
:103F1000040210000408000084010000882105004C
:103F200002001100040004A004002100004004006D
:103F300041000800020008040400800000000000A6
:103F4000040000000000000002200000000000004B
:103F50000000020002002000090020000800040008
:103F60000000040000000000000004000000110038
:103F7000020000000200000000000000000000003D
:103F80000000040000000000000004000000000029
:103F9000C000008001030080A0000420A02004A035
:103FA000A000080004000040000000002000028083
:103FB00084002000C0000000000020000400000079
:103FC0000000000000000000000000800000000071
:103FD00000000000000000000100000001000000DF
:103FE00001000000000000000000000000000000D0
:103FF00000000200000002000000000000000000BD
:1040000000000000000000000000000000000000B0
:104010000800800280010000030000020001080087
:1040200021000000000020000900009010000300A3
:1040300000008009001000091108000000000008BD
:104040000000000000A00000000841000003000084
:10405000000000C000000001000000000000008916
:10406000000000400000000000000000000200000E
:10407000000000000000001000000001000000002F
:10408000000000000002000000008010000080001E
:104090000000000020004002C010001000A102201B
:1040A00082210200204000000400000000020120E4
:1040B0000011824110880000042020100000A01090
:1040C0000090000000000041A0000080000000A05F
:1040D00000000000000000000020000000080400B4
:1040E000000200200080000000000000000000002E
:1040F00000000000000000000400040000040000B4
:10410000000000000000004100100000200000003E
:104110000800000000000000C00102400208024048
:104120000420009004000040001003C00000008440
:104130000000089002C0000003108083214000901E
:1041400010000000414004000000080000000000D2
:10415000040000000000000000001020000000002B
:104160000000100000000800000000000000000037
:10417000000000000000000000000000000000003F
:10418000000000000000000000000400000000002B
:10419000000000002000200000004102010001009A
:1041A0002000010002211140000084009000002145
:1041B0000804C0090000010010008480040800A069
:1041C0000000A000020420000041022000000220A4
:1041D0000000010000200800000000000080000036
:1041E00000000000000000002000C00000000000EF
:1041F00000000000000000000000000000000000BF
:1042000000000000000000000000000000000000AE
:104210000000000000002000200000001004030443
:104220001000020010A110041001100010001090E6
:1042300041880500839005004108004110084000B6
:104240001001040008902188020100404100000094
:1042500000010000000000000083000010000000CA
:104260000000080000000004000021010000000020
:10427000000000000000000000000000000000003E
:1042800000000000000000000000030000400000EB
:10429000000000002100000000008000C000A0809D
:1042A00010C0080000040820C000002010004005D5
:1042B000C1000008020002001041089108080091A6
:1042C00001400002010000002009900810000000D9
:1042D000C00008028411002084400020000000007B
:1042E00000000000100000410080000000200000DD
:1042F000000000000000000000000000840000003A
:10430000000000000000000000001000000000009D
:1043100000000000000000000000000004002189EF
:1043200008040302058800C00401210810002000D1
:104330004140410002849001004110400300000010
:10434000101004C020A0000402201100000008008A
:104350000800100010084100000003820520000042
:104360001100000010001000008800000000000094
:1043700000100000004000200000000000000000CD
:1043800008000000000020000000080000000000FD
:104390000000000000000000090000000000100004
:1043A000100800000000A00400000120000001002F
:1043B00000040010000401204008200891000000C3
:1043C00000000800090040000020118000000000EB
:1043D000A0000040000000800000C000000000803D
:1043E0000000000000000009820000000000000042
:1043F0000800840008000000C080000000000000E9
:1044000000000000000000000100000000000000AB
:10441000000000000000000000000000000000009C
:1044200000008884108420A005040084040008840F
:1044300000000300404041C0A000200820004101CE
:104440001040000000044100200011C009A04141BB
:10445000100402A008A002044100109010A0000067
:1044600008200000000000A000009000080000C02C
:104470000040000000000000000084010000000077
:10448000000000000000000000000000000010001C
:104490000000030000000000000000000000000019
:1044A0000000800002100341080000802004C110B9
:1044B000000088000011838084411009C000821030
:1044C00082400084C000004000000000080010008E
:1044D0008440C0002000C0001011002000118200A4
:1044E0001000009100002000200020042010000097
:1044F00000040000840000000010000021040000FF
:10450000000000000000000000000000100010008B
:104510000000820010008200840000000000000003
:104520000000000020000021C00520A01102820030
:10453000048082004000030089000200410083855E
:10454000000911854020800405091005202021055F
:10455000400441050802051102058304052000807E
:10456000A08000000080000000008000410000806A
:104570000000040080000000000000008000000037
:10458000000000000000000000000000000000002B
:10459000000000000000000000000000000000001B
:1045A000000080000000000000838304014102102D
:1045B00005C085A004A000A00000040000000100C8
:1045C0009040A002001088030400010004000500D0
:1045D0000300090190000000A00184001000910177
:1045E00084C0A108028200C0000000A0408290C0E8
:1045F0000008000000001000000000000000100093
:1046000000000000000000000000000000000000AA
:10461000000000000000000000000000000000009A
:1046200000000000C000900000000200A102A103F1
:104630000300A0011000A102A1C0000001000000C1
:104640000040A100908405019002100185A0C1885E
:10465000C009C0410200A0C08400000001A0010107
:104660000100C00104001000040000000400C000AC
:1046700004048408000001000100010000000000A3
:10468000000000000000000000000000000000002A
:10469000000000000000000000000000000000001A
:1046A0000000000100000000000000008900A08957
:1046B0004120030384211100408040801105200027
:1046C00003004100084105008505C1002102418029
:1046D00010A085C0039005008380A109100040044C
:1046E00020054100410310040400020000000021E5
:1046F0000000008080880900401141002000000077
:1047000000000000000800000000000000000000A1
:104710000000000000080000000000000000000091
:104720000000000000200000000000000002041152
:104730009111402003020040880400890009000410
:1047400011104082001120A0800990834003004195
:10475000000220090085008320050003208520A099
:10476000004100A088C10080800009800080000016
:104770000080000000000000000000004080008079
:104780000000000000000000000000000000000029
:104790000000000000000000000000000000000019
:1047A0000000000000000000000000000000800089
:1047B0009110A103C00488A100030884888400022A
:1047C0000091008200C000C001410802A0844003A3
:1047D0000020008400A00083000800C000820903BC
:1047E0000041008400A0410900108882C0840008B4
:1047F0000000008400A082100010008200C00108A8
:104800008808000000000000080000000000000010
:104810000000000000000000000000000000000098
:104820000000000000000000000000000000000088
:104830004000004101C00002018284C1A002C0000A
:104840000802100484400200040083038501100064
:1048500010A190A0A1891000C0080221C001100081
:1048600088C0000200A0000000008404088808013D
:1048700010880000022008888400A04000080084FE
:1048800000000000000000A0000000000000000088
:104890000000000000000008000000000000000010
:1048A00000000000000800080000000000000008F0
:1048B00000000000058411890204208080A000020D
:1048C00080208080008000A1001100008805050282
:1048D0008005A003000485029002C10000838005CA
:1048E0000005800020800409200403008088808364
:1048F00080028080000000858000800000800080B1
:10490000000000000009000000800000000000001E
:104910000000000000000000008000000000000017
:104920000000000000000000000000000000000087
:1049300000000000000000810000C2208250000042
:104940000013000000000000000000000000000054
:1049500000000000006012000013000000001200C0
:1049600040130000210000000000000000001200C1
:10497000401300008100000012000013C20000007C
:1049800000000013C200000000000013C20000007D
:10499000000000000000000000000000C200000055
:1049A000000000000000000000810000C2200000A4
:1049B00082410013C2600000FF01FF003C3C3C0C40
:1049C00000000000FF00FF46000000006E0C0C0C11
:1049D0005AA5A55AAAAA847BF606F6060003000388
:1049E00000000000991899D97E007E000400F600AE
:1049F00000000000000000000000000000000000B7
:104A000000000000000000000000000000000000A6
:104A10000000000000000000000000000000000096
:104A20000000000000000000000000000000000086
:104A300000000000000000000000000000003C3CFE
:104A40000000000000000000464600000000660074
:104A50000000A55A5AA52A6685003636363600F378
:104A600000030000000003FF03FFFE007E000400BF
:104A70000600000000000000000000000000000030
:104A80000000000000000000000000000000000026
:104A90000000000000000000000000000000000016
:104AA0000000000000000000000000000000000006
:104AB00000000000000000000000000000000000F6
:104AC00000000000000000000000000000000000E6
:104AD00000000000000000000000000000000000D6
:104AE00000000000000000000000000000000000C6
:104AF00000000000000000000000000000000000B6
:104B000000000000000000000000000000000000A5
:104B10000000000000000000000000000000000095
:104B20000000000000000000000000000000000085
:104B300000000000000000000000000000006666A9
:104B400066660018BDBD0000000066B4FFB400003A
:104B50000000E7F7BFBD3C3AC33C0000FFFFFCF09C
:104B6000FCFF00C100013C3C7CFC00700F7F76F62E
:104B7000F6F6FF6666660000000000000010000008
:104B8000000000000000000000000000C3C30FC3CD
:104B90000000000000000000000000000000000015
:104BA0000000000000000000000000000000000005
:104BB00000000000000000000000000000000000F5
:104BC000000400000010BDBD0000000000B499B456
:104BD00000000000FFFFBFBD3C5ACC3C0040FFFF7F
:104BE000FCF0FCFF00C000003C3C7CFC007F007F30
:104BF00066F6F6F6FF66676600000000000000003B
:104C00000000000000000000000000000000C3C31E
:104C10000FC30000000000000000000000000000C2
:104C20000000000000000000000000000000000084
:104C30000000000000000000000000000000000074
:104C40000000A09E5074A0B020A5008600A000988F
:104C500000000086006000B000800086006000B99F
:104C60000000018602E001E0000000A600E001F083
:104C7000040000860C6000B80000008600A00190CF
:104C800004800000008600B001B00005008650F0EE
:104C900000B00080008600F000B0000500000000B9
:104CA00000000000000000100000000500000000EF
:104CB000000000000000001C00000005008600FC51
:104CC000033004050000000055FF1E1EFF00FF001A
:104CD0003C3C3C3C820080000000AAAA555A9681C8
:104CE00061FF63FFF0F0F0F000205F7F7C2C50004C
:104CF0003F3F3F3F0000000000005555FDFC7D3C5C
:104D00003C3C3CFF0000F0F00000AAAAFFFF0000BE
:104D10000000F3FF0300000000000000000000009E
:104D20000000000000000000000000000000000083
:104D30000000000000000000000000000000000073
:104D40000000FFFF00000000000000AA1E1EFF1F61
:104D5000FF143CBEFCFE000000000000A8AA505A50
:104D6000968100FF00FFFEFAFCF000205F7F7C2CA4
:104D700050003F3F153F000000000CCF0CCFFDFC62
:104D80007D3C3F3F3FFF0000F0E000003F30FFFF71
:104D900000000000F3FF030000000000000000001E
:104DA0000000000000000000000000000000000003
:104DB00000000000000000000000000000000000F3
:104DC0000000000000000000F0E8F0E855555555DF
:104DD0003B0B3808FF000F1400000000000000002B
:104DE000555FFDF50000040500000000085DA8FD0A
:104DF00000000000F5D5F5D500000000000000001F
:104E0000EB2BC30303C317D7000000000000000012
:104E1000FFFF000000000000000000000000000094
:104E20000000000000000000000000000000000082
:104E30000000000000000000000000000000000072
:104E400000000000000000000000FFEB0028000050
:104E500010000B0B080800000F14000000000000F9
:104E60000000FFFFFFFFA080A485000000000C0CE5
:104E7000FCFC0000000055557555000000000000C6
:104E80000000E828C00000C014D400000C3C003032
:104E90004DCF4DCF000000000000000000000000DA
:104EA0000000000000000000000000000000000002
:104EB00000000000000000000000000000000000F2
:104EC000000000000000000000000000A10020041D
:104ED0002120002000200400042084011000002074
:104EE00010012000834104000420832102400200BD
:104EF0002000020400000000200020000200020048
:104F00000000040400000000000020400000200019
:104F10000400000004000000040020000000000065
:104F2000200004000000000000000300000000005A
:104F30001100000000000000000000000000000060
:104F400000000000000000000000000000022040FF
:104F500082800280088520801000048004200100E7
:104F600004808508000004200800000004A0200040
:104F7000020020400880000004000400040000003B
:104F80008400C000058000008200080001000000CD
:104F9000010001000000010000000100010000000C
:104FA000000001000100000000000000820000007D
:104FB00000000000000000000000000000000000F1
:104FC00000000000000000000000000000000000E1
:104FD000000084010001000220011101100490056D
:104FE0002082A000200920010001000100001040E3
:104FF0000040200200002041100020000008102086
:10500000000000410000000100400000000100021B
:1050100000C080030000000000118000000180003B
:10502000000100100000000002400001002000000C
:105030000088000000010000000000A00020001017
:10504000000000010000001000010000000000004E
:1050500000000021024000042010052040040090C0
:10506000208401102110018805080020A0402002A2
:10507000008200A001000040018400000110001027
:1050800000A1000900C00000000400000000004072
:105090000000000004820000000002402000000820
:1050A0002008004004008200000003899004008072
:1050B0000000200000000020000000100000008020
:1050C00000000000000200000000002000000000BE
:1050D000000000008004008283A02083200440821E
:1050E00000010400000300211002C084042100001C
:1050F0000810900200840091800000100820200415
:1051000000202010008880080000A041080000084E
:1051100080001008000020000004000000000000D3
:105120000000008400050020000000400010004046
:105130000000008400020010009000000000000049
:10514000000000200000000200000000000000102D
:105150000000000000002080020004100104008014
:10516000000000200000C08800081100111011A0EC
:1051700082054000040000001004020300118800B2
:1051800011801000091100030280100803849000B0
:10519000008410000000000000201000000020002B
:1051A00000000000000500840080000000000000F6
:1051B00000000000000500020000000000000000E8
:1051C000000000000020000004800000000000003B
:1051D00000050005000000004004020400058205EF
:1051E0000920200910A141201001880289C108006E
:1051F000058202C11088092010020804100202086A
:1052000003900000009089012102000100000402C7
:10521000001000A0000000000000008408100084BE
:1052200000100484800080C0000011A04101030030
:10523000200183C10808830110000300040100005D
:1052400000C0000208000021000000000000000073
:10525000000000000000100008820090018000A003
:1052600004A00880010400200090910804001008A8
:1052700020000000C140900040802010008000000D
:105280000000200020004000200482000040C000F8
:105290009110000008008400000000008800000059
:1052A00000000000010020000400000000051004C0
:1052B000000001400420008020048200100001044E
:1052C000000008000080000000A0000000000000B6
:1052D00000000000000000008800000041C0020043
:1052E000088410010090034020000304100108C04E
:1052F00010098002828390081000100103A00200B0
:105300000200030411002009030208A0100000405D
:105310000840054100A10001218420000000000098
:1053200010000000110000C01104028404200400D9
:1053300004200000840400000400008400004100F8
:105340001000410041104100410000200000008891
:1053500010200000000000000000000000004005D8
:10536000A10500000420020510A011000411850809
:1053700082000188021004202000000001200200A9
:105380001000840000A100000920080008000000AF
:10539000C080A08000C0104010021000000000007B
:1053A00000008400100010004000842110001191C2
:1053B00001000180000003820000010000000000E5
:1053C00000000800000000000000000000000000D5
:1053D000001100000000000000000000004000007C
:1053E000109002052088050141C0881080040882C1
:1053F00005901184200820010820100441004085F8
:1054000041000584020041200002C10010C0418318
:1054100010000940100041400004118821042100BF
:1054200000009003909000400000808580A111A0B2
:1054300000A0000000A08091102100C11008000011
:105440000500008485000900101003001000000012
:10545000000000000000000000200000000010001C
:10546000000100008584000004200000200020804E
:10547000080484000821A084000400000000C00487
:1054800000200000000001004003000204000000B2
:105490002020000000801000008300000000840035
:1054A0000004000020200421008000002020202093
:1054B0000005000000000000040400C0000401809A
:1054C00000000000000020000000000000000000BC
:1054D000100000000000000010000090000000001C
:1054E000000000200211900588080941034084094A
:1054F000904041101003024141040820000509C0FA
:10550000822000A00905822020C08980880580C0F3
:105510000202094080050004000541020320000248
:1055200000A091A000002104114080050810004057
:105530000004C000004100000000830000000000E3
:1055400000048000001000000000000000000808B7
:10555000001100204010C0052004001010100000B1
:10556000000000000000010021018300000109C1CA
:10557000110409A001A00101C100100001010241B4
:10558000058582400020000540090003410841A133
:1055900082A0A08201C1840090010801000001A145
:1055A00000A10041884100000100A001100000009E
:1055B00004010001110000000000C000080000000C
:1055C0000000000008000001000000000400A0002E
:1055D00000000000880101010900010082000000B4
:1055E000000000004000000088008584080888C092
:1055F0004001A110A001044001000010008500C17D
:105600004000858340031004A100C110C1000500C3
:10561000C00090C005019109080185C040018400C7
:1056200040000800088205000000409020894111D8
:105630000501001000010008000000080001004002
:105640000001001000000000000000000001000048
:105650000000000000A000040100000000020001A2
:1056600000000000000000000000210985808988FA
:10567000050091102080C1108589400904880385A8
:10568000218285094008844190804000C000850443
:10569000891000020500052140888310A000A01099
:1056A00089008500A10090804040000084008302B2
:1056B000A088904100800010000000400000001011
:1056C0000000000300800000000000000000002037
:1056D00000000000080005910211080904001011E3
:1056E0000941100900000000000000004020008572
:1056F00000040840118980200091088400830085FF
:1057000021A0852020800000088010804090008427
:1057100005100440004080102088C01002A00088BE
:1057200002200504401100052010890200000940F4
:1057300010400810402020001000088000000000E9
:10574000100008000080100005000800090000009B
:105750002000000000000904201109050402410294
:10576000001011410205000002000000000000903E
:105770000008001000C1001002A104020908400442
:105780000009010803020002900802840108014098
:1057900000A0890311A0040188A1018489A100103F
:1057A000000500C0881001008400A1014000000035
:1057B00090030105010588A041000104000440C0D8
:1057C0000090011000A088080900010000000000FE
:1057D00000000100000000000000010000000000C7
:1057E0000100000000000500000000000000900023
:1057F000A0A0A04004010540A0044109A101048229
:105800000304A1820900910040A0A021A001A0886A
:105810000101008201000040058402828200898823
:10582000820021402001000200020011000100005E
:105830000000012001090001010200000008000031
:105840000000000000100000000000000010000038
:10585000000000000010000000000100018900C0ED
:1058600001000100000000010100004000000000F4
:10587000000020A00903020210000804A0C0880252
:105880004080208040808204400085101004024047
:1058900008830803080010410480089110020411D5
:1058A00040800309C0098820040000800082002194
:1058B00000400000401140210202098000000080E9
:1058C0000000000000000080000000000000000058
:1058D000000000000000000000000041400040A166
:1058E0001185200020001010104040000000000032
:1058F0000000000082410013C20000811242001328
:10590000C200425082414013C20082002184001331
:10591000C200008100410000C2002100824140130A
:10592000C200210000410013C2000000000000007E
:10593000C2000684000000000013C2000000000046
:105940000013C200000000000013C2000084000029
:105950000013C200000000000013C200000000009D
:105960000013000000000000001300000000810090
:1059700000130000000055553C0FCFCFCBDF87AFA1
:105980008705BE1EB414FFF3AAA20FFF0FBE0F0FB0
:105990000F0F0000000000003C3C41037D3F000071
:1059A0003C3C40437C7F01FF00FF00003FFF0000C4
:1059B00000000000F0F000003CFF0F55C4C7F4F7F2
:1059C00000000000000000000000000000000000D7
:1059D00000000000000000000000000000000000C7
:1059E00070757A7F707A757F05FCF5FC0C0CFCFCF9
:1059F000000000000000000055553C3C0C0C081C49
:105A0000C3FFC300FF0FF000FFF0AAA00FFF0FFFBE
:105A10001F1F1FFF0000000005F505F541034103AE
:105A200005AF05AF4043404300FF00FF0000FFFF0C
:105A30000000000014FFF4FF00003C000F550407B5
:105A400034370000000000000000000000000000EB
:105A50000000000000000000000000000000000046
:105A6000000020252A2F202A252F050CF50C05F5EE
:105A700005F50000000000000000A0E1F5E1BEBE59
:105A80008EBEEB41AF05FA0A3C3C000C000800005A
:105A90003000BF3FBA30BCA03C00FFFFF5F0FFFF75
:105AA000FFFFFFF4FF14FAF0FAF0FFFFFFFFFFFF24
:105AB0000A00F828F000BA30AA0000003CF0AAFF63
:105AC000F3EBF32800FF00C300000000000000001B
:105AD00000000000C382C38200000000000000003C
:105AE00000000000FFF03CAAB2B2FF3CFECEF2C2C2
:105AF0007D28F5F5000000000000000000C3FFC392
:105B0000B2828282C3C30F0FAAAA3C3C000C0008D9
:105B100000000000153F1030A0A00000F5F0F5F0E7
:105B2000F000FC3CFFF4FF14FFFFFAF000C2828299
:105B3000FFFF0A08282800003030000000003CF079
:105B4000AA0030EB302800FF3CFF000000000000FE
:105B500000000000000041004100000000000000C3
:105B600000000000000000F03CAAB2B2C3003E0EEC
:105B700032027D28A0A00000000000000000009E6E
:105B800000F401C0A40000BE00D401C0A400A0869F
:105B90005AB4A1B8000500B600D4019004000096E4
:105BA000007400B08000009600B40190840000866C
:105BB00000F400B080000086007000B00085000096
:105BC000A08600F000B30000A08650F0A0B0000551
:105BD000008650F0A0B00005A08600F0A0B0000044
:105BE000008650F000B00000008600E000B3000026
:105BF000008600E000B30000008600E003B004006F
:105C000000003C3C8787AF053CAC3CACE000F414A2
:105C1000A0F5E1E155FF1E1E000000000F3F3F3FD1
:105C2000000000001EBE3C3CFEFAFCF00055FFFFE9
:105C300000A00000F0F0C0C0000000000000000064
:105C400000000000000000FF3C3C00000000F0AA43
:105C5000F0F0000000003C3C3C3C00000000000074
:105C60000000000000000000000000000000000034
:105C70000000000000000000000000000000000024
:105C800000000A003E3CC3C3FF00FFAF00A0EB0BC7
:105C9000FF1F00FFC3C300AA1E1E020000000F2F3B
:105CA0003F3F000000001E1E3C3CFCF0FCF00F5F7C
:105CB000FFFF00A00000F0FFC0FF00000000000098
:105CC000000000000000000000FF303F0000000066
:105CD000F0AAF0F0000000003C3C3E3C0000000058
:105CE00000000000000000000000000000000000B4
:105CF00000000000000000000000000000000000A4
:105D000000000000000000005550555FF57D7D7DCE
:105D100000FF5C5C0000000000000000F0FCF0F000
:105D20004F0F7F0FF3F3F0FF7D3C7F3CF41414140E
:105D3000C0C3D4D700000000202A757FBA303030AD
:105D4000F0F0C3F0000000000000F0FBB0BA00006B
:105D50000000000000000000000000000000000043
:105D60000000000000000000000000000000000033
:105D70000000000000000000000000000000000023
:105D8000000000000000000000003C3C3C3CA0285B
:105D9000282800FF55550000000000000000F0FE1C
:105DA000F0F05F0F7F0F3030F00000000000F414BF
:105DB00014140003141700000000202A202AAA004F
:105DC0000000F0F0C3F00000000000000000000040
:105DD00000000000000000000000000000000000C3
:105DE00000000000000000000000000000000000B3
:105DF00000000000000000000000000000000000A3
:105E00000000000000000000080040C0032011C096
:105E100011082000040011000400200004200400E8
:105E200009002100204004000900000004000500D2
:105E300011000388040000000900020000020400B1
:105E40000200000000000000000010000900000037
:105E500000002100030003000300000021000200F5
:105E600000000000000000820000000000000000B0
:105E70000000000000000000090000000000040015
:105E800000000000400000000000000020000000B2
:105E900000400800000004002000204008008200AC
:105EA0000400900008000004000082008400200329
:105EB000900000009000000004000000040020009A
:105EC00002000400000000040400000000000200C2
:105ED00000000000000000000000000004000000BE
:105EE000020000000000820000000000000000002E
:105EF00000000000000000000000000000000000A2
:105F000000000000000340000040820000C00000CC
:105F100000000090000000000000000000000000F1
:105F20000000000000C0210000A0000004000008E4
:105F30000200000000000000000000C0008400001B
:105F40000000000000000000001000000000000041
:105F50000000000000000000000000C000900000F1
:105F600000000000000000C0000000000000000071
:105F70000000009000080000000000000000000089
:105F800000000000000000000010000000020410EB
:105F9000004102110200004000102020A0410041F9
:105FA00010080021040200218241000000408410FA
:105FB00000080000041100000008000990004000E3
:105FC000004100000410000500000000000800006F
:105FD00004100000000000200008000000008800FD
:105FE0000400000082008210000000090009000087
:105FF0000008000000000000040000000400000091
:106000000000000000000010000000000000000080
:106010000002411000A0200008C0110020900004E0
:106020001108050008840000040400900000051019
:1060300011000000418408001110080021900500A3
:1060400008880300059005001000050011000500F8
:10605000000000020000000003001000000010001B
:1060600000000000000000900000004000000088D8
:106070000000008800900088000000000000000080
:106080000000000000000000000000000000000010
:1060900000008400100088030209C00010110820CD
:1060A000C04108418200C004200920211000820064
:1060B00000008200C04084058408100400401000E5
:1060C000A0000200200020201000200082101021DB
:1060D00000000000C000840000000000000010115B
:1060E00000200000000090052005001100000000C5
:1060F0000240000010090000880988008400100098
:106100000000880900000000000000080000A00056
:10611000A000A0000088001004884040038841903F
:1061200041201000009008101100092010404190FB
:1061300002082040088802C00004104005900000BA
:1061400000900082410010000000100000000000DC
:10615000000000000000000000400000100021844A
:1061600000000084008800000090024011880004B4
:10617000000021C00000000000000000000000003E
:1061800000000000000000000004080440000000BF
:106190004000000000008805A040100384001003A8
:1061A00040008803A004100010032008900890030A
:1061B00004041041900400040402000400030021C0
:1061C0004020002000000405841108002000000980
:1061D00008110000082000008800C04102050000EE
:1061E0000005000900000009840008000041C0000B
:1061F000080090000800080008000000C00000002F
:10620000A040000000000000000900110000000094
:106210009000000200000000081008820000041036
:106220000000210011200000000020000940411062
:10623000058809C0000000020540000209000000B6
:1062400021200300020005001000410003000000AF
:106250004100000021900000000000000300000049
:10626000000000A000C00000008800820000008440
:1062700000002100008200000088000000900088DB
:1062800000000000000000000000000000200000EE
:106290000000000000000000000040201020400529
:1062A000200040058405841004058800A0028405B0
:1062B0000402000000000200C011000200000205FC
:1062C000820000090009C01184218400A00210117D
:1062D00082008220A008841010000000002100210C
:1062E0001020880288200400000000200005020021
:1062F00008400000000090000400000000000000C2
:1063000000090000000004400440100904001009C6
:106310009000881100000000000000004100030010
:1063200008000000000010002190080011000090FB
:1063300000C00400030000004100210004A0000090
:1063400000002100098811001000030000880200ED
:1063500002000840000010000000000000000000E3
:10636000000000040000038400020000000000C0E0
:1063700010000000100041000000000000000900B3
:1063800000000000410000000000000000000000CC
:106390000000000000000000400021000000084054
:1063A00004408804A0418411042182218202824099
:1063B00010414020842002108200000010200002C2
:1063C000100888404010084010034000C0048204B8
:1063D00010112004C041000020000840824000004D
:1063E000004100099041C01188030403000988415D
:1063F000000900080003A000100084400800844148
:10640000844010000040824000000011C0418440E0
:10641000082000000000A0080000000000000000AC
:10642000000000000000000000000000000000006C
:10643000000000000000000000000000000000005C
:10644000000000000000000000000000000000004C
:10645000000000000000000000000000000000003C
:10646000000000000000000000000000000000002C
:10647000000000000000000000000000000000001C
:10648000000000000000000000000000000000000C
:1064900000000000000000000000000000000000FC
:1064A00000000000000000000000000000000000EC
:1064B00000000000000000000000000000000000DC
:1064C00000000000000000000000000000000000CC
:1064D00000000000000000000000000000000000BC
:1064E00000000000000000000000000000000000AC
:1064F000000000000000000000000000000000009C
:10650000000000000000000000000000000000008B
:10651000000000000000000000000000000000007B
:10652000000000000000000000000000000000006B
:10653000000000000000000000000000000000005B
:10654000000000000000000000000000000000004B
:10655000000000000000000000000000000000003B
:10656000000000000000000000000000000000002B
:10657000000000000000000000000000000000001B
:10658000000000000000000000000000000000000B
:1065900000000000000000000000000000000000FB
:1065A00000000000000000000000000000000000EB
:1065B00000000000000000000000000000000000DB
:1065C00000000000000000000000000000000000CB
:1065D00000000000000000000000000000000000BB
:1065E00000000000000000000000000000000000AB
:1065F000000000000000000000000000000000009B
:10660000000000000000000000000000000000008A
:10661000000000000000000000000000000000007A
:10662000000000000000000000000000000000006A
:10663000000000000000000000000000000000005A
:10664000000000000000000000000000000000004A
:10665000000000000000000000000000000000003A
:10666000000000000000000000000000000000002A
:10667000000000000000000000000000000000001A
:10668000000000000000000000000000000000000A
:1066900000000000000000000000000000000000FA
:1066A00000000000000000000000000000000000EA
:1066B00000000000000000000000000000000000DA
:1066C00000000000000000000000000000000000CA
:1066D00000000000000000000000000000000000BA
:1066E00000000000000000000000000000000000AA
:1066F000000000000000000000000000000000009A
:106700000000000000000000000000000000000089
:106710000000000000000000000000000000000079
:106720000000000000000000000000000000000069
:106730000000000000000000000000000000000059
:106740000000000000000000000000000000000049
:106750000000000000000000000000000000000039
:106760000000000000000000000000000000000029
:106770000000000000000000000000000000000019
:106780000000000000000000000000000000000009
:1067900000000000000000000000000000000000F9
:1067A00000000000000000000000000000000000E9
:1067B00000000000000000000000000000000000D9
:1067C00000000000000000000000000000000000C9
:1067D00000000000000000000000000000000000B9
:1067E00000000000000000000000000000000000A9
:1067F0000000000000000000000000000000000099
:106800000000000000000000000000000000000088
:106810000000000000000000000000000000000078
:106820000000000000000000000000000000000068
:106830000000000000000000000000000000000058
:106840000000000000000000000000000000000048
:106850000000000000000000000000000000000038
:106860000000000000000000000000000000000028
:106870000000000000000000000000000000000018
:106880000000000000000000000000000000000008
:1068900000000000000000000000000000000000F8
:1068A00000000000000000000000000000000000E8
:1068B00000000000000000000000000000000000D8
:1068C00000000000000000000000000000000000C8
:1068D00000000000000000000000000000000000B8
:1068E00000000000000000000000000000000000A8
:1068F0000000000000000000000000000000000098
:106900000000000000000000000000000000000087
:106910000000000000000000000000000000000077
:106920000000000000000000000000000000000067
:106930000000000000000000000000000000000057
:106940000000000000000000000000000000000047
:106950000000000000000000000000000000000037
:106960000000000000000000000000000000000027
:106970000000000000000000000000000000000017
:106980000000000000000000000000000000000007
:1069900000000000000000000000000000000000F7
:1069A00000000000000000000000000000000000E7
:1069B00000000000000000000000000000000000D7
:1069C00000000000000000000000000000000000C7
:1069D00000000000000000000000000000000000B7
:1069E00000000000000000000000000000000000A7
:1069F0000000000000000000000000000000000097
:106A00000000000000000000000000000000000086
:106A10000000000000000000000000000000000076
:106A20000000000000000000000000000000000066
:106A3000000000000000000000002088040080C06A
:106A400004211001840300A18000020010008400D2
:106A500004408400820084008400840080080410C4
:106A600084000488202020A02005820100018400E9
:106A700020000400000404000000040011000400D1
:106A800009000000890021000800040084000200C1
:106A900080400000800000000000000000000000B6
:106AA000004000000000000004408400800000015D
:106AB00002010000000000000000000002000000D1
:106AC00002000520000810820008400002000100BA
:106AD000110002001140114011002100210010831B
:106AE0000104090421000000010001A02020002071
:106AF000040001000100000001000000000000008F
:106B000001008200000004000000000000004100BD
:106B100000000280000004000000000000000000EF
:106B20000000008000000000000004800400040455
:106B300004200020000000000000000010400000C1
:106B400002A1410011010001208800000002080993
:106B50000008C01100200000002004020010000105
:106B60000001000100210002008208048405842144
:106B7000000184C1000200200002002000C00002C9
:106B8000050000001001000200000000000180412B
:106B9000800300001040000200008000800180029D
:106BA0000000000082010083000000400000040299
:106BB0008401042184210000000000000000048002
:106BC000000020400021002020020121A0080090A8
:106BD00000820090050800C0000000C001400200D3
:106BE000904000080040001040A0200000A021A01C
:106BF0000584002021200080008200000089000020
:106C000000900000000000400080000000000040F4
:106C100002C0408200002180008000000200044089
:106C200002A10000000003200002000000C10000DB
:106C30000180052001A003A0000800000021000041
:106C4000400808108008111040080090100321111E
:106C5000000080080208000283404084404005088C
:106C600041400900110811031103822141400288AB
:106C7000001020000004002110840000100000100B
:106C800000008000850000008484000300000510DF
:106C900000088085801082118010400000080941A2
:106CA00000000205001003410040000000000090B9
:106CB00002A0002190218421842100000000000016
:106CC00000A00000C000021008000190101009820E
:106CD0000002000010000085049004C1010001853D
:106CE0000204088390088480900400100310008040
:106CF000010000001120100000040000000200004C
:106D00000000000004000400C000050000A0000016
:106D1000100020000440200020400200010000007C
:106D200000C0000021C0001100C000800000000071
:106D30000000110000A004A005A005C00000000094
:106D40000000000040894100C020400002202000D7
:106D50004100408411830202100040A04100102035
:106D60000400020004C00320002002000000030011
:106D7000100008A0912084040421042108010000CF
:106D80000800000000002008100000000000800043
:106D90001000840000004100800002000340200138
:106DA000000041400400800110004100210000006B
:106DB00000000001000004210421042184210000BE
:106DC0000000000000000340C0000304C1050041B2
:106DD000050904020921084088A0040008084005AC
:106DE0008490010501100102108210850009A0089D
:106DF0008400820982000480218001A001840004B3
:106E00000000000000020000010000000000C000BF
:106E1000201000400500080000004041850510805A
:106E200009040020008489000440080000080005CF
:106E3000080010001020200011A001A001A003A054
:106E4000A0410000000000002102400205C1000234
:106E50008003104005400300004010000521901001
:106E6000C001022002880002208208820483881068
:106E700084A0000004A000880208211008A00000DF
:106E80000810000000840001000008C0048404848D
:106E9000108410202108080400C020204104111093
:106EA000880005C01020851005888010008490851A
:106EB0008241208200A0040008850021802000205B
:106EC000804105000000050004A000800180004012
:106ED00000801082890000850804008000000040C6
:106EE000400002020021010502000100000001082B
:106EF0001080090084000100902140000000000083
:106F00000008008010000000004000000020010088
:106F100001000010008000000005000011C000808A
:106F20000000020590000080020000000200000046
:106F3000024002A0000000000100004000A0048008
:106F4000008004C0000000000000010002001000EA
:106F500021022100400240000209200202844083F5
:106F60004140210820010040104010040040202131
:106F70001088C0058821020520C141080020830037
:106F800009020009040008400840A1100000081090
:106F900004840884008400A000C003900000200442
:106FA000102084C11000201000202108030021843B
:106FB000038480841010210400A003A041A00421B8
:106FC000002184218021000000000000000020201A
:106FD0000440008920210389C10221C021204108E9
:106FE000200208822089000840044088002084058F
:106FF000020485020404210400200020A021C00016
:10700000200000008220000000800080028000003C
:107010000000000000000441000082000000100099
:1070200004A140800504914110088841820010416C
:10703000100400040205C0040009082108000041F2
:1070400009A0C0A005A004C00800000000080008B6
:107050008002408020100080038382838309A08502
:10706000880304844102891110C08520002090C14A
:1070700000808880218004000000090020000000BA
:10708000A0888488030321050409800802090209F5
:107090000000900904080009204091400040801041
:1070A00008400000800003000080901100200010C4
:1070B0000309058900090840A0C083080804892144
:1070C00010118808004002090420000000000000A0
:1070D000800004C1848402C104048905098510402C
:1070E00009028301208520C1040201A1C10308A077
:1070F00004C09020A00290040002000000000900DB
:1071000000009005034084040090C000820121002B
:107110000000000009010100080001014001000019
:1071200008010101000410C08804001020000001C3
:107130000401010000918888A1000340210085001E
:10714000C0001100030088010301000100000000DD
:1071500090002000880105010902C103C08441A0FC
:107160000589850302A103C0C1008511080820918B
:10717000900284108841840020C09085054004005E
:1071800003848304041008020901C0040402108966
:10719000A1008385000000400003002001010120C0
:1071A0000005001100000410100104A008000900EF
:1071B00082118311410101C010211001850141900C
:1071C00001A18905890101020109010300010000F3
:1071D00000000000000000410203840083A103912D
:1071E000A085830383041040040902058382900272
:1071F000A04002A1C18502400504418021C0C00217
:10720000C0008800C1918584910085208903C091C8
:1072100082101011C08800002100408409A0404164
:107220002080044121822004218091100580894022
:107230004000021010108408200003108510100870
:1072400020802090101010082080218309890203DB
:1072500000000000000000008000008802820000A2
:107260004004800490038383908800040402410357
:107270000382081141410003808911908083000539
:107280008080020009008080058320410005020300
:10729000C090048802048890008009110588208924
:1072A000118385C108890240404000801000408061
:1072B0000080C0852104028940C08241800304C04F
:1072C00085C040820005410208204184044004A09A
:1072D00089890000000000000000C020A003018494
:1072E000002041A0A09021051185820502A18941BD
:1072F0004021A102C12100892091A0048803848437
:1073000008891090012000048282A00420A1A0A07E
:107310002089A14000210102A10300802110004129
:10732000010420400209000300A1098908204184CA
:1073300082040008034000080104101084081004AF
:1073400001402008910800000100014100100021C7
:1073500001050509A00000000000040041900400A0
:107360008400A0009105214121A0200041829104C8
:10737000910221A021414185020005008202028480
:107380000200A01002202084A00084A0A10489840F
:10739000A002A18282904021A10840020080010049
:1073A000000300890000010001C10000000000117D
:1073B000000200010010009001820000009001898D
:1073C00000C101000000000000880004010101006C
:1073D0000089010001000088000000000000C105D4
:1073E0008200800000410309030302C10409838075
:1073F0000403028908058382858408200540808271
:107400000020800000808002000080000005849140
:1074100010200891A09085039020104184000080E6
:1074200020000990031002002000209003050300B3
:107430000088008400100084090521C10340400039
:1074400010884104404040004100052041031010D5
:10745000410011A1400809000000000000000000E8
:10746000000000000000420082000013C20012422F
:1074700000000013C20012008200001300000A0086
:1074800000000013C200000000000013C200005002
:1074900082410013C200008200000013C2000A00F3
:1074A000000000000013C200000000000013C20032
:1074B000000000000013C200000000000013C20022
:1074C000824800000013C20000000000001300000A
:1074D00042000000001300008181810000130000C1
:1074E000000000FFFF00F00FF00F000000000000A0
:1074F00000000000000000000000FF3C6625FF09BE
:107500003C0800000000CFCF0CCF000000000000BE
:1075100000006CFC00FF00D89930F606F6066F609C
:10752000FCFC0000FF273C27FF6600660F0FFF00F2
:107530003C0FFF6600000000000000007F5B3D196B
:107540003C3C66667F3D67250FFF663CEFCB6E4A8D
:107550002D2D2D2DBF9BA7836F09BDBD0000000001
:107560000000000000FFFF00F00FF00F000000001F
:10757000000000000000000000000000000366257D
:10758000FF09FF0900000000CF0C0C0C00000000F8
:10759000000000000C9C00FFFFD899F33F3F303003
:1075A0006F600C0C0000C32700270F3C0F3C3C3CD5
:1075B00066663C0F006600000000000000006743A4
:1075C0002501FF000F0F5B1943010F00663CAD89D9
:1075D0002C08FF9966003E1A26026F092424000039
:1075E0000000000000000000000000000000820811
:1075F000040000108841C2080400001188610000E6
:10760000000000000000000000000000000000007A
:10761000000000000000000000000000000000006A
:10762000000000000000000000000000000000005A
:10763000000000000000000000000000000000004A
:10764000000000000000000000000000000000003A
:10765000000000000000000000000000000000002A
:107660000000000000000000F0F00F0F00FF0FF01E
:10767000000000000000000000000000000000000A
:10768000000000000000002000000000F0F8F3FB04
:1076900000000000FCF33FCF0FFF00F0BF24FF64A9
:1076A00024F9BDF97E307EF300004C4F7C7F3C66B0
:1076B000FFF098DABCFE4C4F7C7F000000003C3CA1
:1076C0003C3C7076797F663C663C2CEC2FEF00FFEB
:1076D000666660F97E7E66F0FF3C68F86EFE60BD0F
:1076E000F9BD0000000000000000F0F00F0F00FFE7
:1076F0000FF000000000000000000000000000008B
:107700000000000030000000000000000000F0F861
:10771000F3FB00000000FCF33FCFBFBF20209B0025
:10772000DB402460BD60423042F300004043707390
:107730003C6600F080C2A4E6404370730000000085
:107740003C3C3C3D1016191FF000F0FF20E023E305
:10775000F0F03C3C60F9181866F0003C08980E9E6A
:107760006024F9240000000000000000028601608F
:1077700000B4424005A65AD001B900A505860AE02A
:1077800000B900A0058600E001B90080A08650F095
:1077900000B00005A08600F000B0008500860094CF
:1077A00001890000A08600F000B300000000A08660
:1077B00000F000B30000A08600F000B30000A08637
:1077C00050F0A0B00080A08600F000B30000A086BA
:1077D00000D000B30000008600E000B30000008687
:1077E00000E000B30000008600E003B00400F0F009
:1077F000F0F000053C3DAAFFAAFF00EF10FFF0F0FB
:10780000F0F000FF00FFFBFF10003C3CFF3CAA2013
:10781000FFFF3C3C3C3CC2FAC3FF000C040428EBD5
:1078200030FFEFEF04455353C0CF000000000000CD
:1078300000000000FFFC00C000000000000CC30CB2
:10784000000000003C3C3C3C00000000FFCF00C0BA
:1078500000000000FFFFFFFF000000007D7D000032
:1078600000000000FFFFFFFF00000000000000001C
:1078700078F0F0F000050005AA3CAAF000FF00FF38
:10788000E8F0F0F000FF04EFFFFF00003F3F3F3F54
:10789000AA20FF007C3CFFFFC3FFC3FF000C0404D1
:1078A00028EB00CFEFAE0404505FC5C50000000414
:1078B000000000000000FFFC00C000000000000C01
:1078C000C30C000000003C3C3CBC00000000FFCFAB
:1078D00000C0000000000000200000000000282878
:1078E0000000000000000000008000000000000018
:1078F0000000F0F0EB2803FF3FFFB2B2F3300CFCC6
:10790000FCFC7D787D780C5CFC5CF0F0BE14CF0C48
:10791000CFCF33CC6699006AFF7E000000000001E3
:107920000080EB41E1E1AEEF04450000000050C3F0
:10793000E100000000000000000000000000000066
:10794000000000003C3C3C3C000000000000000047
:1079500000FF00FF00BE0014000000000000000057
:107960000000003C000000000000000000000000DB
:1079700000000000F0F0EB2803003F00AAAAFF007F
:107980000C0CFC0C2D282D280C5CFC5CF0F0BE14BB
:107990000C0C0CCFCC3399660009FF1D00000000D1
:1079A00000000000EB41C3C3EFEF0404000000003F
:1079B000FAC3E1FF0000000000000000000000002A
:1079C0000000000000003D3C3C3C00008000000046
:1079D000000000FF20FF00BE00140F000FFF00009A
:1079E00000000000003C000000000000000000005B
:1079F0000000000000000000822011000010400084
:107A00000402210110094020100820410202040054
:107A1000040010020400A000A008900300098000E8
:107A20000400800020400002041000000400040054
:107A300004000400110000001100110410001100E6
:107A400091001101110021041040000005000340C5
:107A500000000000080000002000000000000000FE
:107A6000000000000000000002008200880000000A
:107A70000000000004000000200003219000000925
:107A800001000080000801889189018084C0049071
:107A90009103830000000100410005822108028457
:107AA0002005210004029180000003000000010075
:107AB00000000000000000000000000004000200C0
:107AC0000000200000048409A080A08000000000C5
:107AD0000080000000000000000020000000020004
:107AE0000000000000000000000001000300090089
:107AF0000000000000042002000000900911410273
:107B00000004000100010001000084000001800069
:107B100000010000000000000000000000018000E3
:107B2000001100A00000000009200002000000C0B9
:107B30000090001000000000000400C00090000051
:107B4000000000A0000080000020000000010041B3
:107B500000010200020300418041004000030020B8
:107B6000008800000002000000000000C002800049
:107B7000800000210000000000040000C000004060
:107B8000048004210040C0020040041005000208E7
:107B90000220A04000000010000000008400000847
:107BA00020000002000300000011001100900000FE
:107BB0000041001000000021000000210000000032
:107BC0000000000000100020020000800000000201
:107BD00000C00040011001C000C002C0009000843D
:107BE00000800000001000850010000000000380ED
:107BF0000200080000A090000000008000050008BE
:107C00000240109082020008000200109040009094
:107C10000008000000100002000410200000800096
:107C20001005200120200011022008A010A003024E
:107C3000000000A02120001021000010000800001A
:107C400000A000A000C008A0000002100021200831
:107C500002410200800000118040004002020290B8
:107C6000008400000020000000040008008280085A
:107C70008082000003A100000088000000000000D6
:107C800010801190C1001102840082001000109039
:107C90000000008800000000C0009080010910036F
:107CA000200001021008880010101100100011219E
:107CB00008008810C00002800821000000418241B5
:107CC0000000000008000041080084100105028443
:107CD000018083A00903020000402083A0800100EE
:107CE000090940008209A000080020850400000066
:107CF000040302000000004010090000C000102032
:107D00000000090041C020002000100009004000D0
:107D10004000208210000088101100009185400072
:107D2000200004A0100004900304001000408320F1
:107D30008989200041400340200002C00200090858
:107D40001000000010C0080041000800000083106F
:107D50000900102041400000020103000201000060
:107D60008000832020001000208203C0100010003B
:107D700000000000809000008800800002000000E9
:107D80001000080082000000100008200000000021
:107D90000000080008100000080020408400044093
:107DA000C005000801210400830508A0908000A1FF
:107DB00002890810210900000810001002000000CC
:107DC00000000041000000000000880000000000EA
:107DD000048300000080008500000940000001408D
:107DE00000410200048000000011000000040000B7
:107DF0000000000000000200000009000400004034
:107E000000000000900041000240C00040A00310AC
:107E100010000000400803000508008802000484E8
:107E200008A00002101088C0C105909004204001F5
:107E300090000220048405C0000004841000008823
:107E400000000000001000000088008205C00084CF
:107E500004048411208841402000054003081008D4
:107E60000884214004C1900188200504108810A0D6
:107E700000A108A010201082009000000000000067
:107E8000000009001000400000058380030000008E
:107E90001003C005100800C184090000900084117F
:107EA0000100000010058402040810081111C1002F
:107EB00008100211090091211021101111218809C7
:107EC0000000822108059000000000100841000019
:107ED000080001880384000308800105104084091C
:107EE0000000820910091140024020000000081122
:107EF0008800000490000000A00310000002102081
:107F00000000000000000000000010000800000059
:107F10002104020420200000111010008908100222
:107F2000100010824102208283400020C105080118
:107F3000A00204119140020983A12090002000A119
:107F400000840002001041A0000000001104002085
:107F5000089020000920104105000440A0850083FE
:107F6000C14080409005080102200985108404A0CA
:107F700000C00000080010820382C18200880088CF
:107F800000900001110400009004089020000009F6
:107F900000000402C1090000000502040010028074
:107FA0000010200200008400000004C10209040443
:107FB0009020040501900480014004040109828599
:107FC00000200000020000418200001000000000BC
:107FD00000008800000000A100C0000001802020F7
:107FE000A0400285028040C0004001802040000087
:107FF0000100A005000010000003080304030003B3
:10800000000000000010001000002000000085208B
:10801000040821411104028000804000A00083C1B7
:108020000021C085030805418941002141900203D8
:1080300000200020050200000000040000000204EF
:108040001010800802100000000000000000000076
:10805000000000000000000080000000C0000000E0
:10806000A0889082110803900303C005084020A057
:1080700010041008000410411005054100092041BA
:1080800009A08084C1050520000000000000000058
:1080900010019101C100000005040084038208C0A2
:1080A00085058489A14100C1A18805848809014111
:1080B00000010001900100010000040040000000E8
:1080C000A0000100C001000000000000000000004E
:1080D00000000000000000000000080084002000F4
:1080E0009000A00502108211A0049088020484056B
:1080F000001000000101A001010002000000820048
:10810000C0010283208420820041000000000000A2
:10811000000004010208A100A000C100A000A020EE
:1081200010830100200088001004012001020020BB
:1081300000000110000100100001898302010010FD
:1081400083830088004100A10001000000000000BE
:108150000000000000000000000000000089000195
:108160000004018841108203A1089004080085A141
:108170001021C003008201890002010101A000C199
:10818000012000009000C0A1A10083820010000027
:108190000000000020100280A000020291410400B3
:1081A00082800085090082000240020940000280AE
:1081B0004141032120804110108009104008C14036
:1081C0004180A084410010410502054000000000EC
:1081D000000000000000000000000000000010206F
:1081E000041011002021108805414121108221082E
:1081F000089041A0C1820200081005032041400000
:10820000110208080903110505C104059083000047
:108210000000000000000204000204850382004107
:108220008003049000030390809000A1802104004B
:10823000092140214085020403050221200380001A
:10824000030021000000C1100809041004200000F0
:10825000000000000000000000000000000000001E
:1082600080004100208000802041000204418341C1
:10827000894000021010028441200409080383038E
:1082800083040004022020404184000941058383C7
:1082900080000000040080000104000200A020040F
:1082A00000414084000502050009900320850490E8
:1082B000008800C0A0884103200001000100910057
:1082C000C01001A0000208A08300000000004101CE
:1082D000A0000000000000000000000000000000FE
:1082E00000002090010000100482C141080888A00D
:1082F0001108109108042188880808010000010075
:108300000400C0000000010010010090A0028502DE
:1083100088404000000000004000020020080321C7
:108320004182822190100403A040C020200110014E
:1083300040008520A1040800100000900003000800
:1083400000008289A0890083201000200191000094
:1083500000000000000000000000000040000000DD
:108360000000000088401084A0884001020010A096
:10837000A0A00404C19010408208C0A0000401899C
:108380000083000000200103000000008220C002E2
:1083900090000210000000C000000000C121C1A038
:1083A000C041918000830020808800808880410443
:1083B00010100500908004111102050000000085D6
:1083C0000020001180908002002080801000200496
:1083D000101041000000000000000000000000003C
:1083E0000000000000000000000000800003C11138
:1083F00005A19020A180A004828540C02080038038
:10840000404102100300100020832020200085102E
:10841000418511020480000000800000000000007F
:1084200000000000008800000000000021818200A0
:10843000001300000A0000840013C20000000000C6
:108440000013C200820000000013C2000A480000AE
:108450000013C200820000000000000000000000C5
:10846000000000000000000000000013C2000048EF
:1084700000000013C200004800000013C20000000A
:1084800000000013C200000000000013C200420000
:10849000810000130000008400000000C200000002
:1084A0003F003FFFABA82828000000000F7DC3005D
:1084B00004FE343E3CFF7F7F7D807D000000000095
:1084C00000000000000000080000000000000000A4
:1084D000303F5F5F0CD7CFD70000000000000000E6
:1084E000000000000000000000000000000000008C
:1084F00000000CFC0CFC303FF5F50D3DCDFD2D2DA5
:108500002D2D0CCF0CCF3C3C00FF3437F4F73C0F43
:108510003C0F55FF2D2D0F3C55FF000000000000C3
:108520000000300030FFABA8EBEB000000000F4173
:10853000C30004FE343E3CFF7D7D7DFF7D5F0F0068
:108540000A0A000000000000000000000000000017
:108550000000303F50500C14CF1400000000000009
:10856000000000000000000000000000000000000B
:10857000000000000505F5F5303F05050131C1F1AA
:1085800000AA55FF41417D7D55550F0F0407C4C713
:10859000550055FF00AA2D2D0F3C5500000000008E
:1085A00000000000FB10FF0055555555000000006D
:1085B000AA3CAA3CFFFFF330828283D308085D0DFA
:1085C000C0B8E2FC0000FFFF000000000000000057
:1085D0005500554DEBF3EB30FCFC0C0C000000009B
:1085E000000000000000000000000000000000008B
:1085F0000000C0CFC3C3FFB23CB23CFFF0AAB2B28E
:10860000FFC3FA0AFA0AF57DA07DAFAFA0A0F5A0DE
:10861000F5A0FFAA5500FE5EF4547F2F75250000DB
:10862000000000000000FF00FF00C3C305F50000CC
:108630000000AAF0AAF00000F330D7D783D30808CF
:108640005D08E230F3B800A0FFDF2000000000006A
:10865000000055FF554D28F32830AFA0AFA0000013
:10866000000000000000000000000000000000000A
:1086700000000000C0CFC3C3C3B200B23C00F0AAE8
:10868000B2B23C003F3F3030F528A0283F303F30A9
:10869000BEBE1414B4B4B4B4AE0EA4047A2A7020CE
:1086A00000000000000000000186026000B0000031
:1086B0000086006000B9008000A602C001B80080FA
:1086C000008600F400B00000A0865AF0A0B8008533
:1086D000A08600F000A00005A08600F000B3000016
:1086E000000000000000000000000000000000008A
:1086F0000000A08650F0A0900005A08600F000B316
:108700000000A08600F000B30000A08600F000B3D7
:108710000000A08600F000B30000008600E0019396
:10872000000000000010A0000000F3B230B24302CD
:108730004100FF08F700033F0A5FFFFC030044000D
:10874000004433CCCC33303FFFFF0000000000007A
:108750000000FFFF0000C3C3C3C30000000000000F
:108760000000000000000000000000000000000009
:10877000000000003C3C3C3C41C37DFFFFFFFFFF8D
:108780003C3C3C3CF0F0F0F03C3C3C3C0000000049
:108790000000000000000000000000000000FFFFDB
:1087A0008282D7D70000000000000000F3B230B290
:1087B000FFBEFDBCFF00FF00033F0A5FFF0CF3009C
:1087C0008800008833CCCC330000CFC0000000000C
:1087D00000000000BE14BE14CFC0AAAA0000000012
:1087E0000000000000000000000000000000000089
:1087F0000000000000003C3C3CBC00823CBE00008D
:1088000002003C3C3CBCF0F2F0F03C7C3C3C000004
:108810000000000000000000000000000000000157
:10882000FFBEC387C38700000000000000000000F7
:10883000000003820082FBBA51101C1FDCDF3535BB
:10884000303F00FF0F0F33CCCC330000000000009E
:108850000000000000000000000070707F7F00003A
:108860000000000000000000000000000000000008
:1088700000000000000000000000000000000000F8
:108880003C3C3C7C3CBC3C3C3C3C3C3C0F0F0F0F1C
:1088900000000000000000000000000000000000D8
:1088A00000000000A0C303AA0000000000000000B8
:1088B00000000000FFBEFCBEFBBA51101013D0D365
:1088C000555500FF00FF0F0FCC3333CC00000000E4
:1088D00000000000000000000000000040404F4F7A
:1088E0000000000000000000000000000000000088
:1088F0000000000000000000000000000000000078
:1089000000003C3C3C3C3C3C3C3C3C3E3C3C0F2F57
:108910000F0F000000000000000000000000000039
:108920000000A0004000AFC3F3AA00000000000058
:108930000000000000000000000000000000000037
:108940000000000000000000000000000000000027
:108950000000000000000000000000000000000017
:108960000000000000000000000000000000000007
:1089700000000000000000000000000000000000F7
:1089800000000000000000000000000000000000E7
:1089900000000000000000000000000000000000D7
:1089A00000000000000000000000000000000000C7
:1089B00000000000008211100010030002001000EF
:1089C0000000000304008400400000001188200023
:1089D000200020000000840091000408040004002E
:1089E0000900040400000400030010902041044129
:1089F0000040201100001100040082012000080046
:108A000010200000200020008000000000008000F6
:108A100080000000A0008000000000000400800032
:108A20000000000000000000000000000000000046
:108A3000000000000000C00390002040A00590004E
:108A40000000000000C040000500000040000009D8
:108A500001000100880000410400040501008900B4
:108A6000910088000100880001008200000001C020
:108A700000C08283839000000000000410080400FE
:108A80000400008400000100010004000000000058
:108A9000200020000200050020000000000020004F
:108AA00004000000000000000000000000000000C2
:108AB000000000000000880000000805100104020A
:108AC0000004001004000041400040010088110231
:108AD0000001048300900020100910000000000233
:108AE0000000400008848904008241000082C184A3
:108AF000002082410001801100C080048009802193
:108B00008021001000210005082000000000000165
:108B100080000000000000A00040000800000000ED
:108B200000C0000100010020000000010001000061
:108B3000000000000000050082840008048210404C
:108B40000090001040400220A08200080040000277
:108B5000084000402102000900210002000200201C
:108B60008810002000090000208200082000C000BA
:108B70000403048803A0002008C00000042104A00E
:108B8000048204A0000800A000C0009000100005AE
:108B90000020040000080000000800C100000000E0
:108BA00000080041000200200080001000020020A8
:108BB000000000000000000000004100004000082C
:108BC000020000020020000000021020104090006F
:108BD0001040100010400308080408C000100010E6
:108BE000000400848020000405080010200200100A
:108BF0001090004002000390101000040000054097
:108C000010820000001000C0800000400010000230
:108C10000020092000000300100011C0000040A047
:108C200082C000002002000000000040042000007C
:108C30000001000000000000000000000000100023
:108C400090001000A0100000000000002080A08014
:108C500002001080000010C00000000000000000B2
:108C6000102008090000040000800405C0000180F5
:108C7000C000000000830100000900A10080000086
:108C800000001000C0000800000004001000840074
:108C900000804000100008211000A009040000031B
:108CA0000800201100001100082110000000010040
:108CB000C00300208200000000004000000000000F
:108CC000000020C1022009004020418840081020F7
:108CD0000004C1001000024109404104000082006C
:108CE0000209411000001008001090000400020169
:108CF000041110000211080100000800080000859E
:108D000000008205002080000501038210002082FF
:108D100010000300030000001002412003014188FD
:108D200080000400000004010204000000000000B4
:108D3000000011000000000000000000008400009E
:108D4000000082054040900520100002080002004B
:108D50008810080002202000A14090101010880008
:108D60000400820282000411902110092010A10049
:108D70008420010400000420C0200009200091008C
:108D8000082000804020008804102004001000000B
:108D900001090000C008001088090000008090044C
:108DA0000400041101002000090484100041A00007
:108DB00000110011000084090000000000000005FF
:108DC0000200020000020004400004A0000820008D
:108DD00011200040004000001000C120118804084C
:108DE00020A021100502000004100240418821202B
:108DF00000C003888802090404004100808408C080
:108E0000201003020000C0C00390020011080000FF
:108E100009400800000400001000040000200020A9
:108E200009C02088009021200304100008100005CC
:108E300000C104000420000800000000002002001F
:108E400000C000000200C008C08800000008000048
:108E500000000880008010A010031003028040086A
:108E600001801108000300880000C1210083000870
:108E70000080840500000400002001210041200042
:108E80000000C1801000000005000000000000008C
:108E900000110000C02084C000020011110900C1AF
:108EA00008A0C0038509C000108010800400880954
:108EB00090840820910000801020004000000211E2
:108EC00002000010000010000088030400102103BD
:108ED0002000100000840002038408000940000004
:108EE00011C020C0A110002004000000414088C033
:108EF0002102080808A1000805401120004041880F
:108F000002A0080091042110000040200490A10854
:108F10002021020000001040080003838090100010
:108F2000000011040088A14110832004410020C1E9
:108F300041090320210020000000800400200020BF
:108F4000202002000091210020000010008000106D
:108F500000C0010200028804408800108409C0801B
:108F600000200008210502004088900000090080D0
:108F700004040008821088209021C004048010009E
:108F80008200091000002010882100000588890453
:108F90001080008401210010A0050000840204005C
:108FA0001000400000C100002020000400C10000AB
:108FB0000120900410808800200010044000000070
:108FC00000410000000000080005850000040009C1
:108FD000000000009020004010402040029100213D
:108FE00000C0118400899141880200048511042089
:108FF000C00802088010040900080341080810088E
:109000008008110800800800000000800000800334
:1090100020041005000800000300030000000909F7
:1090200000088009400500000800A00000000000C2
:10903000050080008000032108020002C00304092B
:109040002110002104020009801111400040A000FD
:109050000801000000000900840001010900A102CC
:109060000091001090080008A001C000000010004E
:1090700000004100010184010101200101010800FB
:10908000000002010001108200A0000000C00000EA
:1090900040C1411105910009000004C0A1C000C0F9
:1090A00000000000100000000000000005000000AB
:1090B0000000000040000800A0010000820009003C
:1090C00000000001A00000000000080000000000F7
:1090D0008200858908A084A0114010018810080131
:1090E00004008485109088010300100008C0100857
:1090F000040009A1A105C00001A000210102010096
:1091000000C0008901410100A040040110829008C4
:109110000000090005C18900C0830800C0011000DB
:1091200082C0000000090090000100A0000000C003
:10913000000100C00000000800010010000300C092
:109140000000010001820002000100000000000098
:1091500001000400A1A18205820089808903118099
:10916000910389008803C010040382208203C10098
:1091700082C0080010080202A040110008100880F8
:109180000921080009414182021100848003000086
:1091900080C000008410A0C1900091090010002040
:1091A00080008088110040C14003022000000004BC
:1091B00000800003000000110000004104800390C3
:1091C00011841003210040212121214110000800B9
:1091D000400010002180008000004100C00800080D
:1091E0000382A008C0080004038441040800C000F2
:1091F000020000800311094108098888101141020A
:1092000011098410A1404008090240088080000034
:109210000800008000004184000400098984008067
:10922000800084808000900920082009900280003E
:10923000048040000000000000000800000082419F
:10924000040904101020A041201002212121100047
:109250000000000008000110001000900104030449
:1092600000A001850320834100000110418200A07D
:109270008810852000104190008800C01004000074
:10928000000100000800059001A000A12140A010ED
:109290009002110802880000011008A0A008908820
:1092A0000090100208408810C10100010100020175
:1092B000100001100090409002000000000000002B
:1092C0001001000001011101210101000100000055
:1092D00000900010004001400905C002050909A1E5
:1092E00001880001000000002001010910010904AB
:1092F00040208883200190080000008800000000C2
:1093000000100141000100000010004100000101B7
:109310008288C084401010A00000C001A105900008
:10932000081008038490100804A00188009001012F
:109330000000009000A00000000000A0008400A039
:109340000000010000C100A100000020000000009A
:109350000000001000030000000008211005028238
:1093600010880340002102100011891021888421F7
:109370000800000080A000200080050040A111032B
:109380000500110040031102104011801104100863
:1093900010088010000080008000000082414041E1
:1093A000024080808020000080808009210009091F
:1093B00008021121000000800000000000000000F1
:1093C000000000004000102004100300048011047D
:1093D00009082100008000840008000000820000CD
:1093E000C200000000000013C2001242000000137F
:1093F0000000124200000013C20009000000001328
:109400000000810000000013C20011600000001382
:10941000C200000000000013C20082000000000033
:109420000013C200000000000013C200008400000E
:109430000013C200000000000013C20000840000FE
:109440000013C200000000000013C2000000000072
:1094500000130000000000000000C2000000F0F057
:10946000F0F0000000000F0F000003C003C0020274
:10947000F202424200960000000000000000BFB966
:109480002F292727FF3C0000000000000003BD2417
:109490006F6FFF2D662D000000000000000000002F
:1094A000F0FF0FFF000000C00000000000000000FF
:1094B0003CFF0F66FF1E991E000000000000000028
:1094C0000000000000000000E724E7246FBD09BD94
:1094D000EFCB6E4A3CFF0F6600000000000000006A
:1094E00024200020000000000F0F000000006699FB
:1094F000010101F1818100960000000000000000E0
:10950000B6B026202727C30000000300000000009B
:10951000BD240909992D002D000000000000000065
:109520000000FFF0FF0F000000C00000000000007E
:1095300000003C000F66661E001E000000000000D8
:1095400000000000000000000000CFCF0C0C6F24D2
:109550000924AD892C083C000F66000000000000C3
:1095600000000000000000000000000000000000FB
:1095700000000000000000000000000000000000EB
:1095800000000000000000000000000000000000DB
:1095900000000000000000000000000000000000CB
:1095A00000000000000000000000000000000000BB
:1095B00000000000000000000000000000000000AB
:1095C000000000000000000000000000000000009B
:1095D000000000000000000000000000000000008B
:1095E000000000000000999909090D094940D04088
:1095F000000011226A42280005050000F0F030F357
:10960000FFFFFFDF7E7E90F63CE4FFE4C0C3000076
:1096100000818181787899FFA1E3B9FB0000000007
:109620000000000000000200FFFF1F009F0000007C
:109630000000000000000CFC6F6F7E7E90F60000C2
:109640000000000000000000000000000000C2DA7E
:10965000E6FE0CFC0CFC0E9E6EFE66FFF03C323EFD
:10966000F2FE003066760000009909090F0F0B0228
:10967000920211220000A98128000505996600FFC9
:1096800030F3FFFFFFFF181890F600E4C3E4F6F68E
:10969000000090999099787800662062387A0000EE
:1096A00000000000000000000000FDFD10009F0011
:1096B00000000000000000000CFC6060181890F62C
:1096C000000000000000000000000000000000009A
:1096D0008098A4BC0606F6F6089868F86600F03C88
:1096E000020EC2CE0000000000867C6C00B0086054
:1096F000A087096000B008000086002000901000DC
:10970000008650B0A0900080008600E000B300000A
:10971000008600F000B80000A08600F000B3000052
:10972000A0860030A0B00005000001860A900088E5
:109730000000008600B0A0900005A08600F000B3F5
:109740000000A08650F0A0B00005A08650F0A0B0A8
:109750000005A08600F000B30000008600E000B322
:1097600000000086027000B00000FFC0FFCF00FFC5
:10977000033F00000000000005003F3F30303C0088
:109780003CFF0F000C0C4B00EB00000000003028E9
:109790003F7D0000000000000000000000003FCFFF
:1097A000FCF3AAF0FF3C3FFCCFF30000050C0F0CCC
:1097B00020202A2000000000F100F300000000003B
:1097C00000000000000000000005A0A5000000004F
:1097D0000000000000000000000000000000000089
:1097E00000000000000000003CFF550F3F0030006B
:1097F0000F0F033F00000000000014003F3F303017
:109800003C003CFF0A0A0C0C0A00EB0000000000C0
:1098100030283F7D00000000000000000000000034
:109820003FCFFCF3AAF0003C3FFCCFF30000050C57
:10983000000C202A2A2A0FFF0CAA0100F3000000C6
:10984000000000000000000000000005A0A50000CE
:109850000000000000000000000000000000000008
:10986000000000000000000000003C00550F000058
:109870000000553C553C00000000FFFFFFFF3F305B
:10988000C0CF00880044AAAAFFFF000000800000AB
:1098900000003FFCCFF300000000000000000000CB
:1098A000000000000000FFAA55008070020D0000BB
:1098B000030F0A0A5050C0C0000000000000F3FF70
:1098C0000000000000000000000000000000000098
:1098D0000000000000000000000000000000000088
:1098E0000000000000000000000000000000000078
:1098F000000000000F000FFF00000000F3F3F30072
:109900003F30C0CF88004400AAAA000000000080B9
:10991000000000003FFCCFF300000000000000004A
:109920000000000000000000BEBE1414D020070894
:109930000000000C0A0A505000F000800080002057
:10994000F3FF000000000000000000000000000025
:109950000000000000000000000000000000000007
:1099600000000000000000000000000000000000F7
:1099700000000200404008001101004100090200FF
:10998000A0018401044020418003800120A08009BF
:109990008501A000040000820400910300208504DA
:1099A0000208040084011100A02100000000100042
:1099B0000440000009020000A0000300A000800095
:1099C000040084008000112004008900800220002F
:1099D00080000020000000000500000000000000E2
:1099E000000404040000000000000000000000006B
:1099F00000010000040005802004204000C02082F7
:109A00000100100805400080C04040C00402010071
:109A100002C0100820008300400000002082008067
:109A2000040000000004052002000584000000007E
:109A3000010090800000008004001100000005007B
:109A400004000100040004000082030004002080E0
:109A50008200020000800000000000000000000002
:109A60000000000004800000000000000000000072
:109A70000000002000000910008420400284001033
:109A80000903808410000001000900018002000227
:109A900008010001000100C10000000100050003F1
:109AA0000082000000000000000000000090404024
:109AB00000418041822000C040820002000000017D
:109AC000001100820084000000000000000100116D
:109AD00000000000000000100001000000209000C5
:109AE000002100010021002000010000002000A151
:109AF000000100030001000000100021009001207F
:109B0000001000820200012082409088204040A185
:109B10000080000204400040C0020010004082406B
:109B20000082000004000000002104050400001071
:109B300001C100A0208821910000011000A10005B2
:109B40000040000200100000A003002100000404F7
:109B5000000800082000000004000002000000804F
:109B6000080800A0002000A0009000040000008071
:109B700000200004008400040008108400A000A05D
:109B800000840202000010210208808410088391E2
:109B90000240008200400040100890A00000050331
:109BA00000104010410505000804001004210000C9
:109BB000A0058002800080088040000000A0000016
:109BC000809000000508001010002100000810021D
:109BD00088001084009100844100080041088241FF
:109BE000800002411000410400041005050310002C
:109BF000000520042000000100012004C000000036
:109C000000200005111002004020C1C10221019076
:109C10002008219020208480908001C04021844031
:109C20009020040501040020084100212040018407
:109C30000800218404C10402101104A100000005E1
:109C40000800102100000041002000200009000051
:109C500088A0200800030804000000000000080598
:109C60000390040091A0840084C110A1C0A00082D0
:109C70000000408801800100000400040180000110
:109C80000200020021400200110005001040000007
:109C9000100821010408A00041000801210008A1CA
:109CA0001000080008000800040008000840050033
:109CB000044000A0A00903821000050185400000B7
:109CC000050002001001044041400910411041000C
:109CD000100010008300100005080400100011009F
:109CE0000000080102000000000100000000100058
:109CF000840000000801000040A0000000000000F7
:109D00000040A0000100108000002000C00085413C
:109D10000811C08000400800054000040010000445
:109D20004002000000100041000000000800008513
:109D3000001109410041052000100011000402C17A
:109D400000000009000801080105000000100008DB
:109D50000010000000080200C00000002104000004
:109D60000000100009400100100000200000000465
:109D700000000420000000080000010000000000B6
:109D8000C0210001001008C0052085A000408340CC
:109D9000080085842001080520410808040000020D
:109DA000081000088802040002088008051021201D
:109DB00005102082A00520008821202000C0040179
:109DC000028900000540410004054104108303009E
:109DD00020000408C1901020040010044102022059
:109DE0000410050000840811110400C000A0808246
:109DF000A00810000503040000012100001040002D
:109E0000001040888840C002100208000210088537
:109E10001005880510104002204008C090109002E4
:109E200004108408880204051100C00540000420C5
:109E300040000005044121A0000504A00082C005E7
:109E40000308010400000002824083881091A020D2
:109E5000A0042020892104101080032010A100906C
:109E6000028403200000002001C010020040C00056
:109E7000200420091000008401001004100040009C
:109E8000000500058805200002008240884021C0AE
:109E90000084000811C002882088418402401140DB
:109EA000118402A010852010208220C003820202AB
:109EB000009041C02182000882210804840503002B
:109EC00000C0002041210000108441888301C1208E
:109ED00040104108041000000390108205C08490D7
:109EE0001100411000C04182200483A00084048836
:109EF00003880920002100844010004041080084AC
:109F000000000084000080000000080003C003106F
:109F10000010020082841000010409001000018476
:109F2000C091880200101040830500410008020023
:109F3000A085A020000008050004048400102184EE
:109F400000000003C08000C00000004100110408B0
:109F50002090010000118500024000200000000850
:109F60002105000000000841A04101800800000018
:109F700009000000008088A0844001200000828049
:109F800000000010100000000200800490912108E1
:109F900000100000080010004000800382400910FB
:109FA00009900880090004000080C12000400405D9
:109FB00040052003881040094103028589020041C1
:109FC0000980918000008900C1800000200000000D
:109FD0001000200040400010004020088000400099
:109FE00000000000404000058040082103202002BE
:109FF00085214102000020000880000008808200C6
:10A00000110000804000820004000300409008021C
:10A0100001110020004000C001049008A021118916
:10A020008801018408820190218200C02100000083
:10A030008800000001001101890100000509108459
:10A04000A00500048802841021C084840000000060
:10A050000000200003000101000120010100200098
:10A060000100820000000101000040010200000127
:10A070000900400000000082201002C09004820805
:10A0800008908882001005000900A000020001006D
:10A0900001040301C1090801A101A11002C10020AE
:10A0A00010888340034111A0C1000300C102109039
:10A0B0004089C08284010000009100040001040175
:10A0C0002010052041009020A00002088484000098
:10A0D000000001000184000101080183001001005B
:10A0E0000982050105101101414091C11089040048
:10A0F000C000208310C109210400C001080810110C
:10A10000A00182001020084111008400C11002014A
:10A1100005202000050241101104404088808885F8
:10A1200000A08080408089C1C0004021080040001C
:10A13000200083412140A1024000200841A121418B
:10A14000024089800583A00000880000008080898B
:10A1500000000400210008800903408021C140A0C4
:10A160000202A080A0100880830488002041110909
:10A170004002401002A103C010A000050010808022
:10A1800000028002000280000041080040410500FA
:10A190000340C0C100400490C1000083000205C01C
:10A1A0000005080000104041089000C041008000F8
:10A1B00000A0A1090440104140108540219008A052
:10A1C0001010021080848084104100C083C00820D9
:10A1D0008085000000050000008300831008080847
:10A1E0004002090300004000020080008810044083
:10A1F0004020890310090082402004820000800072
:10A200009080008000218040080000058088400484
:10A2100002200010031000830084038800080889CE
:10A22000A0A0880300A0001101038309041084C0CA
:10A230000288004121900110010240A120910003F9
:10A2400001020141000204094084000400A10989BF
:10A25000C021A0020000000400C000084005410029
:10A260000100010108000000000000008200090157
:10A2700001010100A00041040008018200820008E1
:10A28000A01041080088C0880821401000820811F1
:10A290000008010800118300C0214000A0008400D4
:10A2A0009001A001100884048420A100A0008889E6
:10A2B0000404840184C101400182000100C0010046
:10A2C000008300030100854108C0030004834000AF
:10A2D0000290024002040000000000900001000013
:10A2E00000880103010001000000000400010001DA
:10A2F0000110010301890101821089408890200822
:10A300000401884004000808080882A082000208AE
:10A3100000A0000400000082C10088851011000028
:10A3200080050041002080008880412089020000D3
:10A330000090800480208090208210C00321400083
:10A340000900419040101000C1C08400021002902A
:10A35000002080000080000000000000000000409D
:10A3600000001180208908032000000000830040C5
:10A370000040218040C010201009829121820202F9
:10A3800040910041808080000000008900000000B2
:10A39000800000100090000200800000000000001B
:10A3A0000000000000130000000000000013C200C5
:10A3B000000000000013C200000000000013C200F3
:10A3C000820000000013C200820012420013C2008B
:10A3D000005000000013C2000A000000000000133B
:10A3E000C200008400000013C200420000000013FD
:10A3F000C200414800000013C2000000000000132A
:10A40000C200820000000013C20000000000001320
:10A41000C200000000000013C20000880000555573
:10A42000000C000C000000000000300CFFFF0FF0DB
:10A43000F0FFFFF0000000003C3C555516573E7FF2
:10A4400005F505F54D4D4D4D303F5F5F053DFFFF77
:10A4500005FF3DFF000000003C3E3C3E00000000C8
:10A4600000007D7D4141CF14CFD728287D7D00009D
:10A4700000000000000055FF3C0F70757A7F05F565
:10A48000FCFC0CFCF5F500000000000000000000E2
:10A4900000000808A8A8000000003C3C555500003A
:10A4A0000555000C000C000000000000C0030FF078
:10A4B000FFFF0FFFFF0F000000003C3C555502431B
:10A4C0002A6B30303F3F003CC3FF303F5050053DCA
:10A4D000053D05053D3D000000003C3EFF7F0000BE
:10A4E000000000003CFF00C30C140CD705AF05AF03
:10A4F000000000000000000055003C0F20252A2F1E
:10A5000005F50C0C0CFC0505000000000000000027
:10A51000000000000808A8A80000000000FF0F0FBE
:10A52000C300B2B2BFBAFFAA00000000FF00FF00E4
:10A530003CFFF0AA55AAFFFF00000000FF00FF004B
:10A540007DF528F5FF55AA00FABE50BEFDD5BC9496
:10A55000FFFFFFA0FF3CFF300000000000000000F4
:10A56000000000000000C0C003003F3FFA0AFECE1A
:10A57000F2C200000000CFF3FFBEAFAFFC0CBFB5CE
:10A580001F15E8FFE8C33F303F3000000000000027
:10A590000000000000000000000000000000B4B453
:10A5A000B4B40000B2B23F30000000000000BF8031
:10A5B000FF003C00F0AAFFFF55AA00000000FF00CA
:10A5C0007F207DA028A078787878FA145014E9C10B
:10A5D000A880FFFF0000FF3CFF000000000000001B
:10A5E0000000000000000000000003003030FA0A04
:10A5F0003E0E3202000000003FFCFFBEA0A0FC0C9B
:10A60000BAB01A10E83CE800FAFA0A0A00000000A2
:10A61000000000000000000000000000000000003A
:10A62000FFAA55000086006000B000800086006030
:10A6300000B0008000860AE0A0B00085A0865060CF
:10A6400000B80080A08600F000B30000A08600F0F3
:10A6500000B30000008600B401900000008600F006
:10A66000A0B800050000008600F000B90085A086B3
:10A6700000F000B30000008600F0A0B000A5A086A6
:10A6800000F000B30000A08600F0009300000086F8
:10A690005090A0800005A086009000880005A0864C
:10A6A00050F0A0A80085173FFFD7C3C3C3C3000065
:10A6B00002F235353C556009000000000100000041
:10A6C0000000287D303F0000000014D705F5000091
:10A6D00000002D2DAAFFFFFFF8000CFF3CFFACACE3
:10A6E000ACAC00000004000000000000000180810C
:10A6F000000000000000000000000000000000005A
:10A7000000000000000000000C0CF0FF034141C3FA
:10A710004141C0C000000000FF2020200404043C90
:10A720000000000000000080D7FF3F17C3C3CAC36A
:10A730000000020235353C550000600900000000B1
:10A7400030C00C03287D303F0000000014D705F511
:10A75000000000002D2D0055FFFFF80000FF3CFF1A
:10A76000FFF00F00000000000000000000000001EA
:10A7700080810000000000000000000000000000D8
:10A78000000000000000000000000A0AF0FF034182
:10A790004100C300C0C03C0A3CFA000000000000B9
:10A7A000003C000000000000000033333CC3000008
:10A7B000FF00FFFF00000F5F3F7FFFC33C00000F63
:10A7C000FF0FDB7EFFFFFEFFFFFF00000000000F1A
:10A7D000FF0F0000000000000000FFFFBA300C5D1A
:10A7E000FFFF3800180014000555000000000000AD
:10A7F0000000000000000000000000000000000059
:10A80000FFF30C0000000000F0F0F0C300000000B7
:10A8100055555555030A0F0F28AA28A0FF202020C0
:10A8200000051415000000000000000033333CC395
:10A830000000FF00FBFF080000553C7DFFC33C000B
:10A84000000FFF0FDB7EFFF004000000000000009F
:10A850003C553C550000000000000000BA30BA3002
:10A860000C5D0C5D280008001400050000000000CD
:10A8700000000000000000000000000000000000D8
:10A880000000FFF30C0000000000F0F0F0C3000037
:10A8900000005555D555030A0000280028A00000E7
:10A8A0000000000014140000000000200000100050
:10A8B00000084002020004000000030010A0041081
:10A8C00002A0040090C01005820180A110010000C8
:10A8D000000000008408000090000000C02000007C
:10A8E00000008408040000880000840004000000C8
:10A8F000004002000404040000000400A00004045E
:10A90000800011000400030000208000000000010E
:10A910000082000000000001000000000000008430
:10A9200000002000040011200000000000002000B2
:10A93000A100A08000000100000000004000A12153
:10A940000000000020001100018221022008010205
:10A95000A000000000002100A00011000000410044
:10A960000000000004022100000000002100A100FE
:10A97000000000800000018021002000000005038D
:10A9800000800400000082004000C080040000003D
:10A990000020000000000000002000000000000077
:10A9A0000000000091000000008000000000000096
:10A9B0000100000100830000400800000000008248
:10A9C0000020410800100000024180028001900038
:10A9D000800000000000000180900091C00800018C
:10A9E000900800010002104010000091000080005B
:10A9F00011C000C0410100022000000000820010D0
:10AA00000000000400A00000000000000000800121
:10AA10000000800400000000000000000000800131
:10AA2000000004200008000000000000009000006A
:10AA300000080000040800080410A04100210010D4
:10AA40000041001000100002001103824090100825
:10AA500003090221000082000040204100084188D3
:10AA60000040411000020002008000000040900001
:10AA700002099008000000400000000000020003EE
:10AA80000000000004200008000000000008002171
:10AA90002004A00020900010000000000021001001
:10AAA0000420000005800010900000080000000055
:10AAB00000000008000880C10009880000100000A4
:10AAC0000202001008020040210082418209004079
:10AAD000900009109008802000040508210100C0A2
:10AAE000100308040084090209080500040808107E
:10AAF0001102080485100000C0410282412000C1FB
:10AB0000218400C0000005C04111800105A008009B
:10AB100004C00482000180000082100000A18000B7
:10AB200000030000100011004100900041000410DB
:10AB30000200200020002100100800884040000092
:10AB40009000012008410041881000041008118283
:10AB500000834100C000418810109085100010044F
:10AB6000C010010811C010001008000000000121F1
:10AB7000900200800080200800000340080000A12F
:10AB800084040041004084000000002020040041B3
:10AB9000C0214100000000200400A0008400000447
:10ABA00002000082000000400409902020200800DC
:10ABB000010200210100830504402102034002C07C
:10ABC00010002100411090200040050100A18000EC
:10ABD000A141100283011003214010082000050844
:10ABE00021011000C0080901C0020002000021007C
:10ABF0000800000000000300000000000200200028
:10AC000009010200050010000000000000082100FA
:10AC1000410010004100030410000204090010006C
:10AC2000200004000000002000001000000041018E
:10AC3000000000820000000000000000A009C00029
:10AC4000C011A009C000C0200208A040044000407C
:10AC5000020040C090914002898802828400010075
:10AC600088000004000841850804118000001000DD
:10AC70000000C0020009C0080000000400009100AC
:10AC8000002000041000001020000000100800093F
:10AC900082000000000400000080A00008C1000045
:10ACA000000001000000C003008000001000000050
:10ACB00090028200A00000008200A0118400804168
:10ACC000100021C02184080002080300100802209F
:10ACD00040902184008804880540000889101110E4
:10ACE00000022108C1840002400800014000111048
:10ACF0000008000005100000000011080501000018
:10AD0000001100880088821100000000C1042000AA
:10AD1000008800000310050200000020858810A0B4
:10AD20000000C1004102101100820400000204086A
:10AD3000114000080800090020000900009021824D
:10AD40001008002100080011001001000003400558
:10AD500000410405A009000990114089000020006D
:10AD60000000080000000410000000800004014002
:10AD700010009009C0201000900084090400000415
:10AD800000000040A000A000212000000003048873
:10AD90000309000000210005C0080000008304082A
:10ADA0009000080340111000882000001100C0002E
:10ADB000890090C1000000110408A10000200000DB
:10ADC0009010210021200004838489C02088004144
:10ADD00021A003002000080040084021C00820896D
:10ADE000000500002121090003040088008211826F
:10ADF00040910800400000004100008800A00320AE
:10AE0000102000000484009020844182008800907B
:10AE1000038810A000000388090000880000418218
:10AE2000091011890000030003A020024100000066
:10AE300000820088000200020002100202000000EE
:10AE4000000800002004080420041005020200008D
:10AE500000C000040011100000411102C10421844F
:10AE60000004000200000004A00008009020200060
:10AE7000C00041080020C000004000001008101071
:10AE800000800088000000000000840084090000A9
:10AE9000000088001004204120002000000900006C
:10AEA00000008200004088000000880000000000D0
:10AEB0000000000010000000C011000000000000B1
:10AEC00000000000C00090858405092004080021CE
:10AED00000411105000400C08020000200904003E2
:10AEE000844004854188084110098511831020831E
:10AEF000C02041840802C0032120802108200000D6
:10AF000085008280008000000000000002000080B8
:10AF10000000000080000000000000008000000031
:10AF2000080500118408080400000000200000004B
:10AF3000400300850010021000090080004000401E
:10AF40000802214100404111080985000011040454
:10AF500004A182A1C0C0040404A008C1008200852D
:10AF60000101401189040111010101010200880160
:10AF70000083A1C141042110C000010010000000A5
:10AF80000002050402C000840000008890C0200276
:10AF90000040000000002000000000000000A000B1
:10AFA00000000801000020000000000088002100CF
:10AFB0000000010400080089000500C000C08404EE
:10AFC0000004010100010000210000008282A110A4
:10AFD000C004C100C140038885008300C041A02097
:10AFE000A185A00041080201A105092085011108E1
:10AFF00084C001008408051185C0908220034103AC
:10B0000008010801400090402105000000000000F8
:10B0100000900001000000000040000100840001D9
:10B020000000000000880084019000000000010082
:10B0300000A00100880010030508051101000000B0
:10B040000000000000040020010900000009008049
:10B0500085008204052004800510A011410302032D
:10B060008902208509118800852003829189822028
:10B07000880485800200908041208480058008A19A
:10B080000289A041092003001100C0030000000054
:10B090000000000000100000000000000010000090
:10B0A0000010000000210800040005091000000045
:10B0B0000200040010000900C11010051008200053
:10B0C0000000040004020880218021034004408520
:10B0D0000009008208912102800090C121041080A3
:10B0E000808810842104C00202892005A003030087
:10B0F00000824004822000050505118900400505F5
:10B100000010030508030000C100208000000000BB
:10B110000021002190020041000000000300000017
:10B120000000000000000000001120C00089800421
:10B130000000000010000000404100200290A0101C
:10B14000030000000000A000030800404040080485
:10B150000084A002108510100021A0A008C10004E6
:10B1600001020241C040002082854020040890A1D5
:10B17000014000030104212000888389C005008567
:10B18000900000010000830020904188C08420903E
:10B1900000000090C00003009008000000000000C4
:10B1A0000000000000000000000000020005001088
:10B1B0000288000000840104A00001041005058538
:10B1C0004111010000001000080001000000010012
:10B1D0000000A110100120019000050503C14001ED
:10B1E0000802C01083C19100A089A18420018201BE
:10B1F0000390900004A1C1010408024185020501E9
:10B20000A008010000000001008408050421C0011D
:10B210000840000000000002000000000000009054
:10B2200000000000000000200000000000080100F5
:10B230000000000000200041000200008591111173
:10B24000050101040000000900000000018801035D
:10B250000000010010008841C01009028221C005D1
:10B26000040200000520200441024111A1C1A110E7
:10B2700005404003080009C0400820808205408541
:10B28000094002852100110540104000008800049B
:10B2900000088000000000000080000000000000A6
:10B2A000000000000000000000000000000003009B
:10B2B0002000040011000000008800000000C1030D
:10B2C000C0C110201000000000400010000002006B
:10B2D00004904011400000000000000082000000C7
:10B2E00000000000000000000000000082000000DC
:10B2F0000000C200210000000013C2004200000054
:10B300000000C20000000000001300000600000062
:10B310000013C2000084000000000013C2000000FF
:10B3200000000013C200000000000013C200000073
:10B3300000810013C200000000000013C2000000E2
:10B34000410000130000810000000013C200420011
:10B3500000000000C2004141FFFFFFFF3E00060069
:10B36000FF0000003C00000066FF00FF0F0000002F
:10B37000FF3EFF063C0F66FF0000000800000000D3
:10B38000FEFFFFFFFFFF3F30FF003C3CFF4E3C4E07
:10B390000000000000000000000000000000C3F0FA
:10B3A000F0F00000000000000000000000000000BD
:10B3B00000007F0F3C006F6E0F0C000000000000CB
:10B3C0000000F7F437343C0FFF6600000000000077
:10B3D00000002624060026062400FFFFF3FF3C00A1
:10B3E00000006F0000003C000000363F303F0F00BF
:10B3F00000003E3E06063C0F660000000008000903
:10B400000000FFFFFFFFFFFF36360F0F6666C34EDB
:10B41000004E0000000000000000000000000000DE
:10B42000C3F0F0F000000000000000000000000089
:10B43000000000007E003C000C0C0C0C0000000022
:10B4400000000000C7C407043C0F006600000000B5
:10B450000000000006000600240024000000000098
:10B4600000000000000000000000000000000000DC
:10B4700000000000000000000000000000000000CC
:10B4800000000000000000000000000000000000BC
:10B4900000000000000000000000000000000000AC
:10B4A000000000000000000000000000000000009C
:10B4B000000000000000000000000000000000008C
:10B4C000000000000000000000000000000000007C
:10B4D000000000000000000000000000000020FF4D
:10B4E00000FF66FFFFFF7E7E00C060FF7C7C99004E
:10B4F000FFC000000000303FF6F6FF663CF00000A1
:10B5000000004200C3003C00F000FFFF0F0FF0F00E
:10B510003C3C34B576F7000000002020406000007D
:10B52000000000000000000000000000000000001B
:10B530000000000000000000000CFFFF00FFC0FF43
:10B5400000000000FF9F009070737C7F66F03CFF5E
:10B55000000000003C6666662020206600603C7C9F
:10B5600000FF00FF00FFFFFF424200C060F060F0FC
:10B570009900FF00F0F7F0F3303F060600663CF05C
:10B5800090D2DBDBF000FF003C00F000FFFFDBFFB0
:10B59000666600FF109152D30000000020200020BA
:10B5A000000000000000000000000000000000009B
:10B5B00000000000000000000000000CFFFF00FF82
:10B5C000C0FF00000000FF9F009040434C4F66F01A
:10B5D0003C0000002020000000002020202000006F
:10B5E00000000186006000B000000086006000B02E
:10B5F000000000860C6000B00000A1860A6000B95F
:10B6000000A5008600F000B8000000860A7000B0B7
:10B610000080008600E000B30000008600F0A0B0CB
:10B6200000850000008600F0A0B80005008600F04C
:10B63000A0B00005008650F000B00000008600ECCD
:10B6400000B00000008600F0A0B00080008600205E
:10B6500003930000008600F000B00080000000109E
:10B6600000000000550000000454FFFFB4B4F03C9B
:10B67000000A0000C300B2B2303F000FFEFCBE3C27
:10B680003D3D3DFF080500050F00553CC0C00000D2
:10B69000000A00BE000000000000000070302030F2
:10B6A0001414BEBE000000000000EBEB414100009E
:10B6B000000000000000000000000000000000008A
:10B6C0000000000004FE00000000F0A0F0A0FFFF5A
:10B6D00000F000FF03FF0000000000000000000079
:10B6E000000000000000B4B4B4B4045404FEB4B4C8
:10B6F000F03C003A00000000B2B200000000FAF096
:10B70000AA00050505FF080000000F00553C0000D9
:10B71000C300000A00140000000000000000000048
:10B72000000005AF05AF000000000000FFFF0000B3
:10B730000000000000000000000000000000000009
:10B7400000000000000004FE00000000F0F5F0F52D
:10B75000FFFF000000FF03FF0000000000000000EA
:10B760000000000000000000303030300000000F0A
:10B7700000000000C303C30300AA30FF505F303055
:10B78000ABA8ABA80F5F3F7F00000000000F001FB9
:10B790000000000000FF00FF000000001717003C41
:10B7A000FEFA7C5055FF0F3C000000000000000036
:10B7B0000000000000000000000000000000000089
:10B7C0000000000000000000000000000000000079
:10B7D0000000BEA0AAA00C1C5D5DFFFC03000000E1
:10B7E00000000000000000000000303020200000B9
:10B7F000000F000000404303C30300AA3000505074
:10B800003030FB08FB0800553C7D00000000000FB5
:10B81000001F000A0C00000500550000000017176B
:10B82000003C5050505055000F3C000000080000F4
:10B830000000000000000000000000000000000008
:10B8400000000000000000000000000000000000F8
:10B8500000000000BCA0A0A00C1C0C1C00000000FC
:10B8600000000000000000000000000004020400CE
:10B870002020A01080000420A000200002000488E6
:10B8800091C09008002000028400841020902100C4
:10B890008201040011000484040204000008A1C015
:10B8A00004C021001100110804000400000004007D
:10B8B0002100040000008484040420002000800291
:10B8C0008400040091000000040004000400000053
:10B8D0000000200000010000000011000000000036
:10B8E00000000004040000000000000000009000C0
:10B8F000040090002100100001804100210002009E
:10B90000A00010000380A08000800500050000005A
:10B9100004020340040000000000000000000000DA
:10B9200040000000000000000000000000000000D7
:10B930000000000004000000200000899000A0002A
:10B940002080200000000200000000040000000031
:10B95000000000049000000400000000000000004F
:10B9600000000000000000000000000004000000D3
:10B9700080008008051020040000002000058001E0
:10B98000000100910090808200210000802184212C
:10B99000000100850001000500000000000000001B
:10B9A00000100000001100820008000200000011D9
:10B9B00000C0400000020001000100000000000083
:10B9C0000200001100010000000000000000000063
:10B9D00000040000000100000009000180040000D4
:10B9E00080000000000000000000000000010000D6
:10B9F0000000100002410010018800210090008426
:10BA00000404000800020020101000A0000004A0A0
:10BA100005A00040004000400440A000001090003D
:10BA200000000000A00000C0A02000000080040072
:10BA300004400000010000890002042000030010FF
:10BA4000000001080040000400080002000000009F
:10BA5000000800A10000002082080020004020888B
:10BA600000092000000200000000000000000004A7
:10BA70000000A00080088241C0118204400104211E
:10BA80008005A021000000001008820000211000A5
:10BA900080019001100200108801050800000001DB
:10BAA00041021011000021080001118421000382CD
:10BAB00008000000000000000020050000830001D5
:10BAC0008084890041000004000105004100000855
:10BAD00010041000104005000320050000000002C3
:10BAE00041000520410400400090000009000800CA
:10BAF000100410200004109003C0024003801008BE
:10BB000085A020842184000084000290104000A0C1
:10BB1000C1000420052009110000020208000010E5
:10BB20000002C08000400000100008021010002138
:10BB30000800100300210000C02100C10000100215
:10BB4000000420004000100300801002820010005A
:10BB5000C000108010000040044110919010C000FF
:10BB600088000000C000C080C08000418203100037
:10BB7000000000C110031090820802414102904170
:10BB8000020010C1400104010388080003001000F6
:10BB900084004100042182210800080002101010D6
:10BBA00011894100C10180824000028400000240EE
:10BBB0000801020010021001000011820020001094
:10BBC00090104001800010900085000000000801E6
:10BBD0001000100083041000900410C10020000029
:10BBE0004120000010854100208405000000100065
:10BBF0001009040100C0000000A011C141C0008272
:10BC000003C0C121002021048520000300000000A2
:10BC100090034109000011A004A0000002001100DF
:10BC200010000202880002404000010400000000F1
:10BC300000200002000010800002000000002080B0
:10BC400020000400914040000000100200000000AD
:10BC50000002000000000480C00004800008008092
:10BC600000000080C00008040000C00000000000C8
:10BC700000000040004002400000000090A1901031
:10BC800010A08241030804000304A004080200403D
:10BC9000030008008000100004888020800000005D
:10BCA00000410500000000004108050041000000BF
:10BCB00005004082020000000800020000000000B1
:10BCC000100000000400038200004040410000A07A
:10BCD0000000030090000000082008000409030091
:10BCE0000088030041A1000003004140201000C073
:10BCF00005000000000008C0020000004104030825
:10BD00000300001103A0008883000000058310C019
:10BD1000C0808221000804088808010504834000CF
:10BD2000880000C01011C01000000000840810003E
:10BD300090108410C1109000C00000081000000096
:10BD40000000820010004100000000000000000020
:10BD500008000000000040000005088208200104DF
:10BD60000000000000200004080000031020112142
:10BD7000000000008400100800050008080000A171
:10BD8000028920400240200541080404204083012C
:10BD90004108024005000300802000008020048547
:10BDA0000200200511000500000800084190052050
:10BDB000000041000200002041880888101008207F
:10BDC0000000118400100000000800100000411065
:10BDD000008400C0100021001000040208111000AF
:10BDE000050021C0000202004101100020040800EB
:10BDF0008040100010C003004104000041004100D9
:10BE0000000001080088118005C0008401000100C5
:10BE100004204000058008030000408000000484E6
:10BE20001120100082022000100000000000000419
:10BE3000400200000000000000048820000082048E
:10BE40008800000000000000001100000000000059
:10BE50000400000000000200000082000000000456
:10BE60000000000400030080000000200000010525
:10BE7000C000208001410000000010000000100000
:10BE800000000000828590214085058280A0048901
:10BE9000890400C091C0004082910311080980C04C
:10BEA0001000110300000500050000000003000061
:10BEB000400000110083800020800020000300204B
:10BEC00003000000000000030020000000800003C9
:10BED00000A10200000000830000000080000905AE
:10BEE00000C100400889008000800000000020851B
:10BEF0000009024040118080C080028000000905D6
:10BF000090A010894184410505A189C10184844123
:10BF1000014090A00005040802C041A003000103F5
:10BF2000A00902C002820288002000900090040153
:10BF3000400001000000008382C0012000020001D7
:10BF4000900100000000000008A1008300C0002054
:10BF50000089000400C00002001140C000C04088F9
:10BF6000008300410041A11000A000040010020461
:10BF7000010900C000030102044011100102000089
:10BF800000C18889004001888500C08409108505AA
:10BF9000A00109A02000C088090001080000400499
:10BFA000C0018400010405C0A00184C0020003C0D8
:10BFB0000400A0008200030001008400020085A0AC
:10BFC000000000000000010000001000040090903C
:10BFD000030001000040000001000000000000001C
:10BFE0000100A0008990A1C1A000C000410011047F
:10BFF0000200000001040101000000000000000137
:10C000000000000001C0010000018541040085031B
:10C01000A0830908900010410900900520800203C8
:10C020008904C00282002000030080080082000012
:10C030000384800000000000030010008000000066
:10C04000830209000000000003000000800080005F
:10C050000000030010000020000003002000000387
:10C0600000000300841120008521404000000200F0
:10C07000A04109050000210005030900000000009F
:10C08000004100000000208005050905118480A002
:10C09000A011A0A02004800511A1C182A1880021C7
:10C0A00005C18503050900101183804100808000CF
:10C0B00080A080000000008000200083008000A09D
:10C0C000000000030080000000200083000000400A
:10C0D0008000118000030080000000210003058023
:10C0E0000005000000030003C00580C00020000020
:10C0F0000000918000000008008205100020000070
:10C10000800000800080002000A1002100A0000825
:10C11000A04002A082050000080384850202418538
:10C120000483050991A10002A0A1820804A00008CF
:10C1300004401084408800880002000300050004C9
:10C14000C002049000910010004000030041000074
:10C1500000098202C084A091A040000402080003EC
:10C16000020890C0A0A000210008C1C00884C00936
:10C170000082A00410840010000488C1400802C19D
:10C1800000C00800820200C000010441A003044175
:10C19000A1014088C1000240108410828201044144
:10C1A000C10204918301A100A010C00040A0C004FE
:10C1B00090019000A00040020101000000000090EA
:10C1C00021019010C0000282010000000100000067
:10C1D000000085008208020190C001000088000074
:10C1E000000001000002000000008590C0884100AE
:10C1F00001C1848809901102A140010000040000DF
:10C20000010001C000A00002000001880000000041
:10C2100001002021C100400483800388838204023E
:10C2200021A0200405C0212010000000800380020E
:10C23000000021410409C100080003200000411151
:10C240000000030521008000808003000000400002
:10C250000000000083040080002102800300000031
:10C2600000000000030000800500000084114180F0
:10C2700020004041A0092140A041088041000480E5
:10C2800010104100080011000300084141000400A3
:10C290000404400021840013C200005021840013D4
:10C2A000C20041000000000000000048210000130F
:10C2B000000000000000000000000000000000007E
:10C2C00000000000000000000000068200000000E6
:10C2D00000000000000011000013000081000000B9
:10C2E0000000C200000000000000C20000008181C8
:10C2F0000013C200000081000013C20000000042D1
:10C300000000C200004100000000000000000081A9
:10C310000000C2000000000000000F0F0000000F2E
:10C32000000F0F3FFFFF0A5F3E7F0000FFFF00008E
:10C33000000005FF3DFFFFFC3F3C00FF00FF000049
:10C340000F0F000000FF000000FF00000F0F0000B3
:10C350000F0F000000FF000000003C3C00003C3CD0
:10C360000000FFFF000000FF00000F0F00000F0F94
:10C3700000FF05FF0D0D0D5D002C103C00000000BE
:10C38000143C143F0D0D0D5D0020007F00000000E7
:10C390005555555F0D0D0D5D02FF00005555003CD4
:10C3A000040E000A0F3FFFFF0A0A0A0A00800F0F5F
:10C3B0000000000005053D3D000C303C00FF00FF83
:10C3C00000000F0F000000FF000000FF00000F0F33
:10C3D00000000F0F000000FF000000003C3C0000C8
:10C3E0003C3C00000000000000FF00000F0F0000B8
:10C3F0000F0F000C050D0C0C0C5D002C103C000008
:10C4000000001414141F0C0C0C5D0020007F0000B1
:10C4100000000014001F0C0C0C5D00C00000F0F0C8
:10C420003000BC003C00FFBFFFBAAA2A8000000019
:10C430000000C3FF3CFFF0F0D7EB00000000AAAA09
:10C4400000003C3C0000FFFF00003C3C00003C3C86
:10C450000000FF0000003C3C00000000FF00000066
:10C46000FFFF0000FF0000003C3C0000FFFF000059
:10C47000C3C3FFFFFFFF0030FF00FF3000000000DC
:10C48000A0AAA000FFFF0030FF00FF000000000096
:10C4900000000000FFFFC000FF00FF0000400000A0
:10C4A00030003000A0000000FF3FFF30000000001F
:10C4B00001000000FFC3FF3CFFFF7DBE0000000045
:10C4C000AAAA00003C3C0000000000003C3C000028
:10C4D0003C3C0000FF0000003C3C00000000FF006E
:10C4E000000000000000FF0000003C3C00000000D5
:10C4F0000000C3C3FFFFFFFF0030FF00FF3000005C
:10C500000000AAAA0000FFFF0030FFF0FF000000BB
:10C51000000000000000FFFFC000FFF0FF000186E8
:10C5200000F401B00005018600B40190000000860F
:10C53000026000B90080008600C0018800A001866A
:10C54000006000B4484002C7016000B4494002C71F
:10C55000016000B4494002C7016000B449400000D6
:10C5600002C7012003944940A2C7517000B449405A
:10C57000A2C7517000B441400086002C0390000017
:10C5800000860030039000850086006C00B000003B
:10C590000086006000B000000086006C00B0000063
:10C5A000000000550F0F0F0FFFBCFFBC0FFF5FFF18
:10C5B000FCFCA0A01E1E1EFFF828F0001FFFFFFFBE
:10C5C000AAAA0808003D007D0000000005001455DF
:10C5D000000000000A0A287D000000003C55FF0F03
:10C5E0000000FFFFC0000CFF00FF00000000002D56
:10C5F000000F000000000000FCFFFFFF0A000CFF1E
:10C6000000FFFFFF0C0000FF03FF00000000000818
:10C6100000FD0000000041007DFF00000000055506
:10C620005555000000151FFF0F0FFFFFFFA00FFF64
:10C630005FFFFCFCA00000000FFF0000000014FFE3
:10C64000F4FFAAAAA808003D007D00000000050034
:10C6500014003030C30000000000000000003C5512
:10C66000000F0000FFFFC0000CFF00FF00000000F3
:10C67000002D000F0000000000000C00FFFF0A006A
:10C680000CFF00FFFFFF0C0000FF03FF0000000095
:10C69000000800FD00000000000000000000000095
:10C6A0000500000000033C3F2F000F00FAFAFAFAE1
:10C6B0000404040FAAAA000000003C3CFFFFFFB4E2
:10C6C0001F1FFFFFFF140000000000040000000017
:10C6D000141FFFFF0040410000FF00FF00000000AA
:10C6E000000000000000FF3838380D0D0DFFFCC0C1
:10C6F000000000000000FF0FF00000000000FEF04E
:10C70000BE001C1C1CFFFCF03C20151515FFFEF2A2
:10C71000CEC200000000AA00AA0000000000000035
:10C7200000000000000000023C3E0F000F00FAFA7B
:10C73000F0F80000000FAAA0000000000000FFB405
:10C74000FFB41F1FFFFFFFF000000000000000000B
:10C750000000141F141F00400000000500550000D9
:10C760000000000000000000303030300C0C0C0CD9
:10C77000F0F00000000000003A3A3A3A00000000F1
:10C780003C003C000C0C0C0C3C203C200505050535
:10C790003E320E0200000000FA000A000000000015
:10C7A000000000010000000020C00208000040104E
:10C7B0001102000004000290200000002000200070
:10C7C000000000820010000800C0000000002100EE
:10C7D0000490200000000000410000A00000400084
:10C7E00003082008000020200000000800000000CE
:10C7F0000000008400002000000000002100000074
:10C8000021000000040000000410000000000000EF
:10C81000001000000000040000000000000000C044
:10C82000000000000000000400000000A000200242
:10C830002000001100210041000000000400000061
:10C84000A008000000008290000088000000004165
:10C85000200020000000A0000000000040050000B3
:10C8600000000000008000000080000000000000C8
:10C87000000090110000000000002000C000000037
:10C880000000000000000000000000800000000028
:10C89000A0000000000000000000000000000000F8
:10C8A00000000000000000000000000000100090E8
:10C8B00000901104000000000000000000020000D1
:10C8C00000000090000000000000000000000002D6
:10C8D000008200000000000000024100000000088B
:10C8E00000000000000100000001000000C0000086
:10C8F0000000000000000000000000000000000038
:10C900000000000000000000000000010001000025
:10C910000000000000000000000000000000000017
:10C9200000000000000000000004000000020008F9
:10C93000C01100000011000800410010001000119B
:10C940000000001100100010000000210010000382
:10C95000000000080010000000020010001000118C
:10C960000004000040100002000000080010000059
:10C970000000000000000010000000000010202156
:10C980000000000000000010000004000010004043
:10C99000000800000000001000080000000800006F
:10C9A000000000000041000800000000000000003E
:10C9B00010C0110841104108100800C00300030016
:10C9C0001100410009001000000010200001840146
:10C9D00000001000000000000000040009841000A6
:10C9E0000000000000004182000804010011021054
:10C9F0000000000005A00000000000000000000092
:10CA00001100000000000000000000000000000015
:10CA100002200000000000000000000000000500EF
:10CA20004000400010000500040011000000030059
:10CA3000000084030000A021A021900010108200BB
:10CA400084000009000010000800A0210180A00857
:10CA500009401000000000000000000082001000EB
:10CA600000058200000000000000000009400010E6
:10CA70000180000000000200000000100020000003
:10CA800002000000A0000000001000009000100054
:10CA9000820010809020A000A00000400000002034
:10CAA0000000000000418400A040820090000000CF
:10CAB0000000000900000902090202400000000411
:10CAC00040000040000000000382000005C110008B
:10CAD0000300000002200900110009A041880000A5
:10CAE00020001120110002000000020003000900D4
:10CAF000000000040000410041000000110010008F
:10CB000000000000004000000000000000001000D5
:10CB10000020000000201100024000000000000082
:10CB20000000000000000000000000000000000005
:10CB3000000400004000042110091020020000043D
:10CB400000090000002002000402000040209002C2
:10CB500088080000000040204000041102059005F4
:10CB60000002401102030020400200000002000009
:10CB70000009000020040000000008000000100070
:10CB800000100041001000020000A00000000000A2
:10CB900008090000000000048400000000210200D9
:10CBA0000000000000000000020002090000024036
:10CBB000A000000000020000080800400000410042
:10CBC00000000000000010A000820000000009002A
:10CBD000000000A1000000080000000041A000A02B
:10CBE000000041004100000041000300000010006F
:10CBF000000000000000000800000000000000002D
:10CC00000000000010000000000000C00000000054
:10CC10001002000000000000100800000082000068
:10CC20000000040000000000000000000000000000
:10CC300010000000000000000082000084210000BD
:10CC400010088800900090208821904008108400EF
:10CC5000C04008080840C0001021000384080000FC
:10CC6000104000080000000000211000000010002B
:10CC70000000002100080000A000000000000800E3
:10CC8000000000200000000000030000000200403F
:10CC90000000100000030440080008000409A00080
:10CCA000841100400402000040008403C000000022
:10CCB0000040001000009000A00084000000000070
:10CCC0000088031041880404092000820900000044
:10CCD000020000A000204000000000A04020000250
:10CCE000008200101000020000042020000000005C
:10CCF0000200050400002102000000000000008284
:10CD00000000000000004100029000000008000048
:10CD100000000000000011000000110000000000F1
:10CD200000000300210000000400209000000082A9
:10CD300000000000210000000000000000000209C7
:10CD4000C004000002080240020420040220001077
:10CD50000000004188210009000000000000882038
:10CD600000008820022184090420400240080000BD
:10CD70004002000040000000000000000000000031
:10CD800000100000004010210041000400000004D9
:10CD9000100008000000100090001000004120006A
:10CDA000000090400000A040C02188040009A004B9
:10CDB0000000C003880002200011100000000004E1
:10CDC00000008300808083C10000030080C183C114
:10CDD000030083000002034100000300808541003E
:10CDE00000008300008083C10000030080C183C174
:10CDF00003800300002103410000030080C0050000
:10CE00000000000000000000000080000000800022
:10CE1000000000000000000300000000000000000F
:10CE20000000000000000000000000000000000002
:10CE300000000000000000000000000000000000F2
:10CE400000000082838240C083C10082018282C1CF
:10CE500083C101202182000001010082018220C0E3
:10CE600000000482838200C083C10082018282C1EB
:10CE700083C101020582000101010082018204C117
:10CE80000000000000000000000000008200000020
:10CE90004000000002C0020000010000000000008D
:10CEA0000000000000000000000000000000000082
:10CEB0000000000000000000000000000000000072
:10CEC000000000008200C082008300018282838211
:10CED0000083C082918311830083C1008300838219
:10CEE00000830104820084820083000082828382A6
:10CEF0000083C0824183A1830083C10082008382BA
:10CF0000008301C000000000C0000000000100001C
:10CF1000010000000000A100A100000000000000CE
:10CF2000000000000082000000000000000000007F
:10CF300000000000000000000000000000000000F1
:10CF400000000000000000008080008300210080BD
:10CF50000280008380802083C1A00083C111200053
:10CF60000280008341800000008000830000008078
:10CF7000028000838080A08340900083C10402006F
:10CF800002800083410000000000800000000003D8
:10CF9000000004000000000041000409000000003F
:10CFA00002000000000000800000000000000000FF
:10CFB0000000000000000000000000000000000071
:10CFC000000000000000000000020000830280005A
:10CFD00000000000838203C100080000830280007B
:10CFE0000000000003000000000200008302800037
:10CFF00000000000838203C10008000083020000DB
:10D00000000000000300000000000000000003001A
:10D01000000000000000000000000005000000000B
:10D020000000000000000000000000000000000000
:10D0300000000000000000000000000000000000F0
:10D040000000000000000000000000010082838357
:10D05000A0000000008283C101C10083008283839D
:10D06000020000000084918200000001008283839E
:10D07000A0000000008283C101C10083008283837D
:10D08000000000000084A1820000000000000000F9
:10D09000010000000000000000000000000000008F
:10D0A0000000000000000000000000000000000080
:10D0B0000000000000000000000000000000000070
:10D0C0000000000000000000000000008383010059
:10D0D0000140000082820182C183C08383820101FA
:10D0E000018300008282000001010221838301008C
:10D0F0000140000082820182C183C08383820001DB
:10D100000183000082820002000102A100000000F1
:10D110000100008300000000000000000000008209
:10D12000000000020000000000820000C083000038
:10D1300000000000000000000000000000000000EF
:10D14000000000000000000000000000000002835A
:10D15000410002C1000000800480C18380830285F9
:10D1600041030283000000800000200380880283C6
:10D17000410002C1000000800480C18380830282DC
:10D180004103028300000080000002038041000090
:10D19000000002000083000000000000000000000A
:10D1A00000C1050000000000000000800000808336
:10D1B000000000000000000000000000000000006F
:10D1C000000000000000000000000000000000005F
:10D1D00000000000000012420000000000001242A7
:10D1E00081480013C20012420000000000001242F9
:10D1F0000000000000001242000000000000124287
:10D2000081480013C20012420000000000001242D8
:10D2100000000000000000000042000000000000CC
:10D220001200810000130000120000000000000046
:10D23000124200000000000000000000000000009A
:10D2400000000000000000000000000000000000DE
:10D2500000000000000000000000000000000000CE
:10D2600000000000000000000000000000000000BE
:10D2700000000000000000000000000000000000AE
:10D28000000000000000000000000000000000009E
:10D29000000000000000000000000000000000008E
:10D2A000000000000000000000000000000000007E
:10D2B000000000000000000000000000000000006E
:10D2C000000000000000000000000000000000005E
:10D2D000000000000000000000000000000000004E
:10D2E000000000000000000000000000000000003E
:10D2F000000000000000000000000000000000002E
:10D30000000000000000000000000000000000001D
:10D31000000000000000000000000000000000000D
:10D3200000000000000000000000000000000000FD
:10D3300000000000000000000000000000000000ED
:10D3400000000000000000000000000000000000DD
:10D35000000000000000AEDE000000000000000041
:10D3600000000000000000000000000000000000BD
:10D37000000000007B75AEDE000000000000000031
:10D38000000000000000000000000000000000009D
:10D39000000000007B7500002EDE00000000000091
:10D3A000000000000000000000000000000000007D
:10D3B0000000000000007B7400000000000000007E
:10D3C000000000000000000000000000000000005D
:10D3D0000000000000000000866FC0020000000096
:10D3E0000000408C07000000000000003002000038
:10D3F000000000004003F661866FC00200000000DC
:10D400000000408C07000000000000003002000017
:10D41000000000004003F6610000866EC0020000BC
:10D4200000000000408C07000000000000003002F7
:10D4300000000000000040037661000000000000D2
:10D4400000000000000000000000000000000000DC
:10D450000000000000000000000084408000000088
:10D460008008000000000400400084018005A00541
:10D47000A005000004000400000000000000A0045B
:10D480002000800182018400800111A000000000C2
:10D490000000000011000400000000000000000077
:10D4A000840004400000040004000000110000009B
:10D4B000004020008000002000001100000000005B
:10D4C00000000000000000A00000000000000000BC
:10D4D0002000000011400000000021000280020432
:10D4E00020000280000000000000000021042084D1
:10D4F00021842184000000000000200000000000C2
:10D5000021800000200421042000200400000021CC
:10D5100000000005000000000000000000004000C6
:10D52000000010000080000004040400000000005F
:10D5300000000080000020000484040000000000BF
:10D54000000000100000A000000404000000000023
:10D55000000001000000008000000000000000004A
:10D560000008000800020000009000000010000009
:10D57000202000A100040000000000000085101021
:10D580000001000880042040000020010005800008
:10D59000000000010010080000000000000000C0B2
:10D5A0000000000100000010000080000000804129
:10D5B0000001000100010041000000820001008321
:10D5C0000002000000010021000100050000000130
:10D5D00000000000004100000001000100010040C7
:10D5E00000000010002100080008001000100010CA
:10D5F00000110188000400800000000000000040CD
:10D6000001000002000020800180A011014000C044
:10D6100002000021001000000002002100030002AF
:10D6200000000008000200000000001020100000B0
:10D63000208400040004000400840010000800049A
:10D640000004008300000020008800040084002102
:10D650000040002100000084002100100004004070
:10D6600000800285002010880084000802A00908BC
:10D67000000800200010A011202000080300410035
:10D68000000000000082008200A1001000080001DC
:10D6900000C000C180101002002004100000000033
:10D6A00010000000004000840200000000000004A0
:10D6B00010000008000000C0000000080004000482
:10D6C00080849100002100210410410104A000A0E9
:10D6D00080048205000000020000000000104140AC
:10D6E0000241200001400000000000000005011080
:10D6F00000000000108000112104018010C1000012
:10D700000000004100000000000000040008C0000C
:10D7100000041021104040000000108001000000B3
:10D7200000000100000000800000010000009000E7
:10D730009080000000000000000000000000008059
:10D7400010902000040000A000A00100C0200000F4
:10D750000000208021C010000080900000000080A8
:10D76000008001C001004100000000000000000036
:10D770001000200000000000000000010001000077
:10D7800002000400000010000200890100202011A6
:10D790008201200020010201000000100000200191
:10D7A00002002000000000004100050009002000E8
:10D7B000000082004100A0001000410009000500A7
:10D7C00005000000410000010000000010001000F2
:10D7D0000200100011008201100000002000030070
:10D7E000000100000000000088000000000010049C
:10D7F00000090400000800080020000400200804BC
:10D800000000000200000010000300090404048866
:10D81000019003402000201003400010000000038E
:10D8200000200041001000000000C010040088210A
:10D83000904000102000C01021100000002188003E
:10D84000840000008210C01000200020044100115C
:10D8500004029000044100050540000000000000A3
:10D86000000000100000000000008389090800008B
:10D87000100000008000000083890000200010419B
:10D8800008080010008400100000000000102004B0
:10D890000004008409820001050802A0000841106C
:10D8A00000100010001041004110000000100000A6
:10D8B0000010000000C0008441A000C00010000063
:10D8C00041104110058420004100A18421C0218421
:10D8D00005202100218410004184004021C0030064
:10D8E000410041000010000402401004024000808A
:10D8F000000000001000100000000208A000010855
:10D900000004080800000000000000000000000003
:10D9100001800080000000000040000001000000C5
:10D9200000000000000000000000000000000000F7
:10D930000000000000000000000010000000840053
:10D940000000000000000000010000002000820034
:10D950000000000090210000000000000080000096
:10D96000000000000000888000800180848002A008
:10D9700000840000102000C00090410041042004F9
:10D9800000850091100080820000000000820008E5
:10D9900000400420200400C003112004A010031044
:10D9A00080850040850480021000200000030000F4
:10D9B000001020200090200041844100201020040D
:10D9C000418405C009844100808408214110000081
:10D9D00009C04010210040000990000000000040F4
:10D9E00003A003C000C0100008A020200240202097
:10D9F00041090020000200209009400000080004B6
:10DA00000100000400200000024100100420042056
:10DA1000000000800091010004210040000002008D
:10DA2000001004200000042010000000C00084400A
:10DA30000000001000000000020400000000C00010
:10DA4000001000000000C0000000200004A0C01072
:10DA5000002000090100000000020000A0000000FA
:10DA6000048000000000000000000100210001808F
:10DA7000210000410003000000A005100005000582
:10DA80002020821080A0402108900010008940A032
:10DA90000010084183404008110509051009059050
:10DAA00003C18080020002800080008080808200AC
:10DAB00000000000020000000280400003058041D9
:10DAC0004003100805200940111020412084024025
:10DAD0000082031180008000030002002084A0095E
:10DAE00091820304000000000000100009050041BD
:10DAF000020908800020040200A00005040184003F
:10DB000000010201030308A0A1C10011084188100F
:10DB10000120004120008300880000000000012156
:10DB200000410085088202A0891000400088104052
:10DB3000080200A000008908C0C00104008800019C
:10DB40000801000000000200C10100000101A10461
:10DB5000008300C000888804C08489A000020103FB
:10DB60008510C002001000000000000011008801B4
:10DB700020A101020108410103884100200209009F
:10DB800082000540400203001008C003A1A040A08D
:10DB9000840220012000400010828910C11003017E
:10DBA000C10402028291C0002000A04089C0000090
:10DBB00001080000000000004000C000212090008B
:10DBC000010001C001A0010082080584A140A1015B
:10DBD00021000384C189100104012000890003028F
:10DBE000C0000011C1000041A100820090040400A7
:10DBF0008201A002C10382008503A0008502830088
:10DC0000202002008580858308028800208409087E
:10DC1000000000008040800080418500858589A04B
:10DC2000840290858309830500118000050010801F
:10DC30000000108002000800000021002000058084
:10DC40001100020020800583042102804000210988
:10DC50002009200040002120A00902108200C000FD
:10DC60000321050909892105098920000000058093
:10DC700003000540908005888202C0800002408534
:10DC80004121831000C1008503C1080880A08909D3
:10DC900040030880800011800800400800C108850A
:10DCA0004021038800900303058480800000808069
:10DCB0008000000000800000000000000008000359
:10DCC0008020002000080041032180A00282000281
:10DCD00009202008204090208082402100410082BD
:10DCE0008420800804C000890089A0A000030005EA
:10DCF0000020002104208010800980820384208578
:10DD00001184209040A0000200840140008288100D
:10DD1000080589A001C002909084018800090002D2
:10DD20000104009000400041008200210484C0846E
:10DD300084A088A000A09040C09000000000009146
:10DD400088C0A008088800900088000320410004D3
:10DD50000001019101A0019141C10484A11100C001
:10DD6000A00902C188030085880290850410000084
:10DD70000000000000000001C0A184C0404020213C
:10DD800090008500C0089001C000840002119183BA
:10DD9000C0888311088800010100010001089082F9
:10DDA000910990018820832011888501400410404A
:10DDB00088000201A0A00190008200010100000083
:10DDC00000000001000100200100004000000100EF
:10DDD000019101080100018285400440A088088863
:10DDE00002218802080002C005900890A1010500E8
:10DDF00000000090000100020891C000840005A00E
:10DE000083A00521842121800003001080008088E8
:10DE10002102201121889180410205000800208004
:10DE2000038804851009830082001004A008A080E4
:10DE30008091802080200000400002C10810410035
:10DE40000000000300400020008002000480210048
:10DE500041000908200420052000C009020288852D
:10DE6000090080C0800080000080090082204003FB
:10DE7000A0000000000400100000C140C1008200AA
:10DE80000800000000000000210000000000000069
:10DE9000428211000013C2000000000000000000D8
:10DEA000000011820013C200420000000000C20006
:10DEB000000041000013000000008100001300007A
:10DEC000820000000000000000000000004200008E
:10DED000C200000000810000C20000008181001328
:10DEE000C200000081000013000000848181001343
:10DEF000C200005000000000C200000000810000CD
:10DF0000C2000000423F003F0F0000000000000080
:10DF1000000F663C0000000043404340E726E72432
:10DF20000000000000B000006F3F603F0066000F7F
:10DF30006030603000000000000000000F0C0C0C8E
:10DF400000000000000000000000663CFF0FFF061C
:10DF50000E06FF2626266764676427FF27000F0F3B
:10DF60000F66FF3F6627000000000F3C0000FF7EA9
:10DF70000F1EFF0F7E4E00000000000C00007E3ED2
:10DF80007E3CFF262626420300030F00000000000F
:10DF900000000000663C660F3C0F43434040C7064C
:10DFA000C30000000000009000006F306030003CB3
:10DFB000000FF03000300000000000000000000CF6
:10DFC0000C0C00000000000000000000663C000F88
:10DFD0000E060E0624242424FFFC030027272727EF
:10DFE0003C3C3C66991B0003000000000F0F000042
:10DFF000F0780018F00072420000000000000000FD
:10E0000006060000060606060000000000000000EC
:10E010000000000000000000000000000000000000
:10E0200000000000000000000000000000000000F0
:10E0300000000000000000000000000000000000E0
:10E0400000000000000000000000000000000000D0
:10E0500000000000000000000000000000000000C0
:10E0600000000000000000000000000000000000B0
:10E0700000000000000000000000000000000000A0
:10E080000000000000000000000000007EFF3CFFD8
:10E090007CFD000040002020203C000000000F021A
:10E0A0000F0E0030003000000000C3FF727200F05D
:10E0B0006F6FC3C302C20F0F0407000000009999DD
:10E0C000FF00000000000000F066000000000000FB
:10E0D0006060F9F93000FFFF00FFC0FFF060F0F969
:10E0E00024E72FEF303C3F3C09CB3DFF0000000010
:10E0F000003000C0093DFF3D606F606F0000000010
:10E100006642667EF000FFFF30FF00FF0000000067
:10E11000006660600000C0002020203C3C603C6F36
:10E120000002000E0010203000000000003C72725F
:10E1300060606F6F000002C2000004070000000072
:10E1400099999999000000000000F0F0000000008B
:10E15000000024BD24BD3000FFFF00FFC0FF3C24B1
:10E160003CBD24E720E060666F6600C234F6000024
:10E170000000003000C00034F634202CE3EF000033
:10E180000000000000000000FFFF30FF00FF0086DD
:10E19000006000B000000086006000B00000008653
:10E1A0000090038000000086006000B00000008640
:10E1B00000FCA38000850086007000B0000000868F
:10E1C00000A003900080008600C003B000000000A3
:10E1D0000086006000B000800086006C00B0000087
:10E1E0000086007C00B000000086003C0390000028
:10E1F00000860080038800A0008600FC03B00000B9
:10E200000086007000B000800086006C00B0000046
:10E2100000000000000C3C3C00C00000000C3C3C36
:10E220003CBC3C1CFFFFFFDF000000002D2D2D2D0E
:10E23000BFBAB5B00F410F7D0000000080000000A4
:10E24000FFAA550014D714D7000000002D3C2D3C28
:10E25000000000000000000FF0FF00000000550F5C
:10E260003CFF00000000003C003CFFFFC00000FF3E
:10E2700003FFFA78D25055FF173F0000000000005E
:10E2800000040000000000000000F07000200055B5
:10E29000505500700000000C000C00400000000C05
:10E2A000000C3C3C3C3C00000008000000002D2D10
:10E2B000287D1F1A151041417D7D101082008000BD
:10E2C0000000F3B2713014D70F0F000000000000FF
:10E2D000000000000000000035353535000000006A
:10E2E000550F3C0000000000003C0055FFFFC0003F
:10E2F00000FF03FFFF3CC3005500170300000001AF
:10E30000000000000000000000000000F07000208D
:10E3100000550005000000FEC3CF41410000000091
:10E3200055FF0C00ACAAAAAA55554D55FDADF8A84D
:10E33000FF3C550F000000000F0F1717000C000CDA
:10E34000020000015500F730552DFF2DBA8ABA8A18
:10E35000000000000000FAFCFA0C0FFF5C5C0000FB
:10E3600000000000000000000000FF553C0FBEBC94
:10E37000BCBC1C1C1CFFFBFBFB080CCF0CCF000023
:10E380000000C300C30000000000001000DFB4F074
:10E39000B4F000015050000000FF000C41410000AB
:10E3A000000055000C00AAAAAAAA555555555D0DA6
:10E3B0005808003C550F0000000000FF14D7000C67
:10E3C000000C020000015500E330002DAA2DFFCF04
:10E3D00030000000000000000AFC0A0C00F05C5C49
:10E3E00000000000000000000000000000553C0F8D
:10E3F000AA000000141414140808FB080CCF55558B
:10E4000000000001C300C30000000000001000DF96
:10E41000000000000000000000048010000080A048
:10E4200080008000000000000000000000000400E8
:10E430000000000000000400000020000400200094
:10E440000000A00000002000000004000000040004
:10E450001100200000002000000040000400000027
:10E46000040021000400800084004000000000003F
:10E470000000000041002100200004020000110003
:10E48000004000000000000000000000000000004C
:10E490002100000200020002000200000200000051
:10E4A0001000020002000000000000000040000018
:10E4B000000000000000000000000000010001005A
:10E4C000010000000500000001000000A1000000A4
:10E4D0000000000001000000010000000000040036
:10E4E0000000010090000000400004000100000056
:10E4F000000000000000000000000000008000009C
:10E50000000000800000000000000000000000008B
:10E5100000000000008000800080008000000000FB
:10E52000009000000000000000000000000000005B
:10E5300000000001000000010000000000000000D9
:10E5400000000000000000000000000000000000CB
:10E5500000000000000000000000000100C00000FA
:10E5600000010000000100000000000000000000A9
:10E570000000000000000001000100000000000099
:10E580000000000100000001000100000000000088
:10E590000000000100000000000000000000000872
:10E5A0000021000000100000000000000011000029
:10E5B0000008000800400000000200020000000007
:10E5C0000021000000110000000000000000000019
:10E5D0000000000200020011000000000004000022
:10E5E00000000020000000200000000000000000EB
:10E5F0000010000000000000000200020000000007
:10E6000000000000000200000002000200000008FC
:10E6100000110000000200000000000000000011D6
:10E62000000800000000000800C00000000002A078
:10E6300000C0000200100008000000000000000000
:10E64000000000080000000000C0008500000082FB
:10E650000010008200840020001000040000000070
:10E660000000000004A00010008240C0C0000401AF
:10E670000001000000000011008200000000000006
:10E680004000000040820000000200000000400046
:10E690000001000000000000000000000000000079
:10E6A0000000C08500100000000010000000820083
:10E6B000012100000080000000800003000000082D
:10E6C0000010000000008200000500030020000090
:10E6D00000000040000000000080000000800000FA
:10E6E000000000000000010010030002010005000E
:10E6F00083200020C041000082021000C0001003EF
:10E70000C00011038400110000411083820000004A
:10E71000C10010021000000000000000C000100046
:10E720008200000000000000000040000000000027
:10E7300000000000000000000000000000000000D9
:10E74000000000000000000100000400050040007F
:10E750000200400000000200000000004100000034
:10E7600000000000000040008000400004000200A3
:10E7700002000300100000009000410000000000B3
:10E780000000110000000000000000001000050063
:10E790002000000040000000000000000001000018
:10E7A0000000000000000000000000400000000029
:10E7B0000000000000000021000400000000000034
:10E7C0000000000000000000000400000100004103
:10E7D000000000000000000000210000000000090F
:10E7E0000010000084000000000004000000010090
:10E7F00000000000000000000000400000000005D4
:10E800000000000000000000000000000000000008
:10E8100000000000000000000000000000000002F6
:10E820000000000000000000008800008084418299
:10E830000000000000410000000000000000051181
:10E84000000000820082098200000010090080019F
:10E850000082000100000004001000010000C185DA
:10E8600000C000A0004041010000400041000082C3
:10E87000108280100482002083A000100500410057
:10E8800080A000820000C1000010000041000000D4
:10E8900010A010000008000000010001800000002E
:10E8A00003000500000000000000040000214000FB
:10E8B00000000021000000888400104110080008BA
:10E8C000C0040400000000218421004120400021F8
:10E8D0002020000320040000208000000020000011
:10E8E0000408C000200000830004000001000000B4
:10E8F00000000021040001000080400000008400AE
:10E900000000402184410000400000211000000070
:10E91000C00084001009100984001040000240006B
:10E92000000000008400C0001000100000840010EF
:10E9300004820982000041200082110000020000D0
:10E940000000110200100900110000000400000086
:10E950000020001000C000020090400200A00282CF
:10E960000040048400C02004000041020000400078
:10E9700080C04002200241881010000004100300F3
:10E9800002C00000054010000500000109831000CE
:10E9900000004100008200000000090000020200A7
:10E9A0000000000000000000000000000000000067
:10E9B0000000000000000000000000000000000057
:10E9C0000000000000000000000000000010000037
:10E9D00000050080000000000000000000000000B2
:10E9E0000000000001000000018000001000000095
:10E9F00000004000008000800000000000001000C7
:10EA00000000000000000080000000000040004006
:10EA100000000000000000000000000000000000F6
:10EA200000000000000000000000000000000000E6
:10EA30000000210000000900110021804100058034
:10EA400000000000110000009103040500210840AF
:10EA5000080580100840211110050008000021055C
:10EA600000800080008000000305880800108502F7
:10EA7000000000830021008000008083A00011912D
:10EA800000800003000041000041C003000020009E
:10EA9000002100038040410000004003800002008C
:10EAA000004100030000000000020003000000001D
:10EAB000000200000000000000000088042001A007
:10EAC0000040000020000000000084000100000160
:10EAD000010040010801830090000101000188004D
:10EAE00000000002004000A0004021018901000157
:10EAF0008800000000030003001000208841088403
:10EB0000884000C0000100000000000003018400F4
:10EB1000000000000001400100000000C101C00031
:10EB200001000000000100000000000000010000E2
:10EB30000000000001000010010001C0820002007E
:10EB4000200220040000010000000101010001403A
:10EB5000010000002100A108894182000000010895
:10EB600001000182200040000420A001400005C0F7
:10EB7000050121010000200088000802A100880092
:10EB800010104000A1400000000000000100200023
:10EB9000040000004100000000000000010000002F
:10EBA000000000000100000000040100010000005E
:10EBB0000000000001002041208005412080000568
:10EBC0008000000080800900200021000308080068
:10EBD00009000505054110001000852111210003E1
:10EBE0002120050310800500A000C1004110800015
:10EBF00088808541100500000000000000800300AF
:10EC000000408080800003800000000000000300BE
:10EC100000008000000083000000000003000300EB
:10EC200000000000000003040000000020000300BA
:10EC300000000000050003000002002020038041C6
:10EC4000002080A1808500C100800000218000009C
:10EC500008030040000320030091002020828090E0
:10EC6000404000200003800500808000808000007C
:10EC7000000400A000820002000000000000808864
:10EC80000003000080C1A0808083000000A000007D
:10EC900000030080000000800003008000210000CD
:10ECA00000030000000041800083000000410000DC
:10ECB0000003000500000000000300010001010046
:10ECC00002000004020210850040000800820002D9
:10ECD00000200000000000000000202000A001A192
:10ECE000880300010000000020000002C0400284F0
:10ECF000084000400005000500880000009084C026
:10ED00000485400900A004040940208900A00004F3
:10ED10000020000300040002000200A1000200A085
:10ED200000200001008200C0010800410000000036
:10ED300000000001000000000000000103000201CB
:10ED4000C101200008002000840040040090004021
:10ED5000000000000000018201000000019100009D
:10ED60000000010321208588900041008401880073
:10ED70008800A088008800A0010000A00000842175
:10ED8000C100400120C0410082004001C04001009C
:10ED9000000000000000010100000000000201006E
:10EDA0000000000000000100004000000000010021
:10EDB00000000000000001000000000000008300CF
:10EDC000C1101021A0008041800080008000000060
:10EDD00000C0001100002100408304044100100223
:10EDE00020000800109021804188030090008010CE
:10EDF0000003002000000200020041022100000088
:10EE0000801020000021000083410000802100804C
:10EE10000300414000000000034021000002008088
:10EE20000300000000000500030041800004000012
:10EE300003000000000000000300210000000000AB
:10EE400000000000000000000000000000000000C2
:10EE500000810000C200000000410000C20041002B
:10EE600041880013C200000012420013C20000815A
:10EE7000410000130000000000820000C2000600F4
:10EE80000000410000130000000012000013000009
:10EE90000000000000000000000000000000000072
:10EEA0000000000000000000000000000000000062
:10EEB0000000000000000000000000000000000052
:10EEC0000000E8E83C00C300C3C000000000505C44
:10EED00050500000000000000000FFFFFFFFD7D7E8
:10EEE0000CCF55555D5D3D3D3D7D00FF14FF3C3F22
:10EEF0003D3F00000000000000003C3C3C7D3C3CED
:10EF00003C7D0000FF00FF00FFFFFF00FFFF00004F
:10EF1000FFFFF0F0FFFFFF00FFFFF0F0FFFFFF003B
:10EF2000FFFFAAAAFFFFC3C3FFFFF0F0FFFFFF0030
:10EF3000FFFFAAAAFFFF0000FFFFF0F0FFFFFF00A6
:10EF4000FFFFC3C3E8E8FFC3FFFFFFFF00000000AF
:10EF5000003C0000000000000000000000008300F2
:10EF600014140CCF00050C0D0000005500051415FD
:10EF7000000005050000000000000000000C005D1E
:10EF8000040404550000FF00FF00FFFFFF00FFFF27
:10EF9000FFFFFFFFF0F0FFFFFF00FFFFF0F0FFFFBC
:10EFA000FF00FFFFAAAAFFFFC3C3FFFFF0F0FFFFB0
:10EFB000FF00FFFFAAAAFFFFFFFFFFFFF0F0FFFF28
:10EFC000FF00FFFFC3C300000000505050D30000FB
:10EFD0000000000000000000000000000000FFF33F
:10EFE000FFFBFFEB1400FFFFC000FFC0FF00FFFFAF
:10EFF000003CFF00FFA000000000F03CAAFFFFFF64
:10F000000030FF0FFF00000000FFFFFF0000FFFFC8
:10F010000F0FFFFF0000FFFFC3C3FFFF5555FFFFAA
:10F02000C3C3FFFF0000FFFF00FFFFFF00FFFFFF64
:10F03000C3C3FFFF0000FFFFC3C3FFFF00FFFFFFCD
:10F04000C3C3FFFFFF00000000000000000000C37A
:10F050000000000000000000000000000082C0006E
:10F06000FFFFFFFBF0F0F0F0FFFFC000FFC0FF006C
:10F07000FFFF0000FF00FFA000000000F03CAA001E
:10F08000FFFF0030FF00FF00000000FFFFFFFFFF59
:10F09000FFFF0F0FFFFFFFFFFFFFC3C3FFFF55552C
:10F0A000FFFFC3C3FFFFFFFFFFFF00FFFFFF00FFE6
:10F0B000FFFFC3C3FFFFFFFFFFFFC3C3FFFF00FF4F
:10F0C000FFFFC3C3FFFFFF0000000586006000B024
:10F0D00000000086006000B000000086007C00B0E8
:10F0E00000A50000001C00000080008600EC0380EA
:10F0F0000000008600AC03B00000008600200390F2
:10F1000000000086006C00B00000000002C6012074
:10F110000394494002C701800384494002C701604B
:10F1200000B4494002C7016000B4494002C7016011
:10F1300000B4494002C7016000B4494002410100E7
:10F140000004494002410100000451408282F3C39F
:10F150000000000080FF80000A3E0A0A0000000054
:10F160008080808800000000000000000000000097
:10F1700055FF5CFCBC1CFF5F00000000FFFF00307F
:10F180000CFF00FF000000000000FFFC0000FFFF7C
:10F19000C00000FF03FFFA0AFC0C555C555C000040
:10F1A00000000020007F00000000000000000000C0
:10F1B0000000000F000F0000000000000000000031
:10F1C000000000000000000000000000000082823B
:10F1D00030000000000080808080003400000000CB
:10F1E0000000000000080000000000000000000017
:10F1F000000000AA0CACBC1CA00000000000FFFF37
:10F2000000300CFF00FF000000000000000C0000B8
:10F21000FFFFC00000FF03FFAAAA3C3C000CFFFC5C
:10F22000000000000020007F0000000080000000BF
:10F2300000000000001E001E000000008000000012
:10F2400000000000000000000000000000000000BE
:10F250000000000000000000C0EA00AA3CFC3CFCEA
:10F26000000000000000000000000000000000009E
:10F270000000000008FDFDFD00000000000000008F
:10F28000FCBCF0A0141C14FF000000000000553569
:10F290000000FAF8FAF00C1C0CFFBCBCFFA00F0A2F
:10F2A0000F5F0000000000000000000000001414C8
:10F2B0001515000000000000000000000000000024
:10F2C000000000000000000000000000000000003E
:10F2D00000000000000000000000C04000003CFEF4
:10F2E0003CFC0000000000000000000000000000E6
:10F2F00000000000000008FD0808000000000000F9
:10F300000000A0A0A0A0141C141C0000000000001D
:10F3100055350000282800000C1C0C1C1C1C5F002C
:10F320003C283C7D000000000000000000000000C0
:10F330001414101000000000000000000000000085
:10F3400000000000000000000000000000000000BD
:10F35000000000000000000021004000000000004C
:10F360000400000000000000000000000000000099
:10F370000000000000000000040041000000000048
:10F38000000000000000000000002000000000005D
:10F390000000000000000000000000042100000048
:10F3A0002100000000000000000000000400000038
:10F3B000210000000000000000000000000000002C
:10F3C000000000000000000000000000000000003D
:10F3D00000000000000000000000000040000000ED
:10F3E0000000000400000000000000000000000019
:10F3F000000000000000000000000000000000000D
:10F4000000000000000000000000000000000000FC
:10F4100000000000000000000000000000000000EC
:10F42000000090000000000000000000000000004C
:10F4300000000000000000000000000000000000CC
:10F4400000000000000000000000000000000000BC
:10F4500000000000000000000000000000000000AC
:10F46000000000000000000000000000000000009C
:10F47000000000000000000000000000000000008C
:10F48000000000000000000000000000000000007C
:10F49000000000000000000000000000000000006C
:10F4A000000000000000000000000000000000005C
:10F4B0000008000000000000000000000000000044
:10F4C000000000000000000000000000000000003C
:10F4D000000000000000000000000000000000022A
:10F4E00000080011000000000000000800000008F3
:10F4F00000080008000000000000000000000000FC
:10F5000000000000000000000000000000000000FB
:10F5100000080000000000000008000000000000DB
:10F5200000100000000000000000001100080000B2
:10F5300000000000000000000000002100000000AA
:10F5400000080000000000000000001100000000A2
:10F5500000000000000000000000000005000000A6
:10F56000030005000000030003000000000000008D
:10F57000000000100000000000000000000000007B
:10F58000000010000000000010000000000000005B
:10F590000000000000C000000000000000000000AB
:10F5A0000000000000000000000000000500000056
:10F5B00000000500000000000008000000004100FD
:10F5C00000000000050000004100000041080000AC
:10F5D0000000000010000000100000000000C0004B
:10F5E0008441000800052000000000000000000029
:10F5F00000000000C000000000000000001000211A
:10F6000000000000000800050003002100002003A6
:10F6100000030000000000210000000000100000B6
:10F6200000000000000000000000000500000010C5
:10F6300000000000000000000000000000000000CA
:10F64000000000000000100000001000000000009A
:10F6500000000000000000000000000000000000AA
:10F66000000000000000400000000000000000005A
:10F67000000000000000000000000000000000008A
:10F68000000000000000000000000000000000007A
:10F690000000000000000000000020000900000041
:10F6A000000009000000000000000000030000004E
:10F6B00000004100000000000000110020000000D8
:10F6C000200000000000000000000000000000001A
:10F6D000000000000000000000000000000000002A
:10F6E000000000000000000000000000000000001A
:10F6F000000000000000000000000000000000000A
:10F7000000000000000000000000000000000000F9
:10F7100000000000000000000000000000000000E9
:10F7200000000000000000000000000000000000D9
:10F7300000000000000000000000000000000000C9
:10F7400000000000000000000000000000000000B9
:10F7500000000000000000000000000000000000A9
:10F7600000000000000000001000100000C00000B9
:10F770000000000000000000000000100000000079
:10F780000000000000000000000000000000000079
:10F790000000000000100000000000000000000059
:10F7A0000000000000000000000010000008000041
:10F7B0000000410000000000030000000000000005
:10F7C0000000000000000000000000000000000039
:10F7D0000000000000000000000000000000000029
:10F7E00000000000000010000008C0000000100031
:10F7F000000300000008000000000000C02100001D
:10F8000000030021000884030021001000210000F3
:10F8100000000000000000000000000000000000E8
:10F8200000000000000000000000000000000021B7
:10F830008400C00800000008000000000000000074
:10F8400000000000000000000000000000000000B8
:10F85000C0001000000000000000000000000000D8
:10F860000000000000000000004000000000000256
:10F870000000000000000000000000000000000088
:10F8800011000000000000020000000000880000DD
:10F89000002000C000000010000000000020000058
:10F8A0000000000000000000000020020000000036
:10F8B000100000000000090000020000000000002D
:10F8C0000000000000000000110000000000000027
:10F8D0000000000000000000000000000000000028
:10F8E0000000000000000000000000000000000018
:10F8F0000000000000000000000000000000000008
:10F9000000000000000000000000000000000000F7
:10F9100000000000000000000000000000000000E7
:10F9200000000000000000000000000000000000D7
:10F9300000000000000000000000000000000000C7
:10F9400000000000000000000000000000000000B7
:10F9500000000000000000000000000000000000A7
:10F960000000000000000000000000000000000097
:10F970000000000000000000000000000000000087
:10F980000000000000000000000000000000000077
:10F990000000000000000000000000000000000067
:10F9A0000000000000000000000000000000000057
:10F9B0000000000000000000000000000000000047
:10F9C0000000000000000000020000000000000035
:10F9D0000000000000000000000000000000000027
:10F9E0000000000000000000000000000000000017
:10F9F0000000000000000000000000000000000007
:10FA000000000000000000000000000000000000F6
:10FA100000000000000000000000000000000000E6
:10FA200000000000000000000000000000000000D6
:10FA300000000000000000000000000000000000C6
:10FA400000000000000000000000000000000000B6
:10FA500000000000000000000000000000000000A6
:10FA60000000000000000000000000000000000096
:10FA70000000000000000000000000000000000086
:10FA80000000000000000000000000000000000076
:10FA90000000000000000000000000000000000066
:10FAA0000000000000000000000000000000000056
:10FAB0000000000000000000000000000000000046
:10FAC0000000000000000000000001000000000035
:10FAD00000C0000000000000000000000000000066
:10FAE0000000000000000000000000000000000016
:10FAF0000000000000000000000000000000000006
:10FB000000000000000000000000000000000000F5
:10FB100000000000000000000000000000000000E5
:10FB200000000000000000000000000000000000D5
:10FB300000000000000000000000000000000000C5
:10FB40000000000000000000000000004000000075
:10FB50000000008000000000000000000000000025
:10FB60000000000000000000000000000000000095
:10FB70000000000000000000000000000000000085
:10FB80000000000000000000000000000000000075
:10FB90000000000000000000000000000000000065
:10FBA0000000000000000000000000000000000055
:10FBB0000000000000000000000000000000000045
:10FBC0000000000000000000000000000000000035
:10FBD0000000000000000000000000000000000025
:10FBE0000000000000000000000000000000000015
:10FBF0000000000000000000000000000000000005
:10FC000000000000000000000000000000000000F4
:10FC100000000000000000000000000000000000E4
:10FC200000000000000000000000000000000000D4
:10FC300000000000000000000000000000000000C4
:10FC400000000000000000000000000000000000B4
:10FC500000000000000000000000000000000000A4
:10FC60000000000000000000000000000000000094
:10FC70000000000000000000000000000000000084
:10FC80000000000000000000000000000000000074
:10FC90000000000000000000000000000000000064
:10FCA0000000000000000000000000000000000054
:10FCB0000000000000000000000000000000000044
:10FCC0000000000000000000000000000000000034
:10FCD0000000000000000000000000000000000024
:10FCE0000000000000000000000000000000000014
:10FCF0000000000000000000000000000000000004
:10FD000000000000000000000000000000000000F3
:10FD100000000000000000000000000000000000E3
:10FD200000000000000000000000000000000000D3
:10FD300000000000000000000000000000000000C3
:10FD400000000000000000000000000000000000B3
:10FD500000000000000000000000000000000000A3
:10FD60000000000000000000000000000000000093
:10FD70000000000000000000000000000000000083
:10FD80000000000000000000000000000000000073
:10FD90000000000000000000000000000000000063
:10FDA0000000000000000000000000000000000053
:10FDB0000000000000000000000000000000000043
:10FDC0000000000000000000000000000000000033
:10FDD0000000000000000000000000000000000023
:10FDE0000000000000000000000000000000000013
:10FDF0000000000000000000000000000000000003
:10FE000000000000000000000000000000000000F2
:10FE100000000000000000000000000000000000E2
:10FE200000000000000000000000000000000000D2
:10FE300000000000000000000000000000000000C2
:10FE400000000000000000000000000000000000B2
:10FE500000000000000000000000000000000000A2
:10FE60000000000000000000000000000000000092
:10FE70000000000000000000000000000000000082
:10FE80000000000000000000000000000000000072
:10FE90000000000000000000000000000000000062
:10FEA0000000000000000000000000000000000052
:10FEB0000000000000000000000000000000000042
:10FEC0000000000000000000000000000000000032
:10FED0000000000000000000000000000000000022
:10FEE0000000000000000000000000000000000012
:10FEF0000000000000000000000000000000000002
:10FF000000000000000000000000000000000000F1
:10FF100000000000000000000000000000000000E1
:10FF200000000000000000000000000000000000D1
:10FF300000000000000000000000000000000000C1
:10FF400000000000000000000000000000000000B1
:10FF500000000000000000000000000000000000A1
:10FF60000000000000000000000000000000000091
:10FF70000000000000000000000000000000000081
:10FF80000000000000000000000000000000000071
:10FF90000000000000000000000000000000000061
:10FFA0000000000000000000000000000000000051
:10FFB0000000000000000000000000000000000041
:10FFC0000000000000000000000000000000000031
:10FFD0000000000000000000000000000000000021
:10FFE0000000000000000000000000000000000011
:10FFF0000000000000000000000000000000000001
:020000040002F8
:1000000000000000000000000000000000000000F0
:1000100000000000000000000000000000000000E0
:1000200000000000000000000000000000000000D0
:1000300000000000000000000000000000000000C0
:1000400000000000000000000000000000000000B0
:1000500000000000000000000000000000000000A0
:100060000000000000000000000000000000000090
:100070000000000000000000000000000000000080
:100080000000000000000000000000000000000070
:100090000000000000000000000000000000000060
:1000A0000000000000000000000000000000000050
:1000B0000000000000000000000000000000000040
:1000C0000000000000000000000000000000000030
:1000D0000000000000000000000000000000000020
:1000E0000000000000000000000000000000000010
:1000F0000000000000000000000000000000000000
:1001000000000000000000000000000000000000EF
:1001100000000000000000000000000000000000DF
:1001200000000000000000000000000000000000CF
:1001300000000000000000000000000000000000BF
:1001400000000000000000000000000000000000AF
:10015000000000000000000000000000000000009F
:10016000000000000000002000000100000000006E
:10017000000000000000000000000000000000007F
:10018000000000000000000000000000000000006F
:10019000000000000000000000000000000000005F
:1001A000000000000000000000000000000000004F
:1001B000000000000000000000000000000000003F
:1001C000000000000000000000000000000000002F
:1001D000000000000000000000000000000000001F
:1001E00000000000000000400000000002000000CD
:1001F00000000000000000000000000000000000FF
:1002000000000000000000000000000000000000EE
:1002100000000000000000000000000000000000DE
:1002200000000000000000000000000000000000CE
:1002300000000000000000000000000000000000BE
:1002400000000000000000000000000000000000AE
:10025000000000000000000000000000000000009E
:100260000000000000000000000000000900000085
:10027000000000000000000000000000000000007E
:10028000000000000000000000000000000000006E
:10029000FFFFFFFFFFFFFFFFFFFFFFFFFFFFFFFF6E
:1002A000FFFFFFFFFFFFFFFFFFFFFFFFFFFFFFFF5E
:1002B000FFFFFFFFFFFFFFFFFFFFFFFFFFFFFFFF4E
:1002C000FFFFFFFFFFFFFFFFFFFFFFFFFFFFFFFF3E
:1002D000FFFFFFFFFFFFFFFFFFFFFFFFFFFFFFFF2E
:1002E000FFFFFFFFFFFFFFFFFFFFFFFFFFFFFFFF1E
:1002F000FFFFFFFFFFFFFFFFFFFFFFFFFFFFFFFF0E
:10030000FFFFFFFFFFFFFFFFFFFFFFFFFFFFFFFFFD
:10031000FFFFFFFFFFFFFFFFFFFFFFFFFFFFFFFFED
:10032000FFFFFFFFFFFFFFFFFFFFFFFFFFFFFFFFDD
:10033000FFFFFFFFFFFFFFFFFFFFFFFFFFFFFFFFCD
:10034000FFFFFFFFFFFFFFFFFFFFFFFFFFFFFFFFBD
:10035000FFFFFFFFFFFFFFFFFFFFFFFFFFFFFFFFAD
:10036000FFFFFFFFFFFFFFFFFFFFFFFFFFFFFFFF9D
:10037000FFFFFFFFFFFFFFFFFFFFFFFFFFFFFFFF8D
:10038000FFFFFFFFFFFFFFFFFFFFFFFFFFFFFFFF7D
:10039000FFFFFFFF00000000000000000000000061
:1003A000000000000000000000000000000000004D
:1003B000000000000000000000000000000000003D
:1003C000000000000000000000000000000000002D
:1003D000000000000000000000020000000000001B
:1003E000000000000000000000000000000000000D
:1003F00000000000000000000000000000000000FD
:1004000000000000000000000000000000000000EC
:1004100000000000000000000000000000000000DC
:1004200000000000000000000000000000000000CC
:1004300000000000000000000000000000000000BC
:1004400000000000000000000000000000000000AC
:100450000000000000000000000000000000000894
:10046000000000000000000000000000000000008C
:10047000000000000000000000000000000000007C
:10048000000000000000000000000000000000006C
:10049000000000000000000000000000000000005C
:1004A000000000000000000000000000000000004C
:1004B000000000000000000000000000000000003C
:1004C000000000000000000000000000000000002C
:1004D00000000000000000000000002000000020DC
:1004E000000000000000000000000000000000000C
:1004F00000000000000000000000000000000000FC
:1005000000000000000000000000000000000000EB
:1005100000000000000000000000000000000000DB
:1005200000002500000000000000000000000000A6
:1005300000000000000000000000000000000000BB
:1005400000000000000000000000000000000000AB
:10055000000000000000000000000000000000009B
:10056000000000000000000011000000000000007A
:10057000000000000000000000000000000000007B
:10058000000000000000000000000000000000006B
:100590000000000000000000000000000800000053
:1005A0000000030008000000000000000900000037
:1005B00008000000110020000000040004002000DA
:1005C00003000200000003000500030004002000F7
:1005D00000000900040004001100030000000000F6
:1005E00004000000040000000400000002000000FD
:1005F00004000300040020000400020004001100B5
:1006000004001100040011000400080004000000B0
:1006100004000400030004000400040008000000BB
:1006200000000000000000000000000000000800C2
:1006300000000000000000000000000000000000BA
:1006400000000000000000000000000000000000AA
:100650000000020000000000000000000000000098
:100660000000000000000200000000000000000088
:100670000800000000000000000000000000000072
:1006800000000000000000000000000000008200E8
:100690000000000000000200000000000000000058
:1006A000000000000000000000000000000000004A
:1006B00000000000004000000400000000080000EE
:1006C000000000000000000000200000000000000A
:1006D00000000000000000000020002000000000DA
:1006E00000400000000000000000002000000000AA
:1006F00003000000000000000000040000000000F3
:1007000000000410000000000000040000000000D1
:100710000000084000000000000000000000000091
:100720000000004100000000000000100041000037
:1007300000000000000000000000001000000000A9
:100740000000020000000000000000100000820015
:100750000000000000000000020000100000000087
:100760000040000002000000000000000041000006
:1007700004000000004100200020000000200200D2
:1007800002000000018002000000000001000000E3
:1007900000000000000082000000020000000000D5
:1007A00082000000000000000000000000000000C7
:1007B00011000040000000000000000000000000E8
:1007C0000900200000000000000000900000000070
:1007D0000000030000000010000000000000000006
:1007E00000040000000000000000080000000000FD
:1007F00000000084008800000000000009000000E4
:1008000000000004000000000000000040020002A0
:100810000000000008004000000000000000000090
:1008200000020000000200000000000000000000C4
:1008300000000000000000000000000000000000B8
:1008400000000000000000000000000000000000A8
:100850000000000000000000000000000000000098
:100860000000000000000000000000000000000088
:100870000000000000000000000000000000000078
:100880000000000000000000000000000000000068
:100890000000000000000000000000000000000058
:1008A000000000000000C000000000000000000088
:1008B00041000000000000000000000000000000F7
:1008C0000000000000000000000000000000000028
:1008D0000000000003000000000000000000000015
:1008E0002000000000840000000000000000000064
:1008F0002100000000000084000003A003000300AA
:100900000300100000901000000020000000000014
:100910000000000000004100050041000000000050
:100920001000000000004100410000000000000035
:10093000000000000000A000000000000000000017
:100940000000C000A0000000000000004000000007
:1009500000021000200008000000000082001000CB
:10096000000000000000A0000000000010000800CF
:1009700008210000000000110800000082000000B3
:1009800000000805100088000800A0000800000012
:1009900000000000004120000800080008000000DE
:1009A00082000000000000000800000000000000BD
:1009B0000000000000000000000000000000000037
:1009C00000000000004000000000110020000000B6
:1009D00003001000000000002000000000000000E4
:1009E00000000000000020000000000000002000C7
:1009F00000000000050008002000030010001000A7
:100A000000000000000005000000100000000000D1
:100A10004100000000000000000000002000000075
:100A20000000000000040000000041004000000041
:100A300000000000000000000000000000000000B6
:100A400000000000000000000000000000000000A6
:100A50000000000000000000000000000000000096
:100A60000000000000000000000000000000000086
:100A70000000000000000000000000000005000071
:100A80000000000000000000000000000004000062
:100A90000000000000000000000000000000000056
:100AA0000000000000000000000000000000000046
:100AB0000000000000000000000000000000000036
:100AC0000000000000000000000000000000210005
:100AD0000000000000000000000000000000000016
:100AE00000000800000000000000000000001000EE
:100AF0000000000000000000000000000000008472
:100B00000000100000000000000000840000000051
:100B100003000000000000000300000000000000CF
:100B20000084000000000000000000000000000041
:100B300010000000000000000000000000000400A1
:100B40000000A000004100000005000000000000BF
:100B500000100000000582008400000082000005F3
:100B600000000010000000100000080084000000D9
:100B7000080500008200000010000000C000000016
:100B800000008200A00000000000C004A0000800D7
:100B900000000000080000000000C000004100004C
:100BA00000100000A0050000000000000000000090
:100BB0000000A00000000000000000000000000095
:100BC0000000000000000000000000000000000025
:100BD0000000000000000000000000000000000015
:100BE0000000000000000000000000000000000005
:100BF00000000000000000000000000000000000F5
:100C000000000000000000000000000000000000E4
:100C100000000000000000000000000000000000D4
:100C20004000000000000000000000000000000084
:100C300000000000000000000000000000000000B4
:100C400000000000000000000000000000000000A4
:100C50000000000000000000000000000000000094
:100C60000000000000000000000000000000000084
:100C70000000000000000000000000000000000074
:100C80000000000000000000000000000000000064
:100C9000000000000000000000000000000000C094
:100CA0000000000000000000000000000000000044
:100CB0000000000000000000000000000000000034
:100CC0000000000000000000000000000000000024
:100CD0000000000000000000000000000000000014
:100CE0000000000000000000000000000000000004
:100CF00000000000000000000000000000000000F4
:100D000000000000000000000000000000000000E3
:100D100000000000000000000000000000000000D3
:100D2000009001000000000000C000000000000072
:100D300000000000000000000000000000000000B3
:100D400000000000000000000000000000000000A3
:100D50000000000000000000000000000000000093
:100D60000000000000000000000000000000000083
:100D70000000000000000000000000000000000073
:100D80000000000000000000000000000000000063
:100D9000000000000000000000000000090000004A
:100DA0000000000040000000000000800000000083
:100DB0000000000000000000000000000000000033
:100DC0000000000000000000000000000000000023
:100DD0000000000000000000000000000000000013
:100DE0000000000000000000000000000000000003
:100DF00000000000000000000000000000000000F3
:100E000000000000000000000000000000000000E2
:100E10000000000000000000000000000000004092
:100E2000000000002000000200000200200000007E
:100E300000000000000000000000000000000000B2
:100E400000000000000000000000000000000000A2
:100E50000000000000000000000000000000000092
:100E60000000000000000000000000000000000082
:100E70000000000000000000000000000000000072
:100E80000000000000000000000000000000000062
:100E90000000000000000000000000000000000052
:100EA000000100000000010000010000000001003E
:100EB0000000000000000000000000000000000032
:100EC0000000000000000000000000000000000022
:100ED0000000000000000000000000000000000012
:100EE0000000000000000000000000000000000002
:100EF00000000000000000000000000000000000F2
:100F000000400000000000000000000000000000A1
:100F100000000000000000000000000000000000D1
:100F2000000000C000000001000000000000000000
:100F300000000000000000000000000000000000B1
:100F400000000000000000000000000000000000A1
:100F50000000000000000000000000000000000091
:100F60000000000000000000000000000000000081
:100F70000000000000000000000000000000000071
:100F80000000000000000000000000000000000061
:100F90000000000000000000000000000000000051
:100FA000000000000000000000020000000000003F
:100FB0000000000000000000000000000000000031
:100FC0000000000000000000000000000000000021
:100FD0000000000000000000000000000000000011
:100FE0000000000000000000000000000000000001
:100FF00000000000000000000000000000000000F1
:1010000000000000000000000000000000000000E0
:1010100000000000000000000000000000000000D0
:1010200000000000000000000000000043C80000B5
:101030000000000043C800000000000000000000A5
:1010400000000000000000000000000000000000A0
:101050000000000000000000000000000000000090
:101060000000000000000000000000000000000080
:101070000000000000000000000000000000000070
:101080000000000000000000000000000000000060
:101090000000000000000000000000000000000050
:1010A0000000000000000000000000000000000040
:1010B0000000000000000000000000000000000030
:1010C0000000000000000000000000000000000020
:1010D0000000000000000000000000000000000010
:1010E0000000000000000000000000000000000000
:1010F00000000000000000000000000000000000F0
:1011000000000000000000000000000000000000DF
:1011100000000000000000000000000000000000CF
:1011200000000000000000000000400800000180F6
:101130000000000800000180000000000000000026
:10114000000000000000000000000000000000009F
:10115000000000000000000000000000000000008F
:10116000000000000000000000000000000000007F
:10117000000000000000000000000000000000006F
:10118000000000000000000000000000000000005F
:10119000000000000000000000000000000000004F
:1011A000000000000000000000000000000000003F
:1011B000000000000000000000000000000000002F
:1011C000000000000000000000000000000000001F
:1011D000000000000000000000000000000000000F
:1011E00000000000000000000000000000000000FF
:1011F00000000000000000000000000000000000EF
:1012000000000000000000000000000000000000DE
:1012100000000000000000000000000000000000CE
:1012200000000000000000000000000000000000BE
:1012300006100860000000000610082000000000F2
:10124000000000000000000000000000000000009E
:10125000000000000000000000000000000000008E
:10126000000000000000000000000000000000007E
:10127000000000000000000000000000000000006E
:10128000000000000000000000000000000000005E
:10129000000000000000000000000000000000004E
:1012A000000000000000000000000000000000003E
:1012B000000000000000000000000000000000002E
:1012C000000000000000000000000000000000001E
:1012D000000000000000000000000000000000000E
:1012E00000000000000000000000000000000000FE
:1012F00000000000000000000000000000000000EE
:1013000000000000000000000000000000000000DD
:1013100000000000000000000000000000000000CD
:1013200000000000000000000000000000000000BD
:1013300000000000000000000000000000000000AD
:10134000000000000000000000000000000000009D
:10135000000000000000000000000000000000008D
:10136000000000000000000000000000000000007D
:10137000000000000000000000000000000000006D
:10138000000000000000000000000000000000005D
:10139000000000000000000000000000000000004D
:1013A000000000000000000000000000000000003D
:1013B000000000000000002030103140000000203C
:1013C00000003140000000000000000000000000AC
:1013D000000000000000000000000000000000000D
:1013E00000000000000000000000000000000000FD
:1013F00000000000000000000000000000000000ED
:1014000000000000000000000000000000000000DC
:1014100000000000000000000000000000000000CC
:1014200000000000000000000000000000000000BC
:1014300000000000000000014000000280000001E8
:10144000400000000000000000000000000000005C
:10145000000000000000000000000000000000008C
:10146000000000000000000000000000000000007C
:10147000000000000000000000000000000000006C
:10148000000000000000000000000000000000005C
:10149000000000000000000000000000000000004C
:1014A000000000000000000000000000000000003C
:1014B00000000000000000000000909909000000FA
:1014C000000080890900000000000000000000000A
:1014D00000000000000000000000080000000800FC
:1014E00004008400110010000000880010000000BB
:1014F0004000020003000800020008000800080085
:10150000020008000808400002000200110002006A
:10151000110004000300030000000400200002008A
:101520002001820008000200020091000200020077
:101530004000090004000200020004000400110041
:101540000400020004000400040011000000030075
:101550000200040011000000110000000100000062
:10156000000001000800000001000000020001006E
:10157000000001000900000000000100040000005C
:1015800001000800000000800100010001000000CF
:101590000100000001000000000000000000010048
:1015A000010005040200000000000100020001002B
:1015B0000000010000000400000000000000000026
:1015C000000001000000000000000000000000001A
:1015D0000000010000000000000000000400000006
:1015E00000000000080000000010040000000000DF
:1015F000000000000000000000A0800000A080406B
:101600000008004100110000000900000000000077
:1016100000000001000080000001000400C0800004
:1016200000000000800005000000000080000000B5
:101630008002000000A000008020001000A0020036
:101640000000000008000000000002000020004030
:10165000000000004000000000000000001000003A
:101660000000000000100000000000000100000069
:1016700000000010041000009000001010009010F6
:10168000028000800040000204000088000000206A
:1016900000100010000800000400904000A00000AE
:1016A0000210002120000200002000200000101085
:1016B0000010029000210040844004C0000000207F
:1016C000A1110200002004000841020000000040B7
:1016D000021000100020851082100010021000106F
:1016E000001000A0000000A08021002004200020A5
:1016F0000010000300200021000000000000001086
:1017000000218010800080020004000400040040DA
:10171000001000020004801000040000002180007E
:1017200000000000008400008088000000008002AB
:1017300000880001004000880010004000100000F8
:101740000004000000400010802080100000000015
:10175000000400A000000000000000400010001085
:101760000010000000008200000004C00080018022
:10177000008000000840000010200000000002006F
:10178000000000040200200004000000000000002F
:10179000000000000000A000100000000000004059
:1017A0002000000000000000000002008400000093
:1017B00004000000C040008000000800001000008D
:1017C0000000000000000000000004800800C000CD
:1017D0000000088000000000100040000000000031
:1017E0000200000000000000410080000000040032
:1017F000040004001000100041001000020010005E
:101800000000004002002001410010C01000020052
:101810009000C000080010000300820010000000CB
:101820001000100000804100080008008000410006
:1018300000000000100010001000100020010884BB
:101840000400100002C0030010000000102102007C
:1018500041000000200010001000080041001000AE
:10186000100003902000C0000000000002050002EC
:1018700001000900010008050000004100410100CD
:1018800000000000088009000908000508000000A9
:101890000100100041000000A00010000300000043
:1018A0008200C00008000000C021100310002000CA
:1018B0000005100010001010000000410000100290
:1018C000A00011100000001084058400084002846C
:1018D00003000000C000A1100000C0100040000084
:1018E000C00008101010101000000384000000A0B9
:1018F00004C0C000200040040002200403020002D3
:1019000000400084008541822005008420102000D2
:101910000004000400041002080400000800400253
:1019200000020000080440100000080002840210B9
:1019300000021010039009C0080000000088032076
:1019400010A01184050003880000000821C00004D5
:1019500000001040080000040504039041000088C6
:101960000288000241100002031000000000000085
:101970000000010004000000000000000000000062
:10198000000000000000C0080000004000000080CF
:1019900000000000000000000080000000000000C7
:1019A0000100000000000000010000000000010034
:1019B0000000000000000000000000000000000027
:1019C0000000201000000000000000000080000067
:1019D0000000040000000000000000800000000083
:1019E0000000000000000000000000000084000073
:1019F00010000300800180A100C0058400100010C9
:101A0000880003900084410005A0052020C000004C
:101A10000040208421104110888480104100410042
:101A2000000002C100101010210021C0000010A011
:101A30008302088400841010000008002184000044
:101A400008C0000010001040080000004190200075
:101A500000000000049041850000100005000040D7
:101A60000040000800C00382411000100010000573
:101A7000004100214000041004200000C0000000CC
:101A80000000020000000000000500050000004109
:101A9000A00000800900C041C00010000200080042
:101AA000080000000140080008000000C00000001D
:101AB00000002000082000000802100500000000BF
:101AC000C000C00000100004001100000800100059
:101AD0000000844010408300C00800001000000097
:101AE0000080008000801000084000100200A0006C
:101AF0000000000040000000100011002080008065
:101B00000508800482080308408000000800208047
:101B100002908491111000084002021089410305CF
:101B20001141211090051088058984824140C00927
:101B300000008205002110C000020080108091008A
:101B40000080200840820082118400000000000014
:101B5000000080009000888000801000008040001D
:101B60000280A188801008210220000000000000EF
:101B7000000000008800000000000282840201A032
:101B800000080101820040000100C01000840188AB
:101B900000084182854000A000A188008400100157
:101BA000A1010009A1891089008408C010112182B7
:101BB00085020000110900090211009000C0108484
:101BC000040200080309008500400004008800C0EA
:101BD0001000020210C0088883C00008089010841A
:101BE00000820084908202890191000900000000B7
:101BF00000000000000000000000000008C190008C
:101C000021A083919001418810000800000001008C
:101C1000010001908800A001C010C00310000489D9
:101C20008801080440010401A0010384A000A00170
:101C3000908588A1000010000300A1A008001101F8
:101C40008800A10084C00001010100A101C00001C1
:101C5000000000080088A000C18204000200C1004A
:101C60000208400083201100859185019104000045
:101C700000000000000000000000000000009110C3
:101C800010008500C105114040008808880040040C
:101C9000400021000821000200100000801000090F
:101CA00000030005800082200803400541804008B1
:101CB00003031185021000000902200085000210B4
:101CC0000803040005009080041004401005038000
:101CD000000300000000000089004180091121106C
:101CE0001109118008119080A0408803A002C00251
:101CF00000000000000000000000000000800080E4
:101D00000084009000910088080400050084080504
:101D10000083801090400083108880881088888815
:101D20000040009000C011831009808808C1C111D3
:101D30001110029040C140050000104100008504D0
:101D40008520008000410041008508020002042037
:101D5000A0100000000080000000000000000080D3
:101D6000000000040003118400030888004085C0BF
:101D7000088300000000000000000008004000A0F0
:101D800010820008080882C0A0820010000100082C
:101D900088A10008C0408210041190400441030251
:101DA000A11100010040008510030104C040088417
:101DB0000304008800C0001004020000011100822A
:101DC000A18810C1004010A082C0C0100000000116
:101DD0000001850000000000A000900000028402C5
:101DE000008488A00088008800840084098590838E
:101DF000419000050000000000000000000000000D
:101E00000000000008040288000140400200410078
:101E10000201019090001009C00040008202840479
:101E2000849004881102C008C11090088300110238
:101E3000100001828590C000820284000000050429
:101E400084214001050808098408A000C02002047C
:101E5000050041012000840088000402A00001A1C7
:101E600000410011004091A0911090014140820278
:101E70004101820141080000000000000000000054
:101E800000000000000080890009000800008411A3
:101E900008009021080000008002802100008000DE
:101EA000008080808080A009118082802180411084
:101EB0009080880010008200054109049100000014
:101EC0004180040885202000800500848002800075
:101ED0008900C10202408200800000000000000072
:101EE000411004C102C01180C100020008020800B4
:101EF000840891401108908000000000000000005C
:101F000000000000000000000000001300000000BE
:101F100000000013000042A000000000000000824A
:101F200000000013C2000000000000000000058453
:101F3000000000000000820012000013C200210017
:101F4000000000820000C200000012000013000028
:101F500082000000000000000000410000130000AB
:101F6000210011000013C2000A8100000000C2001D
:101F7000000000000000000042000000000000001F
:101F80000000000000000000000000000000FF0052
:101F9000FFFE00000000FFFF004300000000FFDB29
:101FA0000000000000000100000000000000000030
:101FB000FFFF3939FF00F7F7F70439FF3900DFDF9A
:101FC000DF9D000000000C00420000000000000047
:101FD0000FFF0F0FF676F66600000200000000000B
:101FE00000000000F0306066000000003C3D3C3C1A
:101FF000440088006F606F603F3F5569000000003B
:1020000000000000000000000000000000000000D0
:10201000FF00FFFE000800000000000000000000BC
:10202000FFFF060000000000010000000706060692
:102030004000FBFB3939FF00FFFFFFFF39FF39008C
:10204000FFFFFF99000000000C00420000000000AC
:1020500000000FFF0F0FF676F6660000000000008C
:10206000000000000000003060660000000000007A
:102070000000004400886F636F600303556900002F
:102080000000000000000000000000000000000050
:102090000000000000000000000000000000000040
:1020A0000000000000000000000000000000000030
:1020B0000000000000000000000000000000000020
:1020C0000000000000000000000000000000000010
:1020D0000000000000000000000000000000000000
:1020E00000000000000000000000000000000000F0
:1020F00000000000000000000000000000000000E0
:1021000000000000000000000000000000000000CF
:1021100000000000F0FFF1FF0000C300FCFFFC3CEA
:1021200000000000000000001999999900000000CB
:10213000008090900000000024E7CFCF00F03CFC2E
:10214000FCFC7E423C00000000006666E7E7F6FF0C
:102150007E7E000000000D0F040000900000FDFFD7
:102160000404000000000000000000000000F0F087
:10217000F0F000000000000000305A5AF0F027662E
:102180006666000000000000000000000000000083
:10219000000000000000FFFFFFFF0600C7003CFF3B
:1021A0003C3C000000000010000099999999000043
:1021B0000000008090900000000024E70C0C00F06C
:1021C0003CFCC0C07E423C3CF066000030F3F3F3C0
:1021D00090FF181800000000040F040000800000A9
:1021E000FFFF0406000000000000000000000000E7
:1021F000F0F0B0F30000000000000000247E663C18
:1022000040000000000000000000000000860060A8
:1022100000B000000086002000A00000008600E062
:10222000009004000086006000B90000A084507097
:10223000A0B0000500860C6000B9000000860C60AC
:1022400000B0000000860CA003B00005000000866E
:10225000007C00B00000008600E001A000000086C5
:102260000C6000B000A0008600A003B00000008653
:1022700000F0039000000086007000B800000086A7
:102280000C6000B9008000000000000000000000A9
:1022900000003C3C3C3CFFD7FFFF0000FFFFFAF092
:1022A000AA00FFFFFFFF82C0C3FF00FF00FEFFFF89
:1022B000FFFF00FF01FF000000100FFFAFFF0F0046
:1022C0000000053DFFFFAFA0AFA000F050500000A0
:1022D000485008002F0FEF0F0C000C000F0F0000EC
:1022E000FFFFFFFF00000000EBEBAAAA00000000C8
:1022F0000000000028FFAAFF00000001000000000D
:10230000F5A07D7D14F4141F000000000000000003
:10231000000000003C3E3D3E0000000000013F3F49
:10232000FAF0AA00FF7DFFFF82C0000000FF00FE60
:10233000FF00FFFE00000101000000000FFF0FFF83
:102340000A0A000005050505FFFFACAC00FF3030B0
:102350000000485008002F0FEF0F5D550C00287D3E
:10236000287DFFFFFFFE00000000F3F3F3300000C4
:1023700000000000000028FF0AFF0000000D0040E0
:102380000000F5A02828141F14F40000000000002D
:10239000000000000000000000003C3C3C3C4141CB
:1023A0000EBE000000000100000000003C3E0000E6
:1023B0000000FFFFFAFA7FFFFFFF00000000AFAF51
:1023C00083AF2828FCC05050FFFFC00000000C0C59
:1023D0000CFF00003C3CFF0000000200FF3CFF3807
:1023E00000000000FF30303000000000C30000009B
:1023F0000000000038FABAFA55555555FCF03C007B
:102400001E1E55AAAA0A50A06699996600000000EF
:102410000000000000000000000000003F3F7DFFC2
:1024200000000FFF000000005000000000003C3CD6
:1024300000000000FFFCFAFA7FFFFFFF0000000031
:10244000FFFFC3FFFCC0FCC070F0FFFFC000000036
:102450000C0C0CFF0000FC0CFF0000000200FF3819
:10246000FF3800000020FF30303000000000000086
:1024700000000000000038FABAFA00000040FCF04A
:102480003C001E1E55AAAA0B50A099666699000032
:10249000000000000000040004001000040102001D
:1024A00010000400040080000200110082000200FD
:1024B0000200C00004000400040002004000040008
:1024C00002000200C000020002002100910004206E
:1024D0002000020020000000040002002100100083
:1024E000022184109000100020002100040002004E
:1024F00002C0040002000400020000200210840058
:1025000021101100000002002100020084100420AC
:102510000510040004000220000000000100000873
:102520000010000000000000100001000000110079
:102530000100010041000000000008000500050046
:102540009000010001004100210005008400080006
:10255000080001002100050000000000011000003B
:102560001100014005000500010008000400000002
:10257000000001000000020004000900000000004B
:102580000200000000002000000000002000028087
:102590000000020000009000040000000000800025
:1025A000000000000000000000000500020800001C
:1025B000800000000000800000000010000000000B
:1025C00000000000000080000000000080400000CB
:1025D0000200040000000401000000C00000000030
:1025E0000000000080A10000C00180000008000180
:1025F000000080000000000000100904000000013D
:102600001000800080000000820100000001002016
:102610008090041002010891800100100000000069
:1026200010000000040000000021000000000180F4
:1026300000000810000000004000000000800000C2
:1026400000100000001000000210042000000280B2
:1026500004000510011004050140000000000410F2
:10266000040004202000084000210510040000415F
:102670000040000002209010044100100080040877
:10268000A04001200211024104410340000000402B
:102690000090080001210540000202100000000027
:1026A00000000010000000A000A000080040000092
:1026B0000002800000020000000000020001004053
:1026C000004000400088008800020204000400105E
:1026D000009000A080010084000080110000000034
:1026E00000840000000000100040000400200040B2
:1026F000000200400000809000A0000400C0000321
:1027000000000001000080000000000080C0000008
:10271000001000020011000000840004000000000E
:102720009000000000000002A010400040000000E7
:10273000A000004110002004001020040020000828
:1027400040899021008084000809A000050940000C
:1027500000008200A00008100041C04102400004B7
:102760000000A00020000800200208C008000804A3
:1027700040410210008000004009000910001000D4
:1027800000040805004008000200000008030210D1
:10279000C0042005000400900210C041C0002004C5
:1027A00010022100110090000300400021000010E1
:1027B00002400000000003000000100002080800B2
:1027C00002000900020000001000000010000000DC
:1027D000C00008004101080085000000100002014F
:1027E0008004000008900800050002020240040076
:1027F000C101850010000240080000001082100096
:1028000020002000029010080900900108A02088F4
:1028100090400800410002A18800020003A0089037
:10282000210008000000000002000000010000007C
:102830000005008000000000000000000141018050
:10284000000001000000010000000100000800007D
:1028500010004100000000400000080000000000DF
:1028600009400480000000000000000009001190F1
:102870001100081004000000018084000000A00086
:1028800000000000010001000080000003080000BB
:10289000000410801000100001200900C000100882
:1028A000000084001100200003000090119000023D
:1028B0000004200011000800004020A009001008BA
:1028C000080009900088080008040800214041021F
:1028D0002008200140A105002188408840111000F7
:1028E0001140824100C0000000A008882110008231
:1028F000208900004111210002C009102188101018
:1029000041C00300214003A00000081103A083037D
:10291000104002840241050221000302210010C080
:102920000004210003100800000200000000000065
:1029300040109000040210100000C0090440000084
:10294000010200022010A00000100000000400029C
:10295000201090110808910200200020000491909E
:102960000011000503C0C0020000000200100000BA
:10297000100910400800841088200911100004007C
:1029800040000000000010000800C0400840100493
:1029900002402020010201C0C002000000054000EA
:1029A0000110000000000080080000001100000875
:1029B00000000000000003000310000800C0000039
:1029C000000000000210008411000800080002400E
:1029D000020008C0051000408202210040100200E1
:1029E00088100808201190404100000000002110CC
:1029F00021004000A1414100108890A00000008209
:102A000000000282C1C0410000002100001100400E
:102A1000000082400300020080400590080810007A
:102A200088101000030002C04100C1000000000037
:102A30000000000000000000000000000080000016
:102A40000000000000000100000000000100000084
:102A500001800100000000000080418000000100B2
:102A60000100098000050104028000000000000050
:102A70000000000001000810000000000400000039
:102A800000000000000902000010000000000040EB
:102A90000080002103831000000002C1C000000874
:102AA0008403099000000000110088001000030852
:102AB000800908110803200288090320411000053D
:102AC0008889418920084002009000094010039144
:102AD00000C010C041102040800011050805089179
:102AE00089081110C1C180028084C0200841000003
:102AF0009111054002888320808503098003089096
:102B0000029080C0200505200000008000000080A9
:102B1000000200082140038511008480410041002B
:102B20008080000082800000008000000000808023
:102B3000010084000000010000010200000001000B
:102B40000089C18400080108001100840090000081
:102B500001830408010400A10104080200A0000888
:102B60000103848800919190848910A12041A040A4
:102B70000000080301030510C0C1848200A02004E6
:102B8000010911098485018300C100880002002029
:102B90000008008910890140008500880410009019
:102BA00001A008820002080400C0008200C00000EA
:102BB0009004020083004010851005009010040866
:102BC00041008200041041A0C0084100C00411412E
:102BD000880209011111100182831000118204037F
:102BE00088A004011101911190C1C10085C040C0AD
:102BF000C0100000C000C101100185A089011108AA
:102C0000882183C08200A000C005020801000100E5
:102C100001000000C00002000840A0850200C000C2
:102C20000200840411008500014004A02100090075
:102C3000A00002018911400009808803C0000988B2
:102C4000898008051109848010119140081109003C
:102C500040050980104041880305C0884111C00823
:102C6000028502008202C1411005C1111104A08039
:102C70009000418500000411A021040590891121D4
:102C800004801120908000050003000500891100D8
:102C9000410040000241110409008400109000002E
:102CA00000000000808082414000408011002040F0
:102CB00090008900901108200005088511200982E4
:102CC00000402188A091111080050982410508105B
:102CD000002008C0008540C08009854041C00582B1
:102CE0000041C089118510908010004008052080A7
:102CF0008021088505200000201080C18020084028
:102D00004005821088404103218200820082884071
:102D10000004050285020020400000A08082088493
:102D200000098041000980040000028091800000B9
:102D30000000000000000000001000890002409127
:102D4000004100A10184840500020891048501036B
:102D5000000400820085001100091082110501099C
:102D600000411004848400410108C008081140108B
:102D700000041001888500A1000000A11008840350
:102D80001083011040014008004100A004408284EB
:102D90000205000104010800000101A040050285B0
:102DA00001C00040C0C0882040C000A005C0C19044
:102DB00008A010000000000000001010C083820076
:102DC0000282002001000000008283C10808080080
:102DD000100202001000040005008200A08890008C
:102DE0001110028491008300C0108200A10109012A
:102DF000084004C1042105010910000085004001BC
:102E0000030141401189090108012000A1110500B9
:102E10004100051000040021000000008804400368
:102E200040018890080504108200C008C00108888D
:102E3000900108848201A040C00040C18010804001
:102E400000008080044104111111108082050810D7
:102E50008804880041118800022011000008400207
:102E6000C008900005904008404004008840401091
:102E7000900891C100200502050220800000C005D5
:102E8000080821102080030290050502411040032C
:102E90000800A10020800080008400400000004164
:102EA0000008000800008088000000008080000505
:102EB00000088011800080050083001100A0000040
:102EC000000000008182000000000000008200007D
:102ED00000000000000000000000000000000000F2
:102EE000000000000A480000000000000000000090
:102EF00000000000000000420013C20000000000BB
:102F0000000000000000000041000013000000006D
:102F1000000000000000110000420000C20000009C
:102F200000000000000000000000000000000000A1
:102F3000000000130000000000000000000000007E
:102F4000000000003C3E7D7F303030FFAAAAFAFA34
:102F5000000000000000FF007F0F5F0F00550155CB
:102F600038FB38FB04FEFEFE00000000A0A00000BD
:102F7000003AFF3A3CFF2DAF0C000C00000000F0BF
:102F800000000CCF28EBF4FFFFFF5555003CC0F0CC
:102F9000C3FF0CCF28EBCFFFD7D700000000000CF9
:102FA00000000000000000F0000000000000353CC0
:102FB000F5FF00000000000000000000000000001D
:102FC000000000000000000A555F000000FF2AAA70
:102FD000FAFA000100000C000C000000000004558B
:102FE000055508CB08CBFFFFFFFF04003C3CACA01D
:102FF0000C00003AFF3AFFFFFFFF00000000000056
:10300000000000000CCF28EBF0FBFBFBFFFF002CC7
:103010000030003C0CCF28EBCFFFCFFF00000000BA
:10302000000C00000000000000FF00000000000095
:103030000500C5C300000000000000000000000003
:1030400000000000400000000000400000000008F8
:10305000D7DFC3C30000FFFFFFFFF5F50F0F00C36D
:10306000000000008F8CBFBC82C3C0FF00003E3E4A
:10307000FF7FFF708F8CBFBC0C0F0AAAEBAAEBAAD4
:10308000AAAABEBE0000C3E8FFE8D0F0F8F0000036
:1030900000C8FFFA00FECFEBCF28000000000000C0
:1030A0000000AEAEAEAEFFFF0010FFBCBCBC000027
:1030B0000000000000000000000028282C2800006C
:1030C0000000FFFFBCA00014000000004000000052
:1030D0000C0CD7DF00400000FDFFFEFFF7F50F0FDF
:1030E0000000C00000308380B3B08200C000000048
:1030F0000000FFFFFFF08380B3B00C000AAAFFFCC2
:10310000C3C0FF00FCFC000000E83CE82000000019
:103110000000000000FA00FE0CEB0C28000000008C
:1031200000000000FFFC0F0C00000000FFA0A0A0AA
:1031300000000000000000000000000028282828EF
:1031400000000000BCA0BCA00086006000B0000031
:1031500000860C6000B800000086006000B000002F
:103160000186026000B0000000860C6000B800001C
:1031700000860C6000B0000000860C6000B8008083
:10318000008600DC00880000000000860C6000B8AB
:103190000000050600A00189000000860C6000B058
:1031A00000000086007C00B800000086006000B0CF
:1031B00000000086006000B00000008600E0009083
:1031C00000000086006000B00080F0F0F0F0FDFD2F
:1031D000FF3C0000000071FF0FFF04008AAA40407E
:1031E000E0E0053C003CCF0FFFFF000000000000C6
:1031F00000001010105500000040C0C0EFEF08089C
:10320000AA003C3C3C3C00AAFFFF0000EBEBEBE8D3
:10321000C3C20000F0FA0000003C3C3C82C2000047
:10322000030B030300000000000000000028002042
:103230003D3DFFFFFF000000000F002FAA00AA8005
:10324000002AFFFFAA3CF0AA00000000F4E0F4F01E
:103250000D0DFF3C0000000000FF00FF0000AAAAC7
:1032600040E040E0003C003CCF0FFFFFC082C0C305
:103270000000800010101010000000C0C0C0EF203F
:1032800008080000BEBEFFFE0028FFFF000028EB7C
:103290002828C3C20000FCFA0000003C3C3C02C2EB
:1032A0000000000A000000000000000000000020F4
:1032B000002000FF00FFCF000000000F000FAA0059
:1032C000AA00002AFFFFAA3CF0AA000000000000AC
:1032D00000000C4DCF4D0000000000000000FFC3B7
:1032E000FFCBFFFF0000000F000000C300000050F4
:1032F000001000000000FFFFFFFF000000000F0CA7
:103300000E0E5F1E0A003C3F3C3C14FF1FFF0000F6
:10331000FBFAFFFAFFFF02AA0100000100000F0FF5
:10332000000000000A0A0ACBFFF7FFFF00000000C0
:10333000ABAFFFFF3C3C3C3CAAAAAAAA0C0AFFFF89
:103340004141C0C0040400003CFF3C0000C355558F
:10335000000000000000C3000000000000800282A6
:10336000FF00FF0A707F505F000F000000C30303DF
:103370000000001000800002C305C3000000002010
:1033800003000E0E0A1E0A003C343C3C14141414B4
:103390000000FAFAFAFAFFFF0000000000000C0C2F
:1033A000000F000000010A0A0A0AFFFFFFFF0000E9
:1033B00000000000000005FFF5FF000000200000F5
:1033C000FFFF0000FF00000000003CFF3C0004C7BE
:1033D00053532100000008000000020008002100F3
:1033E0000200020002000800020008081100008824
:1033F0000800049008400420038808000800050025
:1034000004000200200002000088020011000200F7
:103410000400000002880240210004C004401100A2
:1034200020001108210004000400211004200420C1
:1034300004402000080020000500040004000200F1
:1034400004002110040003000320200004002000D9
:10345000030011A0100002000200000000000000A4
:1034600000008800080002000000080008000000BA
:1034700002000000080002400200004010000400AA
:103480000400020008000200080000000200000022
:103490000200A000000000008400040008000400F6
:1034A00082008400080000000400A0000000020068
:1034B000820090000400A000000002000000040050
:1034C00008000200000000000000100000000200E0
:1034D00000000000000000000000000000000020CC
:1034E000000005000010000800000000000000209F
:1034F00000000000020100000000000000000000C9
:1035000000000000000000000000000000000000BB
:1035100000000800841000C000000000000000004F
:10352000000000001100000000000000000000008A
:1035300040009020900000100020000000000000DB
:10354000000011A00088050000000000000000003D
:103550004000104000088040000000000011000002
:1035600000000000001000000041001000000041B9
:103570000000004000200120000000410000000089
:103580000040001100200008200000100010000082
:1035900000210010031003A00000001184000000AF
:1035A000A000004100000010042082410010002013
:1035B000000005400390112000080000002090004A
:1035C0000040001000109041900000009041A009C0
:1035D000A02091210190008008900000000000824E
:1035E000000020881100200000C0000041000002FF
:1035F000200004020002091040020284020002209E
:10360000002008000200020000000820100008004E
:1036100011020010030021000400000041C021003D
:1036200003001000411009000340059000000088CD
:10363000410003024100008809000020008805C005
:103640000000038411A009004002000200080010DD
:1036500000000890000000200900002040214011D7
:10366000000000114009901082022000400204086E
:103670000008400240009002A082882188022004B5
:103680000204001110020803202000101040100452
:1036900010041000080408040805000500000800D4
:1036A0000010C0090805000010101000840510402B
:1036B0008400840908049041A0022000C021000475
:1036C00002041002A00004028400C00002000010E6
:1036D000080282000000100008C000008889000075
:1036E000080000000000008410000000000000003E
:1036F00000000000008400000000000008C000007E
:103700000000000008000000200000000500080084
:103710000500080000001000080003004100000040
:10372000000010000800100010002100090009002E
:103730000800020005000300108410C0101088214A
:10374000100010002100410003A009C00000210862
:103750004100058810881000020090001009100038
:103760000000000000000000000500000000000054
:1037700000000000000000210000004100000100E6
:103780000000000000000000A00000008800C00051
:103790000800200008000000100020119000000028
:1037A00000001000840884000000000084088400E9
:1037B00002000009C0000010A000A02001008480C9
:1037C00003209010900088410409C0042000C0002C
:1037D0000800A000A0111021822120110211849064
:1037E0000000000000C0000003000010000000A066
:1037F0000000000200000002200000000010000095
:1038000000100210000000A0000002840000000070
:103810000000000000C020040500001002000000AD
:10382000051000000000080000000900410004002D
:1038300000000020100000000000000020004100F7
:10384000080203080084030000040010051004822D
:1038500021C010000008001000C000C0200200C0FD
:103860000002000490400202200404400404040505
:103870004008024102024002400240040820402069
:1038800082020004200400401020A00520202020F7
:1038900002112041881008022002C00910110040C6
:1038A0000002200400008400C01110200805100050
:1038B000880010089004000900041000080010118E
:1038C000A000C00004004000C00000000000A020D4
:1038D00008210011A000000090000000C0091000A5
:1038E000900000008803000000100000000000109D
:1038F00000000000000000000000001000000010A8
:1039000000A00010002000A000C000002020001037
:1039100010000010200000000000020003000884D6
:1039200010100510000000000000410021001010E0
:103930000300110021000000200000001000000022
:10394000001010100000000041001084000000C0B2
:103950000000100000000900218200C041000500A5
:103960002184001010C000C00000000000050041CC
:103970000000004100000000A00000000005000859
:10398000000000000008000000000000000000002F
:1039900000000000000082000000000088030040DA
:1039A00008008209080008000000C00008000803A1
:1039B0000008000020050004000084050000000449
:1039C000C00484000821104088008208000382415E
:1039D0000800C041882188109040201110049041B7
:1039E00090008405C008044084210000000000000D
:1039F00000008000000000000000000080000003C4
:103A000000000000000000000000000000000000B6
:103A10000000800000000000000000000000000323
:103A20000000000000000000000000000000830013
:103A3000008083C10000030080C183C103800300B4
:103A40000002034100000300809109000000830090
:103A5000008083C10000030080C183C10380030094
:103A600000110341000003008089090000000000EC
:103A70000000000082000000000000000090C00074
:103A80000001000000000000000000000000000035
:103A9000000000008200000000008800009082000A
:103AA0000001000000000000000000000000008293
:103AB000838200C083C10082018282C183C1090860
:103AC0004182000101010082018202C000000082E7
:103AD000838200C083C10082018282C183C1C10888
:103AE0008582000001010082018204C00400000000
:103AF00082000008000000000100000000004100FA
:103B00004101001000010100000000000008000059
:103B10000800000000000000010000000000080094
:103B20001001009000000000000000000090000064
:103B30008200088200830000828283820083C08228
:103B4000918391820083C1008200838200830110EF
:103B50008200088200830000828283820083C08208
:103B6000918391820083C10082008382008301845B
:103B70000000000000000000000004000000000041
:103B80000200081000800003100000000000000088
:103B90000000000000000000000004000000000021
:103BA000090040210000000011000000000000009A
:103BB000000000000080008300000080028000837D
:103BC0008080408341910083C111400002800083C6
:103BD000410000000080008300000080028000831C
:103BE0008080088308910083C10011000280008357
:103BF0004100000000000000000000000000000084
:103C0000000000110000080000000000000000009B
:103C100000000000000000000000000000000000A4
:103C20000000001100000000000000000000000083
:103C300000000000000200008302000000000000FD
:103C4000838203C10008110083020000000000000D
:103C5000030000000002000083028000000000005A
:103C6000838203C1004000008302000000000000C6
:103C700083000000000000000000000000000000C1
:103C80000000000000000000010000000000000033
:103C90000000000000000000000000000000000024
:103CA0000000000000000000000000000000000014
:103CB000000000000000000100828383000000007B
:103CC000008283C101C100830082838388000000D9
:103CD000008441824000000100828383A000000034
:103CE000008283C101C10082008283834000000002
:103CF0000084C18200000000000800C10000000034
:103D00000000000000000082010000100000000020
:103D100000880000088900080100008300000000FE
:103D200000000000000000830100001000000000FF
:103D300000000000C01000008383000001080000A4
:103D400082820182C183C0838383010101830000D9
:103D500082820000010120888383010001080000A5
:103D600082820182C183C0838383010101830000B9
:103D700082820010000140040000080000C1000021
:103D8000000000000000000000A002000080000011
:103D900000000000000000410000040000020000DC
:103DA00000000000000000000088100000800000FB
:103DB00000000000000000900000028310000208D4
:103DC000000000800480C183808302844103028359
:103DD0000000008000002103000802834100020867
:103DE000000000800480C183808302C041030283FD
:103DF00000000080000010038005000000000000AB
:103E0000000000000000000012008100001300000C
:103E10001248000000000000000000000000000048
:103E200000000000000000001200810000130000EC
:103E30001200000000000000000000000000000070
:103E400000001242000000000000124281480013EE
:103E5000C2001242000000000000124200000000F8
:103E600000001242000000000000124281480013CE
:103E7000C2001242000000000000124200000000D8
:103E80000000000000000000000000000000000032
:103E90000000000000000000000000000000000022
:103EA0000000000000000000000000000000000012
:103EB0000000000000000000000000000000000002
:103EC00000000000000000000000000000000000F2
:103ED00000000000000000000000000000000000E2
:103EE00000000000000000000000000000000000D2
:103EF00000000000000000000000000000000000C2
:103F000000000000000000000000000000000000B1
:103F100000000000000000000000000000000000A1
:103F20000000000000000000000000000000000091
:103F30000000000000000000000000000000000081
:103F40000000000000000000000000000000000071
:103F50000000000000000000000000000000000061
:103F60000000000000000000000000000000000051
:103F70000000000000000000000000000000000041
:103F80002EDE000000000000000000000000000025
:103F900000000000000000000000000000007B7432
:103FA0002EDE000000000000000000000000000005
:103FB00000000000000000000000000000007B7412
:103FC0000000AEDE00000000000000000000000065
:103FD00000000000000000000000000000000000E1
:103FE0007B75AEDE00000000000000000000000055
:103FF00000000000000000000000000000000000C1
:104000007B75866EC002000000000000408C070037
:10401000000000000000300200000000000040032B
:104020007661866EC002000000000000408C070030
:10403000000000000000300200000000000040030B
:1040400076610000866FC002000000000000408C16
:104050000700000000000000300200000000000027
:104060004003F661866FC002000000000000408C33
:104070000700000000000000300200000000000007
:104080004003F661C00010000000008910004000ED
:1040900040A0410000A0820190010810A040411002
:1040A000021002010800091091001008408204C0AB
:1040B0000210040205000300030083C002088240CE
:1040C00082090240000004000910800084000203FD
:1040D00004001000042183820200842021A0041027
:1040E00084000484840011C00400101004A00000A7
:1040F000A0010400A0A00401840404A00221040083
:10410000844090008440030001000000000801008A
:10411000090083000040080003401108000040002F
:104120000000094101080400000002000180910024
:10413000000205000000A0000400040002000209C3
:10414000038003C001C00000040000001000400014
:1041500000820000090084400800A00002800000E6
:104160002000400000401000020008000100000094
:104170000200210400022100202002800000A02073
:104180000000048003020280800000000000001094
:1041900000100001000000000000090008080000F5
:1041A000000000C10010004090A0C000084180083D
:1041B000800100008541114000C00000080010008F
:1041C00080000001021100400040100002010000C8
:1041D0000300000080008001000088108000024180
:1041E00089100000000000080000000220001100FB
:1041F000A1110002100000000000002180200490A6
:104200000000201100012000844140000000000057
:1042100000000000000800000010001000000480F2
:10422000000040200040004100A00300110800C031
:10423000029010400021024000A1001000108210E6
:10424000A141022000409140048000000000004095
:10425000002100100000100002080000099020203A
:1042600001C010200021000000A1A0108240011018
:1042700000411008201020210000A00000821080C2
:10428000030000410104200205081184000004001D
:10429000000009C000400010000240840900100026
:1042A000820200A0020420401102824100400488E2
:1042B00002C000900990099009880002098410004A
:1042C00021004104080280A00340001000000010FB
:1042D0000040410000100982111000080200200176
:1042E000838400A00084000200000002000000009F
:1042F000410400A0C0080040A004411000010000DB
:10430000000080002008040810C1800089400000DF
:104310000000000000000409000200020002000585
:1043200001001020000001100000000003C0840004
:104330000000011000020004002100000000000045
:104340000000A00000100002020002800000000037
:104350000000880520100000900200000002040404
:10436000201020000005004100410000A00088004E
:1043700010000080C04010C18204058008040004C1
:104380002040000002210580090000040400108084
:1043900000000000100002002100410002000000A7
:1043A000210000002008000002000084000002013B
:1043B000100000001000900088000500024000007E
:1043C0000500000090000808100002011000200005
:1043D0000000020010401000A0000000200041007A
:1043E00021000800030002008200400021009082AA
:1043F0000000030040090300A08810001000000026
:1044000002009000210005002001A0001000200003
:10441000C101000900000100010500210005011093
:1044200000050005000000850000010000100000EC
:1044300001400100000001000300100000000180A5
:10444000C00000000021020008900000A0402000F1
:1044500000000000080010800000020000000010B2
:10446000820000000904100011000500080000107F
:104470001009882100008304080902000200884115
:10448000000011000902C0000000104010000110DF
:104490001009020810400000040204000202090092
:1044A00020A0000200840090009000C08001004025
:1044B0002140084102000900020421900090009070
:1044C00009400088410010001100400009840800E4
:1044D000210480200000050010000000200121C000
:1044E0000804200800080002C1C020012120029019
:1044F0002104080202041100212002880840410022
:10450000000320C0090000A0414010024000030247
:10451000208808859001004000000040040005004C
:104520000000000000000000001000100002024027
:10453000000000040008001100000000000000025C
:104540000000008000110002001002004102001073
:10455000000900000200000000000000200900081F
:1045600000100004A000000020002002C0402082B3
:104570000000A02040042102020000000100000011
:10458000000000040000040508100082000020085C
:104590002000A100200403400000000800A000103B
:1045A00000A0000000A0008500080000C1080084F1
:1045B000211000A000008208210010400800208483
:1045C00010002100200000000000218408001000DD
:1045D00010901090020002000000104002C0200065
:1045E00000900000000021004000030404042000AB
:1045F00003040082034009100800004004A00040AA
:10460000000841104110211009840008030041C036
:1046100041040010088420108210000000100010D7
:1046200000210041000000108240000800001080BE
:10463000001100020000000003A100000080000043
:10464000000000000000A0110000C0008400C000B5
:10465000000000000000A1000100000000001004A4
:104660000841004110000800100008001000A000E0
:104670000005100004040010000420000021C00008
:1046800000080088A020A00000030008A04020002F
:10469000000000000000840000002140090200C06A
:1046A0000885888305832109034040C140030041F8
:1046B0000505408302400040004040880505000990
:1046C000000884848540008204040310100300095C
:1046D0000805100305880082041091000000901066
:1046E000C02121414121910500082003110310043C
:1046F00000401141020305000000100009000811EC
:1047000002A021A005880905C02121214110852092
:1047100080200203030403024121850090050089E3
:10472000C0110111100201A14108004100090182DC
:104730000891010100840040008800400810010336
:1047400000040004098411890085000801A001000B
:1047500000000101020001A10085001020C000003E
:1047600004000501010001009101040000000000A7
:1047700000004001080001000000000001000000EE
:1047800020000489010900050001020090000101D8
:1047900040014001090001000200000008008500FE
:1047A00001008800A108400001001010C00089002D
:1047B00020418800094002C011000508A00084843F
:1047C00011000000A1000908A084A1A010A108C048
:1047D0001000A108050109004008A004A040A000A5
:1047E0000000C00085030500A10040208384080468
:1047F0008900080088C11084830005000201A00020
:10480000880121001000090091010400C14011003D
:10481000050002212102C188830904891185100243
:1048200084C0100020008500090811009080084015
:1048300004000910090005004005850008800208F1
:10484000888021001100880088080984C0808402C3
:10485000C00091000805210584088280028020C1E3
:1048600010000000410084C02120040202801000DA
:10487000C1111000820008028482880040000541B6
:104880004000020808000500410020408500A0000B
:10489000852010038803A0080909C0909109C00869
:1048A00084808488118808418091118340C000C1B0
:1048B00000088890034000910988048808091102C3
:1048C00000A1900540890011008485A041C0110518
:1048D000009180084090000204A002404140C005C1
:1048E000850305850000210200204084408310419B
:1048F00000412021890303041110100505820020C6
:104900000011028900410582809102840290408357
:1049100041A020C003400982108905898305834096
:1049200010202008050500118809A0840803011043
:1049300040118882911001820090008500090000DA
:104940000910081102890110C08910851111091080
:1049500010C1088484040010000900110141000105
:104960000883050800050000001000830185C108C8
:10497000A1400088014184090011010500A0081030
:10498000009100A0008400A1012190038310008405
:104990000140010800098940110801050041034058
:1049A0002110010200A189A1000000000001000007
:1049B000018901010100011084C0041082008208F5
:1049C000100110090401080088088501840810827C
:1049D000080008000800100800C0000000010010D6
:1049E00000900501840009000000C1101009A10019
:1049F000C0C000000101010001820021000300008D
:104A00000108000100C100000002000400A0000035
:104A10000008009101410001004010A010081001A1
:104A200008418940C0094100C11000080000001081
:104A300000000808080808211080801100100011EB
:104A40000000C005C0054041910011000841888860
:104A50001100840991118904048009042004410291
:104A600000001104020491409000000008049184A9
:104A700021090580021120024002108009100982DC
:104A800041082080000200100040009000080085CE
:104A900000040000110240844105400589A0032064
:104AA00040029020108510A10241058800000000FE
:104AB00000000000000000000000000000000000F6
:104AC0000000810000000000000000000000000065
:104AD0000000000000000000000000840000000052
:104AE00000000000000000000000000000000000C6
:104AF00000000000000000000000C2010041008131
:104B00000013C2000000000000000000000000824E
:104B10000000C200000000000013C20000500000AE
:104B20000013C200424100000013C2004200000016
:104B30000000DFBFBFBF000000000606000000004D
:104B40000000000000000E0F00000000000000C088
:104B50000000FF3F0F3F00000000DFDFDFCFF9FF65
:104B6000090FDFDFDFC70DBD0FFFFF43FF030000AD
:104B70000903F90300000F0F6E660C000000666663
:104B8000F67E0000BDBD2D2D00000000F050F0F0BD
:104B9000000000007E4E72429D1C85046C6CF0008B
:104BA0002D3C2D3C66006E0CFCF00C003E3C0600DB
:104BB00000000000FF9FFFFF02000000FF3EFF3CDF
:104BC00000000000001000000F0F00000000008037
:104BD00000C00000FF2F0F2F00000800C3C3C3C395
:104BE000F9F00900FFFFFFC3BDBDFFFF000000009B
:104BF000000009F3F9F300002F0F66660000300093
:104C0000466666660000BDBD242D000000000F0F43
:104C10000A0F00000000FF0FF0009918810060608B
:104C2000F0006FFF0900660066003C003C000600D3
:104C3000060000000000000000000000000000006E
:104C40000000000000000000000000000000000064
:104C50000000000000000000000000000000000054
:104C60000000000000000000000000000000000044
:104C70000000000000000000000000000000000034
:104C80000000000000000000000000000000000024
:104C90000000000000000000000000000000000014
:104CA0000000000000000000000000000000000004
:104CB0000000000000010000CF0C0F0F9F604F4F5D
:104CC000666600000FFF1EFF00020000FFFF040CDD
:104CD0006C6C6060199900000000000000FF00008B
:104CE0003F3F262624E7CFCF000000180000000039
:104CF000F0F0F8F8000081819F066060000000007D
:104D0000FFFF000000000000FFBF000000000000E7
:104D100000002427E7E7FCFCFC6C0000100081FF8A
:104D200089FFF9F9F0F1F0F4F0F066766666006656
:104D3000C3E700000000000000000C0C0F0F9F6094
:104D4000CFCF3CF03CF0FFFFFFFF00000000DFEFA3
:104D500000000C0F000F9919000000000400003F34
:104D60000000CFFF466624E70C0C00000010000096
:104D70000006FCF0FCF00000E7E79F064060000042
:104D80000040FFFF010000000000FF3E40404010D7
:104D9000000000002427E4E40C0C0C6C0000000070
:104DA00000FF09FFF0F1F0F10024000000300000E6
:104DB00000660024000000020086006000B90000C8
:104DC00001860A6000B800800086006000B00080A4
:104DD0000086006000B800800086006000B000809F
:104DE0000086006000B8000000860C6000B0000083
:104DF0000086006000B00000000000860C6000B07B
:104E000000000086006000B20000008670F400A080
:104E100000800086006000B000800096007400B042
:104E20000080008600F000B00000A08650F0A0B81E
:104E30000005A08650F0A0B0008500000000FFFF34
:104E4000FBFB00000000FFFFFFFF55555555BFBF9E
:104E50003C3C0000C3C0F0FFFFFFFF0FFFFF00C09E
:104E6000000000C300C11000000000000000555504
:104E70003C5CC000C00000000500000000C0000055
:104E80007D5D00000000000000880044000000007C
:104E900014F4BEFE0000000014D4D4D400000000BE
:104EA00000FF5555000000001E1E55FFFFF8FF28AB
:104EB0000F0F1B0F2400810008CBCBCB000000009C
:104EC000FB00FF0000000000FFFF7FFF41004140AA
:104ED0003FBF3C3CFFFFC3C0F0FFFFFFFF03FFC32A
:104EE00000C0000000C300C310000000000000006C
:104EF00055553C5CC000C00000000500000000C02B
:104F000000005D5D0000000000008800440000001B
:104F100000001404BE0E0000000014D4D4D400001D
:104F200000000CCF4D4D000000001E1E00AAF8F836
:104F30002828040000000024008108CBCBCB00000F
:104F400000000000F000F0F0F0F0A0A0FFFF000073
:104F5000C3FF00007F5500000001C300C300FFFC39
:104F6000FFFC0041000005001400000000000000EC
:104F70000000000001053030F3F3000000030000E2
:104F8000000000002FFFFFFF000000001F14DFD70C
:104F9000000000003F3F05F500000000A000A080D9
:104FA000F5A0F5A03F3F14D7000000002C6DAEEF38
:104FB0000000000014D704040000000017173CFF95
:104FC00000100000000000000000040050F05050ED
:104FD0000000C3FF00000F00000000000F0F0000E2
:104FE000FFFC7D7C00410000000014004000000038
:104FF00000000000050000003030B230000000006A
:10500000000000000000FFFFFFFF00000000101480
:10501000D0D700000000303005F50000000000008F
:105020000080FD80FD80030314D7000000000445CC
:1050300086C70000000000C304040000000017172A
:1050400000C38000800000018010C000000100004B
:1050500008400241041004000040101002400241C8
:1050600002088821A005A0040509A0039005C00539
:105070000490110304008409024000840000102001
:105080000200000004000488042082108401100043
:10509000204004200200040002000400020002007C
:1050A000820020A0400020000020211020040204E3
:1050B000022004A10088840840108200A1A084403E
:1050C0000408080910001000000802000300004056
:1050D000020000A001C008090800040091040500B6
:1050E0000182858504A0218421C000882184218437
:1050F00005A00200048202001088020000050000E2
:105100000102010000002000000000001000024029
:105110008400020000000100000005108409011055
:10512000032009000209010009000010908002809C
:10513000098001020004022102000300090010009E
:105140000280028000A000000000000005000010A6
:105150000010000008020000000000004000A0094C
:10516000824082A002828441A005C0048041A01137
:10517000A0058405210002001141000991000040B2
:1051800040001000840000C0000009000000000181
:105190008241100040002008020000008841000009
:1051A000840004204100040020100000A0008010B2
:1051B00080A09000100090218805800000108020C1
:1051C000000090110900080308000000000084009E
:1051D00000000000001000800020000000410120BD
:1051E000058205A10521011003A0418421C010887A
:1051F0001104218411A00010010002C000880210D7
:105200000021911091001010000000000400040023
:10521000024003880400030000100100000903C0DD
:105220000210094101900000A110012104000305B2
:10523000202040004000901002C040C040000421E7
:10524000409000101140201021A00010111080008B
:10525000002000080084001040020241000200C04B
:10526000000200A18211908402C00490A00320C11A
:1052700008C040058204A00540000001099000001C
:105280000041400004020009000000008900040001
:1052900004001000802100002000808440100000E5
:1052A00000C10000000000908020094083000984B4
:1052B000A01000C0808203020001210200840010BF
:1052C00000010402001000411000100382100010C1
:1052D0000210000040100010C010400203C008037C
:1052E00002104000404003400300032183212104B9
:1052F00009040810858421A1218482000040C02077
:1053000084040002011002028288021000001000D2
:1053100089004020110002400205040002000841FB
:1053200010000220004020210810400810850400D1
:105330008400400002090240200400049010001084
:10534000900084201111080284C08504C19040108F
:105350000040824041000210000009100300024199
:1053600000880040000010C080C10801800084A1B6
:10537000A001A00510009005A001824110000000CE
:1053800083000810080010001001020190000000C6
:1053900003000500051100C0034102082010210987
:1053A0008800210000119040008408A01000000037
:1053B00010040588820000000004A040A0408884FA
:1053C00010000000800505021000100000908511FB
:1053D000000800100380001091020000000000008F
:1053E00085C0001100800010000520400008040066
:1053F00005202104218485000284210405840108FC
:1054000000000200841008001000010201081000D2
:1054100000000000C0001008900008C011801000BB
:1054200000C004080000089004800000000800117B
:105430008400A00084210310A000201004044080F8
:105440004005A000842002204000100085210000BB
:105450000890051002028000408203082010038497
:10546000080000008000002040020008A0A12003E6
:10547000008840898205A00410C085050305A0218D
:105480000305080103880302100005000200004024
:1054900005000000088410000820080082000000B9
:1054A00010200800000000000282030800024011E2
:1054B00008A0211100100400084010891000050008
:1054C000104000C002110200400808001184820848
:1054D0000088A011001001100202400240100010CC
:1054E0004005000040020211C021880240851040A2
:1054F0000108102085200284218021002084088456
:1055000021A0A04040400810C00009200811C1118E
:105510000080084100000010100208200200030370
:10552000020588110209842108000111408300004E
:10553000C002022040020000091010800202020096
:105540004004008420038240C009040009110005C2
:1055500003200002400200840010001000400210EE
:105560008010021040844100008200C00200A1852A
:105570008040808420C004212004A0A1A102C10594
:105580002001840508004100414041000300100053
:10559000100010000000000005004100100840004D
:1055A000020088000000000010022000000020001F
:1055B00008020884A1104141114040A1024140204D
:1055C000A0824110414102904100410808C0098277
:1055D0000500054000001011000000000000000060
:1055E00001100800011000000000001000008500FC
:1055F000400202800205014101A083800304108063
:105600002082010421A00000000082800000000030
:1056100001000000C0000000000000000000008049
:105620000100010202001005000000918200000547
:10563000000000800000040000C01002850401C0CA
:1056400000800400104040200000001000081000FE
:105650000000000000800000002020108021084091
:1056600020082108882110200009030000410809B2
:105670001121009100900085042010A080A1040455
:1056800000400084A00420400041808920090800D7
:105690004000000202040084800200002103840212
:1056A00002020010048541C0214041840480900022
:1056B000418000008088A0880280008000031104DF
:1056C00090002100088380804020000380419004E6
:1056D000A10080008803211141040340000908094A
:1056E000012088114141A1090140004000904089FA
:1056F0000000004010080084820510018989C089DB
:1057000009900088C00889C103C00089400485C091
:1057100000A001C0C00400C10010C0C00000010111
:105720000401400000000005C085030501840082DB
:10573000849090C0909040834002820400028801CF
:10574000C0018900010000031084A10100A0100124
:1057500041C1C00010040501410001000101C01158
:1057600090022000900021009011A0010985030003
:1057700090828909841008A0889091028484890904
:1057800089C183411008008810C011081000100062
:105790008505202141C0C000A100A19084400000E7
:1057A000090008C0A0841100400103000300C140AB
:1057B0000188A000C1080400A020C000890882025E
:1057C00002908488C0208505022010019102850482
:1057D000040184082021C110C100C0A088011090DC
:1057E000839004804000400008402083830241856C
:1057F000C0114008208582890408030805118882A9
:1058000089108988041010100804058905C0110842
:105810000002C0020205C080110902000500848058
:105820000000A100C18082C1410489202000050040
:1058300020844111020005800500809100081000BD
:1058400080A10002804011008341C085801020901B
:105850008308C12080118208038908000900020220
:105860001180094000118385048540400084401068
:10587000408803C0008300400508091003408240AF
:10588000034141C1008991890585890008108490F0
:1058900040110004208200A005C041008080419199
:1058A000210900000580000400C00940020900042D
:1058B00000A08582009008098090800300002120CC
:1058C00003808088400008020885C0030000A1080A
:1058D00091A0880300090880400200001090400950
:1058E000210288410091820884850103404008C15B
:1058F00090414082010900C000110921A091C040DF
:105900001088030101C100088889011111A084A039
:10591000848409A000A1A104028501050100A0045E
:1059200002A005880000000400020085000300902A
:1059300084C04085090400844190848402410002AF
:10594000A0842140040988A000050009110308C0B3
:1059500008058409100584880102000408820003F8
:105960000104009190C18490C10185012088210922
:1059700010900000880484000500904091A04188A8
:10598000849040408888C001110911058388C1882E
:105990002102A1100300C1038403A003C1A185005B
:1059A0000801084140A0000008000005000101C0F6
:1059B000881005000001020408002088C0010000D2
:1059C00091A1C0008500080583080485A101A104F8
:1059D000C109C140850090208301401020104090F3
:1059E0008203A0858401001091400505100240004B
:1059F0008205888820204000C011400911110580CF
:105A00001040400940100000891091080908080062
:105A100083800500210488004105102004028508C8
:105A20008202840882A041000000030009050303EC
:105A300005800511C14100200000000000828003A4
:105A40000000880500119000009083820021050568
:105A5000100003200400A00800808305020000005D
:105A600000418041C1828821044100000000000003
:105A700000000000000000008100000000000000A5
:105A8000820000000013C200005041880013C200D1
:105A9000000082410013C20000000000000000006E
:105AA00000000000000000000000000000000013E3
:105AB00000000060000000000000000082004013B1
:105AC00000000050000000130000008800000013D8
:105AD000C200000000000013C200000000410013DB
:105AE000C20000000000001300000041000F000091
:105AF0000000000000000000FFFFFDFF3C3C3C3CBC
:105B0000414141410000000A0000000C005000101B
:105B10000001C3C3FFF70040FFF0FFFF008300C395
:105B200000C0000000C0C3C3FF00000000003C3CF8
:105B30003D3C00000050000000FF0C00FF00000092
:105B400000003CFC82000F0FF0F00F0FF0F03C3C27
:105B5000F0F0FFFF0FF055550FF00F0F55AAFFFFA4
:105B600055AA3CC33CC30F3C0F3C555FFFFF000FE1
:105B700000032000FFFF00000200FFFFFDFF7CFC90
:105B80007C3C01F141410000000000000000005099
:105B900000500001C3C300000040FFF0FFFF00C33E
:105BA00000C20000000000C0C3C3FF0000000000EE
:105BB0003D3F3D3F00000050000000FF0C00FFA0F3
:105BC000000000003CFC82000F0FF0F00F0FF0F01F
:105BD0003C3C0F0F00000FF055550FF00F0F55AA6A
:105BE000000055AA3CC33CC30F2D0F2D5D5DFFFF88
:105BF00000000000AAAAAAAA3C3C3C3C00D700D75F
:105C0000AAAAAAAA0B0BAB010005003C00410000A8
:105C1000000000F0010000000000200000FF000074
:105C2000555500550000055540004000100000008B
:105C3000000055554F000F030F0F82008200FFFF39
:105C4000F404000000000000000000FFFF0055AA5F
:105C500055AA00FFAAAA00FFAAAACCCCAAAA00FFB4
:105C60003C3C00FFFF003CC33C3C00000000FFFF49
:105C7000FFFF00002000AEAAAAAA0040000000D743
:105C8000C4D7AFABAFAB0A0AAA000F050F3C9620F2
:105C900096000000008000000000000000000CFFE3
:105CA0000C0C5555005500000000404040003000ED
:105CB00030000000D7D70F000800000086048200E3
:105CC000FFFFF000000000000000010000FFFF00E7
:105CD00055AA55AAFF00AAAAFF00AAAACCCCAAAA34
:105CE000FF003C3C00FFFF003CC33C3C0100400087
:105CF000FC3CBCBC0086006000B0000000860C606C
:105D000000B8008000860C6000B00000A18650E062
:105D1000A0B80005018652F4A1B80080A58650F411
:105D2000A1B8000000860C6000B80000008600608A
:105D300000B80080000000860AA000B000000186C4
:105D4000006000B0000000A600E001F90400028637
:105D500001E000B408401286217040B40848128661
:105D6000217040B40848128601F400B44240008219
:105D70000A6000900000FBFF010000AA032BC3C3D0
:105D8000C3C300800000000000004040400000004D
:105D900000200030003000000000F5FFFFFF2A0067
:105DA000AA000000C30000000000C7C7C7C7AAAA16
:105DB000AAAA0000000F00000000FFFF0000000082
:105DC000FFFFFFFFAFAFAFAF55550F5500100000FD
:105DD0000000000000000020F0F8000055FFD5FF93
:105DE0000C0C0C0C00000000BEBEF5A06555E7D7FA
:105DF000F0F0FF0F41014101FBFF010000AA00AAE2
:105E000000005500000001000000800000000000BC
:105E1000000000000030003000001000F7FFFFFF1E
:105E20002A00AA000200C30000000080C7D7C7C72D
:105E3000FF7FFF750000000F00000000FFFF000063
:105E40008000FFBE3C3CF5F5FDFF55550F55FFDFCB
:105E500000004000FFFF00000000F0F08228550025
:105E600055000C0C080C090000001414F5A04000AB
:105E7000C2820000FF004101C383AAAAFF00000004
:105E800000000000001055555555FFFFC3FF0000EE
:105E900000000000000000000010000000000008EA
:105EA00000000000000000F0F00000001000000002
:105EB000AAAA0000F0F000000000000000000000AE
:105EC000FFFFFF7F22001100000000003030DFFFE5
:105ED000000F00000020000804FF04000000000084
:105EE000FFFFFFFFFFFFBE3C4F0F4100FF3CFF3CA9
:105EF0000A3C0A3C0000000000000000AAAA202082
:105F0000400000000000000000C30FC3FFFFC3FFFC
:105F10004000F0F00F000FAA000000003030003009
:105F200000000000C2C0C0C000F0F000000000008F
:105F3000B4BEBEBE0100F1F0002000210000000050
:105F40000000FFFFFF7F002200112AFF28FF3030F2
:105F5000FFFF000F00000000000004040404000024
:105F60000000000F008FAA00AA000F0F0000FF3CE6
:105F7000FF3C0A3C1EAA0000000000004540000053
:105F8000000000A000000000020000400000090026
:105F9000030000C0050000900240039002C0090009
:105FA00000000288031009C00400001003C00800AC
:105FB000040011002020094003000300032000001A
:105FC00004080200030804100488110040000200C5
:105FD000090021000400020011202000202004C03C
:105FE00004080210030000202110042002100440C5
:105FF000110004000288200020001120210002006E
:1060000000000000000000000000002100008800E7
:106010000000001088410009A009004110000000A4
:10602000084100098211820202028203004000033B
:10603000A0000800A0040002820004000000020288
:1060400000008803C000000400030200001090025A
:106050000202080000000200820082000011040019
:10606000A003840000009003200384008400020049
:10607000A00282008220040020000002A009020287
:10608000840000000000000000C0000000080010B4
:106090000910000200020920001000900000090011
:1060A00000C0009021900090090000000000410015
:1060B000002020000090008400000000000000008C
:1060C00000000000000800C0000021A00000050042
:1060D0000300001000000900030000000008080091
:1060E000000000000000090010A0090005000000E9
:1060F0000000000000000200001000024008110231
:10610000000002000000000000000000004100103C
:106110000000000000218800000000210010001095
:1061200000110010881100118811A000A000A040EB
:106130000011000800212041A000C0102010902074
:1061400002110020000004000000000020100409DB
:106150000200880900090000A010A010042002100D
:1061600090000000000020008208900000410041E3
:1061700000410011901020000040A0102041A0110B
:1061800020100041841000C000000000000002A0A8
:10619000400000400082400800100908200800006C
:1061A00000100900004004080082119021C0111065
:1061B00000000900050008001100054041044100ED
:1061C000110021004100000011020904000000003C
:1061D00000C000000000090011000988000011083B
:1061E000218800881120000002901100100000009A
:1061F0000904008800000008000009902110020234
:10620000411008C00382008200000010001000024C
:106210000241002182000000040300050002084141
:1062200000400009A0400240042100002040A005D9
:10623000000088090010900920000021A02184405E
:106240000000C0021000A00200001041820088007F
:106250001000A00310210000A00000000020840016
:10626000C00010051000A00010108403A021000041
:106270001005A00000051005A005000584002021E0
:106280000011C005082010008210008200000010DC
:106290000000008200000000008800000000009064
:1062A0000000008400822182008800900900208480
:1062B00021A00200090011A00840000041C0028294
:1062C000080240000200100400000000080000A0C6
:1062D00008044140051009400204004021400088A4
:1062E0000282000002880890004003001000202075
:1062F000038800200340210002000090034008842E
:106300000084100405C01000058210040010000570
:1063100000050005001120090000000800400003EE
:10632000900500210011001100080011A0030021B8
:106330008803A00502000211021090090041A0008C
:106340000200000000410000C000840000000200C4
:106350008400C021A00820118811C0058409821181
:106360000200A0008221840000000020A041201132
:106370000041402190401011881002210200840049
:10638000C00990050203820320000000A0000084E1
:10639000000000C009000000009040000408110047
:1063A00000000900008840C0000000824008000092
:1063B0000900009000A0000000004108000000005B
:1063C0000400090000000010100005000002000099
:1063D000000000000000050409000900080000108A
:1063E000410803880000048800020400092011000D
:1063F00041000500418809000002030000C00000C0
:1064000005001088000005000000000021000000C9
:10641000040000110008040000020040040800000D
:106420000002882120118421000082200003A01096
:106430009003002100208804401102210021A021A6
:10644000902084100010C000001084024020A002A0
:10645000000040009010C000100000090011A010C2
:106460001002100504000010881000000000C00396
:106470000002C021101100100000C021C0218220A4
:1064800088052021900384100410200000000205DC
:1064900002050010000000000000000000000000E5
:1064A0001100001000100000000000000088000033
:1064B0000010000000000800210000040988080006
:1064C0000910000003840210211000000390000254
:1064D0001000000021000000100008004100001022
:1064E00005080000090000C00000110003002100A1
:1064F0000000000203101100000000000284058269
:106500000202200010080010411000001088000056
:1065100000C002008441C00010100004000000030D
:106520000040900520418241822000100009822015
:106530000010824100009000820082098210000059
:10654000840084001011024008408400820500008D
:106550001040004000008203C0050804A003840529
:1065600090418241200084401040C04000411021F1
:10657000C00582108405C0118205A00088418408EE
:10658000024002098209C010021100000003080342
:106590000000C000820000000000000000000000B9
:1065A00000000000000000000000000000000000EB
:1065B00000000000000000000000000000000000DB
:1065C00000000000000000000000000000000000CB
:1065D00000000000000000000000000000000000BB
:1065E00000000000000000000000000000000000AB
:1065F000000000000000000000000000000000009B
:10660000000000000000000000000000000000008A
:10661000000000000000000000000000000000007A
:10662000000000000000000000000000000000006A
:10663000000000000000000000000000000000005A
:10664000000000000000000000000000000000004A
:10665000000000000000000000000000000000003A
:10666000000000000000000000000000000000002A
:10667000000000000000000000000000000000001A
:10668000000000000000000000000000000000000A
:1066900000000000000000000000000000000000FA
:1066A00000000000000000000000000000000000EA
:1066B00000000000000000000000000000000000DA
:1066C00000000000000000000000000000000000CA
:1066D00000000000000000000000000000000000BA
:1066E00000000000000000000000000000000000AA
:1066F000000000000000000000000000000000009A
:106700000000000000000000000000000000000089
:106710000000000000000000000000000000000079
:106720000000000000000000000000000000000069
:106730000000000000000000000000000000000059
:106740000000000000000000000000000000000049
:106750000000000000000000000000000000000039
:106760000000000000000000000000000000000029
:106770000000000000000000000000000000000019
:106780000000000000000000000000000000000009
:1067900000000000000000000000000000000000F9
:1067A00000000000000000000000000000000000E9
:1067B00000000000000000000000000000000000D9
:1067C00000000000000000000000000000000000C9
:1067D00000000000000000000000000000000000B9
:1067E00000000000000000000000000000000000A9
:1067F0000000000000000000000000000000000099
:106800000000000000000000000000000000000088
:106810000000000000000000000000000000000078
:106820000000000000000000000000000000000068
:106830000000000000000000000000000000000058
:106840000000000000000000000000000000000048
:106850000000000000000000000000000000000038
:106860000000000000000000000000000000000028
:106870000000000000000000000000000000000018
:106880000000000000000000000000000000000008
:1068900000000000000000000000000000000000F8
:1068A00000000000000000000000000000000000E8
:1068B00000000000000000000000000000000000D8
:1068C00000000000000000000000000000000000C8
:1068D00000000000000000000000000000000000B8
:1068E00000000000000000000000000000000000A8
:1068F0000000000000000000000000000000000098
:106900000000000000000000000000000000000087
:106910000000000000000000000000000000000077
:106920000000000000000000000000000000000067
:106930000000000000000000000000000000000057
:106940000000000000000000000000000000000047
:106950000000000000000000000000000000000037
:106960000000000000000000000000000000000027
:106970000000000000000000000000000000000017
:106980000000000000000000000000000000000007
:1069900000000000000000000000000000000000F7
:1069A00000000000000000000000000000000000E7
:1069B00000000000000000000000000000000000D7
:1069C00000000000000000000000000000000000C7
:1069D00000000000000000000000000000000000B7
:1069E00000000000000000000000000000000000A7
:1069F0000000000000000000000000000000000097
:106A00000000000000000000000000000000000086
:106A10000000000000000000000000000000000076
:106A20000000000000000000000000000000000066
:106A30000000000000000000000000000000000056
:106A40000000000000000000000000000000000046
:106A50000000000000000000000000000000000036
:106A60000000000000000000000000000000000026
:106A70000000000000000000000000000000000016
:106A80000000000000000000000000000000000006
:106A900000000000000000000000000000000000F6
:106AA00000000000000000000000000000000000E6
:106AB00000000000000000000000000000000000D6
:106AC00000000000000000000000000000000000C6
:106AD00000000000000000000000000000000000B6
:106AE00000000000000000000000000000000000A6
:106AF0000000000000000000000000000000000096
:106B00000000000000000000000000000000000085
:106B10000000000000000000000000000000000075
:106B20000000000000000000000000000000000065
:106B30000000000000000000000000000000000055
:106B40000000000000000000000000000000000045
:106B50000000000000000000000000000000000035
:106B60000000000000000000000000000000000025
:106B70000000000000000000000000000000000015
:106B80000000000000000000000000000000000005
:106B900000000000000000000000000000000000F5
:106BA00000000000000000000000000000000200E3
:106BB00080030000000000201008000010001000FA
:106BC0000311A005A005000082090009A00582416B
:106BD000904110418421C00140001109400009008A
:106BE000208804004000200084000310841000006E
:106BF00010000000022084001001902002214001BA
:106C00001100840204204101A004000002000411CC
:106C10008301110188A000002010041004C00000AE
:106C2000000004001120032004A0A1C0201020A017
:106C3000010002C0002100210009011010090121FA
:106C40000100004021842184000003080002038425
:106C500003C04182C1C003A003400109008883052D
:106C60000400000404040500201004022004210490
:106C70000000050020100589020005020580204063
:106C8000850800001004040000201090004001203E
:106C900002400420000240410441900500009000A1
:106CA00000000000000004000085820002000000D7
:106CB000044180A08000002000000000800000212E
:106CC000801000000000A005A00500080011901031
:106CD000A003800880414103842100002089100125
:106CE0000400000480008800000110200000200043
:106CF000409000C080008841841004410010902022
:106D000000820084A10290032008400900200000B6
:106D10000201040840002040800511C0210000202D
:106D200000000082000000110200081000000000B6
:106D30000901000010000200000000110000020024
:106D400000080200C01090102184218400880440B3
:106D50000408214002900282C0C003402010044079
:106D60002108002120900241100004400200000987
:106D70000009040000002010028205102088C0A035
:106D8000049000002010029003880490018240A02B
:106D90004000400804200120014010080010C000FD
:106DA00000210200001100102002C010900090107D
:106DB0000000C0400010004000000084048204086D
:106DC000000800A00084021000A0A00340054000BD
:106DD00002088020A0041141821100408409800231
:106DE0008490A08584898805804008840008054037
:106DF00002A1004188210000008400001020904082
:106E000000400421008405008088A100100021C1F9
:106E1000C0400040C1419084400100400040400318
:106E2000104000A0894000202002408802C084C099
:106E3000000009844100020800000000000000106A
:106E40000080840000080008000800082104408435
:106E5000020001210491218000C00302089003A0D8
:106E600002A0030011080340408240000800109077
:106E7000A0A1114008C004A000001000000009807B
:106E80000484208001C00200820040004000110004
:106E900084080588100002824000A1040880008058
:106EA000110810001000048000020085000202009A
:106EB000040000008400820810040000101000008C
:106EC00000000020000000A0808400000000800579
:106ED000A005110040018209842010C08809040027
:106EE000A00941200221A0048420800208102084EF
:106EF000001011050005000110090000400000000D
:106F000004208011009010218588000002020240B8
:106F100000200408100140044040400005024120C8
:106F20001082200808000802C1904102000002A15E
:106F300020002000900040002001050004110110F5
:106F40000000901000000008001010050004000868
:106F500020842184000501082104218500111120CD
:106F6000850811A08208C1C0119111850285100009
:106F70002041100020080040400810040000830059
:106F8000100083900440000010A01009C000119070
:106F90008584C0041140114001C0858411400488DB
:106FA000C01120088880A010820840202010900383
:106FB000C14004050005400285020802A00000004F
:106FC00002840910000000081100008409044084B4
:106FD00040002109A0100082809020410304052078
:106FE00083110488C01100020541822105100004AC
:106FF000000021890084200004200020204000009F
:107000001040024000090388084004010084100475
:10701000034082C1039003894040C08209C109A096
:1070200003A102400889408410C040404140104004
:107030000890C000210011020040050400404002F9
:10704000000001000005001000000000001000001A
:10705000000001100004110800001000010440802D
:107060000000409001000320000008A02108A000BB
:107070002080000000401000080001800000010096
:10708000000011A1004000201000888001040011C0
:107090000120008003081000A0028380050008087A
:1070A000100010020184A008010800008500008083
:1070B0000005900303110020008000800000008084
:1070C0000180041003A000200084081000848002C6
:1070D0000000090088081008A00003400082020593
:1070E000820000858440A120100500400411A0000A
:1070F000840040020500100820850500049000046B
:107100000505000000401002042002210204841042
:107110004000094002400240024111C0108420C0DA
:107120000210218510854191404003C04040400835
:107130004011C0A000A0024140041008004008888F
:1071400010020800000000000010A0100000004124
:10715000100500050008100001412000008900080A
:1071600001842141004003900483C1A082C1012019
:10717000210005418380C000C0A1C04000008900FB
:1071800084001082000010C10980118011A0C1800C
:107190000504104010C0A188011011400004110026
:1071A000C00411001004002084020190C0009180EE
:1071B000050303204108101103C00500041120003D
:1071C000000410808820002000200884009103041F
:1071D0000802001188200011008840A000880510D6
:1071E0000540108909C0108591C00289A041001096
:1071F000C0088908850880A1809003210040058887
:10720000008200910505000003830004408503050A
:1072100083838840020803C1910310840002081090
:10722000030090838503412003834003030411047A
:1072300000800285894000800002C000A04100005B
:10724000008085051004000004C1000301080084CB
:10725000010041002001C00000908840912000847E
:107260001001010989C1010209119085C104850538
:1072700000C10401C004400040830241C0820000FC
:1072800041C00002824001890000210200858988F6
:1072900041204121210485C1910582090105A005F4
:1072A00001098390218540C089018911A0911008AE
:1072B00084900490C0840483000402A002A0C10250
:1072C0000440009008881088008882000889032103
:1072D00041004100001090000820C000A10088C0BB
:1072E0008204C00090A008058504200003902111AD
:1072F0008400200085850302A00004018289A00388
:107300004085880004011000080000008800058204
:10731000102141A0090010829001830920A1A1033E
:1073200003090304012040C0039104040000028308
:1073300089C1854004C190018502850390C0820106
:1073400090908503A0C0A001A100851141002110EB
:10735000850240001100208005000900840382009E
:1073600010000983C021104088058540800091806D
:10737000090988104000A1820500114089020440DB
:107380008285828500000040000080200000090501
:1073900088808383C0008809A0C00303830840401D
:1073A0000488020383892088898503038091411121
:1073B000824103038389001000031080C1C0800351
:1073C000000441804040801000404100C0C0028362
:1073D000800580A005204021000400A140400380DA
:1073E00080882190880820A0910405410911C008D7
:1073F00008C000080385414003A040A0C0090080E8
:1074000002A091A005A0118808C10241830200805A
:10741000884108200803C0830302A090C0A1838391
:107420009008800440024083118503A04003830339
:107430000988208488030303808004002020804181
:107440000080004003C18000000080050989000021
:1074500000100284A085C12101A0009100840001D8
:107460000102020441858421091002401088219004
:10747000200001880409898309210103018510087E
:10748000204000414141000300A141889000049147
:107490000080110102A08200918909010541C00507
:1074A000032183000201200140898802409182214A
:1074B000031190052102099101838404918801211F
:1074C00040A0C0840089018440A010209020900436
:1074D00000022108910011008808210240000800E4
:1074E000894084A0204005010200038921852001F4
:1074F0008509050809C182410820C0408940034030
:107500008382C0090482400102038340A1840240B7
:1075100001040080A111030440010221919104099A
:1075200009A11104C183A14103918888C140C1050B
:10753000C090822009C00511C109A00511C08508AD
:10754000C00004004101C1001002A0900404C10069
:10755000404040009020050090050880838020086E
:1075600003200500A000A0090409800083048540D1
:1075700003202090A1800909000480004091400070
:1075800010A1108085828890A1024010211009006E
:1075900000001000008003200205A00288908321D3
:1075A0004003820388C183A184418208A09103A083
:1075B0008303091102000320830382A00904A009A8
:1075C000418080000041C008A1008080808010823E
:1075D00004008000800000000000000000000000A7
:1075E00000000000420000810000C2204200118221
:1075F0000013C200000012420013C200004181814A
:107600000013C200116000410000C20082008241EC
:107610000013C2000000000012000013C20012425A
:1076200082000013C200124241000013C200124146
:1076300000000013C200124282000013C200124276
:1076400000000013000006000000001300000060AE
:1076500000000000000000001F07DF04F3C3FC3C33
:1076600000F0FFFF00000000FFFFFF0F00000F0011
:1076700003003C3CFFFFFFFF0099000000000909E8
:107680003F3C3C3C000300003C3C3C3C00F0000024
:1076900000C300006F66E7E7000000000000000084
:1076A00000000000000000000000000000000000DA
:1076B00000000000000000000000000000000000CA
:1076C000000000FFFF0000FFFF0000FFFF00F00FC1
:1076D000F00F00FFFF00F00FF00F07070404F3C3E3
:1076E000FC3C00F0FCFC10000000FFFFFF0F00005E
:1076F0000F0003002424DBDB9FFF000000000000DC
:1077000008003C3C3C3C000000003C3E3C3C00F09F
:10771000000000C30000666666660000000000000E
:107720000000000000000000000000000000000059
:107730000000000000000000000000000000000049
:107740000000000000FFFF0000FFFF0000FFFF003F
:10775000F00FF00F00FFFF00F00FF00F000000002F
:107760000000000000000000000000000000000019
:107770000000000000000000000000000000000009
:1077800000000000000000000000000000000000F9
:1077900000000000000000000000000000000000E9
:1077A0000400001000004008040000100820C20877
:1077B0000400001188618208040000108841C2089A
:1077C00004000010886100000000000000000000BC
:1077D0000000000000000000000000000000FCFCB1
:1077E000FCFCF3FFCFFF010143017F3FFFFF7F76EA
:1077F000FFFF1BFF18FF0000000024A4E7E74283FF
:1078000000830006000000FF04FFC000FFFF7C3C77
:107810003C3CFFFFFFFFF0F4F0F40000000000002C
:1078200096969216003C003C00000000000000000C
:107830000000000000000000000000000000000048
:107840000000000000000000F00FF00F00FFFF003C
:10785000F0F00F0F00FFFF00F00FF00F00FFFF0030
:10786000E4FCFCFCFCFF3FFF000000003C7EFFFF4F
:10787000EFE6FFFFD8FF18FF010000000000000046
:10788000428342830000000000FF00FF0000000070
:107890007C3C3C3CFDFFFFFFFCFCF0F000000000E6
:1078A000000062466666003C002C000000000000FC
:1078B00000000000000000000000000000000000C8
:1078C00000000000000000000000F00FF00F00FFBB
:1078D000FF00F0F00F0F00FFFF00F00FF00F00FFB0
:1078E000FF000086006000B000800586006000B8E0
:1078F000000000860074A0B00085058600F4A1B0E9
:107900000085018602F40130008500860CF4A1B8E0
:107910000480A0860C7400B8008000860CF401B0CE
:1079200000050000008602F001B80080008602F029
:1079300001B8000005860AE0019900A005865AF00A
:1079400000B900A815A62AD001B900A0028601E05E
:1079500000B40840028601E00094084002860160FD
:1079600000B408400C0000007FFF75FFFFFFFFFF21
:107970000C000C0040414040A0000000000000004E
:1079800000000002C000000055550000000000C0CB
:10799000C0FFC0FFCB0AC3000008000000F00F00CA
:1079A0000C0C00000000083C000050500000FFFFDD
:1079B0003C3CFFF0FFF0BFFFFFFFFFFF0000FF08B0
:1079C000F70003D73FD7B0F0B0A000FF10BFFFFF14
:1079D00000000F0E0F4FFEFF00007FFFFFFF0A5F4A
:1079E0000A5F3C2C3C7C0C0000007FFF75FFFFFF12
:1079F000FFCF000000004055405404000A0A010077
:107A0000000000000002C00000005555F00000001A
:107A100000C0C0FF40FF0A0A00000000000000F0A4
:107A20000F000C0C0000000008080000505000007F
:107A3000FFFF3D3C5F000F0010000000FFFF000053
:107A4000FF00FF0003143F14B0B0B0B000FF00FF10
:107A50007FFF20000F0F0F0F040000002000000028
:107A60004B4B0F0F3C3C3C3CA020F5340C3C0C3CF9
:107A700000000000EBFFFFFFFF00FF00FFFF0C0016
:107A8000000000000000000000000C00000000806A
:107A9000F0F0FFFF04FF00FFF0FFFFFF005500556F
:107AA00000001000F5E1FFFF0000E3C3CBC30000BE
:107AB0007000CFCFCF45C0D53F3FFF0DFD0D3C3C03
:107AC0003C5CFFFA555055555555BEBA3C30505F99
:107AD000F0FFBFBA1510303FF0FFFCFCFC0CFFFFBD
:107AE000FFFFFFFFFFFF303FF0FFFF3CFF3C0C2C90
:107AF0001C3C00000000EBFFFFFFFFFEFF3CFFFF10
:107B00000C00000B000B0400343C000000000000DF
:107B10000080F0F0FFFF00000000F0FFFFF04C5D80
:107B2000CCDD00000000A0B4FFFF0000D3C3C7C33A
:107B3000000050000000000000553F3FFF0CFC0C0F
:107B40003C3C3C3CAFAA05005555555FAABA0030F5
:107B5000000FA0AFBFBA1510000FC0CFFCFCFC0C8B
:107B60007FFFFFFFFFFFFFFE000FC0CF10000000F0
:107B70000010800002019001100882010000020044
:107B8000820021109109820502018209840200000D
:107B900082C1800402002002112121002000840003
:107BA0008200202004000400020000900000210058
:107BB0004000200009A00200A0052000042100C010
:107BC0008201020003004100000010004010820109
:107BD0000200C000200241400400024004411100A4
:107BE0000400840010A104820002040020000100AF
:107BF00000000000040000400302018009080000AA
:107C000001000305000040824188830811884080FC
:107C10000000032008800302010004880400030020
:107C2000400003004121A000900004040410000063
:107C3000840000029003400089002184000001A01C
:107C40000000034000100000000000040520012196
:107C5000410241001000008088400409A14004C096
:107C6000A000200010100502900000028200040015
:107C700080000000009080000001000080000000F3
:107C80000000000040000000000000008011801093
:107C900000C0100010A18091000000A0410000A0D1
:107CA0001000000040C0050300C00000000000906C
:107CB00000C000000000419041A00908A00500009C
:107CC0000240400200004008000008A0008800A018
:107CD00000400000004000820003059000A0051055
:107CE0000410000000010000000241840020410057
:107CF00000C0100000000008040000020011400055
:107D0000000000000002C010000090410041100877
:107D100002110010001101080208000004210441B2
:107D2000C0108400C0080203200882000000401038
:107D300000080000041020000000A000201021888E
:107D400000008590020000000000401000110200B9
:107D5000A021004000110000020000820441040044
:107D600000050120200000400210A08800039010B0
:107D7000A00020020000000000010082020180102B
:107D800000820082000800900008090240092101D9
:107D900091048205000900089041900400038911B4
:107DA000802100080005080000840005008400848C
:107DB0000090108400000040008200C00010000805
:107DC000A00580A0842002010010214080840004CE
:107DD00000208009820220900001008400104041B0
:107DE000418200A11002000800890008C000009034
:107DF0000088118411840400000900400008A108D3
:107E0000040082108410000090034008C000018428
:107E1000001020A121A00082008305A0118200880B
:107E20002020028400800484900510050082020056
:107E3000000504000005000000008400820000210D
:107E400090802184100505850102000240830241D3
:107E5000A0024011109003891000004000000000B3
:107E6000914000088808821004111040A0C111112F
:107E7000840084008411100000000000008404408D
:107E8000100002000000000000000000020010408E
:107E9000200000008200200840881100C1008541B8
:107EA0004000108402000284400040841004100846
:107EB0001100108441A04184000041000988410064
:107EC000410440889001108880101088000010083C
:107ED000100002880510034082000800A0C01008AE
:107EE00000020388100000880410020010821002B3
:107EF000841140C0020003004100A0000000000304
:107F000001000100A1100000A0000000820001108B
:107F100001000100C0091100030801412000100206
:107F200010A0111000090520010001000105210524
:107F30000110001020040203021000004011040090
:107F4000020000000500200401000400004184003C
:107F5000000820000100000000044121A0000200F0
:107F600000081000881000110821012008050009F0
:107F7000830002020003001140038221211000103F
:107F8000001004090000000004100304008200082F
:107F9000024000000005C0C020402021A004830250
:107FA0000205C1A105000304C1098004808202000A
:107FB0000282808205A003C00500050000000320A6
:107FC000410010000300030041051000900185C02E
:107FD000108882A0080280A1100082419005100044
:107FE00021008000400800A004A000404188080053
:107FF000C102001010000584408403C0212000410C
:1080000084080021012084000010C10090030000BA
:108010001021858000000082200301A101C0218081
:10802000402183A0042000038285208420A1200019
:1080300001001111200900000005400500030000A7
:1080400000100005000588000009008402210420BA
:1080500002030041110001A14040000311884102C8
:108060000041101002088400080084100021C000A4
:108070000000021088900920820090110000002169
:1080800011840000809082101100001021820008ED
:10809000050000820000020020840811208404C032
:1080A000024040A084200400410210042020050466
:1080B000200400C010001008209002902190004081
:1080C00000000588030005A0090010002000001032
:1080D00003204104210010080000410441840840AD
:1080E000C003C0C0202100902140040810029091DC
:1080F00010820282091003848003030000001190A3
:1081000009200008000020102100000800000003E2
:108110000403A00000108203A100010001840320D9
:10812000010341A0410305880140008001800582D0
:1081300000829084000002000482000000000040E1
:10814000A0030000A0020000880000210008210513
:1081500000410080004100200008A0051000202000
:1081600001404182030000402000084020032040DD
:108170000240880900030041A00402C00009080071
:1081800010000000000000001005100880C08004EE
:1081900088050309821008100020801082912104B4
:1081A0000041A1C100A1A004A00940C1400304A155
:1081B00020A089C102100000401040100000000003
:1081C0000000000000000000020000008000844168
:1081D00082A10382092000038085210020C103853C
:1081E000218420A1054140A02003214103824000B9
:1081F0008580900040000082008803A11089000063
:108200000000000000000400000009019100840249
:10821000A00109210100058901894040C09185C163
:1082200089C108840202880585C102C1A089034072
:10823000918504418385A1C1C0840003000300002F
:108240000000000000000000000001001000C0005D
:10825000050521858821A0A0004002080000C00873
:10826000C18291410302009102C041C0110300206C
:1082700000820804A1020084C083020900210104D5
:1082800000000000000000008900A1C02140210181
:108290008801040003A1200141000800918889841D
:1082A00021909001202085A18488C1A1912189403D
:1082B0000100050105080300A0014090840585A187
:1082C00000000000000000000000000000000004AA
:1082D0000000A001008921912084C1834005020093
:1082E00002014000C141A102400141000101900191
:1082F000858203A184000440A184100540C1900937
:108300008302000800000000000002009080A0C06E
:1083100010092108A00005C003111120400002002F
:1083200004001121094141808308090008082089BF
:10833000831111008903A080A04085208502850556
:10834000890800000000000000000000000000009C
:1083500000000000021005C004A102C10890A1A104
:1083600041024011C1004082A041C140904110042F
:10837000200490C10808850002800441A1888384FC
:108380000204A0880000000000000000009100200E
:108390000082054105C10820408802C10808031079
:1083A00040C00321A0A090211103008310401105BB
:1083B0000408A005C0418400C0C0850200820420DA
:1083C00020418003000000000021000000000000A8
:1083D000000000000000400880202085218500A1C9
:1083E000001090838085202100A09182C08500C16B
:1083F0000091118800830083204000C00010049089
:10840000802185050805000000000000000000A094
:108410000021008541200102009001850120018991
:10842000908300848883110283409040C08321049C
:1084300001088905211109894140A08540408484B3
:1084400000A001C084C00000000000000000000087
:1084500000000000000000000091A0C1A0840403FF
:1084600000108483A0C004A1018300C1418405C120
:10847000000984A1A00320030002108520101091A0
:1084800000904082092000890000000000000000E8
:1084900001200185010100028202840021402000A8
:1084A00084018440C0858840849184A084004083F6
:1084B00083890509849103830110890584A08901BA
:1084C00041C185A10300024000000000000000003F
:1084D00000000000000000200001C00082880401AC
:1084E0000300830200108482A0C001040003002165
:1084F0000100A040C1104010C182C040028220880B
:10850000C084850140094001C0C000000000000097
:108510000000218040A009022080C180202008089E
:1085200003008041800580A1000980090585C120E4
:108530004109A089A1C0C10288A010802021800526
:108540002041C083118210054180000040000000DE
:10855000000000000000000000800010C100024187
:10856000C1038900C08241A08291410308850504AE
:108570000340050500882004822009008041009006
:1085800000208080C12010A0902009800000000001
:108590000000000011820013C2000000210000133F
:1085A0000000006000000000000000008241001395
:1085B000C200410082410013C200006082410013EA
:1085C000C200826000410000C200210000000000E3
:1085D00000000000000000000000000000008241D8
:1085E0000013C200008800000000000006820000A6
:1085F00000000000420021840013C201005000006E
:108600000013000041000000000000000000000016
:1086100000000000000000000000CFFFFFFF000886
:1086200000000303030300000000FFBFBFBF0C00F6
:108630000C0002000100FFFFFFFF0000C00000006F
:108640003C00FFFFFFFF82C30F0F0CFF0C55000023
:10865000000000000000000000000000000000001A
:108660000A0A000A00807FFF50FFC3C3303FF0FFBB
:108670003E3CFFFF55550F55A5CCA5CC1F1F001440
:1086800000000000053DFFFFC3D7C3D7303FFFFF09
:10869000000000000000000000000001C3FFFFFF19
:1086A000000800000303030000000000FFBFBFBF7D
:1086B0000C000C0000000000F7FF34FF0000000079
:1086C00000003C00EBFFFFFF82C3FFFF0C550C5581
:1086D000000000000000000000000000000000009A
:1086E00000000A0A00020000000050FF0000000F16
:1086F000C0CF3C3CFFFE3C550F55A5CCA5CC0F0F81
:10870000001400000000053D053D0307F3F7303F6E
:10871000000000000000000000001C1C1C1CFFFFEB
:10872000FFFFFFFFFFFF00003CFFFFFFFFFF41EBEC
:108730000F0FFF00FF0300005000FEFEFFFFA00030
:108740003C3CFFC3FFC3BFABBFBFF3F3CFCF2000A1
:1087500028000000000000000000000000000000F1
:1087600000000000000CAAAAFFFDF0F8C33C0000C6
:10877000FFF70800FAFAFEF20F000B003CCC33C3FF
:10878000A0F0A03000000000F8F028008000F0F019
:108790000000155500000000000000001C1C1C1CFF
:1087A000EF7FFF0FFFFF303400002CAEFFA5FFC3AB
:1087B00041EBC3C3FF00FF0000825000BEFFBEFFBD
:1087C00000003C3CFFC3FFF5ABBFBFBFF3F3CFCF0F
:1087D0000000000000000000000000000000000099
:1087E0000000000000000000AAAA0F0D0008C33C12
:1087F0000000FFFF0000FAFAFFF0040000003CCC8C
:1088000033C3A030A0300000000028002800800002
:10881000FFFF0000000000000000000000000086D4
:1088200000F401B00000018600E001B8008000867D
:10883000006000B80000A08650F4A13900A5A08611
:1088400000F4A1B80415008650F4A1B80005A08674
:108850000C7400B80085000000000000000000005B
:108860000000000000000000018600F401B80000D4
:1088700000860C6000B8000000860C6000B80000A4
:1088800000860CF401B20480008600E000B800000D
:1088900000860C6000B00000000000000000002016
:1088A0000000000000100080C00C00080A02000058
:1088B00000AA55FF3FFF3C3C410041500F0F000014
:1088C000FFFF0000000020003F303F3000000000AC
:1088D000FDF1F1FDA0AAA0000000000000000000D2
:1088E00000000000000000000000FFBFFFFF550077
:1088F000550020208A8A2828282F00000000FCFD2F
:108900005555FFFF3CFA0000FFFFBA30FF301F1F34
:108910001FFFF0F0F0F0A0F5287D0000000000003F
:1089200000000000000000100080C00C00080A00D9
:1089300000000C0CCFCF3FFF3C3C410541550F0FD1
:108940003C00C3FF0303000020553F303F30283870
:108950002828FDFDFDFD82AA820000000000000025
:108960000000000000000000000000000000000007
:10897000F200F00020208A8A0000000F00000000B2
:108980003C7D555500003C500004FBFFAA00FF0051
:10899000141414FFEB00EB3C0055AAFF000000008C
:1089A0000000000000000000282000000F0F000061
:1089B000CFFFFFFFFFEBFFEF00400000AFAFAFFFC7
:1089C000000000EB0000000000000000FCFC0C0CAC
:1089D00000F000003CFF3CFC2F2F7F7F00000000D8
:1089E0000000000000000000000000000000FBFA92
:1089F000AAAAFFFFFFC30000007DFFFFFFFF0030BA
:108A0000003000F000F0F0F0FFFF287DAAFFF3F047
:108A1000D350003F007DFAFFFFFAFDFDF7F700009D
:108A200000000000000000000000282000000F0FE0
:108A30000000CFFFFFFFFFEBFFEF00000000AFAF34
:108A4000AFEB000000FBC000000000020000FEF4DD
:108A50000E0400F000003CFF3CFC2F0F7FFF0000E5
:108A60000000000000000000000000000000000006
:108A7000FBFAFAFAFFFFFFC30000FF7D5C3C5C5C81
:108A8000C000000000C030F0F0F0F414005582D7B0
:108A9000F0F05050007D007DDFDF7F7FAFFFFFAF44
:108AA00000000000000000000000000000000000C6
:108AB00000000000000000000000000000000000B6
:108AC00000000000000000000000000000000000A6
:108AD0000000000000000000000000000000000096
:108AE0000000000000000000000000000000000086
:108AF0000000000000000000000000000000000076
:108B00000000000000000000000000000000000065
:108B10000000000000000000000000000000000055
:108B200000000000000000000000004008000402F7
:108B300000000209400010092004040121019108ED
:108B40004001100990031190100982002000A041FB
:108B5000022082000400844084000200C0008401DE
:108B6000040804820200400002000000020000002D
:108B70000400200004900200820004002000A000F5
:108B80002000000104C0400011020400A0011001F7
:108B900010081000000382018409840204100400FC
:108BA0000500842004000410A00180200000C10002
:108BB00000800000010801000188018000040020FD
:108BC00020000004018841A0000001C00300A000B3
:108BD00002C00100210000000280024100002000CC
:108BE00004200003C0030000020000000000010098
:108BF0000000200000000000010304040500000044
:108C00002000200000049000C000020000001108B5
:108C100001208380010000882002118240800180B1
:108C200003002000058000000000100820008000E4
:108C300000004000000000080002000084008000E6
:108C4000040420042000000000080000800141000E
:108C5000840204A1208280040000202000000583FB
:108C60000402040202830502050900C1054100C097
:108C700000A100020000A0832002000200C1000049
:108C800041000008100020080000201000104021C2
:108C900000020440008800010400808900A0042034
:108CA0008011058288400408001080031011050817
:108CB0001021041001100410042004A00010202131
:108CC00020109180019001100420901004100240A7
:108CD00040100220044020102090040001102004C5
:108CE0004002208811A101022088400290024082A7
:108CF00000000002009000000202018202A00002B7
:108D00002010002000200200042020000240041057
:108D10000040040301104000084005000440040026
:108D2000011008820421028801C1000040020040B5
:108D30000490801080418008000800C040080008AE
:108D4000201004088010C0020040400020020040B3
:108D50004010008805841184090800848810A085CB
:108D6000100200A0000284218010000802020210FC
:108D700002100000001002840002110000C0000474
:108D8000020104C0031000100010000400A0000045
:108D900000020004101000080410000800400090B9
:108DA000802000850410800202C0054103844141F7
:108DB00005900241104008C01085020820000105FE
:108DC000001121000100202104020000C0030180E5
:108DD000888001000011004182000080000810031B
:108DE000034001008400000005A020088800000066
:108DF00082218800000010090041008088000008DE
:108E000010801004830884000000000000804041AE
:108E1000C000020010000100000004000000A020BB
:108E2000000040800004014104001003082082007B
:108E30000082844185C000001000100180001100F4
:108E40000200020000410305000484051120000116
:108E500020204009204140A0400220002002400084
:108E60002002404020002001A02041402008210095
:108E700000082002104000002000200810212008D7
:108E8000202090204102C0014088044105020208D0
:108E90004088800211020008201005001004020121
:108EA0001020408808100810051188002109410889
:108EB000400488000002C0400000010001021000D0
:108EC000A04011008300008420A0208820A084807E
:108ED00040024091408840C020094000200420808A
:108EE000900282114082400420400205108010044C
:108EF00082002010840810820000840910100040B5
:108F0000100408022010100020028241C04082009C
:108F10001110004110800841080590418403C003EE
:108F2000C102218941052000020540A0041000C0B3
:108F3000089089411021C021208200C00000000853
:108F4000020040020502A0C0001040000308000219
:108F50000909000290202102900241A00410020899
:108F60000502100800010240821100400310200891
:108F70000200100003A041000508000040000008A6
:108F800009001110008208000584100041848884C3
:108F90000010418400021084408404C0050204C013
:108FA0000520101008C11000030502210084088369
:108FB00020038884000090A12140880500009003D0
:108FC0000000010000800480100000008400000008
:108FD00000050020208011210011114000008400B4
:108FE000018388910000A00801A1100810800000F2
:108FF00001200104000000000000104000000000FB
:109000000000000000408400000010030800080079
:1090100020401008000300000000000300000000D2
:10902000010200008402C00200000002844010110E
:10903000C020A0080400C000110884411082100064
:109040000882000840881188080000002102000002
:109050008082110000000011C040804182C10308DD
:1090600040A0020091000502000808022008C1117A
:109070004190094108A041C04108020205200000BA
:1090800008084088200800084100000090204104A2
:1090900010A0418441020000118420090988118434
:1090A0002010A00211000484201009100010208854
:1090B000040841901090058821A080911040C14182
:1090C00001000100200002080010200020052008F7
:1090D00000210400A00004080002110002C00340A7
:1090E0004000100921020204000010822002400406
:1090F0002040100320402002900310081011C000EF
:109100000000820984032004A0410000000220C165
:10911000C00400001009C004020008002040000044
:109120002010000940804011081001040404C0020E
:1091300040034100100910090800004010081041C8
:1091400002080011C0200511410900888408110897
:1091500009C1918940C10210854084058402C0087C
:10916000090002918008410804904005A08902840A
:10917000100400838808A0A0911100100021410074
:10918000000000000040008441008000048383024E
:10919000030800C100050940082180410911411060
:1091A0002108050403102110404003111100008321
:1091B0009103881003030890081003400303401034
:1091C00000408520880110010000000010208591DA
:1091D00000200109100810098991C0051001A101A2
:1091E0008401040001022001000200418905C184BC
:1091F000C140010388C1039009C010209001A00163
:109200000000000000001002028590021090080982
:1092100040118201000300910101014040830000E0
:109220000401010100000101000108019100200872
:1092300000092040030101830811100901210501E3
:10924000010100018900010100880101010088007D
:1092500010C020002121080111109183080921006C
:109260004189A02085C02100040000040302000001
:109270002108210421C0000902018540C1020282A7
:10928000000102C0A10100000201C000A00002C054
:10929000C001A1A090040309080011C091008491AD
:1092A000100189011188910401000082012101C08F
:1092B000032140C1090584850940C08203C183C1DF
:1092C00083A0090111088501050809000502410074
:1092D0001000808080030389890288801010900824
:1092E000211008908880C0842103844020002080C1
:1092F000100382008508C09000A08904218003210A
:109300001100000400000808000080200040100048
:109310002121801010C0000003884109C080050091
:10932000A00985022108850041044002408008838D
:10933000038020084110038380088841118304833F
:10934000839004008841C180850902800083084021
:109350000490088000110580100011898088101089
:10936000831183110040082000052090000410C1E3
:10937000408810898040000820C080800021C108FA
:109380000083800400802180009000808000808025
:10939000C189804180C1808002028003041010894D
:1093A000A183A120080200204089C10900410005D5
:1093B0000302400303852020900383830302008976
:1093C000A1848303008200110821411001100004D0
:1093D00001010183A0840283890800080008C010ED
:1093E00085914140108800820109004100040083FA
:1093F0000085400400C040840221010240A000C05A
:109400002191000582A0002001849003008008A023
:10941000C040858440A1C084A0C0C19188030008D9
:1094200005108508028540A10041018410402009F3
:1094300000400091104191088489854105212191C6
:10944000C01141118989A011008901410509899044
:1094500020018300A00002401184080003A08200C4
:109460000889100189900910C0918400088284C085
:1094700010208590210003209088A00002000400A5
:1094800002200000A0080100000001000000008090
:109490000400C040004004000988101140024182CD
:1094A000850111028803C1880800C00102219008CB
:1094B000C10209090400C001858811050909C00419
:1094C00009C085A105012001A000A08284A1A009F6
:1094D000030020080209400091A1118500008800C6
:1094E0004004902091044000900400828308A180F1
:1094F000A0008004A10990001080401004102041B9
:109500004020009100001191210000001000000097
:10951000008009050000050080400304804084218C
:109520000811C1082185098321000000804000A0A6
:109530000080030082410508410383418321A0404C
:1095400002008300100310030920800400838008B8
:109550008083000000000000000000810000C200C5
:1095600000000A500013C200005081810013C200A5
:109570000088000000000000000000500000C20051
:10958000000041000013C2000000000000000000C5
:109590004200000000000000000000000600001370
:1095A000C200000000840000C20000820000000031
:1095B0000000000041000013C2001242000000132E
:1095C000C200114200000013C200124200820000DB
:1095D000C200116066460000FFFFFFFF999900007E
:1095E0000000000024242424FF19FF09C0C000004B
:1095F000666602020F0F3C3C00002D00FCFC7C6CF8
:10960000FFFFFF3EC3C33C3CF0F0FF00F0F00F0F44
:10961000C3C33C3C0000F0F00F0F00FFFF00C3C3CA
:109620000F0F99663C3C03000000000C0000000096
:109630000000606060780000000000000000000092
:10964000000000000000000000000000000000001A
:10965000000000810F8F00000002FF0FFF0099BD86
:10966000003CF0F0F0F0FFFF2F2419190909000069
:109670000000420202020F0F3C3C00002400FCFCF0
:109680006C6CC3C3C300C3C33C3C0F0FFF00F0F0BE
:109690000F0FC3C33C3C0000F0F00F0F00FFFF00B2
:1096A0003C3C0F0F99663C3C00000000000C0000A1
:1096B00000000000606060F9000000000000000091
:1096C000000000000000000000000000000000009A
:1096D000000000000F8F0F8F00000000000000004E
:1096E000000000000000000000000000000000007A
:1096F000000000000000000000000000000000006A
:109700000000000000000000000000000000000059
:109710000000000000000000000000000000000049
:109720000000000000000000000000000000000039
:109730000000000000000000000000000400001015
:109740000000820804000010884140080400001155
:1097500008200000000000000000FFFFEFEFFF3FC7
:10976000FF3F00E00000242418186060606000667D
:10977000006600000F00FF00FF0066666666007668
:1097800000004E4E7E42C7FFC7DB00FFCCCC6666B2
:10979000F00F00FFFF003C3CC3C3000000FFFF00D0
:1097A00000FFFF003C3CF00FFFFF9696363636C6B2
:1097B0003C3CFF9F6666606CB0200000008778FF2D
:1097C0003C3C000000000000000000000000000021
:1097D00000000000E7FF60000000003CFFFF6FEFAB
:1097E000FF3FFFBF000000002424181860FF7CFF2B
:1097F0003076FFFF00000000F300E700303C00007F
:109800000010000042427E7E043C041800FFCCCCD5
:109810006666F00F00FFFF003C3CC3C3000000FF82
:10982000FF0000FFFF003C3CF00F0000969636362C
:1098300036363C3C0060003C606CB0B000000087F5
:1098400078FF243C900000000000000000000000B1
:10985000000000000000E7FF60000000007C0586BB
:10986000006000B800000086007400B80010008698
:10987000009401800000008652B401B80080008688
:109880000C6000B000000086007400B00000A286EA
:1098900021E041A408480286016000B408400000AD
:1098A0000286016000B40840128621F0418400481D
:1098B0000086007400B000000086006000B00080E8
:1098C000008602B001B000A005865AF000B900A8D9
:1098D000008600800098000000860A6C00B80080B6
:1098E00000002000EFEFEFEF00000000FFAAFFFAFA
:1098F000FFFF551008FFAAFFA0A0A0A0D755F5555F
:10990000B43CA00000FF00FFFF0FFF2F000000008D
:1099100000C30082000800F80000000028280800AA
:109920000000FFFF4100FE00FF00F270F720FF0F74
:10993000FF1BFFFF0000417D505FF4E0F7205C5CFF
:1099400000FFBC3C3C3C02020A00FFFF00000C147C
:10995000FCBEFFFFFFFF7F7F7F7FFFFFFFF3303005
:109960003C00000020000808EFEF30000000FFEB93
:10997000FFFA551055100808AAAAFFBCBCBC5555E3
:1099800055553C3C000083830000FF0FFF0F000093
:1099900000108200820000000000000000000000B3
:1099A00000000000FFFF0000FF00FF00707020209B
:1099B000000F001B3A303A30417D505FE0E020203C
:1099C0000C0C00FF1C3C3C3C02020A003CA03CA0EA
:1099D0000C14FCBEFFFF3CBC0F7FFF7FFFFFFFF3BB
:1099E00030303C00000000000000000020000000BB
:1099F00000000000A0A0A0A050FF70FF0000000029
:109A000055555555FFFF3333CFCFFFFF0000000002
:109A10000F0000000000000C5000000000000000DB
:109A2000C3FFFFFF0000FF29FFFD0000000028002A
:109A300000000F3C0F96FCFCFAFA505F505F0000EC
:109A40000000287D303F0000000000000000FFFA09
:109A5000FF0A553C553CF0F0F0B2000C003000001D
:109A600000005DFF00FF000000000000000000009B
:109A7000000000000004FFBCFFA050507070000008
:109A800000005D555555FFFF3333CFCFFFFF00007A
:109A900014150F000000000000000000000000008E
:109AA0000000C3FFFFFF0000FF29FF00000000C00F
:109AB000000000000F3C0F3CC0C0505030303F3F12
:109AC00000000000287D303F000000000000000082
:109AD0000500F5000F000FFFF0FAF0BA000C00309F
:109AE0000000000008FF00FF00001100022021908C
:109AF00002001000000121400400110004010300D5
:109B0000A100A00180000201C000844104000041C6
:109B100004A0040190012001400104028200020916
:109B200002002000200000000000830000019100DE
:109B30000009200040C000000401200000000400D3
:109B400020001100100003002000400002820400E9
:109B5000910004900000A08811010000820110888B
:109B600000010000000010000241000000000000A1
:109B7000000001000100000800000000002100209A
:109B800000002000091020000104050010C0210081
:109B900000C00000000803400040000400802100D5
:109BA0000182010400000000000000002000000805
:109BB000200000880000910000000040A00000008C
:109BC000A100A000C0000100A000000021000000D2
:109BD000A00002000003200002000040000003403B
:109BE00001009002000000000100A1A000000000A0
:109BF000000000000900000009900008000080003B
:109C00000401000020012000A004A00484010090B1
:109C100000200008800000000000100080048090F8
:109C20000000040904000410004080A000C00000EF
:109C3000000000042010008240100000000000001E
:109C4000000000820000024000100000000040A15F
:109C5000009111002090801100090089001010006F
:109C600002410000000100400020800002020020AC
:109C700004210010020000110000104100410041C9
:109C8000401041200221050401102180218005207F
:109C9000000000A10420020900050020001020900F
:109CA00004200010A1400110831000800421000056
:109CB000A008022000900011001000110410A02044
:109CC00004210000A0090220A19100410010002001
:109CD0000308084000410110020800C0820800C1CA
:109CE000002083C0C0200040048004111009A1900E
:109CF00000100000000000100084000000100010A0
:109D000000A0000200C08000001000090000001048
:109D10000000800800C000110490800200100000C4
:109D2000801080A00004001121C0000800820010F3
:109D300000002010101082410003000000400502C6
:109D40000082001000080000410000400040048430
:109D50000008001000022120418400020008410890
:109D6000001005C00541900221021000001000C043
:109D700080C1880000000000C0040010A000820024
:109D8000404040088221900810080000A040C020F8
:109D9000840840000290C0108440000202020000CB
:109DA000004020021005008000080008C0000000EC
:109DB000100000000900890021048288880090803A
:109DC00000000008000584800002A010004000830D
:109DD0008200028004100000A0050000024000A0E4
:109DE0008282A008A04120C00308A00084090809BD
:109DF0000000024005001000030004101082000063
:109E000003820010110040000210A00009040204A7
:109E1000200002C08200400011200408080402084B
:109E200040A100208020084004012004102010A040
:109E3000840082000000020510C090001100110093
:109E4000001010082100410010404190410802001C
:109E5000050803820800C08440044100A004854036
:109E60009041000808110200020210010889000454
:109E70000004100082090000010000000110110020
:109E80000000820000082008890084001010C0A192
:109E90000091020003000400000088801080820806
:109EA0000180204010100290008085040000008096
:109EB000000305100500000011848800200002093D
:109EC000002082101110020982000008040210090B
:109ED000890500050203C008410500C10002218276
:109EE00002101008028011901141A10808080940D1
:109EF000C0414000880911820000000000000410E9
:109F000040004082031008008311C0000310820348
:109F100000820008410002088084838441084105D2
:109F200000820082020040A080C1050010201000C5
:109F3000080000840800800900000001028420005D
:109F40000041030809840240118440C110104004FC
:109F50004182204020C00302041005840402411005
:109F60002002411002100309400020900010090255
:109F700021C0058200900811024120000011A011AB
:109F80000104000090100400000210401121022082
:109F90000340200000104003014010410211100353
:109FA0004040840000000000C1002004040000883C
:109FB000C0000000000000002004000088049100A0
:109FC000110888C000110000089190008202021060
:109FD0008210A0000020104110088400002184009D
:109FE0000000A1000800000808888441400000210A
:109FF0000041100820002040004010C0118841009E
:10A00000000010000000008403400002401008C05F
:10A01000800090019182001040000210091002821D
:10A02000020009000010031082004184100011900A
:10A03000854008840300850811C1100400002082B7
:10A0400041901108119010C0900840200810208203
:10A0500002020810A0820208400041840200108819
:10A060000400040020084010030811900000411073
:10A070000340101000028088214000820285000009
:10A080002000000020000000100000800010890364
:10A090000000041011400200001000009120000098
:10A0A00000000000402000400400100000410000BB
:10A0B0000020200000080003048888080000000039
:10A0C00000210004000400020000100088040008C1
:10A0D00088210104100810001104020400008821E6
:10A0E0008400000082000809A008008084030400A6
:10A0F00088000891C10482900202000910004140CA
:10A100000008801002110008808803080009200957
:10A11000830800C1210202404089009102C08903E6
:10A1200020838805020009200509C190410410839D
:10A13000838505A02109A18204888591C0800588B6
:10A1400000001085A1842089091003400520100912
:10A15000032010859102841041040009A10290059A
:10A160004082410200024005022083912100210823
:10A170001188409005840811200285030020408545
:10A180000203000082019001000090030088008813
:10A1900001410288844121410009080240C00109AF
:10A1A00084A00210C090880800820102C08500408F
:10A1B000002003410085408204C10040094010C0D6
:10A1C00000200000A00582410140000491880001A8
:10A1D0000182032008A10440030504A000401105EA
:10A1E000208401110140000000A189052103A18400
:10A1F000018400410341018500A0009020820803F2
:10A200000002000200000002000000000800918827
:10A210001100C1000300110210008400C100820877
:10A22000050209209100A002092190C0000005A0AC
:10A23000C10102C0840240C1C102840402A0C00066
:10A2400011A01121000009008302A11040C01000DC
:10A25000C0008900881109008420A10185C0100276
:10A260002000094004012004200041208540050110
:10A27000850208889183031040114141C005000008
:10A2800001C1008284010000008000080000050078
:10A29000040085058900900088808504A1022010B3
:10A2A0000580C00808A111058000200241A10341DA
:10A2B000A0082020C1840503918505118220038513
:10A2C0000511058009100000A000108005A0828003
:10A2D0000802C0001000218588000900082188A01C
:10A2E000A040900085804005020500040591A080F3
:10A2F000C0028841C0004111822088C19005A1821E
:10A300000500044110858210400000002100090072
:10A3100009020005800200030204008800A18520D4
:10A32000408400400011118300210002A0A00041E0
:10A3300000850008008520852190028880900220F9
:10A340000010830800C1888400001188008880857F
:10A350008490802080050088080520C18008211194
:10A360002005A01080888020400802400003890555
:10A370000283099080A088A189401120A120910426
:10A380000388204180050804C191000800A0004016
:10A3900000900000A000100100010000000200A1D8
:10A3A000852000A0A089024000820008C08311849B
:10A3B000C084A005408500840041010800042041BC
:10A3C0009021001120C00284020800000009100240
:10A3D00002840321404008910803012101211084D7
:10A3E00040C000C10389A0C1108941110141848886
:10A3F0008490202100C104022009849000882084D8
:10A40000020801100140A08204919009002001007F
:10A410000100000001030100000000100040009056
:10A42000000101C103010302C100A0028500020175
:10A4300009002040020203018400A001040104037A
:10A4400021000140028304A0A00020A00000A085FC
:10A4500084A001010520840140024088901184C13C
:10A46000080085000803C08440858400C0828402FF
:10A470004104A1888882820111911100C082834029
:10A48000C101200041900010010101110088050068
:10A4900002000800210010200510110440800590E2
:10A4A0000220110805908840408805040300A00997
:10A4B0000405A109840003800505C1114120C008DD
:10A4C00088A08803209100A080890021004100001D
:10A4D000C08308090810208080208011000000201F
:10A4E000882190000808008800890003800380808C
:10A4F00090859009C002028091418502C040890088
:10A5000090020208044005410300404120400380BE
:10A510008100001300000A0000000000C2000000DB
:10A52000810000130000000000420000C200000093
:10A5300041000013000000000000000000000000C7
:10A5400000600013C200820000810013C2004200BC
:10A55000000000600000C2002100000000000000B8
:10A5600041812100001300000000000000000000F5
:10A57000418200880000C20100410000000000008C
:10A5800042000000000000000050810000130000A5
:10A590000084F7F7F7F70000000014175555000086
:10A5A0000000101000F0141400003E3E3EBEAAAAA7
:10A5B000BEBE0454000000000200FCFCFFFF1C3C77
:10A5C0003C3C3F7FFFFF3DFFFFFF00000000FFDF3F
:10A5D000FFFF00007F7F7FFF3D55FF55000000001B
:10A5E0003F143FD700A05FFF16573E7F00000000DA
:10A5F0000003FCFF001C00FFFFFF000000FF00FF46
:10A6000000000000FFFF00552A0A2A3AFFFFC70595
:10A610003D3D3DFFFDFD08FD00000000000F414DE8
:10A62000C000003000000000000500000A0A0AAA6D
:10A63000000A3C3E040400000000F1F0FCF4FFFFBF
:10A640001C0C3C0C0303C3C33CFF000000000000D3
:10A65000FFDFFFDF0000434343433C55FF5500004D
:10A660000000031403D700AF50FF02432A6B000021
:10A67000000000F30CFF001C00FFEBFB0A5A000C6B
:10A68000000F000000803F3F30350A0A0A0A3CFFF5
:10A690000405050505FFAAAA000000000000F0F06F
:10A6A000F0F0F7FF20200000F02000000000282834
:10A6B0002828F5F4F4F4003C00007DFF7D7D0020A7
:10A6C00000000005000FDFDF557DCF50FFFF3C3C51
:10A6D000AA3C0F03050100008E8E82BE5FC0FFFF03
:10A6E000FB10F8D03CAA3A3AFEFA5450FCFCFFF0BA
:10A6F000FFFFFFFFFFC3BC804F5F0F5FAAFFAAFFF2
:10A700000000000000000004C000FFFFBA000000CD
:10A7100000307D7DFEFABEAAAEAA0C00000000004B
:10A72000F0F0F03CFFFF28000000002002000000D5
:10A73000FFFFF82855141414003C00007D7D7D7D3A
:10A74000002000000001000B8A8A0028CF50000082
:10A750003C3CAA3CFFC355410000BEBE82825FC0A4
:10A760000000FB10F8D03CAA3A3AAEAA0400C0C0E0
:10A7700000F0FFFFFAFB3C00BC80EFFFAFFFFFFFE4
:10A780003CFF8383AFAF000000078000FFFF300075
:10A79000000000007D7DFCF03C00018600E001909F
:10A7A00000000086006000B90000008600E001A8FB
:10A7B00000800086007400B00000008600C001A880
:10A7C00000000086026000B00000008602F400B0C5
:10A7D0000080008600F400B00000000000860274D3
:10A7E00000B000000086006000B00080008600E03D
:10A7F00001E800000086006000B0000000960074D0
:10A8000000B280000086006000B8000000860C6086
:10A8100000B0000000860C60039000000000000003
:10A820000000000000000000000000000000000028
:10A83000A000FFFF0000AA30000000E8D4D4C0FC54
:10A8400028FF28C3EA40EA405050A0A00000500072
:10A8500000000400008C008C0505AFAF00003C3CFC
:10A86000FF3C0F7D0F55BFBC8380033F0A5FFFFF96
:10A870003C000FFFFFFFFC00F80000050014FEF293
:10A880000E0200E817FF0000000055FFDFFFF33065
:10A89000050F00E817FF00000000000000000000A6
:10A8A00000005575FFFF00000000000000000000E0
:10A8B0000000FFFFFFFF00000000001700E8FCFCA5
:10A8C000C0C00F0F0F0FFFFFAA005010A0A0000084
:10A8D000000000000400008C55DD14BE14BE000012
:10A8E0000000FF000FFF0FFFBCBC8080033F0A5F2A
:10A8F000FFFFF0000FDFDFDFFC00F80000140014A2
:10A90000FCF00C0000E817FF0001000455FF5DFF9C
:10A91000F330AF0F00E817FF000000000000040054
:10A920000000000000000000FEEA022A00001555A9
:10A93000FF00F3303CBE3EBE0000AA00050015003B
:10A94000FFFFFFBA3FBFFFFF00000001FFFFF0FF66
:10A9500000FF003FFFFFFFFF414141413C0F55FF1A
:10A960000000FFFFFFF80008FF08FFFF4D4D14BE79
:10A970005F5FBEBE1414E0F0FFFF00FF00BF414F59
:10A980007D7FFAFAFCFC7D057DAFFFBCFFA00FFFC9
:10A990003FFFFFB2C3B25F5F287DFFBCBCBC0000BD
:10A9A000AAAA0000000000000000FCC00000000097
:10A9B0005555FF00F33000AA0AAA0000300000003D
:10A9C0001000555555003030F0F000000001FFFF39
:10A9D000F0FF00FF00FF5DFFFFFF004101013C0FA2
:10A9E00055000000FF28FF2808080808B2B2000040
:10A9F00014BE0A0AF000F000E0E0FFFF00FF00FFD5
:10AA0000414141415050C0C0280528AFBCBCA0A066
:10AA10000FFF5FFF3CB200B20A0A287DFFA0A0A092
:10AA20000000AAAA2000000000000010040004009A
:10AA30000000200020000000400020402110A01055
:10AA400011000010000002100290002004A020005D
:10AA5000024002C020002008210002A111002000B5
:10AA60001108821000000900021000000401040017
:10AA7000A040820084040400100040002000040074
:10AA8000101100002100404082092000882004208D
:10AA90000090022002410290024002000220900039
:10AAA0008001000000110000000000000000000014
:10AAB0000000000000100100000000000080000005
:10AAC000050040000000A00001000100400000005F
:10AAD0000200C0002004A00000000000014020008F
:10AAE000040002000500000002000500020001044D
:10AAF00008002080200002910000010000000400F6
:10AB0000C000210240009000008003C000000580CA
:10AB100000002000000005C00100018000000000CE
:10AB200011000420200000200000000000000000B0
:10AB30000000000000000000410041004100000052
:10AB40000000C10400080000800000000010800226
:10AB5000918480000004808400008000800380894C
:10AB6000000000008240804000C00000002000A0E3
:10AB70004100001000010000824041090421002032
:10AB8000C1910000004180108020410411A080008C
:10AB9000000400900210200800A0008490410000F2
:10ABA0004020800000119001002082000010000071
:10ABB00000100010000800100040200000000020DD
:10ABC0000400100804830021000040089008900849
:10ABD000402040084041820840200441400040405D
:10ABE0004040001100084090409000000000C0214B
:10ABF0000002000000209040A00003901040A140FF
:10AC00000091100802000488021002100091041044
:10AC1000020800884041090801918810020002C022
:10AC20002011C0104041A008110800084000009009
:10AC30000002208240000000050000000400020025
:10AC40001008108420000300020000400082084029
:10AC50000084218805100908090205400000001041
:10AC60000040834180090400041004020000210018
:10AC7000051005A080040000204103088082000820
:10AC800003104110000000010085088400840008C2
:10AC9000809100910411C01005A020418540200240
:10ACA000801021A0008300100008000080840010A4
:10ACB000200000108221044100218821104102104F
:10ACC0008808014191100005004089100041900062
:10ACD00000408409840200110010000084840810E0
:10ACE0008400000002C0404001050100C1020000D4
:10ACF0008800000500412083000001C040030209D4
:10AD0000008004101040A0214002104088208808D4
:10AD100084030240080485200803080083C0020061
:10AD2000001002054010000204030805A0100408EA
:10AD3000200000000000000021002000100008009A
:10AD400002832000100000202000200100001000DD
:10AD500010002000C1A004000304100482824000FF
:10AD600040880200000282210200400040400402AC
:10AD70000000200020001010C00020004040100003
:10AD800008044120C020402008200040100010404E
:10AD900010402100800141051020200110052009EC
:10ADA000410502000240400002000208200010039A
:10ADB0008090000000000008000088090000C041E9
:10ADC00004100004101140004000820010201010F8
:10ADD000402104040400404040419040404141056E
:10ADE0002005C1040100100003408402010082908C
:10ADF00020000000C0218403020904200200100882
:10AE0000C0102080008010C1A18510900083210017
:10AE100090C184801041020404C020800404008298
:10AE20008488008883218988040911080209101088
:10AE30000108102020000000000000104000000069
:10AE4000000000040000200211C00308000020845C
:10AE50008010C108000240000090008440C0100033
:10AE600000824102050902001000108810A00010A5
:10AE70000000021000000082408209002010400003
:10AE80002021A000200500C01090208220840940CD
:10AE900010A0400021880308204020002005200247
:10AEA0000285A0001103100402101090008283029A
:10AEB000004010080000000000004005000590035D
:10AEC0000800002188100000904000100010882029
:10AED000910010020285400001058402002100005B
:10AEE000001100008408004009210002841104417F
:10AEF0000821101001210000844108089010091059
:10AF000002000904210201C040408800001110091C
:10AF1000A091A0000002100900000880001000A00D
:10AF20000088A10802080840000501080004042167
:10AF300040080800A1A1000000C00008090000822C
:10AF40000000000000000382110000080902000058
:10AF50000088410040002020110841000000400806
:10AF6000208241000004051003000400200020108E
:10AF7000200204A008841100000000840002008464
:10AF800000044188210020844100408200080920FB
:10AF9000C0080210830809A02002048240C00208F1
:10AFA000C0210584C19010108904821008854000DA
:10AFB000020010890840A1850020880000000040A0
:10AFC000101000000010000000050000202000000C
:10AFD0000411000004004010000200000000000204
:10AFE0000800001190204000100500408800C010AB
:10AFF0000408200284000410840400000010900360
:10B000002002028888000010002000080003A00031
:10B0100040080480C021100302082021001000080D
:10B02000000004A000410220111102880304104016
:10B030000000C004200802001008100000000000FA
:10B040000000000000000000000000000000000000
:10B050000000100002084000A0414104000308095C
:10B0600003000000000300040000000000830484CB
:10B0700010808080000380808300004000008000FA
:10B080000000020000000805914111100989000428
:10B090008005C003802021050821041090050210BE
:10B0A000092000400485080589090908910821053F
:10B0B000844110054091A1820002008540020000F9
:10B0C00000000000000000000000000000009000F0
:10B0D00000000000000005008200210100000001C6
:10B0E000010001000000020100010000000002094F
:10B0F00040850120848400C104A010880041000024
:10B10000820082000100000090851088008391C1B8
:10B1100000100810A0400211C1211120A103C10894
:10B120000141012000109004000103000001C00053
:10B1300001038208008401028484A0888821010818
:10B1400000000000000000000000000000000000FF
:10B150000000010200000100080002898241200273
:10B1600008010000C10009C0000004004000910077
:10B170008201C000C01085200400080085408900BD
:10B18000000021080300112003010901C001890802
:10B190008841088890A01109888421010284C00098
:10B1A0002000C11002A009048403902120A021A145
:10B1B00083C1C00000010908890482C08440A11134
:10B1C00090100000000000000000000000000000DF
:10B1D000000004000480114010008210838804C025
:10B1E000A18000080000100003800000800084009F
:10B1F00003000010800082008321800080002080F6
:10B20000030000000380410021800303C002C1103D
:10B210001000410503110280A01005891010A00044
:10B220002100A00085C1848505891140410210A13B
:10B23000850582030405100205894180040005800C
:10B24000850541080000000000000000000000002B
:10B2500000000000000000C1090200831083000408
:10B26000108240A10000082000008083000000A0A0
:10B2700000000003000080208000000300008582A1
:10B280001080008300800000080000808000210200
:10B29000002089104041A08003000980850005C07E
:10B2A000000800894105801108082010850909114E
:10B2B00040110891888880C0400802A005094140DB
:10B2C0000003A08209200000000000000000000030
:10B2D000000000000000000200C100098802010215
:10B2E00000820009052000020111001088410004BD
:10B2F00000C10040C041008882210240000300C01C
:10B30000200201A0A0090080002000A0008488A0E5
:10B3100000910090A109414083841040C08421081D
:10B320000002100200A08321820000019100410070
:10B33000048401900184412020090891888511A08E
:10B3400000A190040384000500000000000000003C
:10B350000000000000000000014000020040010069
:10B36000A00905C004018340900104008400082066
:10B37000010000000000000003008908880040C0B0
:10B38000010101000000008200800201C000C02114
:10B390000004C0034084851110009001A120C0006A
:10B3A000001021000488080010828209C0A0210139
:10B3B000A041030002A1840002828201A00041009A
:10B3C0000888088485001000028800000000000042
:10B3D000000000000000000000000800208540C1BF
:10B3E0002000034188C18320418004038000800045
:10B3F0000000030000000000410003414080000005
:10B4000080800302400000000000008080100000E7
:10B410000003000385852121890480004041052126
:10B42000C102410020090300030802008840041102
:10B4300088021040400004C1100490000320111144
:10B44000A1114000C19002058941040000000000E4
:10B450000000000000000000000000000084000068
:10B46000C200000006600013C200000000000013CC
:10B470000000218400000000000000000000000027
:10B480000000110082000013000000000000820094
:10B490000013C200214200600000C2000000210031
:10B4A0000013000006000000000000000000004241
:10B4B0000013C200410000500000C2000050000014
:10B4C00000000000060082000013000000000000E1
:10B4D0000000000000000000000000000000BD9916
:10B4E0003D09FFFFFFF0F6FFFFFF00001C04FFFF18
:10B4F00000000F0F00003C3C00000F0F0000FF0099
:10B5000000000F0F0000FF0000000F0F0000000000
:10B510000000000000000000000F00005A0F3C0F68
:10B5200000009919000000000F0F0F0F6F606F608F
:10B530007F3F7E3C990399F3FFFF1E060000000049
:10B540006F002F00999999998080000020000000D9
:10B5500000000000000000000000000000000000EB
:10B56000BD993C0000000F003000300000000404D2
:10B57000FFFF00000F0F00003C3C00000F0F000019
:10B58000FF0000000F0F0000FF0000000F0F000081
:10B5900000000000000000000000000F00003C0F51
:10B5A0003C0F0000990900000000000300003F3F2D
:10B5B00030306F0F660099F399F300001E0600000B
:10B5C00001006F002F00C3F0C3FFFF80FF000000E9
:10B5D000000000000000000000000000000000006B
:10B5E000000000000000000000000000000000005B
:10B5F000000000000000000000000000000000004B
:10B60000000000000000000000000000000000003A
:10B6100000000000000000000001044000000000E5
:10B62000000000000000000000000000000000001A
:10B63000000000000000000000000000000000000A
:10B6400000000000000000000000000000000000FA
:10B6500000000000000000000000000000000000EA
:10B6600000000000000000003030000066667676C2
:10B6700020B00000000000FF000000FF000000FFFD
:10B68000000000FF000000FF000000FF00003C3C45
:10B69000FFFFFF00000000000000000000006F6FCF
:10B6A0006F5F3CFF3C6F6060FFFF0606666698FFB9
:10B6B00099FF00FC03FF003400FF18181818C3C3DB
:10B6C000C3C300070000007C00FC00009999000043
:10B6D000FFFF30FF30FF000000000000000000000E
:10B6E000000000000000000000000060000066662E
:10B6F0007E7E20200000000000FF000000FF000010
:10B7000000FF000000FF000000FF000000FF00003D
:10B710003C3CFFFFFF0000000000000000000000B4
:10B72000606060503C003C9060607CFF06026642B6
:10B7300008FF09FF000CF3FF003400FF98189898E9
:10B740008080818000000000007C00FC90109999AE
:10B750000000FEFF00FF18FF0000000000000000D6
:10B7600000000000000000000086007400B000002F
:10B77000008670A401B0000002C601600094494038
:10B7800002C7016000B4494002C7016000B44940EB
:10B7900002C701E001B44140000000860060019052
:10B7A00004000086007400B00000018600E003B0D1
:10B7B00000000086006000B80080A086507CA0B029
:10B7C0000005A086507CA0B800850086026000B00D
:10B7D0000000008600A001980000000000000000AA
:10B7E0000000000000000000000000000000303FEA
:10B7F0003C3CAA00AA000C0C0000FB10F8D04D4DF8
:10B80000FF4D000000000F3C0F0F8280828AF75529
:10B81000755500000000000000000000FFFFFFF071
:10B82000550055FF04040C0C00000000F0A0F0A02F
:10B83000F0F0F0F03F307D28141FFFFF0101FF0101
:10B840000000000000000000FFFFFDFF05050505EA
:10B850008200F2F0FFF0FF300CFF0FFF000000004D
:10B8600000000000000000000000000000000000D8
:10B87000303F3C3CFEFCFAF000140000EB002800D6
:10B880004D4DFF4D000000000F3C0F0F8282828261
:10B890005555555500000000000000200000FFFF36
:10B8A000FFF05500553F0004000C00800000F0A0A0
:10B8B000F000301000003F307D28141F141F0000DE
:10B8C000FF000000000000005554FFFFFFFF0000D4
:10B8D000000482008200FFF0FF0000FF0FFF000065
:10B8E0000000000000000000000000000000000058
:10B8F00000000000000000000000000F0000000039
:10B90000000082FF00FF00000000F0F0F000D00017
:10B91000D0000C0C0000FBFF00003C7D3F7F0000CE
:10B9200000000000AFBFAFAA3C0000003FFFFFFFD8
:10B930000FCF0F0FFA50D2D2B2B2F0AA0F5F3F7FF3
:10B94000FF003C00141FFFFF00000000BABF303FA3
:10B95000FFFF0002AAAA0082FEBEFC3C05FF3DFFDD
:10B9600000000000000000000000000000000000D7
:10B9700000000000000000000000000004040000BF
:10B9800000000000007D00FF00000000F0F0F0006B
:10B99000D000FFFF00050000FBFF000000550F5F17
:10B9A0000000000000000F0F0F0000000C003F3FE0
:10B9B000FFFF0FCF2F2FFAFAD2D2B2B2F0AA005562
:10B9C0003C7DFF003000141F141F00000000BABFB0
:10B9D000303FFFFF0000FFFFFFFFFAAAF000050560
:10B9E0003D3D200000002100909011004000020029
:10B9F000110021A0200011082102090204001140B9
:10BA00001140000002080300412000001040210006
:10BA1000020841000000094020101020412082103F
:10BA20000400000021100410840000002100040024
:10BA300004004000020010084000100084001000C4
:10BA40002010201011004040200800200401840034
:10BA50000011004002008410820091100010C0000C
:10BA60001110C108000004000000050000000100E2
:10BA70000100001000000000000000809080000025
:10BA800000800000000083000000200020000180F2
:10BA90004000008020000400008000000100000041
:10BAA000030004000000000000000200200000006D
:10BAB0000000000082009100210000008500400489
:10BAC0000100040000200000A190A08020000008D8
:10BAD00005000402008020000200030002000000B4
:10BAE0000500000004800000000080C000000090FD
:10BAF00000000011000000000090000000000000A5
:10BB00000000000000000000000000000000000035
:10BB1000000000A000A000000000000000080009D4
:10BB20000001000008C000C0008300880000001170
:10BB30000020000000A100A1000080030088900008
:10BB400000000020000000100090009100408008DC
:10BB500080052020200020100008001000A1804057
:10BB600040080008001080100000001004210010A0
:10BB7000001100410440000000000000040000002B
:10BB8000001190000010901000000010000000084C
:10BB9000041000102008001090000010A0000010F9
:10BBA000A0C0004004109010000000409010A000C1
:10BBB000000800900010020200402010408882110E
:10BBC0001110020000880010001004200002028002
:10BBD00010901008A190A110011000090004044069
:10BBE00002A100110021021010100000002000002E
:10BBF00000C000000000050800840000211002A021
:10BC00000202030000010010A11000090011004011
:10BC10000000008440020910419000000211000859
:10BC20000011000810A0101110100040400000A0EA
:10BC300021A0410309C0000402020008090884840D
:10BC400002C09008008441C00411111020C01008E7
:10BC50008040100009C0040809100208058300C0D4
:10BC600080408540000804032100901110000080EE
:10BC70000004001082000000000000081000C00056
:10BC8000830005080000C040004102048802000251
:10BC900010800005000011080005000800000102E6
:10BCA0000000004084850000000800100000C00073
:10BCB0000800000000C0C000A021038010C1900057
:10BCC0001010111011091041400402400821020017
:10BCD000840802820500404109A188000010084044
:10BCE0004000028510A1104110828241110800001D
:10BCF0000500210010201002410010C0900000003B
:10BD000000000000200004000900020002001008EA
:10BD10002000200090001000000000002000100013
:10BD2000021010098411200003000200200000000E
:10BD30002089000040081000020008014184200012
:10BD4000080008000000100190002182801002A06D
:10BD50002089040902400284008410004001100080
:10BD60000200000082401000030090022010C10871
:10BD70000000000000000009009010000010040006
:10BD8000000000000005C0008800C0200000010085
:10BD90000010000000004000001000000000000043
:10BDA0004000000088084002000300110000010369
:10BDB000000000400011820000104110A140000569
:10BDC0000000400000008800110803020005040084
:10BDD00000100002000889890310C008020009024F
:10BDE0009100100004000390820888000580C003C1
:10BDF00010A10082030000402010040000104084C5
:10BE0000400280C01083000008001084000241112D
:10BE10008240000000828300048210004000008401
:10BE20009084418209000900030800000508001001
:10BE3000880300000400004005848002210008906F
:10BE400040020200028821010082211041081040B6
:10BE500003A00084000808088010C0080284C120E4
:10BE600004A010104100108403401041051000A0F0
:10BE7000030810080000000000210000000000007E
:10BE800001210505401190029041010008008480C5
:10BE900000824100100000004000C00200000008C5
:10BEA000002104000010C0000000100088080000FD
:10BEB000842110C00000000040800008408000087D
:10BEC000000000100410410982080205041040100F
:10BED00008900008C01000809011021002824110EA
:10BEE00004889010204100109000C08510C04000D0
:10BEF0000000821100A02189001010A00090040011
:10BF000000A0048400A0008403841102031009002F
:10BF1000020000044188000840004082028202C002
:10BF2000008410040020098210204111110210C168
:10BF300000110900008400001100201041080203D4
:10BF4000408840082120020010100040058400C0F5
:10BF500080C184100884100803844121901041841A
:10BF6000C011410800104000098811080808098222
:10BF700010C0108410841085002000000000001004
:10BF800000000000000000000000000840800000E9
:10BF90000010001000050000000000000420001048
:10BFA00001100000000000800000000040080000B8
:10BFB00000400040000500000000000020000200DA
:10BFC0000008001020000000000000000080400079
:10BFD00000000208040000038200000000080200C4
:10BFE000040502040040000208090000820310401A
:10BFF00000052000000000020108A0008000910060
:10C0000009000020A000C00000000003800008001C
:10C0100000000080110000A00020002080004140AE
:10C020000080000582210805102021100811004021
:10C0300088081103C040009100080000000510A00E
:10C0400011C100089100840020000880020521032E
:10C0500008914102208580410485050003A1044028
:10C060001008A08411A09185A120008040100288B2
:10C0700010020021030503822009C1A003821004DD
:10C08000044001041000080003000000000010003C
:10C09000000000004082008400C10040A091409058
:10C0A000000890840091820884C1092101010100E7
:10C0B0000000C0010283038882C100880000008262
:10C0C0000010000300118888C140058800C001A14C
:10C0D000008800A0909105A00284A0A00040210843
:10C0E0008909012183C0C0400802C08300200905DE
:10C0F000901101410000019100038990020889001C
:10C100008200108221208900900010008201080026
:10C110008440200020058800082190A090010400A0
:10C12000C0090800C000200182040320408209A148
:10C13000020003A0400288000904002108C000009A
:10C140001001841041828400038240020320A11068
:10C15000C00085004140840904008421A140880377
:10C160000921910041008485914020A011000920FF
:10C17000010000A00500C0089000410491C0C0006B
:10C180001140000040801085100000208000804198
:10C190000005C00380000003092080020000002089
:10C1A00000000004A100001083212080C18583804D
:10C1B00082400400A100911005212180112091A04E
:10C1C000000009209121218983109010880005C169
:10C1D00010020300A000058082850000A09084A1C9
:10C1E0000385108808001000C00820214190052018
:10C1F000A00411084000910983002111A08005418D
:10C2000084000088009004A18040901000000888FD
:10C2100000804040008020A0000000884000A080F6
:10C2200000898020800090900000008980058002B5
:10C23000050521C100C00008404002200005401152
:10C240004083000008000080800089000010A08862
:10C25000C0100088C0410005000203A18003914086
:10C260000908418500110091802009034085214083
:10C270008488030289088200A08008080540808223
:10C2800005400805000984C19109208891A1008812
:10C2900001850020A00000C0012182902002410001
:10C2A000104000404088C0A0058540880004828876
:10C2B00084820121000200040021010801210409F7
:10C2C0002110A140000000400802040890080088E6
:10C2D000C1C0094140821020C0888284A10810009A
:10C2E000208210090103009004038441008904089E
:10C2F00090A00385019110090988108401900083A2
:10C3000008C0091111A0102040829001408801004E
:10C3100000000000002083008800400004008984A1
:10C3200084000800022084004000100040A0032088
:10C33000A1009184A12008019001000190048808C7
:10C3400020C08200898800004102020104010883A4
:10C35000A14120010200210421118900C100C00374
:10C36000910005020400041084010801C09008A097
:10C37000840808A002004040918885050401C0009F
:10C3800084081100A001A10900208000000880009D
:10C390001003082000000080A008000580000000B5
:10C3A00010800000000880808009000080100200DA
:10C3B000C0C11041208085C000030021000300009F
:10C3C00003C005004105108000001082A004202158
:10C3D000C011214021048520048010031041212137
:10C3E00000902103110405114080910800100811EC
:10C3F00040A0030085A11108A00010000405410819
:10C400008000C10490218003050511820013C20041
:10C410000084110000130000000000000000000074
:10C4200000500000000000000000000000000000BC
:10C430000000820000130000826000000000000085
:10C440000A6000000013C2000000000000000000AD
:10C450000000008421000013000000000000000024
:10C46000000041480A000013000000000000000026
:10C470000000115081814013C200006000000000E4
:10C48000000000008100001300000AC2000000004C
:10C490000F053F3500FFFF003CC33CC3FFFF00001A
:10C4A0003CC33CC3FFFF00003C3CC3C3C3C3C3C386
:10C4B0003CC33CC3414141410303C33C0000000075
:10C4C00014FF1FFF3C3D3C3C0F3C553C0000FF0C63
:10C4D000FF0C00000000557D5F7FF0F0AAAAF0FF7E
:10C4E000FFFF282828A80F3F5F7F173C17FFF3F3B3
:10C4F000FFFF00080000AA0AEBCBFFABAAAA005F6F
:10C5000000FF00001414AAAAAAAA02C3C3C3000011
:10C5100000000005303500FFFF003CC33CC30000B5
:10C52000FFFF3CC33CC30000FFFF3C3CC3C33C3C9B
:10C530003C3C3CC33CC3C000C3030F0FFF3C0000A6
:10C54000000014141F1F3C3C3C3C0F3C553C0000B9
:10C550005555FF0C00000000003C0F3FFFC3AAAA86
:10C56000F0FFFFFF28282828003C557D170017C33F
:10C57000F3F3FFFF0000FF00A000E3C3FFABAAAA94
:10C580000000000000001414FFBEFFAA0000C3C397
:10C5900000000000FF3C3C3C0000FFFF9696969692
:10C5A0000000FFFF5A5A5A5ACCCCCCCCC3C3C3C3E9
:10C5B0000F0FF0F000FF00FFFFFFFFE8000000801A
:10C5C000FFBAFF30FFFFFFFFFFF0ACACFFFF3CF016
:10C5D000000080F000F0FEFAFCF000000000000017
:10C5E000F4F400000040AAAAAAAAFFFF5F00FAFF25
:10C5F000FAF0BE14FC0C00000000F5A0F0F01414DA
:10C60000141F00AAF03CFFA0BCBC0000000FFFFFFD
:10C610001414000000003C3C3C3CFFFF00009696D8
:10C620009696FFFF00005A5A5A5ACCCCCCCC3C3CD0
:10C630003C3C0F0FF0F0FF00FF00FFFFFFE80000A1
:10C640000080BABA3030001C00140F00ACAC0000FF
:10C650003CF0000080FF00FFBEAA3C00000000008C
:10C660000000F0F400000000AFAAAFAEFFFF5F00D3
:10C67000500050F0BE14FC0C00400000F5A0FF007C
:10C680000000000F00AA003CB0B0B0B02828282F4E
:10C69000FFFF55540086009C03880005028601E0D8
:10C6A000039408400286016000B4084002860160DD
:10C6B00000B408400286016000B40040008600E03B
:10C6C000019000800086026000B0008001860AF0C0
:10C6D00000B00005000000860C6000B0000001867C
:10C6E00000E003B000000086006000B0008000861B
:10C6F00000E003B800800086006000B90080A19EC1
:10C7000050BCA1B0A0050186006000B80000008602
:10C7100000A001900080FE04FE04353FFFFF0000F2
:10C720000000FFFFFFFDAAFFF03C0F55FF55F0F0A2
:10C73000EB28C3FFFF3CFFFF30003CFF4D4D0000E6
:10C74000000000010000FF00FF000F3C0F0FFEBEC5
:10C75000FAAA0C0C0C000000E8E8AAF00115FDD5BF
:10C76000FEFABEAAD555C0003C3C3CF05457407F71
:10C770003CF03C3C0F0F05AF5050505000EF00FF15
:10C78000FFFFFFEF2D2D00FF00FFA03C0000000089
:10C79000FFFFF0203C3F3D3FFF0FF0003530000031
:10C7A00000000000FF55FFFDAA00F03C0F550055AA
:10C7B000F0F0EB28C3FFFF3CFFFF300000C34D4DFE
:10C7C0000000004000010001AA0028000F3C0F0FEC
:10C7D000FC3CF000000000000000E8E8AAF00115B1
:10C7E000FDD5FCF03C001555C000F0F03CF054576E
:10C7F000407F3CF0F0F000FF05AF5450555000FF73
:10C8000000FFFFFFFFD7050500FF0000A03C001060
:10C810000000FFFFF0203C3F3D3F3C3C3C3C1CBC4B
:10C820001CBC0000000000000F00000000000FFF13
:10C830003CFFF03CFFAA3C550F0F7DF07D00252FFB
:10C84000757FF700F00000000000000000000C55AC
:10C850000000FFFFBCA00000FFFF0000FEBEFC3C8C
:10C86000173C17FF3CFD00F54F0F0F0FFEBEFAAA55
:10C870001E551EFFFFFFBA3055553C3CC3C3505FE9
:10C8800000000040FFBCBCBC00A35CFFF0F0A000B7
:10C8900000FF0000FFBCFFA03C3F7D7F7878FF00D9
:10C8A00014B41EBE0000000002000F0000000000D3
:10C8B0000F003C00F03C00AA3C550F0F28F0280068
:10C8C000202A707AF000F00000000800000000004C
:10C8D00000000000BCA0BCA040407F7F0000FAAA7E
:10C8E000F000170017C33CBC00A00F0F0F0FFC3C5B
:10C8F000F0001E001EAABA30BA300F0F00FFC3C3EB
:10C900005F5F00000000FFA0A0A000A35CFFF0F0AC
:10C91000000000FF0000BCBCA0A0000F555F040099
:10C92000080040100000048800080090001020005B
:10C93000408404A0412040000400840080002100C5
:10C9400021C04008200041001100118811102090E2
:10C950000400202004A0040084009020840800002B
:10C96000040020002020040004001100000020909A
:10C970004190201000004090119011C091102110A2
:10C98000040004A0040020100400041002902110F0
:10C99000000002002100119000020400801020100D
:10C9A000002000000000000900000009000900004C
:10C9B0000000A0000000A008010005001000080011
:10C9C00020004000000000000000C0004000000007
:10C9D0009000400090004021000010000900090074
:10C9E0000000000000000000400082000000A000E5
:10C9F00000000000A0000400000000004020100023
:10CA0000202020009010900004000000200000056D
:10CA100000000000200202004000C0800000100062
:10CA20004080000000000000000000000000000046
:10CA300000000000000000000000000000000000F6
:10CA400000000002000000000000000000000000E4
:10CA500000200000000000000002000000000000B4
:10CA6000000000C0001000000000001000000000E6
:10CA70000008009000200888001000080000000056
:10CA80000000000000200000000000000000008204
:10CA900000A00008008800200002008400A00041DF
:10CAA00000850011000000210010001000000000AF
:10CAB0000008000000000010000800030020000033
:10CAC000000004000000000000080010000000004A
:10CAD0000041000800202021002100110002201048
:10CAE00000410010000020210011000320089010D8
:10CAF000C0100008C0080405001100210010000843
:10CB00000008A02100080210000800200008001002
:10CB1000000800000021001000210010001000009B
:10CB200000A0001000400000008400000000000091
:10CB3000000000C00000020008840000050041A0C1
:10CB400083008000410100100084041005000010E3
:10CB5000001000080082000000081010001040843F
:10CB600000010000800000000084008405C0001067
:10CB70000484000005084082111009080802090019
:10CB800040C1098210A10220038400A0118202107A
:10CB900021901100001002884010110805000008C3
:10CBA000401041080308102000000005000000218B
:10CBB0000000080000104021400000030008081099
:10CBC000A0081021082100400021000000210008D9
:10CBD0000040A00200210000100304030008000030
:10CBE00000080020C0110205000082418210A0054B
:10CBF000C01000411008C04010108440100288216D
:10CC0000C0021002401000101180020000410041DB
:10CC1000401040020040C021104000051041A021FA
:10CC20001005840304800003A0830000000040007E
:10CC300000000800000000001000000000000000DC
:10CC400000000000020003000400200000000400B7
:10CC50000000000020100500000000020000040099
:10CC600020002010410020002020000000000000D3
:10CC700000080300090005002000000040202120DA
:10CC8000052005000000A00020A0200002000000F8
:10CC90000500081020880500200020000200050083
:10CCA00041001140200000C000C0000000009000C2
:10CCB000000000100000000000080000000000025A
:10CCC000400084000000010000008500000000001A
:10CCD000000090001020000000100000000000057F
:10CCE000000000008400400000104000000084119B
:10CCF0000008100040000021000000080003400070
:10CD000000100010000304000200A0080041000011
:10CD10004000904000200000000000119002000040
:10CD20000400000090039003000010008400000045
:10CD30000000000000000000000000820000000071
:10CD4000001005001000000000840000001000002A
:10CD50000010000000000000000000820000000041
:10CD600021000000000040C002000500001000008B
:10CD70000000008200000002000000A0218400A04A
:10CD80000000000000000440008490010000000941
:10CD9000000800000002008405A04184000000A0FB
:10CDA0004100058800C003000384008400A000083F
:10CDB0000000040000038410840000000040000014
:10CDC000A0000220001000008810000084088408E1
:10CDD0001000100000000005000500000011842173
:10CDE00000100010000884028500010310050005F2
:10CDF0000000000840210410A02100414009000566
:10CE000004008800001088008805000910208403B1
:10CE10004010902100418811021008000821A01143
:10CE2000C0038802840500058440C000840002110C
:10CE3000002111000000200020C0000000000800B8
:10CE400040A00000000040004002008400100010DC
:10CE5000020000820090101040C000040000000298
:10CE600002000400000040021120054000100200F2
:10CE7000008200000000100010100000400000843C
:10CE8000100041840040000440000082004000087F
:10CE90000808408241C02000009041A00002200804
:10CEA0001120059003880202201011C0100405040F
:10CEB000000200000000000000000000000000046C
:10CEC0008400842100100000900000000000000099
:10CED0000000000000000000000000002000000032
:10CEE000040200000000000800080000000000002C
:10CEF00000210000000000008800C0030041002164
:10CF00000000000000210208000800001020880036
:10CF10000000820840059010880004218408000564
:10CF200090000241040010090005000090038209EE
:10CF300002030020900300008300008083C10000F2
:10CF4000030080C183C1030083000010034100007F
:10CF500003000083030000008300008083C1000001
:10CF6000030080C183C103000300000803410000E7
:10CF7000030000830300000000008300008083C1E1
:10CF80000000030080C183C10300030000080341C7
:10CF9000000003008088050000008300008083C13A
:10CFA0000000030080C183C103008300002003410F
:10CFB0008000030000A140000082838200C083C182
:10CFC0000082018282C183C10140C182000101014E
:10CFD0002082018282C000000082838200C083C15F
:10CFE0000082018282C183C10140118200010101DE
:10CFF0002082018282C0000000000082838200C083
:10D0000083C10082018282C183C10140418200014B
:10D0100001010082018204C100000082838200C0FD
:10D0200083C10082018282C183C10188C182000064
:10D0300001014082018282C10100820020820083BE
:10D040000000828283820083C082908310830083E9
:10D05000C1018200838200830182820020820083DA
:10D060000000828283820083C0820983118300834F
:10D07000C10183008382008301820000820020823C
:10D0800000830000828283820083C0820583C18383
:10D090000083C10183008382008301908200C082EB
:10D0A00000830000828283820083C0820583108314
:10D0B0000083C10083008382008301400000008060
:10D0C000008300000080028000838080218388909C
:10D0D0000083C10809000280008341000000008332
:10D0E0000083000000800280008380809083C190D4
:10D0F0000083C11040000280008341000000000056
:10D100000083008300000080028000838080108301
:10D1100041900083C1101000028000834100000094
:10D1200080800083002000800280008380809083C4
:10D1300088900083C10308000280008341850002BB
:10D1400000008302000000000000838203C1000889
:10D150000000830200000000000003000000000245
:10D1600000008302000000000300838203C1000866
:10D1700000008302000000000000830000000000A7
:10D18000000200008302000000000300838203C14C
:10D1900000080000830200000000000083008000FF
:10D1A000000200008302800000000000838203C1AF
:10D1B00000080000830200000000000003000000DF
:10D1C00000010082838384004000008283C101C18A
:10D1D00000830082838300000000008441820000FD
:10D1E00000010082838382000000008283C101C1AC
:10D1F00000830082838300000000008421820000FD
:10D20000000000010082838382000000008283C14D
:10D2100001C100830082838300000000008421821A
:10D220002000200100828383A0000000008283C1CF
:10D2300001C1008300828383000000000084038218
:10D240000000838301000185000082820182C18386
:10D25000C0838382000101830000828200020101F9
:10D260004091838301000140000082820182C183DA
:10D27000C0838382000101830000828200020101D9
:10D2800040A100008383010001A10000828201828D
:10D29000C183C08383820001018300008282000277
:10D2A000010184C083830100012000008282018289
:10D2B000C183C08383820001018300008282000059
:10D2C00000A12003028341000204000000800480CA
:10D2D000C1838083028511030283000000800080E7
:10D2E00008030041028341000240000000800480E6
:10D2F000C1838083028504030283000000800080D4
:10D300000803804100000283410002A10000008068
:10D310000480C183808302850803028300000080AB
:10D32000008021030083028341000220000000806E
:10D330000480C18380830285110302830000008082
:10D3400000000203802100000000000012420000E3
:10D3500000000000124281480013C2001242000087
:10D360000000000012420000000000001242000015
:10D3700000000000124281480013C2001242000067
:10D3800000000000124200000000000000001242F5
:10D39000000000000000124281480013C200124247
:10D3A00000000000000012420000000000001242D5
:10D3B000000000000000124281480013C200124227
:10D3C0000000000000001242000000000000000009
:10D3D000000000000000000000000000000000004D
:10D3E000000000000000000000000000000000003D
:10D3F000000000000000000000000000000000002D
:10D40000000000000000000000000000000000001C
:10D41000000000000000000000000000000000000C
:10D4200000000000000000000000000000000000FC
:10D4300000000000000000000000000000000000EC
:10D4400000000000000000000000000000000000DC
:10D4500000000000000000000000000000000000CC
:10D4600000000000000000000000000000000000BC
:10D4700000000000000000000000000000000000AC
:10D48000000000000000000000000000000000009C
:10D49000000000000000000000000000000000008C
:10D4A000000000000000000000000000000000007C
:10D4B000000000000000000000000000000000006C
:10D4C000000000000000000000000000AEDE0000D0
:10D4D000000000000000000000000000000000004C
:10D4E000000000000000000000007B75AEDE0000C0
:10D4F000000000000000000000000000000000002C
:10D50000000000000000000000007B750000AEDE9F
:10D51000000000000000000000000000000000000B
:10D520000000000000000000000000007B75AEDE7F
:10D5300000000000000000000000000000000000EB
:10D540000000000000000000000000007B75866FF6
:10D55000C002000000000000408C07000000000036
:10D56000000030020000000000004003F661866FFA
:10D57000C002000000000000408C07000000000016
:10D58000000030020000000000004003F6610000CF
:10D59000866FC002000000000000408C0700000001
:10D5A0000000000030020000000000004003F661AF
:10D5B000866FC002000000000000408C07000000E1
:10D5C0000000000030020000000000004003F6618F
:10D5D00000000008110020A040000490200004007A
:10D5E0000000040020000000400000002100211085
:10D5F0004000110011000308040011000400830022
:10D60000000084000000401040102090040004003E
:10D6100000000900000003004000041004A02100E5
:10D62000A0204010040011004001000084100440BC
:10D630008340040000004000204020080400100047
:10D64000000520088000201020092000040011009F
:10D6500000000000000000000020C00000000100E9
:10D660000041000001000000002100000000000057
:10D67000900000000000000000100000000000000A
:10D680000200000010000000000000004100200027
:10D690000000000020008200000000002000400088
:10D6A00020000200010020002010014000080200BC
:10D6B0002080048020000000200000800080000006
:10D6C000050000C000840200000000880004000083
:10D6D000000000000000000000000000000000004A
:10D6E00000400000000000000000000000000000FA
:10D6F000000000000000000000000000000000002A
:10D700000000000000000000000000000000000019
:10D710000000000000C000820008000100010001BC
:10D7200080010000000000020000100000A00000C6
:10D730000500209000900002000000040004000397
:10D74000001000000004000500051004100800008F
:10D750000000009000A00000000000100000004148
:10D7600000004090000000000000000000000000E9
:10D77000002100000000000000000010A0000000D8
:10D78000000000100000100800000000001004005D
:10D7900000000000001000000000002000400040D9
:10D7A000000440040010A0000080000001000020E0
:10D7B0000002000001000410000800080090009022
:10D7C0000088A0080010009000C00090019001089F
:10D7D00000000041000000100000410041820000F4
:10D7E0000400000000000002000000000000001023
:10D7F00000000000000800080000001000020540C2
:10D80000000000840000000000000000000140084B
:10D81000000800840000410800004000091040108A
:10D82000411004A002844002054000004100C020D5
:10D830000408002100080201028409000040800859
:10D84000000800000440020020080008100300083F
:10D850000009004000A00084020400000000000055
:10D860000000044100000000000010000000004122
:10D870000000004100000000000000004000000027
:10D8800000800000880382000000000800000008FB
:10D8900000000003000004008400000010000000ED
:10D8A00040410000880091090000000800000000CD
:10D8B0000590010000C000110120000384000090C9
:10D8C000020000000000000083000100008001C091
:10D8D00000008408002100001000C1851000000035
:10D8E00000000000000000000000820080008400B2
:10D8F0004000000000041002A0000000000003002F
:10D9000010001000000000000001400000000000B6
:10D9100011001100100020008000910000000200A2
:10D920000201200008000200200080000000040323
:10D93000000240001000200010002000A0008340E2
:10D940002000410020001000000010002000100006
:10D9500041001021C1200001840083001004000058
:10D96000000000210000000200030002210002006C
:10D9700005000000000000820000200200000000FE
:10D98000000000000000000000100008000000007F
:10D990000000000000000100010002000200000081
:10D9A0000410102010200000C100C1080200000077
:10D9B00001A01080910088100140000801110500AD
:10D9C0000280900000000003C01000000908C10898
:10D9D000400210080084208888042000200504826A
:10D9E0000000000000000400000000000000000033
:10D9F00000000400000400A00000008410002000CB
:10DA000020000000030040840010100005001000FA
:10DA1000000000001000210000002000008800A08D
:10DA20000000204020000008200040044110102089
:10DA30000808030203881008001003402008004073
:10DA40000088410080A010049084000800000008B5
:10DA5000200184C0800200409008418210080284A6
:10DA60000085000000000000010000000000000030
:10DA7000000000100105008500000000000000000B
:10DA80000500010000000000000000000000000090
:10DA90000008000000080000040000000100000071
:10DAA0000011000001000100000001000085840059
:10DAB000008000000000001001100410100001217F
:10DAC000008000000000400000A1200490410008F8
:10DAD000000000040300049000C0100000000000DB
:10DAE00000000008410000000000002000000000CD
:10DAF0000020000000008000000000000000200066
:10DB00000000400804002000200180000000000008
:10DB1000410020000008210000204000800080011A
:10DB2000000811000000110004002084418400005E
:10DB3000410204C01010400810A000084100081065
:10DB40008010024011000088008800821008419077
:10DB5000001041A010000810000209108005058483
:10DB600002A02008098400000000000000009000CE
:10DB700000000000000000000400000000000000A1
:10DB80000100000040004020854100042000000802
:10DB9000000400210000000000000000000010044C
:10DBA00020040000000800000000014101001000F6
:10DBB00000000085000000080109110888008405A4
:10DBC00001800405058004080002000900004009E6
:10DBD0000041C0100008000810051000000010A04F
:10DBE00000002100040540000000000000000000CB
:10DBF0000000800005000000080809841111094197
:10DC000000030009000000000003000900000000FC
:10DC10004000000000000800400500218020024074
:10DC20000505000940080900000000000800000088
:10DC300000008080040020000080110920C1C04144
:10DC400008101109908820C108400280090008804E
:10DC5000090009000000100003008483098809847A
:10DC6000109100830983031100830000000000006D
:10DC700000000800040000000000090185030008FE
:10DC80000189000100010000000000010001000006
:10DC900000000000000000000000010100008400FE
:10DCA0000100010104010101010000000000010068
:10DCB0009000000088020188882000C00990850338
:10DCC00008910140908805200411019189100010ED
:10DCD00000200240000000000100010088108903BC
:10DCE000090901840002212000A0000400000000B6
:10DCF00000000000A00040000200020082018488B1
:10DD0000A189850000C000000100010100000100A0
:10DD1000000001019000040090000400000001C018
:10DD2000010101008800A1890500410000001000E8
:10DD30000400C020900189418800A12020008902B0
:10DD400089A041112100401088882090820541005F
:10DD50002004054184C0A00091C0404184014102DB
:10DD6000880282418390018804820304914100006B
:10DD70000000000000000000800000000003080216
:10DD80000880A182091100000000210003090000A1
:10DD900041000000030900008000000080004000F6
:10DDA000408010202121110009C01140090000000D
:10DDB000800080208080002020C003081000080020
:10DDC00011002000052040040491038089098989FD
:10DDD0008540C0808582C090910040808408841076
:10DDE00010A02089214088410502411185C008C04A
:10DDF00000000000008080000000004005000000DE
:10DE0000058580898011408800000000000900031A
:10DE1000000000801109800300C0000800C000C19C
:10DE20000041000200020820020200080921084007
:10DE300000008080048002008000808003000000D9
:10DE40000080039100A00091100320A0058203C070
:10DE50000404000508908811002000C000C00809D3
:10DE6000000303039091031185888480009010A122
:10DE700090900000000800A088000010008301407E
:10DE800000400189888908820188000000000001A3
:10DE90000001002000C000211009000900000085D9
:10DEA000004100000000000000010105008501099B
:10DEB00008890000400401C000204020400200C04A
:10DEC000C08202880184081104842041019102A1CA
:10DED0008385A008008405400890401100200002BE
:10DEE000018200090902908910A0098382840440FC
:10DEF00000852091000000000000000000000000EC
:10DF000000000002858589011001098801000000D8
:10DF1000000000000188010000000000000100A0D6
:10DF20000000000201000001000001000040008923
:10DF3000000100820000002000900000000288889C
:10DF4000888220002040010801890101000291908F
:10DF500008A0850190409102C004C1008820019072
:10DF60000190000101A09101910304018940020880
:10DF700001880500200000000000000000000002F1
:10DF8000000000000000898584099102C08009001A
:10DF900000000000000003800400000000000020DA
:10DFA0000000000000800800404040020500081109
:10DFB0000941004140800000002100000000008075
:10DFC0000000808980200009211040400220084084
:10DFD000C0804040C040110020A191402005210098
:10DFE000080502854040080088209108C0100800FC
:10DFF000838004208403A1000000001300000000BF
:10E0000000820000C20000000A500013C20000009D
:10E0100000410000C200000000840000C2000000B7
:10E0200000000000000000000000000000000000F0
:10E0300000410000C2000048000041880013C220D7
:10E04000000012424013C200820012420013C201BB
:10E05000810011820013C200008200810000C20012
:10E06000000000880000C220008112420013C2009C
:10E07000410000420000C20041000000000000001A
:10E08000000000000000F0F0F0F0FFFFFF087E7ECF
:10E090007F7EFFFF0000FF000000FF000000FF0088
:10E0A000000000000000040820103C3C0F00F6F6C1
:10E0B000FC0C000000007E7F7E7E0000000000005F
:10E0C0000000000000000000000000000000000050
:10E0D0000000FFFFBFFFFFFF0F2F0F0FFFFF3E06E8
:10E0E000990099F390FF03FFB020FFFF00FF42FF6C
:10E0F000F0F3F0F0C3C34E420F0000000000000038
:10E100000000000000000000F0F0F0F0FFF7FF005A
:10E110007E7E7C7EFFFF0000FF000000FF0000000D
:10E12000FF000000000000000201408066660F0052
:10E130000606FC0C180000007E767E7E00000000C3
:10E1400000000000000000000000000000000008C7
:10E150000000FF0026FF200000000F0B0F0F3E06FF
:10E160003E0699FF99F300FF03FFB0200F0F30FF29
:10E1700030FFF0F3F4F400004E420F000000000006
:10E18000000000000000000000000000000000008F
:10E19000000000000000000000000000000000007F
:10E1A000000000000000000000000000000000006F
:10E1B000000000000000000000000000000000005F
:10E1C000000000000000000000000000000000004F
:10E1D000000000000000000000000000000000003F
:10E1E000000000000000000000000000000000002F
:10E1F000000000000000000000000000000000001F
:10E20000000000000000000000000000000000000E
:10E21000FFFFFFFFFFFFFFFF000000FF000000FF08
:10E22000000000FFFFFF0F0F0000000000000000D3
:10E2300000B4FFFF30E7F3E700FFFFFF10FF7FFFB1
:10E240000000000000000000000000000000000DC1
:10E25000000000300636000000000040FFFD000016
:10E260000000000000003C3C000000000000000036
:10E270000028D9D99F990000000066F03C00242FA7
:10E28000F4FF00000000000000000000000000009B
:10E2900000001C3C7C3C0040FFFD000000FF000033
:10E2A00000FF000000FFFFFF0F0F00000000000054
:10E2B000000000B4FFFF3024F324006FFFFF00FFD5
:10E2C000FFFF000000000000000000000000000050
:10E2D0000000000000300030000800000000FFFFD8
:10E2E0000020000000000000FC7C00000000000096
:10E2F00000000041D9D999990010000066003C0047
:10E300002466246600860060009000000086006C91
:10E3100000B000050086002C03800000C040C00C47
:10E3200030004903C0C7C06C30B0410300860060B4
:10E3300000B0000000000000000000000186006C3A
:10E3400000B000000000A09E50FCA3B02005A0A6D5
:10E3500050FC03F00480018602EC03B200800086CA
:10E3600000FC03B000000086007CA0B000850086A1
:10E37000006C00B90080A08650FCA3B00085A08688
:10E38000527CA0B00005000000000FFF0FFF00004E
:10E3900000000F553CFFFFFFBF0000FFFFFF000024
:10E3A000000000000000000000003C0F3C3C0000AA
:10E3B000000000C30000000000000000000000009A
:10E3C0000000008800440000000000003C0F3C3CBE
:10E3D000FF00BC8001003DFF000000002A2A282821
:10E3E000FEFAFCF03C7D3F7FFFFEFFEA4D4D550FEE
:10E3F000000000000CCF05AF00FF14FFAAAAF0F048
:10E400002828282804FEFFFF000000000FFF0FFF50
:10E41000000000000F553C00FFFFBF0004FFFEFF9F
:10E420000000000000000000000000003C0F3C3C29
:10E430000000000000C30000000000000000000019
:10E4400000000000880044000000000000003C0FB5
:10E450003C3CFF00BC8001003DFF000000002A287A
:10E460002828BEAA3C0000550F5F005400404D4DC7
:10E47000550F000000000CCF05AF80FF94FFFF0098
:10E48000C3C32828202004540454000000000000C6
:10E490000000000000003C550FFF40004000FFFF5F
:10E4A000FFFF00000000000000000000000000006E
:10E4B000000000000000000000000000000000005C
:10E4C0000000000000000600000600000000000040
:10E4D000FFFFFF7F3C3C3CF01C1C1CBCFFF8F8F825
:10E4E000E0E0F000FFBAFF3000100800000000007C
:10E4F000505F505F000000003535353555D755D792
:10E500000F00A3A3AA00A8000000000F0000000055
:10E5100000000000000000003C550F00000000005B
:10E520003C3C3C5C000000000000000000000000DB
:10E53000000000000000000080000000000000005B
:10E5400000000000000000009000009000000000AB
:10E550000000FFFFFFFF3C3C3C001C1C1CBCFF28D4
:10E560002828EFEFFF0FBABA303000100800C04083
:10E57000000030303F3F0000000000F00FFF555515
:10E58000F555FFF0A3A3AA00A8000000000F0001AA
:10E590008000000180000000000000000400400432
:10E5A00040000200210120000000001004082000AB
:10E5B000200020000008401011001101000004009C
:10E5C000000004000400400000104000041000009F
:10E5D000000820002110211011002000001002006E
:10E5E00004104000031002C020042000801004002A
:10E5F0000009044180090009040800050008001111
:10E60000210910000011841000408000000020400B
:10E610000002400000024000000000000000001066
:10E620000091000001000002010000000000010054
:10E630000100010001000000000000000040002077
:10E6400000000000000000000100000000000000C9
:10E65000000000000000C000000800000000A00052
:10E6600001002000000400112100048021000400AA
:10E6700001000002408210080088008000880080AD
:10E680000004200241000040200000800200000041
:10E6900005800000000000000000000000000000F5
:10E6A000000000000000000000000000000000006A
:10E6B000000000000000000000000000000000005A
:10E6C000000000000000000000000000000000004A
:10E6D000000000C000000000000000010000000079
:10E6E0000000000000000000000000000001000029
:10E6F0008000000080000000000102000001000016
:10E700000903000800010000001000900000000054
:10E7100000090008000000000000001000000000D8
:10E7200000000010000000000000001000000000C9
:10E7300000000000000000000000001000000000C9
:10E740000000001000080000000000080010002178
:10E750000010000000000010000000000020001069
:10E7600000100041002000110000A0000000002067
:10E77000001020080008200200000008A121000469
:10E7800000110004001000100002004000400005CD
:10E79000001000C0008500000000000000004000E4
:10E7A00040004000400040004000400000000000E9
:10E7B00000000000802100000000000080400000F8
:10E7C000800000008200800085008000000000843E
:10E7D00080A0000800080000000000820000000186
:10E7E00000C000C000000010001000100340000036
:10E7F0000084000800000082411000080082100020
:10E800000008001000A010400008100900080020B7
:10E8100000000000210000000000000000000000D7
:10E82000010001410100012101100100010000214E
:10E8300000210010000020A0000000000041208006
:10E84000000020000000210520002005201100000C
:10E850000000100082410040000000080008004154
:10E86000002000410000840084058488000010918D
:10E870002010000988058405002100080010100000
:10E88000111088000088004101808288C1080000C2
:10E890000003002190400010000000000000000074
:10E8A0000000000000000000000000000000000068
:10E8B0000010000020002000000000010000000007
:10E8C0008001800000002000200000000000000007
:10E8D0000000030000000000002000000000100005
:10E8E00009000300000002001100000040000900C0
:10E8F000910040400400040003002000200141007A
:10E90000000000080000400000004104100000006A
:10E910000000090380001000C0000001000000009A
:10E9200000000000000000000000000000000000E7
:10E9300000000000000001000100000000100000C5
:10E9400000002010200200008300100000000000E2
:10E950000000000000000000000000800000000037
:10E960000000000040000000000000000000000562
:10E9700000051000008001000100100001000002ED
:10E980000009000000800040000000000080000836
:10E990000010001000A0040000000400002000008F
:10E9A000000000000000000000000000000000085F
:10E9B00000000000000000000000000080000000D7
:10E9C00000400000020100000010000000000010E4
:10E9D00010000000200010000000002000000000D7
:10E9E00000C000C0100000A0058403840000028362
:10E9F0004002020010081040004003A00004030081
:10EA000080842000A020A00904C01000050410820A
:10EA1000118810100000038505C00000000000C030
:10EA200000000000000000000000000000000000E6
:10EA300000000400000000050000000000110400B8
:10EA40000010008000000110000000100000840091
:10EA5000002100000000010000110403C083000039
:10EA6000000000210005000000001000040000006C
:10EA7000014001A105050190219000109004C0C043
:10EA8000200504098541038211080100040000806B
:10EA9000880088051141100000401000001100009E
:10EAA0000005000000000000000000000000000061
:10EAB000000000020002000200100210020200909A
:10EAC000042080101100004009000084048400101C
:10EAD0000010802000000000000000200000000066
:10EAE00000000000100000A011080420028410A003
:10EAF0001000050209000084038410001190090031
:10EB00000200001000090008038841A0898200402B
:10EB100020080082410000A000820400098441A076
:10EB200040902104000000000000000000000000F0
:10EB300000000000000000000000000000000000D5
:10EB40000000018020800000008000000000000024
:10EB50000000008020000000000000000080000095
:10EB60000000000000000000000000000180000321
:10EB7000000000000000400800000000000000004D
:10EB80000000040010040040000000000000040029
:10EB9000000000000000000000000010410800001C
:10EBA00000000000008000030020000000000003BF
:10EBB00000100000000080030010000000000003AF
:10EBC0000009000000000083858920000080000308
:10EBD000000900000000000300090000000080A1FF
:10EBE0008308038509A10000000000000000000068
:10EBF000000080001000000091808480050041002A
:10EC000010080040218209400080008091800000AF
:10EC1000084040090200410309030021002041404F
:10EC200040000900110020800001000000000000E9
:10EC300000010001000000000401000100000000CC
:10EC40000001000190000000000583110090000207
:10EC50000001A00100000000000100010000000010
:10EC60008804118500C1010400000000000040007C
:10EC70000000000040000100000005200320000209
:10EC8000019091A1C0C189A1A185000200020804E0
:10EC90000090030103010300210000010001C000F6
:10ECA0000000010889888890001000000020000002
:10ECB000010000000000000001004000002083006F
:10ECC000830000000000010001011001A000A0C0AD
:10ECD000838582008400098841090000000001004A
:10ECE00001010401820010880503000000000000FB
:10ECF0000000000000000000000000004101410091
:10ED0000A14082099101C1880489C1C18903880198
:10ED1000110820900020000000010001900088C030
:10ED20009100830008400500892091C00000000088
:10ED300000000300000000000000030000000000CD
:10ED40001000830000000000210003098010000073
:10ED500080808385001180002100030900000000ED
:10ED600021000309910804008380838900000000CA
:10ED700000000000000000000000000000009140C2
:10ED800084008500C0052002088005A140402021A4
:10ED90002010900021020980034103080820200070
:10EDA00003002004892108808821908020880000A9
:10EDB000000000200003000000000010000300001D
:10EDC000000000200003000000000809008300800C
:10EDD000008080890003000000800009000300001B
:10EDE0000000000900032003800804904082000016
:10EDF0000000000000000080008000000080000093
:10EE000000830020218800032010804180C003403F
:10EE1000000904032005008303830083030020838B
:10EE200000200085200580058084214121408082CA
:10EE300000000000000000010000000000010001CF
:10EE400090000000000000010000000001010089A6
:10EE50000084200840030009009000A00041004108
:10EE600000000000000100010040888383A190049D
:10EE70000000400000000000008800020088001030
:10EE8000008800840208C0A102C101A08884020396
:10EE900001099088888821200889200200020090BA
:10EEA0000082002100030000204140A00000829168
:10EEB00082880100000000000000019001000000B5
:10EEC00000000190008400000040011000000000DC
:10EED000000083010800000000A183080200020076
:10EEE00010020108000000000000404088010401F9
:10EEF00090900000000000000000000000000000F2
:10EF0000000000008201A001A00010A0C18840887C
:10EF10000200418810088802200020200088000993
:10EF200001000000000101090000014188888809F2
:10EF3000108802A00300000000020000030004008B
:10EF400000050000038000000000000009800000B0
:10EF500000000000832000000011091089008000DB
:10EF60008000808003000000000009000040801144
:10EF7000800300000000000000000000000000000E
:10EF80000000000000000011000800118000408215
:10EF9000C102830384808000804000400000038021
:10EFA00003C00200030504022188412040100080B4
:10EFB00080C0808980800000000000000000000008
:10EFC00000000000000000410000C2000000818439
:10EFD0000013C200000012880013C2000A00008162
:10EFE0000000C200000000810000C200000012000A
:10EFF0000013C20021820000120000130000000074
:10F00000000000000000000041880013C201000061
:10F0100012420013C200004881814013C200000068
:10F0200012420013C200000012420013C20000008E
:10F0300012424013C20000820000FFFF000000FFE8
:10F04000000000FF000000FF0000FFFF000000FFC5
:10F050000000FFFF000000FF00003C3C000000FF3C
:10F060000000FFFF000000FF00003C3C000000FF2C
:10F0700000000000C000FFFF0000000000000000D2
:10F080000000000000000000000000000000DFDFC2
:10F090003030FFFFFEFFFFFFFFBF00000000303CED
:10F0A0000F00140F0F0F1515D5D50C000C55001FB0
:10F0B00000FF000000003C3F7D7F000000000000DA
:10F0C00000FF000000FF000000FF00000000000043
:10F0D00000FF0000FFFF000000FF00003C3C0000BC
:10F0E00000FF0000FFFF000000FF00003C3C0000AC
:10F0F00000FF0000000000003FFF000000000000D3
:10F1000000000000000000000000000000000000FF
:10F11000CFDF3030000004000000001000000000CD
:10F12000303C0F00140F0F0F15151515000000557A
:10F13000001400FF0000000000000000FF000000BD
:10F14000FFFF0000FF000000FFFF0000FF000000C5
:10F1500000FFFFFFFF000000FF000000FF000000B5
:10F160000000FFFFFF000000FF000000FF000000A4
:10F1700000FFFFFF78283C3C3EFFF0F0000000005D
:10F18000000000000000000000000000000000007F
:10F19000000000000000FFFF000040000000000031
:10F1A000000008000000FF00FF003C3A3C3000C0B7
:10F1B000FC0C8080808000000000C00EC002FF00B8
:10F1C000000000000000FF00000000000000FF0041
:10F1D000000000FFFFFFFF000000FF000000FF0035
:10F1E0000000FFFFFFFFFF000000FF000000FF0026
:10F1F000000000FFFFFF7828F0003E0AF0F000005A
:10F2000000000000000000000000000000000000FE
:10F210000000000000000400EFFF200000000000DC
:10F220000000000000000000BE14AA003C3A3C3080
:10F2300000C0FC0C5541140000000000000E00024C
:10F24000024101000004494002410100000449401C
:10F25000A2C7017C00B44140C0C6C0EC33904D034E
:10F26000C047C06C33B04103C0C6C06C30B0490366
:10F27000C041C00C3000410300860000038800102C
:10F280000000008600E0039004000086006000B0EB
:10F2900000000006006C03B200000086009C0380A2
:10F2A0000000A0BE50FCA3F9A485A0BE50FCA3B0F2
:10F2B000A00500860AFC03B88005A0BE50FCA3F0A0
:10F2C000A405000000000000000000000000000095
:10F2D0000000000000000000000000000000FFFF30
:10F2E0000000FFAAFFFF00001004AAFFF03C0F3C43
:10F2F000FFFF0000000000000000FEF2FFF0EFFF43
:10F30000FFFF000000000000FFFF00000000000001
:10F31000000000002200110000001004AA3AAAAA6E
:10F320000F0E0F4FFF00FF0000403F7F0000000066
:10F33000004000C000000000F0F0C3C3FF00FC0C60
:10F340000000FFFF000000000000000000000000BF
:10F3500000000000000000000000000000000000AD
:10F36000FFFF0000FFAAFF0010040000AA00F03C0D
:10F370000F3C00000000000000000000FFF0FFF064
:10F380000400FFFF000000000000FFFF000000007D
:10F390000000000000020022001100002008AAAABC
:10F3A000AAAA0F0F0F0FFEC23E0200403F7F0000CF
:10F3B00000000040000000000000F0F0C3C3FF00A8
:10F3C000F0000028557D0000000000000000000053
:10F3D00000000000000000000000001400410000D8
:10F3E00000000000000020801040FFFF000F000020
:10F3F00000000F553C550000000000000000FE3EDC
:10F40000FF3C072FFFFF000000000000000000008D
:10F41000000000000000000022110000FFFD000FAE
:10F42000AAAA3AAA55555555000000001C1C1CBC40
:10F43000000000000000000000000000FF3F55FC3D
:10F440003C3C3CF0013D00FF0000000000000000DB
:10F450000000000000000000000000000014004157
:10F460000000000000000000080204013C34000F0E
:10F47000000000000F553C55000000000000000097
:10F48000FF3CFF3C0F0FFFFF0000000000000000EA
:10F4900000000000000000000000000022113C3CC1
:10F4A000000FAAAAAAAA5555515D808200001C1C13
:10F4B0001CBC000000000000000000000000553FE0
:10F4C000FFFC3C3C3C00013D00FF00000000000050
:10F4D000200000000000000000000000000000000C
:10F4E00000C000000000200000100000000000002C
:10F4F00004000000000000000000210800002110AE
:10F5000020000000000004000000000020000000B7
:10F510000010000020000000000021080000411041
:10F52000000040A00000200804202020419000009E
:10F530002100111011000000020020000000000056
:10F5400000000000000000000000000000000000BB
:10F55000001000000000000000000000000000009B
:10F56000000000000000000000000010000000008B
:10F57000000000000000000000000000000000008B
:10F580000000A0000000000000004000000000009B
:10F59000000000000000000000210000000000004A
:10F5A00000000000000000000008A000002104008E
:10F5B000000000000000000000000020000000002B
:10F5C0000000000000000000000000000000040037
:10F5D000000000000000000000000000000000002B
:10F5E000000000000000000000000000000000001B
:10F5F000000000000000000000000000000000000B
:10F6000000000000000000000000000000100000EA
:10F6100000000000000000000000000000000000EA
:10F6200000000000000000000000000000000010CA
:10F6300000000000000000000000000000000000CA
:10F6400000000000001000000000000000000000AA
:10F65000000000000010000000000000000000009A
:10F660000000000000000010000000030000000087
:10F67000000000000010000000000000000000007A
:10F680000000000000000021000000000000001049
:10F690000000000000000010000800110011000828
:10F6A0000010000000000010000800080008000022
:10F6B0000008000000000010000800000000000822
:10F6C0000011000000080008001100000008000000
:10F6D0000008000000000000000000001000000012
:10F6E000000000000000000000000000000000001A
:10F6F00000000000000000000000000000100000FA
:10F7000000000000000000000000000000000000F9
:10F710000000000000000000000000840000000065
:10F72000001000000000050020000210050000107D
:10F73000000005000000050008004008400000002F
:10F740000000004000000000090840080000000020
:10F750001000090000000000000000000000000090
:10F760000000000000000000000000000041000058
:10F770000000000000000000000000000000001079
:10F78000000000100021820800210000001000008D
:10F790000000000000000008000000000010000051
:10F7A00000008200000000080000200800000003A4
:10F7B000844100410021004100000005004100108B
:10F7C000C003C000002140100000820210000000B1
:10F7D0000000000000210000000000000000000008
:10F7E0000000000000000000000000000000000019
:10F7F00000001000000000000000000000000000F9
:10F8000000000000000000000000000000000000F8
:10F8100000000000000000000000000000000000E8
:10F8200000000000000000001000000000001000B8
:10F8300011000308090000000000000000000000A3
:10F84000100000000000000011000000090000008E
:10F850000010000000000000000000000000000098
:10F860000000000000000000000000000000000098
:10F870000000000000000010000000000000000078
:10F880000000000000000000000000000000000078
:10F890000000000000000000000000000000000068
:10F8A0000000000000000000000000000000000058
:10F8B0000000000000000000000000000000000048
:10F8C0000000000000000000000000000000000038
:10F8D0000010000000000000000000000000000018
:10F8E0000000000000000000000000000000000018
:10F8F0000000000000000000000000000000000008
:10F9000000100000000041000000000000000000A6
:10F9100000000000000000000000000000000000E7
:10F9200000001000000000000000000000000000C7
:10F930001000000000000000000000C000080008E7
:10F940000008000000000000008210080000000015
:10F95000000008000000000000000500000000009A
:10F960000000000000000000000000000000000097
:10F9700000200000000300050000000384030000D5
:10F980000021002100100000000084000008000099
:10F9900000000010000000100020840000000000A3
:10F9A00000000000000000000000000000210041F5
:10F9B0000000000000058400000300000000C008F3
:10F9C00088210021022100038400000002080800B1
:10F9D000100000000200C02110008203002100007E
:10F9E0000000000000000000000000000000000017
:10F9F0000000000000000400000000000000000003
:10FA0000000000000900000000000010004000009D
:10FA10000000000009000010000000840000000049
:10FA200000000000000000000000110000000000C5
:10FA3000040011000000098400000900000000001B
:10FA4000000011000000008400000002000200021B
:10FA500000000000000004884000200000001000AA
:10FA60000000000000000000000000000000000096
:10FA70000000000000000000000000000000000086
:10FA80000000000000000000000000000000000076
:10FA90000000000000000000000000000000000066
:10FAA0000000000000000000000000000000000056
:10FAB0000000000000000000000000000000000046
:10FAC00000000000900000000000000000000000A6
:10FAD0000000000000000400000000000000000022
:10FAE0000400000000000000000000000000000012
:10FAF0000000000000000000000000000000000006
:10FB000000000000000000000000000000000000F5
:10FB100000000000000000000000000000000000E5
:10FB200000000000000000000000000000000000D5
:10FB300000000000000000000000000000000000C5
:10FB400000000000000000000000000000000000B5
:10FB500000000000000000000000000000000000A5
:10FB60000000000000000000000000000000000095
:10FB70000000000000000000000000000000000085
:10FB80000000000000000000000000000000000075
:10FB90000000000000000000000000000000000065
:10FBA0000000000000000000000000000000000055
:10FBB0000000000000000000000000000000000045
:10FBC0000000000000000000000000000000000035
:10FBD0000000000000000000000000000000000025
:10FBE0000000000000000000000000000000000015
:10FBF0000000000000000000000000000000000005
:10FC000000000000000000000000000000000000F4
:10FC100000000000000000000000000000000000E4
:10FC200000000000000000000000000000000000D4
:10FC300000000000000000000000000000000000C4
:10FC400000000000000000000000000000000000B4
:10FC500000000000000000040000000000000000A0
:10FC60000000000000000000000000000000000094
:10FC70000000000000000000000000000000000084
:10FC80000000000000000000000000000000000074
:10FC90000000000000000000000000000000000064
:10FCA0000000000000000000000000000000000054
:10FCB0000000000000000000000000000000000044
:10FCC0000000000000000000000000000000000034
:10FCD00000000000000000000080000000000000A4
:10FCE0000000000000000000000000000000000014
:10FCF0000000000000000000000000000000000004
:10FD000000000000000000000000000000000000F3
:10FD100000000000000000000000000000000000E3
:10FD200000000000000000000000000000000000D3
:10FD300000000000000000000000000000000000C3
:10FD400000000000000000000000000000000000B3
:10FD500000000000000000000000000000000000A3
:10FD60000000000000000000000000000000000093
:10FD70000000000000000000000000000000000083
:10FD80000000000000000000000000000000000073
:10FD90000000000000000000000000000000000063
:10FDA0000000000000000000000000000000000053
:10FDB0000000000000000000000000000000000043
:10FDC0000000000000000000000000000000000033
:10FDD0000000000000000000000000000000000023
:10FDE0000000000000000000000000000000000013
:10FDF0000000000000000000000000000000000003
:10FE000000000000000000000000000000000000F2
:10FE100000000000000000000000000000000000E2
:10FE200000000000000000000000000000000000D2
:10FE300000000000000000000000000000000000C2
:10FE400000000000000000000000000000000000B2
:10FE500000000000000000000000000000000000A2
:10FE60000000000000000000000000000000000092
:10FE70000000000000000000000000000000000082
:10FE80000000000000000000000000000000000072
:10FE90000000000000000000000000000000000062
:10FEA0000000000000000000000000000000000052
:10FEB0000000000000000000000000000000000042
:10FEC0000000000000000000000000000000000032
:10FED0000000000000000000000000000000000022
:10FEE0000000000000000000000000000000000012
:10FEF0000000000000000000000000000000000002
:10FF000000000000000000000000000000000000F1
:10FF100000000000000000000000000000000000E1
:10FF200000000000000000000000000000000000D1
:10FF300000000000000000000000000000000000C1
:10FF400000000000000000000000000000000000B1
:10FF500000000000000000000000000000000000A1
:10FF60000000000000000000000000000000000091
:10FF70000000000000000000000000000000000081
:10FF80000000000000000000000000000000000071
:10FF90000000000000000000000000000000000061
:10FFA0000000000000000000000000000000000051
:10FFB0000000000000000000000000000000000041
:10FFC0000000000000000000000000000000000031
:10FFD0000000000000000000000000000000000021
:10FFE0000000000000000000000000000000000011
:10FFF0000000000000000000000000000000000001
:020000040003F7
:1000000000000000000000000000000000000000F0
:1000100000000000000000000000000000000000E0
:1000200000000000000000000000000000000000D0
:1000300000000000000000000000000000000000C0
:1000400000000000000000000000000000000000B0
:1000500000000000000000000000000000000000A0
:100060000000000000000000000000000000000090
:100070000000000000000000000000000000000080
:100080000000000000000000000000000000000070
:100090000000000000000000000000000000000060
:1000A0000000000000000000000000000000000050
:1000B0000000000000000000000000000000000040
:1000C0000000000000000000000000000000000030
:1000D0000000000000000000000000000000000020
:1000E0000000000000000000000000000000000010
:1000F0000000000000000000000000000000000000
:1001000000000000000000000000000000000000EF
:1001100000000000000000000000000000000000DF
:1001200000000000000000000000000000000000CF
:1001300000000000000000000000000000000000BF
:1001400000000000000000000000000000000000AF
:10015000000000000000000000000000000000009F
:10016000000000000000000000000000000000008F
:10017000000000000000000000000000000000007F
:10018000000000000000000000000000000000006F
:10019000000000000000000000000000000000005F
:1001A000000000000000000000000000000000004F
:1001B000000000000000000000000000000000003F
:1001C000000000000000000000000000000000002F
:1001D000000000000000000000000000000000001F
:1001E000000000000000000000000000000000000F
:1001F00000000000000000000000000000000000FF
:1002000000000000000000000000000000000000EE
:1002100000000000000000000000000000000000DE
:1002200000000000000000000000000000000000CE
:1002300000000000000000000000000000000000BE
:1002400000000000000000000000000000000000AE
:10025000000000000000000000000000000000009E
:10026000000000000000000000000000000000008E
:10027000000000000000000000000000000000007E
:10028000000000000000000000000000000000006E
:10029000000000000000000000000000000000005E
:1002A000000000000000000000000000000000004E
:1002B000000000000000000000000000000000003E
:1002C000000000000000000000000000000000002E
:1002D000000000000000000000000000000000001E
:1002E000000000000000000000000000000000000E
:1002F00001000000000000000000000000000000FD
:1003000000000000000000000000000000000000ED
:1003100000000000000000000000000000000000DD
:1003200000000000000000000000000000000000CD
:1003300000000000000000000000000000000000BD
:1003400000000000000000000000000000000000AD
:10035000000000000000000000000000000000009D
:10036000000000000000000000000000004000004D
:10037000000000000000000000000000000000007D
:10038000000000000000000000000000000000006D
:10039000000000000000000000000000000000005D
:1003A000000000000000000000000000000000004D
:1003B000000000000000000000000000000000003D
:1003C000000000000000000000000000000000002D
:1003D000000000000000000000000000000000001D
:1003E000000000000000000000000000000000000D
:1003F00000000800000000000000000000000000F5
:10040000000000000000FFFFFFFFFFFFFFFFFFFFF6
:10041000FFFFFFFFFFFFFFFFFFFFFFFFFFFFFFFFEC
:10042000FFFFFFFFFFFFFFFFFFFFFFFFFFFFFFFFDC
:10043000FFFFFFFFFFFFFFFFFFFFFFFFFFFFFFFFCC
:10044000FFFFFFFFFFFFFFFFFFFFFFFFFFFFFFFFBC
:10045000FFFFFFFFFFFFFFFFFFFFFFFFFFFFFFFFAC
:10046000FFFFFFFFFFFFFFFFFFFFFFFFFFFFFFFF9C
:10047000FFFFFFFFFFFFFFFFFFFFFFFFFFFFFFFF8C
:10048000FFFFFFFFFFFFFFFFFFFFFFFFFFFFFFFF7C
:10049000FFFFFFFFFFFFFFFFFFFFFFFFFFFFFFFF6C
:1004A000FFFFFFFFFFFFFFFFFFFFFFFFFFFFFFFF5C
:1004B000FFFFFFFFFFFFFFFFFFFFFFFFFFFFFFFF4C
:1004C000FFFFFFFFFFFFFFFFFFFFFFFFFFFFFFFF3C
:1004D000FFFFFFFFFFFFFFFFFFFFFFFFFFFFFFFF2C
:1004E000FFFFFFFFFFFFFFFFFFFFFFFFFFFFFFFF1C
:1004F000FFFFFFFFFFFFFFFFFFFFFFFFFFFFFFFF0C
:10050000FFFFFFFFFFFFFFFFFFFF000000000000F5
:1005100000000000000000000000000000000000DB
:1005200000000000000000000000000000000000CB
:1005300000000000000000000000000000000000BB
:1005400000000000000000000000000000000000AB
:10055000000000000000000000000000000000009B
:10056000000000000000000000000000000000008B
:10057000000000000000000000000000000000007B
:10058000000000000000000000000000000000006B
:10059000000000000000000000000000000000005B
:1005A000000000000000000000000000000000004B
:1005B000000000000000000000000000000000003B
:1005C000000000000000000000000000000000002B
:1005D000000000000000000000000000000000001B
:1005E000000000000000000000000000000000000B
:1005F00000000000000000000000000000000000FB
:1006000000000000000000000000000000000000EA
:1006100000000000000000000000000000000000DA
:1006200000000000000000000000000000000000CA
:1006300000000000000000000000000000000000BA
:1006400000000000000000000000000000000000AA
:10065000002000000020000000000000000000005A
:10066000000000000000000000000000000000008A
:10067000000000000000000000000000000000007A
:10068000000000000000000000000000000000006A
:10069000000000000000000000000000000000005A
:1006A000000000000000000000000000000000004A
:1006B000000000000000000000000000000000003A
:1006C000000000000000000000000000000000002A
:1006D00000000000000000000000000038000000E2
:1006E000000000000000000000000000000000000A
:1006F00000000000000000000000000000000000FA
:1007000000000000000000000000000000000000E9
:1007100000000000000000000000000000000000D9
:1007200000000000000000000000000000000000C9
:1007300000000000000000000000000000000000B9
:1007400000000000000000000000000000000000A9
:100750000000000000000000000000000000000099
:100760000000000000000000000000000400000085
:100770000000000000000000000000000000000079
:100780000000000000000000000000000400000065
:100790000000080000000000000000000000000051
:1007A0000000000000000000000000000000000049
:1007B0000000000000000000000000000000000039
:1007C0000000000000000000000000000000000029
:1007D0000000000000000000000000000000000019
:1007E0000000000000000000000000000000010008
:1007F00000000000000000000000000000000000F9
:1008000000000000000000000000000000000000E8
:1008100000000000000000000000000000000000D8
:1008200000000000000000000000000000000000C8
:1008300000000000000000000000000000000000B8
:1008400000000000000000000000000000000000A8
:1008500000000000000000C00000000000000000D8
:1008600008000000000000008800000000000000F8
:100870000000000000000000000000000000000078
:100880000000000000000000000000000000000068
:100890000000000000000000000000000000000058
:1008A0000000000000000000000000000000000048
:1008B00000000000000000000041000000000000F7
:1008C0000000000000000000000000000000000028
:1008D0000000000000000000000000100000000008
:1008E0000000010000000000000005000000000002
:1008F00000000000000000000000001000000000E8
:1009000000000000000000000000000000000000E7
:1009100000000010000000000000000000000000C7
:1009200000000000000000000000000000000000C7
:1009300000000000000000000000001000000000A7
:1009400000000000000000000000000000000000A7
:100950000000000000000000000000000000000097
:1009600000000000000000000000008800000000FF
:1009700000000000000000000088000000000000EF
:10098000000000A00010001000080000000000009F
:1009900000000000000000000000008400000000D3
:1009A0000000000000000000000000000000000047
:1009B0000000000000000000000000000000000037
:1009C0000000000000000000000000000000000027
:1009D0000000000000000000000000000000000017
:1009E0000000000000000000000000000000000007
:1009F00000000000000000100000000000000000E7
:100A000000000000000000000000000000000000E6
:100A100000000000000000000000000000000010C6
:100A200000000000000000000000000000000000C6
:100A300000000000000000000000000000000000B6
:100A400000000000000000000000000000000000A6
:100A50000000000000000000000000000000000096
:100A60000000000000000000000000000000000086
:100A700000000000000000008000000000000000F6
:100A80000000000000000000000000000000000066
:100A9000000000000000000008000000000000004E
:100AA0000000000000000000000000000000000046
:100AB0000000000000000000000000000000000036
:100AC0000000000000000000000000000000000026
:100AD0000000000000000000000000000000000016
:100AE0000000000000000000000000000000000006
:100AF00000000000000000000000080000000000EE
:100B000000000000000000000000000000000000E5
:100B100000000000000000000000000000000000D5
:100B200000000000000000000000000000000000C5
:100B300000000000000000000000000000000000B5
:100B400000000000000000000000000000000000A5
:100B50000000000000000000000000000000000095
:100B60000000000000000000000000000000000085
:100B70000000000000000040000000000000000035
:100B80000000000000000000000000000000000065
:100B90000000000000000000000000000000000055
:100BA0000000000000000000000000000000000045
:100BB0000000000000000000000000000000000035
:100BC0000000000000000000000000000000000025
:100BD0000000000000000000000000000000000015
:100BE0000000000000000000000000000000000005
:100BF00000000000000000000040000000000000B5
:100C000000000000000000000000000000000000E4
:100C100000000000000000000000000000000000D4
:100C200000000000000000000000000000000000C4
:100C30000000000000000084000000000000000030
:100C400000000000000000000000000000000000A4
:100C50000000000000000000000000000000000094
:100C60000000000000000000000000000000000084
:100C7000000000000000000000820000000000846E
:100C8000008400000000000000000000000000A040
:100C900000000000000000840000000000000000D0
:100CA0000000000000000000000000000000000044
:100CB0000000000000000000000000000000000034
:100CC0000000000000000000000000000000000024
:100CD0000000000000000000000000000000000014
:100CE0000000000000000000000000000000000004
:100CF00000000000000000000000000000000000F4
:100D000000000000000000000000000000000000E3
:100D100000000000000000000000000000000000D3
:100D200000000000000000000000000000000000C3
:100D300000000000000000000000000000000000B3
:100D400000000000000000000000000000000000A3
:100D50000000000000000000000000000000000093
:100D60000000000000000000000000000000000083
:100D70000000000000000000000000000000000073
:100D80000000000000000000000000000000000063
:100D90000000000000000000000000000000000053
:100DA0000000000000000000000000000000000043
:100DB0000000000000000000000000000000000033
:100DC0000000000000000000000000000000000023
:100DD0000000000000000000000000000000000013
:100DE0000000000000000000000000000000000003
:100DF0000000000000000000000000000090000063
:100E00000000000000400000000000000090000012
:100E100000000000000000000000000000000000D2
:100E200000000000000000000000000000000000C2
:100E300000000000000001000000000000080000A9
:100E400000000000000000000000000000000000A2
:100E50000000000000000000000000000000000092
:100E60000000000000000000000000000000000082
:100E70000000000000000010010000000000004021
:100E800001000000000000100100000000400040D0
:100E90000000000000000000000000000000000052
:100EA0000000000000000000000000000000000042
:100EB0000000000000000000100000000000000022
:100EC0000000000000000000000000000000000022
:100ED0000000000000000000000000000000000012
:100EE0000000000000000000000000000000000002
:100EF0000000400000000000008010000000000022
:100F0000000010000000000000800200000000004F
:100F100000000000000000000000000000000000D1
:100F200000000000000000000000000000000000C1
:100F300000000000000000000000000000000000B1
:100F400000000000000000000000000000000000A1
:100F50000000000000000000000000000000000091
:100F60000000000000000000000000000000000081
:100F70000000000000000000000000000000000071
:100F8000000000000005000000004000001100000B
:100F90000000100000000000000000000000000041
:100FA0000000000000000000000000000000000041
:100FB0000000000000000000000000000000000031
:100FC0000000000000000000000000000000000021
:100FD0000000000000000000000000000000000011
:100FE0000000000000000000000000000000000001
:100FF00000000000000000000000000000000000F1
:1010000000000000000000000000000000000000E0
:1010100000000000010000000000000000000000CF
:1010200000000000000000000000000000000000C0
:1010300000000000000000000000000000000000B0
:1010400000000000000000000000000000000000A0
:101050000000000000000000000000000000000090
:101060000000000000000000000000000000000080
:101070000000000000000040000000000000000030
:101080000000000000010000000000080001000056
:10109000001000000001000000000000000000003F
:1010A0000000000000000000000000000000000040
:1010B0000000000000000000000000000000000030
:1010C0000000000000000000000000000000000020
:1010D0000000000000000000000000000000000010
:1010E0000000000000000000000000000000000000
:1010F00000000000000000000000000000000000F0
:101100000000000000000008000000000000004196
:10111000000000800000000200000000000000004D
:1011200000000000000000000000000000000000BF
:1011300000000000000000000000000000000000AF
:10114000000000000000000000C8000000000000D7
:10115000000000000000000000000000000000008F
:10116000000000000000000000000000000000007F
:10117000000000000000000000000000000000006F
:10118000000043C800000000000043C80000000049
:10119000000043C800000000000043C80000000039
:1011A000000000000000000000000000000000003F
:1011B000000000000000000000000000000000002F
:1011C000000000000000000000000000000000001F
:1011D000000000000000000000000000000000000F
:1011E00000000000000000000000000000000000FF
:1011F00000000000000000000000000000000000EF
:1012000000000000000000000000000000000000DE
:1012100000000000000000000000000000000000CE
:1012200000000000000000000000000000000000BE
:1012300000000000000000000000000000000000AE
:1012400000000000000000000000C080000000005E
:10125000000000000000000000000000000000008E
:10126000000000000000000000000000000000007E
:10127000000000000000000000000000000000006E
:1012800000080000C080C00040080000008000008E
:1012900040080000018000004008000001800000BC
:1012A000000000000000000000000000000000003E
:1012B000000000000000000000000000000000002E
:1012C000000000000000000000000000000000001E
:1012D000000000000000000000000000000000000E
:1012E00000000000000000000000000000000000FE
:1012F00000000000000000000000000000000000EE
:1013000000000000000000000000000000000000DD
:1013100000000000000000000000000000000000CD
:1013200000000000000000000000000000000000BD
:1013300000000000000000000000000000000000AD
:101340000000000000000000000000000000082075
:10135000000000000000000000000000000000008D
:10136000000000000000000000000000000000007D
:10137000000000000000000000000000000000006D
:10138000000000000000041008200000000004100D
:101390000860000000000610086000000000061051
:1013A00008600000000000000000000000000000D5
:1013B000000000000000000000000000000000002D
:1013C000000000000000000000000000000000001D
:1013D000000000000000000000000000000000000D
:1013E00000000000000000000000000000000000FD
:1013F00000000000000000000000000000000000ED
:1014000000000000000000000000000000000000DC
:1014100000000000000000000000000000000000CC
:1014200000000000000000000000000000000000BC
:1014300000000000000000000000000000000000AC
:10144000000000000000000000000000000000009C
:10145000000000000000000000000000000000008C
:10146000000000000000000000000000000000007C
:10147000000000000000000000000000000000006C
:10148000000000000000000000000000000000005C
:10149000000000000000000000000000000000004C
:1014A000000000000000000000000000000000003C
:1014B000000000000000000000000000000000002C
:1014C000000000000000000000000000000000001C
:1014D00000000020000001000000000000000000EB
:1014E00000000000000000000000000000000000FC
:1014F00000000000000000000000000000000000EC
:1015000000000000000000000000000000200000BB
:101510000100000000203010010000000020301009
:101520003140000000203010314000000000000079
:1015300000000000000000000000000000000000AB
:10154000000000000000000000000000000000009B
:10155000000000400000000000000000000000004B
:10156000000000000000000000000000000000007B
:10157000000000000000000000000000000000006B
:10158000000000000000000000000000000000005B
:101590000000000000000000000280000001400088
:1015A00000028000000140000002800000000000F6
:1015B000000000000000000000000000000000002B
:1015C000000000000000000000000000000000001B
:1015D0000000000000000001090000000000000001
:1015E00000000000000000000000000000000000FB
:1015F00000000000000000000000000000000000EB
:1016000000000000000000000000000000000000DA
:101610000009090000000000101909000000000086
:101620009099090000000000909909000000000056
:1016300000000000000000000000000000000000AA
:10164000000000000000000000000000000000009A
:10165000000000000000000000000000000000008A
:10166000000000000000000000000000000000007A
:10167000000000000000000000000000000000006A
:10168000000000000000000000000000000000005A
:10169000000000000000000000000000000000004A
:1016A000000000000000000000000000000000003A
:1016B00021000000090000000000020000000000FE
:1016C00004000400000004000000080000100000F6
:1016D000000000000000000000000000000000000A
:1016E00000000000000000000000000000000000FA
:1016F00000000000000000000000000000000000EA
:1017000000000000000000000000000000000000D9
:1017100000000000000000000000000000000000C9
:1017200000000000000000000000000000000000B9
:1017300000000000000000000000000001000000A8
:101740000000010001000000010000000000000096
:101750000000000000000000000000000000000089
:101760000000000000000000000000000000000079
:101770000000000000000000000000000000000069
:101780000000000000000000000000000000000059
:10179000000000C000000000000000000000000089
:1017A0000000000000000000000000000000000039
:1017B0000000000000000000000000110003000015
:1017C0000000000000000000000000000000000118
:1017D000050000C000000000000000000000000044
:1017E00000000000000000000000000000000000F9
:1017F00000000000000000000000000000000000E9
:1018000000000000000000000000000000000000D8
:1018100000000010000000000000000000000010A8
:1018200000000000000000000000000000000000B8
:10183000000000000021000000000000004000C087
:101840000000000000000000000000000010000088
:101850000002000000000000000000000000000086
:101860000000000000000000000000010000000077
:101870000000000000000000000000000000000068
:101880000000000000000000000000000000000058
:101890000000000000000000000000000000000048
:1018A0000000000000000000000000000000000038
:1018B0000000000000000000000000000000000028
:1018C0000000000000880040000000200000002010
:1018D0000000000000848084000000000000000080
:1018E00000000000000000000000000000080000F0
:1018F00000000000000000000000000000000000E8
:1019000000100000000000000000000000000000C7
:1019100000000000000000000000000000000000C7
:1019200000000000000000000000000000000000B7
:101930000000000000100000000000000000000097
:101940000000000000000000008000000080000097
:1019500000800000000000001000000000000000F7
:101960000000000000000000000000000000000077
:101970000000000000000000000000000000000067
:101980000000000000000000000000000000000057
:101990000000000000000000000000000000000047
:1019A0000000000000000000000000000000000037
:1019B0000000000000000000000000000000000027
:1019C000800000000000020000410001020100212F
:1019D000040100012100410021000300000000007B
:1019E00000000000000000000000000000000000F7
:1019F00000000000000000000000000000000000E7
:101A000000000000000000000000000000000000D6
:101A100000000000000000000000000000000000C6
:101A200000000000000000000000000000000000B6
:101A300000000000000000000000000500000000A1
:101A4000840040000000000001000082000201024A
:101A500000A00102002000000000000000000000C3
:101A60000000000000000000000000000000000076
:101A70000000000000000000000000000000000066
:101A80000000000000000000000000000000000056
:101A90000000000000000000000000000000000046
:101AA0000000000000000000000000000000000036
:101AB0000000000000000000000000000000000026
:101AC00011000000000011000088214000400300C8
:101AD000040004000010040003A00084030002407E
:101AE00000000000000000000000000000000000F6
:101AF00000000000000000000000000000000000E6
:101B000000000000000000000000000000000000D5
:101B100000000000000000000000000000000000C5
:101B200000000000000000000010000000000000A5
:101B30000000000000000000201000000010400025
:101B40000000000000000000000000000080000015
:101B50000000010001000000010000000000000082
:101B60000100000000000000000000000000000074
:101B7000000000000000000000A0000000000000C5
:101B80000010000000000000000000000000000045
:101B90000000000000000000000000000000000045
:101BA0000000000000000000000000000000000035
:101BB00000000000000000000000000000004000E5
:101BC0000000000080008000000080000000800015
:101BD00000840000048480000000000200840000F3
:101BE0000000008400000000000000000000000071
:101BF00000000000000000000000000000000000E5
:101C000000000000000000000000000000000000D4
:101C100000000000000000000000000000000000C4
:101C200000000000000000000000000000000000B4
:101C300000000000000000000000000000000000A4
:101C400001000000000040004000000040000000D3
:101C50004000000000210100400000000080000062
:101C60000000004100000000000000000000000033
:101C70000000000000000000000000000000000064
:101C80000000000000000000000000000000000054
:101C90000000000000000000000000000000000044
:101CA0000000000000000000000000000000000034
:101CB0000000000000000000000000000000000024
:101CC00000000000000000000003000910000000F8
:101CD0000003808040000000808300000880000036
:101CE00000000000040000000000000000000000F0
:101CF00000000000000000000000000000000000E4
:101D000000000000000000000000000000000000D3
:101D100000000000000000000000000000000000C3
:101D200000000000000000000000000000000000B3
:101D300000000000000000000000000000000000A3
:101D40000000000000000000000000014000010051
:101D500000000091C084000800C08883844001888E
:101D6000009040008800000000000000000000001B
:101D700000080000000000000090000000000000CB
:101D80000000000000000000000000000000000053
:101D90000000000000000000000000000000000043
:101DA0000000000000000000000000000000000033
:101DB0000000000000000000000000000000000023
:101DC000000000000000000000000000080000000B
:101DD0008800890008001000040009094089C0003B
:101DE00088008304010000000100000000000000E2
:101DF00000000000080000000000000000000000DB
:101E000000000000000000000000000000000000D2
:101E100000000000000000000000000000000000C2
:101E200000000000000000000000000000000000B2
:101E300000000000000000000000000000000000A2
:101E40000000000000000000000011000000800001
:101E500000001100030080048000000083110009CD
:101E60008000040083041000000002000000000055
:101E70000000000000000000000000000000000062
:101E80000000000000000000000000000000000052
:101E90000000000000000000000000000000000042
:101EA0000000000000000000000000000000000032
:101EB0000000000000000000000000000000000022
:101EC0000000000000000000000000000000000012
:101ED00000110000008000030400808480000003E3
:101EE00004000004000000030000000000000000E7
:101EF00000000000000000000000000000000000E2
:101F000000000000000000000000000000000000D1
:101F100000000000000000000000000000000000C1
:101F200000000000000000000000000000000000B1
:101F30000040000000000000000000000000000061
:101F40000000000000000000000000000000000091
:101F50000000000800080084004100080808A0C034
:101F60001011009000848888000500A000400082C5
:101F70000008000000000000000000000000000059
:101F80000000000000000000000000000000000051
:101F90000000000000000000000000000000000041
:101FA0000000000000000000000000000000000031
:101FB0000000000000000000000000000000000021
:101FC0000000000000000000000000000000000011
:101FD00000000000010000000000008883001001E4
:101FE0008400C00889918900900040400090000161
:101FF00000010000000000000000000000000000E0
:1020000000000000000000000000000000000000D0
:1020100000000000000000000000000000000000C0
:1020200000000000000000000000000000000000B0
:1020300000000000000000000000000000000000A0
:102040000000000000000000000000000000000090
:1020500000000000000003000000000008008300F2
:102060008040840000800388400080000000000061
:10207000004000400000000000000000430000009D
:102080000000000043C80000000000000000000045
:102090000000000000000000000000000000000040
:1020A0000000000000000000000000000000000030
:1020B0000000000000000000000000000000000020
:1020C0000000000000000000000000000000000010
:1020D0000000000000000000000000000000000000
:1020E00000000000000000000000001300000000DD
:1020F00000000000000000000000000000000000E0
:1021000000000000000000000000000000000000CF
:1021100000000000000000000000000000000000BF
:1021200000000000000000000000000000000000AF
:10213000000000000000000000000000000000009F
:10214000000000000000000000000000000000008F
:1021500000000000000000000000C3C3FFFF3C3C83
:1021600000000F0F00000F0F000000FFFFFF0F0F18
:102170000000000000000000000000080000000057
:1021800000000008000000800000000000000000C7
:10219000000000000000000000000000000000003F
:1021A000000000000000000000000000000000002F
:1021B000000000000000000000000000000000001F
:1021C000000000000000000000000000000000000F
:1021D000000000000000000000000000C3C3FFFF7B
:1021E0003C3C00000F0F00000F0F000000FFFFFF3E
:1021F0000F0F0000000000000000000000000410AD
:102200000000000000000410082000000000000092
:1022100000000000000000000000000000000000BE
:1022200000000000000000000000000000000000AE
:10223000000000000000000000000000000000009E
:10224000000000000000000000000000000000008E
:10225000000000000000000000000000000000007E
:10226000000000000000000000000000000000006E
:10227000000000000000000000000000000000005E
:10228000000000000000000000000000000000004E
:10229000000000000000000000000000000000003E
:1022A000000000000000000000000000000000002E
:1022B000000000000000000000000000000000001E
:1022C000000000000000000000000000000000000E
:1022D000000000000000000000000000FF00FF0000
:1022E000FFFFFF00000000FF0000FFFFFFFF9999C4
:1022F0000000FFFF000000FF000000007EFF7EFFE7
:1023000000000000000000000000000000000000CD
:1023100000000000000000000000000000000000BD
:1023200000000000000000000000000000000000AD
:10233000000000000000000000000000000000009D
:10234000000000000000000000000000000000008D
:102350000000000000000000000000000000FF007E
:10236000FF00FFFFFF00000000FF00000000FFFF74
:10237000999900000000000000FF0000000066FFC7
:1023800066FF0000000808000000000000090900C6
:10239000000000000000000000000000000000003D
:1023A000000000000000000000000000000000002D
:1023B000000000000000000000000000000000001D
:1023C000000000000000000000000000000000000D
:1023D00000000000000000000000000000000000FD
:1023E0000000084002C7016000B4494002C7016014
:1023F00000B4494002C701200084514000860060BB
:1024000000B000800000000000000100000000207B
:1024100000000100000000000000000000000000BB
:1024200000000000000000000000000000000000AC
:10243000000000000000000000000000000000009C
:10244000000000000000000000000000000000008C
:10245000000000000000000000000000000000007C
:10246000000000000000000000000000000020004C
:102470002000F555FD7D00AA00AA555555550000D0
:1024800000003F3F3F3D0000000000000000000052
:10249000000000000000000000000000000000003C
:1024A000000000000000000000000000000000002C
:1024B000000000000000000000000000000000001C
:1024C000000000000000000000000000000000000C
:1024D00000000000000000000000000000000000FC
:1024E00000000000000000000000000057F700009E
:1024F0002000000055557D7D00BA00AA04050000AB
:10250000000000003F3F3F3F0000000000000000CF
:1025100000000000000000000000000000000000BB
:1025200000000000000000000000000000000000AB
:10253000000000000000000000000000000000009B
:10254000000000000000000000000000000000008B
:10255000000000000000000000000000000000007B
:102560000000000000000000000000000000FFFF6D
:10257000EBAAFFFF200000400000FFFCFFFF5555C5
:102580002C3C0000000000000000000000000000E3
:10259000000000000000000000000000000000003B
:1025A000000000000000000000000000000000002B
:1025B000000000000000000000000000000000001B
:1025C000000000000000000000000000000000000B
:1025D00000000000000000000000000000000000FB
:1025E00000000000000000000000000000000000EB
:1025F000FFFFEBAA2000200000400000FFFCFFFCD2
:1026000000003C3C00000000000000000000000052
:1026100000000000000000000000000000000000BA
:1026200000000000000000000000000000000000AA
:10263000000000000000000000000000000000009A
:10264000000000000000400000000000000000004A
:10265000000000000000000000000000000000007A
:10266000000000000000000000000000000020004A
:10267000040004000400840000002000200000008A
:10268000000000000000000000000000100000003A
:10269000000000000000000000000000000000003A
:1026A000000000000000000000000000000000002A
:1026B000000000000000000000000000000000001A
:1026C0000000000000000000010000000000000009
:1026D00000000000000000000000000000000000FA
:1026E00000000000000000000000000000000000EA
:1026F00001000100010001001100000001000100C3
:1027000000000000000000000000000000000100C8
:1027100000000000000000000000000000000000B9
:1027200000000000000000000000000000000000A9
:102730000000000000000000000000000000000099
:102740000000000000000000000000000000000089
:1027500000C00000000000000000000000000000B9
:102760000000000000000000000000000000000069
:102770000000800080000001800000000000800058
:102780000001000000000000000000000000000048
:102790000000000000000000000000000000000039
:1027A0000000000000000000000000000000000029
:1027B0000000000000000000000000000000001009
:1027C00000100000000000000010000000000000E9
:1027D00000000000000000000000000000000000F9
:1027E00000100010000000000000001000000000B9
:1027F000002100002000040000040400000000008C
:10280000400900020000000000000010000000006D
:1028100000000000000000000000000000000000B8
:1028200000000000000000000000000000000000A8
:102830000000000000020000000000000000000096
:102840000000000000000000000000000000000088
:102850000000000000000000000000000000000078
:10286000000000000000008400000000000000A044
:102870000000000000A080048020802080208021B3
:102880008020800480210000000000C000000000C3
:102890000000000000000000000000000000000038
:1028A0000000001000100000000000000000000008
:1028B0000000000000000000000000000000000018
:1028C0000000000000000000000000000000000008
:1028D00000000000000000000000000000000000F8
:1028E00000000000000000000000000000000000E8
:1028F0000000000000000000048004802080208090
:10290000048804A004802084C011002182410000BA
:1029100000000000000000000000000000000000B7
:1029200000000000000000000000000000000000A7
:102930000000000000000000000000000000000097
:102940000000000000000000000000000000000087
:102950008000000000000000000000004000400077
:1029600080008500400040004000000080004100E1
:10297000400005001000050000002020800120001C
:10298000200085090400040084830000000000008A
:1029900000008000000800000002000000000000AD
:1029A0000000000000000000000000000000000027
:1029B0000000000000000000000000000000000017
:1029C0000000000000000000000000000000000007
:1029D00000004000000000000000000000000100B6
:1029E0000100400040000100010001000000400023
:1029F0000000010000000000000000002180200411
:102A00000100010004880100010021040000000011
:102A100000000000020000850000008000000000AF
:102A200000000000000000000000000000000000A6
:102A30000000000000000000000000000000000096
:102A40000000000000000000000000000000000086
:102A50000000000000000000001000000000000066
:102A600000000010000000000000000000840000D2
:102A70004100000000844184000041000084800087
:102A8000000189858000800800218083A00000006B
:102A90000000418441004000008409024000000021
:102AA0000000000000000000000000000000000026
:102AB0000000000000000000000000000000000016
:102AC0000000000000000000000000000000000006
:102AD00000000000000000000000000000000000F6
:102AE00000000000000000000000000000000000E6
:102AF00000000000000000000000000000050000D1
:102B000020000004040404000480002004020500E6
:102B1000000000000000C0000000000000000000F5
:102B2000000000000000000000000000000000A005
:102B30000084000000000010000000000000000001
:102B40000000000000000000000000000000000085
:102B50000000000000000000000000000000000075
:102B60000000400000000000000000000000000025
:102B70000000400000844084000003004184000005
:102B80004100042020000400410400000000001067
:102B90000000009000A000C00000000000840000C1
:102BA0002100000000000000000000000000000004
:102BB0000000000000000000000000000000000015
:102BC0000000000000000000000000000000000005
:102BD00000000000000000000000000000000000F5
:102BE00000000000010000000000000000000000E4
:102BF00000000000010000000100000000000000D3
:102C000000000000018001000100008000000000C1
:102C100000000000000000000000000000000000B4
:102C200000000000000000000000000000000000A4
:102C30000000000000000000000000000000000094
:102C40000000000000000000000000000000000084
:102C5000000000000000000000000000080000006C
:102C6000000000000000080300000008000000034E
:102C70000010000000000003001000000000000031
:102C8000000000000000050880020810400585854E
:102C900000200911082000000000000000000503CA
:102CA00000110011204000000000000000000000A2
:102CB0000000000000000000000000000000000014
:102CC0000000000000000000000000000000000004
:102CD00000000000000000000000000000000100F3
:102CE00000000000000000000101000000000000E2
:102CF00000010001000000000001000100000000D0
:102D000000000000000000000089C0C1019101889E
:102D10008503848400020008000000000000000019
:102D2000890300C000C00002000000000000009005
:102D30000100000000000010000000000000000082
:102D40000000000000000000000000000000000083
:102D50000000000000000000000000000000000073
:102D60000000000000000100000000000140000021
:102D7000010000000140000001000000010000000F
:102D800001000000000000000000890082C090885F
:102D90008889030191C082010883000000000000BF
:102DA00000000000010801000000210000000000F8
:102DB0000000100000000000008000000000000083
:102DC0000000000000000000000000000000000003
:102DD00000000000000000000000000000000000F3
:102DE00000000000000000000300000000000800D8
:102DF00000000300000008000000030000000800BD
:102E000000000300000000000000000020111180FD
:102E100011054008050510801020088900000000F9
:102E20000000000008000400050840000000000049
:102E30000000000000000000000000000000000092
:102E40000000000000000000000000000000000082
:102E50000000000000000000000000000000000072
:102E60000000000000000000000000000000000062
:102E7000000000000003000000000010000300003C
:102E8000000000200003000000000000000011020C
:102E90000011C008041103040041801008C10000A3
:102EA000000000000000000800050021800800006C
:102EB0000000000000000000000000000000000012
:102EC0000000000000000000000000000000000002
:102ED00000000000000000000000000000000000F2
:102EE00000000000000000000000000000000000E2
:102EF00000000000000000010000000000010001CF
:102F000000000000000000010000000000000000C0
:102F1000008388A0A091208801C09010C0910189F1
:102F20000000000000000000000102010201900109
:102F30000000000000000000000000000000000091
:102F40000000000000000000000000000000000081
:102F50000000000000000000000000000000000071
:102F60000000000000000000000000000000000061
:102F7000004001000000000000000100000000000F
:102F8000000001000100000000000000000000003F
:102F90000000830089039100A1042103111109009D
:102FA000A0C000000000000000000040010001017E
:102FB0000100000000000000000000000000000010
:102FC0000000000000000000000000000000000001
:102FD00000000000000000000000000000000000F1
:102FE00000000000000000000000000000000011D0
:102FF00000000000030000000000000003000000CB
:1030000000000000030008000000000000000000B5
:10301000000000000209080810204180031020046D
:1030200009410280000000000000000011000509B5
:103030001002110000000000000043C80000000062
:10304000000043C800000000000000000000000075
:103050000000000000000000000000000000000070
:103060000000000000000000000000000000000060
:103070000000000000000000000000000000000050
:103080000000000000000000000000000000000040
:1030900000000000000000004013C200000000001B
:1030A0004013C20081480000000000000000000042
:1030B0000000000000000000000000000000000010
:1030C0000000000000000000000000000000000000
:1030D00000000000000000000000000000000000F0
:1030E00000000000000000000000000000000000E0
:1030F00000005555555500000000FFFF00005555D4
:103100000000FFFF000000FF000000FF000000FFC4
:1031100000000000000000003C553C55F3FFF35553
:103120000004FFFF3C002D2D000000000000000007
:10313000FFFFFFFF0000557D000800000080000039
:1031400000080000008000000000000000000000F7
:10315000000000000000000000000000000000006F
:10316000000000000000000000000000000000005F
:1031700000000000555555550000000000000000FB
:10318000555500000000000000FF000000FF000097
:1031900000FF00000000000000003C3C3030000058
:1031A000005500003C3C3C3C2D2D00000000000080
:1031B0000000C0FFEAFF0F0F5F7F0000041008202F
:1031C00000000000041008200000000000000000C3
:1031D00000000000000000000000000000000000EF
:1031E00000000000000000000000000000000000DF
:1031F000000000000000FFFF00000000F0F00000F1
:10320000F0F00000FF000000F0F00000FF00000000
:103210000F0FFFFF00000000000000003CAA3CAAC6
:10322000B0BCBCBCAA28AAA8BE0ABEAA0000000066
:10323000000000000030000C000000000000000052
:10324000000000000000000000000000000000007E
:10325000000000000000000000000000000000006E
:10326000000000000000000000000000000000005E
:103270000000000000000000000000000000F0F06E
:103280000000F0F00000FF000000F0F00000FF0080
:1032900000000F0FFFFF00000000000000000A0AFE
:1032A000AAAA101C1C1CAA28AA28820A82AA00000A
:1032B0000000000000000030000C040405000000C5
:1032C00000000000000000000000000000000000FE
:1032D00000000000000000000000000000000000EE
:1032E00000000000000000000000000000000000DE
:1032F0000000000000000000000000044840000042
:10330000024101000004494002410100000449401B
:1033100002410100000441400000000000000000E4
:10332000009E000000C0840005A6020000C004004A
:10333000000000000000000000860A6000B00000ED
:103340000000000909000000000000090900000059
:10335000000000000000000000000000000000006D
:10336000000000000000000000000000000000005D
:10337000000000000000000000000000000000004D
:10338000000000000000000000000000000000003D
:10339000000000000000000000000000000000002D
:1033A0000000AA3CAA3C0A0A5F5FBE0C140C504005
:1033B0005F4F00000000000000000000000000005F
:1033C00000000000002000000100000000200000BC
:1033D00001000000000000000000000000000000EC
:1033E00000000000000000000000000000000000DD
:1033F00000000000000000000000000000000000CD
:1034000000000000000000000000000000000000BC
:1034100000000000000000000000000000000000AC
:10342000000000000C0C3C3C0F3F0F3FBE3C143C26
:103430005545554500000000000000000000000058
:10344000000000000000000000000000000000007C
:10345000000000000000000000000000000000006C
:10346000000000000000000000000000000000005C
:10347000000000000000000000000000000000004C
:10348000000000000000000000000000000000003C
:10349000000000000000000000000000000000002C
:1034A0000000000000003F28FF28FFFFF5F5FFF0B7
:1034B00000F03C7D3E7F00000000000000000000A6
:1034C00000000000000000000000000000000000FC
:1034D00000000000000000000000000000000000EC
:1034E00000000000000000000000000000000000DC
:1034F00000000000000000000000000000000000CC
:1035000000000000000000000000000000000000BB
:1035100000000000000000000000000000000000AB
:1035200000000000000000001700D700003C050567
:10353000D0D0D0D03C283E2A00000000000000007F
:10354000000000010000000000000000000000007A
:10355000000000000000000000000000000000006B
:10356000000000000000000000000000000000005B
:10357000000000000000000000000000000000004B
:10358000000000000000000000002100000000001A
:10359000000000000000000000000000000000002B
:1035A000000000000000000000000000000000001B
:1035B00000000000212000000000000000000000CA
:1035C00000000000000000000000000000000000FB
:1035D00000000000000000000000000000000000EB
:1035E00000000000000000000000000000000000DB
:1035F00000000000000000000000000000000000CB
:1036000000000000000000000000000000000000BA
:1036100000000000000000000000000000000000AA
:10362000000000000000000000000000000000009A
:10363000000000000000000000000000000000008A
:103640000000000000000000080000000000000072
:10365000000000000000000000000000000000006A
:10366000000000000000000000000000000000005A
:10367000000000000000000000000000000000004A
:10368000000000000000000000000000000000003A
:10369000000000000000000000000000000000002A
:1036A000000000000000000000000000000000001A
:1036B000000000000000000000000000000000000A
:1036C00000000000000000000000000008000000F2
:1036D00000000000000000000000000000000000EA
:1036E00000000000000000000000000000000000DA
:1036F00000000000000000000000000000000000CA
:1037000000000000001000000000000000000000A9
:1037100000000000000000000000000000000000A9
:103720000000000000000008000000000000000091
:103730000000000000000011A000000000100000C8
:103740000000000000000000000000000000000079
:103750000000000000000000000000000000000069
:103760000000000000000000000000000000000059
:103770000000000000000000000000000000000049
:103780000000000000000000000000000000000039
:103790000000000000000000000000000000000029
:1037A0000000000000000040000000000082000057
:1037B0000000000000000000000000000000000009
:1037C00000000200000000000000000000000000F7
:1037D00000000000000000000000000000000000E9
:1037E00000000000000000000000000000000000D9
:1037F00000000000000000000000000000000000C9
:1038000000000000000000000000000000000000B8
:1038100000000000000000000000000000000005A3
:103820000000000000000000000000000000000098
:103830000000C000100000000000000000000000B8
:1038400000000000000000000005200090000000C3
:103850000000000500000000000000000000000063
:103860000000000000000000000000000000000058
:103870000000000000000000000000000000000048
:103880000000000000000000000000000000000038
:103890000000000000000000000000000000000028
:1038A0000000000002000200000000000000000014
:1038B000020000000000000000000000000000C046
:1038C0000000002000000040008200840000000092
:1038D00000000008000000000000000000000000E0
:1038E00000000000000000000000000000000000D8
:1038F00000000000000000000000000008000000C0
:1039000000000000000000000000000000000000B7
:1039100000000000000000000000000000000000A7
:103920000041000000000000000000000000000056
:103930000000000000000000000000000000000087
:103940000000000000000000001004000000000063
:103950000000002100000000000000000000000046
:103960000000000000000000000000000000000057
:1039700000000000000000000000000000000090B7
:103980000000000000000000000000000000000037
:103990000000000000000000000000000000000027
:1039A0000000000000000010000000000000000007
:1039B000008800000000000000000000000000007F
:1039C00000000000000000000000000000000000F7
:1039D0000010400000000000000000000000000097
:1039E00000000000000000000021000000000000B6
:1039F00000000000000000000000000000000000C7
:103A000000000000000000000000000000000000B6
:103A10000000000000000000002100000000000085
:103A20000000000000000000000000000000000096
:103A3000000000000008000000000000C00300407B
:103A4000001000000000C00000000008000000108E
:103A500000000000000590100010000500000000AC
:103A60000000000000000000000000000000000056
:103A70000000001000000000000000000000000036
:103A80000000000000000000000000000000000036
:103A90000000000000000000000000000000000026
:103AA0000000000000100000000000000000000006
:103AB0000000000000000000000000000000000006
:103AC00000000000000000000000000000000000F6
:103AD00000000000000000000000000000000000E6
:103AE00000000000000000000000000000000000D6
:103AF0000000000000000041000000000000000085
:103B0000000000000000000000000000A000000015
:103B1000080000000000000000000000000000009D
:103B2000000000000005004100000000000000004F
:103B30000000000000000000000000000000000085
:103B4000000000000000000000000000000000086D
:103B500000000020000000400000000000410000C4
:103B60000000000000000000000000000000000055
:103B70000000000000000000000000000000000045
:103B80000000000000000000000000000000000035
:103B90000000000000000000000000000000000025
:103BA0000000000000000000000000000000000015
:103BB0000000000000000000000000000000000005
:103BC00000000000000000000000000000000000F5
:103BD00000000000000000000000000000000000E5
:103BE00000000000000000000000000000000000D5
:103BF00000000000000000000000000000000000C5
:103C000000000000000000000000000000000000B4
:103C100000000000000000000000000000000000A4
:103C20000000000000000000000000000000000094
:103C30000000000000000000000000000000000084
:103C40000000000000000000000000000000000074
:103C50000000000000000000000000000000000064
:103C60000000000000000000000000000000000054
:103C70000000000000000000000000000000000044
:103C80000000000000000000000000000000000034
:103C90000000000000000000000000000000000024
:103CA0000000000000000000000000000000000014
:103CB0000000000000000000000000000000000004
:103CC00000000000000000000000000000000000F4
:103CD00000000000000000000000000000000000E4
:103CE00000000000000000000000000000000000D4
:103CF00000000000000000000000000000000000C4
:103D000000000000000000000000000000000000B3
:103D100000000000000000000000000000000000A3
:103D20000000000000000000000000000000000093
:103D30000000000000000000000000000000000083
:103D40000000000000000000000000000000000073
:103D50000000000000000000000000000000000063
:103D60000000000000000000000000000000000053
:103D70000000000000000000000000000000000043
:103D80000000000000000000000000000000000033
:103D90000000000000000000000000000000000023
:103DA0000000000000000000000000000000000013
:103DB0000000000000000000000000000000000003
:103DC00000000000000000000000000000000000F3
:103DD00000000000000000000000000000000000E3
:103DE00000000000000000000000000000000000D3
:103DF00000000000000000000000000000000000C3
:103E000000000000000000000000000000000000B2
:103E100000000000000000000000000000000000A2
:103E20000000000000000000000000000000000092
:103E30000000000000000000000000000000000082
:103E40000000000000000000000000000000000072
:103E50000000000000000000000000000000000062
:103E60000000000000000000000000000000000052
:103E70000000000000000000000000000000000042
:103E80000000000000000000000000000000000032
:103E90000000000000000000000000000000000022
:103EA0000000000000000000000000000000000012
:103EB0000000000000000000000000000000000002
:103EC00000000000000000000000000000000000F2
:103ED00000000000000000000000000000000000E2
:103EE00000000000000000000000000000000000D2
:103EF00000000000000000000000000000000000C2
:103F000000000000000000000000000000000000B1
:103F100000000000000000000000000000000000A1
:103F20000000000000000000000000000000000091
:103F30000000000000000000000000000000000081
:103F40000000000000000000000000000000000071
:103F50000000000000000000000000000000000061
:103F60000000000000000000000000000000000051
:103F70000000000000000000000000000000000041
:103F80000000000000000000000000000000000031
:103F90000000000000000000000000000000000021
:103FA0000000000000000000000000000000000011
:103FB0000000000000000000000000000000000001
:103FC00000000000000000000000000000000000F1
:103FD00000000000000000000000000000000000E1
:103FE00000000000000000000000000000000000D1
:103FF00000000000000000000000000000000000C1
:1040000000000000000000000000000000000000B0
:1040100000000000000000000000000000000000A0
:104020000000000000000000000000000000000090
:104030000000000000000000000000000000000080
:104040000000000000000000000000000000000070
:104050000000000000000000000000000000000060
:104060000000000000000000000000000000000050
:104070000000000000000000000000000000000040
:104080000000000000000000000000000000000030
:104090000000000000000000000000000000000020
:1040A0000000000000000000000000000000000010
:1040B0000000000000000000000000000000000000
:1040C00000000000000000000000000000000000F0
:1040D00000000000000000000000000000000000E0
:1040E00000000000000000000000000000000000D0
:1040F00000000000000000000000000000000000C0
:1041000000000000000000000000000000000000AF
:10411000000000000000000000000000000000009F
:10412000000000000000000000000000000000008F
:10413000000000000000000000000000000000007F
:10414000000000000000000000000000000000006F
:10415000000000000000000000000000000000005F
:10416000000000000000000000000000000000004F
:10417000000000000000000000000000000000003F
:10418000000000000000000000000000000000002F
:10419000000000000000000000000000000000001F
:1041A000000000000000000000000000000000000F
:1041B00000000000000000000000000000000000FF
:1041C00000000000000000000000000000000000EF
:1041D00000000000000000000000000000000000DF
:1041E00000000000000000000000000000000000CF
:1041F00000000000000000000000000000000000BF
:1042000000000000000000000000000000000000AE
:10421000000000000000000000000000200004007A
:10422000000000000000400000000010000000003E
:10423000000000000000000000000000000000007E
:10424000040000000000000000000000000000006A
:10425000000020000000200000000000110000000D
:10426000000000000000000000000000000000004E
:1042700002000000800000000001000100000000BA
:10428000000000000000000000000000000000002E
:10429000000000000000000000000000000001001D
:1042A000010000000000000001000000000000000C
:1042B00000000000000000000000000000000000FE
:1042C00000000000000000000000000000000000EE
:1042D00000000000010000000100000000000000DC
:1042E00000000000000000000000000000000000CE
:1042F0000000010000000200000000080040000073
:1043000000000000000000000000000000000000AD
:1043100000000000000040000000000000008000DD
:10432000800000008000000000000000000000008D
:10433000000000000000000002000010000000C0AB
:104340008000800000008400400000000000200089
:10435000000000008000000080000000200000003D
:10436000000000000000000000000000000000004D
:104370000000000000000000000004000000000039
:10438000000000000000000000000000000000002D
:10439000000000000000000001000000000000001C
:1043A0000800020000001000900000000000000063
:1043B00000000000000000000000010000000000FC
:1043C00000000200020000000300000000000000E6
:1043D000010000100000200000002000000001107B
:1043E00000000000000004000000000000000000C9
:1043F0000020001000000000040000000800002061
:1044000000000000000000000000000000000000AC
:10441000000000000000000000000000000000009C
:10442000000000000000000000000000000000008C
:10443000000000000000000000000000000000106C
:10444000000000000000000000A0000000000000CC
:1044500000900004000400040004000400040004B0
:10446000000100000000000000000000000000004B
:1044700004000200000000000002000000000084B0
:10448000000000000000000000000000000000002C
:10449000000000000000000000000000000000001C
:1044A000000000000000000000008200000000008A
:1044B00000000000000000000000000000000000FC
:1044C00000000000000000000000000000000000EC
:1044D00000000000008000800080008000800080DC
:1044E0000080000400000000000000000000000048
:1044F000004000000100000000000000000000007B
:1045000000000000000000000000000000000000AB
:10451000000000000000000000000000000020007B
:10452000000000002000000000000000002000004B
:104530000000000800004000000000000000000033
:104540000000001000000000000000000200000158
:104550000000000080000000400500058001800090
:1045600000040000000180010000000000000000C5
:104570000000000000000400000000000000000037
:10458000000010000000800000000000000000009B
:10459000000000000000000000000000000000001B
:1045A0000100000000000100000000000000008089
:1045B00000000000008084000100000000000000F6
:1045C00000000000000000050000000000000100E5
:1045D0000040000000002000000000C00084200413
:1045E0002000008000000004200400000000000003
:1045F00000000403000000000400000000418200ED
:104600000000000011000004200000000000000075
:10461000000000000000000000000000000000009A
:104620000000400004002000200040410340002022
:1046300004200008000000840000000000000000CA
:10464000000000000000040009840000098402004A
:10465000028400840040004020040010009000000C
:1046600000000004000000000000800000000000C6
:1046700000000000000000000000200004A0000076
:10468000000000008004020009000010000000008B
:10469000000000000000000000000000000000001A
:1046A00000000000010000000100010001880080FE
:1046B0000080018000800000000000000000000079
:1046C00000000000000000000000000000000000EA
:1046D0000100010000000000000001800000000057
:1046E000000000000080000000000000200000002A
:1046F00000000000000000000000000000000000BA
:1047000000000000000002000100000004000000A2
:104710000000000000000000000000000000000099
:10472000000000000000200010000000A0000010A9
:1047300003000008081000020000800800400090FC
:104740004000000000000000000000000000000029
:1047500000020084000200028085008400058000C1
:1047600000000000410000000000000400040004FC
:104770000000000000000000000000100000000029
:10478000000000000088000000100001000000A0F0
:104790000000000000000000000000000000000019
:1047A0000000000000000000010001000000030004
:1047B0000080000000800180008000001080828066
:1047C00000000100000000000000004100000000A7
:1047D000000000801000008000801008000010849D
:1047E0000200000082000000000000000080008045
:1047F00000800400002100050000000000410000CE
:1048000000109004200000002000000002080010AA
:10481000C0000000000000000000000000000000D8
:104820000000000000000000000091108008110846
:104830000908209182858585118000008000400054
:104840004100000000000000000000110210000004
:1048500000000000000000100000030000008000C5
:1048600008000000008300090000000000030009A8
:104870000000000000000000000000000000000038
:1048800010000000000000000000000000401108BF
:10489000088800C1000000000000000000000000C7
:1048A0000000000000000000000000009101100165
:1048B000000001019109C185910901C00000C000FB
:1048C0000100000000000000000000000090010155
:1048D000009000900000004000090008000800005F
:1048E00010000100000000110091009000900001F4
:1048F00000010000000000000000000000000000B7
:104900004000010000000000000000000000000066
:104910000082010800C1000000000000000000004B
:104920000000000000000000000000000000000087
:104930000084008901018801A1008585839101001F
:1049400000A00001000000000100000000000001C4
:104950000100009000C0000008000211C0008208A1
:104960000000000001000101000000000100010141
:104970000000000001000101000000000000000034
:10498000000000000000000090008800200090005F
:104990008400100091880920000000000000000041
:1049A0000000000000000000000000000000000007
:1049B0000000000000210909000340008985A09142
:1049C000100009001105110200000800000011117B
:1049D00000110811008040C000009140A0C00000FC
:1049E00000900000001021110309000000002100C8
:1049F000030900000000210003090000000000007E
:104A000000000000000000000000000000000000A6
:104A10000000004041212100038900000000000047
:104A20000000000000000000000000000000000086
:104A3000000009820085091008030811801100C0D8
:104A4000888300040011008400030000001100406E
:104A5000000000008000080880080000C0800000FE
:104A60002100000800000000000900800000800014
:104A7000800900030000000020090003000000007E
:104A80000000000000800000000000800000000026
:104A9000000000000289004140C102020000000045
:104AA0000000000000000000000000000000000006
:104AB0000000000001110009010901C100A11089D5
:104AC00090C18989000200A1000400A1000000003B
:104AD0000000000008009000000090010000118418
:104AE0004088418808C00040004000C1001000001C
:104AF0001000100100010000000001010001000091
:104B000000000000000000020008008200200000F9
:104B100000000000000001848290C08541C00000B8
:104B20000000000000000000000000000000000085
:104B30000000000000000100010201000100828568
:104B4000C0A0C101C09001000000000001000000F1
:104B50000000000000008400A100A000020000008E
:104B6000094184001000881001C001840100000088
:104B7000018801020000000001880182000000009D
:104B80000000000000000000002000000000000005
:104B9000000000000000000010092091A000022089
:104BA0000000000000000000000000000000000005
:104BB000000000000000000009000580090010004E
:104BC000809111001021110003000509020420004A
:104BD00000000000000000008800080080000000C5
:104BE000000010080000800000800800080040005D
:104BF0001100038004000000000003800400000096
:104C00000000000000000000000000800000000024
:104C10000000000800000000000000838084800283
:104C20008080000000000000000000000000000084
:104C30000000000000000000000000880000C2002A
:104C4000000081820013C20081000000000000000B
:104C50000000000000000000000000000000000054
:104C60000000000000000013000000000000000031
:104C7000C200000000000000C200000000000000B0
:104C8000C200000000000000000000000000000062
:104C90000000000000000000000000000000000014
:104CA000C2A0210000000000000000000000000081
:104CB000000000000000000000000000FB000400F5
:104CC000000A0009020B020B00000400F0FF0000C4
:104CD0000000FFFF000000000FF00FF0FF0000FFDA
:104CE000FF0000FF0000FFFF0000FFFF00000400C6
:104CF000FBFFFF00FF00FF000000FF000000FF00BF
:104D00000000FF00000000000000000000000000A4
:104D10000000000000000000000000000000000093
:104D20000000C3C3F000000000000000000000000D
:104D30000000000000000000000000000000FF0074
:104D40000000000C0006020B020B00010000FFFF38
:104D500000040300FCFF000000000FF00FF0FF0054
:104D600000FFFF0000FF00000000FFFF0000FFFF4A
:104D70000400FBFFFF00FF00FF000000FF00000039
:104D8000FF000000FF000000000000000000000025
:104D90000000000000000000000000000000000013
:104DA00000000000C3C3F00000000000000000008D
:104DB00000000000000000000000000000000000F3
:104DC00000000000000000000000000000000000E3
:104DD00000000000000000000000000000000000D3
:104DE00000000000000000000000000000000000C3
:104DF00000000000000000000000000000000000B3
:104E000000000000000000000000000000000000A2
:104E10000000000000000000000000000000000092
:104E20000000000000000000000000000000000082
:104E30000000000000000000000000000000000072
:104E40000000FFFFFFFFFFFF000000060000000062
:104E500000000000000000000000000000000F0F34
:104E6000F0F0FF0000FF0F0FF0F0000000FF00FF68
:104E70003333333300000000000000FF000000FF68
:104E8000000000FF000000FFFFFFFF000000000027
:104E90000000000000000000000000000000000012
:104EA00000000000F0000000FF00999900000000E1
:104EB00000000000000000000000000000000000F2
:104EC00000000000EFFFFFFFFFFF000000000000F8
:104ED0000F000000000000000400000000000000BF
:104EE0000F0FF0F0FF0000FF0F0FF0F00000FF00C9
:104EF000FF003333333300000000000000FF0000E8
:104F000000FF000000FF000000FFFFFFFF000000A7
:104F10000000000000000000000000000000000091
:104F2000000000000000D00000000F0F0F0F000075
:104F30000000000000000000000000000000000071
:104F40000000000000000086007C00B200000102AA
:104F500000EC038900800586006000B90080000035
:104F60000000000408400286016000B40840000010
:104F700002860160009410000086007030B0480383
:104F8000C0C7C07030B04903C041C01030004103F9
:104F900000000000000000000086006000B000007B
:104FA0000086006000B000000086006000B00010C5
:104FB00000000000000000000000000000000000F1
:104FC00000000000000000000000000000000000E1
:104FD00003008AAA0020008A0000000000000004EC
:104FE00000000000000000002000000000000000A1
:104FF0000000DBDBFFDB3FFFFFFF000000007C6DFC
:10500000D397000000000000000000000000000036
:1050100000000000000000000000000000005D55DE
:10502000FFFF000000000000000000000000000181
:10503000030300000000000000000000000000006A
:1050400000000000000000000000000000008000E0
:10505000000000002000000000AA00000000000086
:105060000000000000000000000000000000000040
:10507000000000005A5AFF5A3FFFFFFF00000000E7
:105080007C7CD3D300000000000000000000000082
:105090000000000000000000000000000000000010
:1050A0000000000000000000000000000000008080
:1050B00000010303000000000000000000000000E9
:1050C00000000000000000000000000000000000E0
:1050D00000000000C08080800B000900000000007C
:1050E000000000000000000000000000A0A0202040
:1050F000000000000000DBDBFFDB0000000200001E
:10510000000000000000BDBDFDBF00000000000069
:10511000000000000000000000000000000000008F
:105120000000000000000000000000FF0F0F000062
:105130000000FCFCFFFF0000000000000000000079
:10514000000000000000000000000000000000005F
:105150000000000000000000000004000900000042
:105160000000000000000000000000000000A0A0FF
:1051700020200000000000005A5AFF5A00000000E2
:105180000000000000000000DBDBFFDB000000008F
:10519000000000000000000000000000000000000F
:1051A00000000000000000000000000000FF033FBE
:1051B00000200020800083030000000000000000A9
:1051C000000000000000000000000000000080005F
:1051D000000000000000000000008000000000004F
:1051E00000000000000000000000000000000000BF
:1051F00000000000000000000000000000000000AF
:10520000000000000000000000002000000000007E
:10521000000000000000000000000000000000008E
:10522000000000000000000000000000A000C0001E
:1052300002008201020800000200000000000000DD
:10524000000000000000000000000000000000005E
:10525000200000000000000000000000200000000E
:10526000000000000000000000000000000000003E
:10527000000000000000000000000000000000002E
:10528000000000000000000000000000010000001D
:1052900000100000000000000000000000000000FE
:1052A00000000000000000000000000000002100DD
:1052B0002100010003400180000091000000000077
:1052C00000000000000000000000000000000000DE
:1052D00000000000000000000000000000000000CE
:1052E00000000000000000000000000000000000BE
:1052F00000000000000000000000000000C00000EE
:1053000000002000200020008200800080000000BB
:105310008000A10020040000000021002100000006
:1053200020000000210000008000000000000000BC
:105330000000000100000008000000000000000064
:10534000000000000000000000000000000000005D
:10535000000000000000000000000000000000004D
:10536000000000000000000000000000000000003D
:10537000000000000000000000000000000000002D
:1053800000000000010001000100210020002000B9
:10539000000020002000018000000000000000004C
:1053A0009000010000000000000010000800000054
:1053B00000000020000800000000000000210000A4
:1053C00000000000000000000000000000000000DD
:1053D00000000000000000000000000000000000CD
:1053E000000100000001800000000000000000003B
:1053F00000000000000000000002000000000000AB
:105400000000000000000004000400A100050001ED
:10541000000000010004000400040000000000007F
:1054200000000000000000000000008400A00084D4
:1054300000001010008500A0008800A000C000102F
:10544000000000000000000000000000000000005C
:10545000000000000000000000000000000000004C
:1054600000008204004184042000000500000000C8
:10547000000000000000000000000000000000002C
:10548000000000000021000500A10080000400844D
:1054900000040041004000900080008000000000F7
:1054A00000000000000000000000000000000000FC
:1054B00000000000010000040000001000080000CF
:1054C00000000000000000000000000000000000DC
:1054D00000000000000000000000000000000000CC
:1054E00000000000000000000000000000000000BC
:1054F00000000000000000000000000000000000AC
:105500000000100000000000000020000001000169
:105510000090000080000200000400000000000075
:10552000000000008000000000840000890011C01D
:105530000008008402000084008400A00200001023
:1055400000C0021000000000000000000000000089
:10555000000000000000000000000000000000004B
:10556000000000000000000000000000000000003B
:105570000000000000000000000000000200000029
:105580000000000001000000000000000100000415
:105590000004000000002000010000800000000066
:1055A0000000000000004000000000210000020098
:1055B0000000008000000100100000000000010059
:1055C00000000000010200080000000000000000D0
:1055D00000000000000000000000000020000000AB
:1055E0008000030100010001000000000000000035
:1055F0008084800000010001000000000000000025
:105600000000100000004000000003000000808443
:10561000008500A000000004000500000005000552
:105620000005000000000010090000004084008414
:1056300000000000008400400088000020000010EE
:1056400000C080000900C010A100000000000000A0
:105650000000000000000000000000000000010049
:1056600000002000000400040004000240000021AB
:1056700004002000200000040004000000000005D9
:105680000005004101050000010300000040004149
:10569000200004040021000000A100840000008418
:1056A00000840084000000000000000000000000F2
:1056B00000000000000000000000000000000100E9
:1056C000000000004000400020102000000000000A
:1056D00000000000000000000000000000000000CA
:1056E00000000000000000A009000000000000A071
:1056F000000000000000009000900000000000008A
:10570000000000000000000000000000000009C0D0
:105710000084030400C000040240000400000004F0
:105720000000000400000000000000000000000075
:10573000008400C000C0000000A004840008000035
:1057400000A000A0001020900010008400100000B5
:105750000000000000000000000000000000000049
:105760000000000000000000000000000000000039
:105770000000000000000000000000000000000029
:105780000000000000000000000000000000000019
:105790000000000000800000008001800080000008
:1057A00000800000008000000000000000000000F9
:1057B0000000000000000000000000000000008069
:1057C00000000000002100000005000000000000B3
:1057D00000000000000000000000000000000000C9
:1057E00000000000000000000003000900000000AD
:1057F0000003000900000000000300090000000091
:1058000000000000000000001003404100051041AE
:105810000000000000000000000000030589208057
:1058200000000083008900000000000800400040E4
:105830000008000840104141050800042010001035
:1058400011081041002110214110028500800885B7
:1058500091100000000000000000000000000000A7
:105860000000000000000000000000010001000036
:105870000000000100010000000000010001000024
:105880000000000000000000000001010001000114
:10589000010100000000000000000000882101C19B
:1058A00000040002000500C10020002000010000EB
:1058B0000000000100018801010101010000040055
:1058C0000001000001004000010000010182901071
:1058D00088A002410000000000000000000000005D
:1058E00000000000000000000100010100000000B5
:1058F00001000101000000000100010100000000A2
:105900000100010100000000000000000000000094
:1059100001000000000000000000010001019001F2
:105920008400900089C10000000001000101000016
:1059300000900001000000000110000100010000C3
:1059400000000100010000000188010000000800C3
:1059500088009140858900000000000000000000E0
:10596000000000000000000000002100030900000A
:1059700000002100030900000000210003090000CD
:1059800000002100030900000000000000002000CA
:1059900008000500111100000000000021000309AB
:1059A00000200000000003050000000021000309A2
:1059B0000000004000100000090041A0400503085D
:1059C00011000800050041000500098020032000A7
:1059D000C0082000048083050000000000000000D3
:1059E00000000000000000000000000000090000AE
:1059F000000000000009000300000000000900038F
:105A0000000000000009000300000000000000008A
:105A10000808001000020308000000000000000950
:105A20000000000080008589008300000000090953
:105A30000003030000000000100004211108001101
:105A400000900884089100C1100908210011110577
:105A50004005042091219111008300000000000006
:105A60000000000000000000000000000000000135
:105A70000000000000000001000100000000000123
:105A80000001000000000001000100000000000013
:105A90000000000100010001010100000000000001
:105AA00000010000000002821111000500008200C8
:105AB0000301000101000000000089000141019084
:105AC00000884003011100C00003890800400090D5
:105AD0000008918901900989030800030000000073
:105AE00000000000000000000000000000000000B6
:105AF0000000000001880100000000000188010092
:105B0000000000000188010000000000000000000B
:105B10000000000000400000000000000000000045
:105B200000900000000085892182A0000282018887
:105B300001A00000000000000100000000010008BA
:105B4000011101010100002000840001000001009A
:105B500001000000000084018241200020080000B4
:105B60000000000000000000000000000000000035
:105B7000000000000000038004000000000003801B
:105B8000040000000000038004000000000000008A
:105B900000000000000000000040000300000000C2
:105BA0000000000000000000838804800011808055
:105BB00003800400000000001100410040000911B2
:105BC0000880401021104000008000880002000082
:105BD0000300412105020240801000038041008043
:105BE00000000000000000000000000000000000B5
:105BF00000420000C200000000420000C20000009D
:105C000000420000C200000000500000C20000007E
:105C1000000000000000000000000000000000483C
:105C2000000000000000C200000000000000C200F0
:105C3000414100000000C200000000000000000020
:105C4000420000810000C2000000000000000000CF
:105C5000000000000000C200000000000000C200C0
:105C600082000000000000000000000000000000B2
:105C700000000000000000FF00FF000000FF000027
:105C800000FF000000FF000000FF000000FF000018
:105C900000FF000000000000000000000000FFFF07
:105CA000FFFB00000000000000FF00FF000000FFFD
:105CB000000000FF000000FF000000FFAAAAA9A941
:105CC0000000000055C355FFFFFFFFFF000000006C
:105CD000F0F03C3C002000A0555555550000000058
:105CE00050000C5C000000000000000000000000FC
:105CF000000000000000000000FF00FF000000FFA7
:105D0000000000FF000000FF000000FF000000FF97
:105D1000000000FF00000000000000000000000084
:105D2000FFFFFFFF00000000000000FF00FF000079
:105D300000FF000000FF000000FF000000FF020065
:105D400003010000000055C055FF00F0C0F0000046
:105D50000000FF0F3C3C0000000075D5F5F5000089
:105D600000005C0C0050000000000000000000007B
:105D700000000000000000000000FF000000FF0025
:105D80000000FF000000FF000000FF000000FF0017
:105D9000000000FFFFFF0000000000000000A6AAB6
:105DA0003333CFE73FBD000000000000FF000000DC
:105DB000FF000000FFFF0000FF00000000FFFFFFEA
:105DC0005000500000000000FFFFFFFFFFFFF282C5
:105DD00000000000FFFFFFFFFFFFFFFFF7FFFFFFD7
:105DE00000000C0C0C00000C000000000000000083
:105DF000000000000000000000000000FF000000A4
:105E0000FF000000FF000000FF000000FF00000096
:105E1000FF00000000FFFFFF000000000000000086
:105E2000AAAA3333F37BFCDE000000000000FF0071
:105E30000000FF00000000000000FF00000000FF65
:105E4000FFFF50005040000000000F030F0FFAAAA0
:105E5000FAAA80000000FFFF7F7CF000F282FFFFC3
:105E6000FFFFF0F0FCFC8E82414D000000000000BE
:105E7000000000000000000000000000000C3000E6
:105E80004803C041C00C30004903C041C00C300081
:105E90004903C041C00C3000410300000000000075
:105EA000000000000A0000000000000000000010D8
:105EB00030004803C0C7C07030B04903C0C7C070CD
:105EC00030B0410300000C00000000000086707438
:105ED00000B000800086006000B000000586006011
:105EE000A0B000000086007000B2001000000000AA
:105EF00000000000000000000000000000000000A2
:105F00000000000000000000000000000000000091
:105F10000000000000000000000000000000000081
:105F20000000000000000000000000000000000071
:105F3000000000000000AAAA8AA25A5A5AFF0000D4
:105F40000000000000000000000000000000000051
:105F50000000FFFFFFFF000000003C3C0F0F0000AF
:105F60000000000000000000FFFF00000000000033
:105F70000000000000000000000000000000000021
:105F80000000000000000000000000000000000011
:105F90000000000000000000000000000000000001
:105FA00000000000000000000000000000000000F1
:105FB0000000000000000000AAAA2AA85A5A5AFFAE
:105FC00000000000000000000000000000000000D1
:105FD000000000003C3CBC3C000000003C3C0F3C8E
:105FE0000000000010001010AAABFFFF00450000E9
:105FF00000000000000000000000000000000000A1
:106000000000000000000000000000000000000090
:106010000000000000000000000000000000000080
:106020000000000000000000000000000000000070
:1060300000000000000000000000FFFFFFFC0F0F49
:106040000F1BDB7EDB7E0000000000000000000074
:106050000000000000000000000000000000000040
:1060600000000000000000000000C3FFFF7D0000F2
:106070005050000000000000000000000000000080
:106080000000000000000000000000000000000010
:106090000000000000000000000000000000000000
:1060A00000000000000000000000000000000000F0
:1060B000000000000000000000000000FFFFFFFDE6
:1060C0000F0F0F0FFFFFDB7E00000000000000003D
:1060D00000000000000000000000000000000000C0
:1060E000000000000000000000000000C3FFBFFF30
:1060F00014005440000000000000000000000000F8
:10610000000000000000000000000000000000008F
:10611000000000000000000000000000000000007F
:10612000000000000000000000000000000000006F
:10613000000000000000000000000000000000005F
:10614000000000000000200020000000000000000F
:10615000000000000000000000002000000000001F
:10616000000000000000000000000000000000002F
:1061700000000000004000000000000000000000DF
:10618000000000000000000000000000000000000F
:1061900000000000000000000000000000000000FF
:1061A00000000000000000000000000000000000EF
:1061B00000000000000000000000000000000000DF
:1061C00000000000000000000000000000000000CF
:1061D00000000000000000000000000000000000BF
:1061E00000000000000000000000000000000000AF
:1061F000000000000000001000000000000000008F
:10620000000000000000000000000000000000008E
:10621000000000000000000000000000000041003D
:10622000000000000000000000000000000000006E
:10623000200000000000000000000000000000003E
:1062400000000000000000000000410041000000CC
:1062500020004100000000000000000000000000DD
:10626000000000000000000000000000000000002E
:1062700000002100000000000000000000000000FD
:10628000000000000000000000000000000000000E
:1062900000000000000000000000000000000000FE
:1062A00000000000000000000000000000000000EE
:1062B00000000000000000000000000000000000DE
:1062C00000000000000000000000000000000000CE
:1062D00000000000000000000000000000000000BE
:1062E00000000000000000000000000000000000AE
:1062F000000000000000000000000010000000008E
:10630000000000000000000000000000000000008D
:10631000000000000000000000000000000000007D
:10632000000000000000000000000000000000006D
:10633000000000000000000000000000000000005D
:106340000000000009000000400000000000000004
:10635000000000000000000000000002000000003B
:10636000000000000000008400000000000000C0E9
:106370000000000000900010091000000000000064
:10638000000000000000000000000000000000000D
:1063900000000000000000000000000000000000FD
:1063A00000000000000000000000000800000000E5
:1063B00000000000000000000000000000000000DD
:1063C0000003000000000000004100000005000084
:1063D00000000000000000000000000000000000BD
:1063E0008800040000000000001000100000000001
:1063F00000400021002188080003900000100010D8
:10640000000000000000000000000000000000008C
:10641000000000000000000000000000000000007C
:10642000000000000000000000000000000000006C
:10643000000000000000000000000000000000005C
:10644000000000000000000000000000000000004C
:10645000000000000000000000000000000000003C
:106460000000000000000000000020840084000004
:106470000040000003000000000000000088001041
:106480000084000000000000000000000000000088
:1064900000000000000000000000000000000000FC
:1064A00000000000000000000000000000000000EC
:1064B000000020002000000020000000000000007C
:1064C00000000000000000000000000000000000CC
:1064D00000000000000000000000000000050000B7
:1064E00000000000000000000000020000000000AA
:1064F0000000000010001000202100000221000315
:10650000001000100000000000000000000000006B
:10651000000000000000000000000000000000007B
:10652000000000000000000000000000000000006B
:106530000000000000000000000000000000040057
:10654000000000000000000000000000000000004B
:106550000000000000000000000000000002000039
:10656000000000000000000000000000000000002B
:1065700000000900000000100000000000100000F2
:106580000082000000C000000000000000000000C9
:1065900000000000000000000000000000000000FB
:1065A00000000000000000000000000000000000EB
:1065B00000000000000000000000000000000000DB
:1065C00000000000000300000000000000000000C8
:1065D000000000000000002100000000000000009A
:1065E0000000000300000010200500110000040559
:1065F0000041004188020000000000000003400349
:106600000405001000054004000000000000000028
:10661000000000000000000000000000000000007A
:10662000000000000000000000000000000000006A
:10663000000000000000000000000000000000005A
:10664000000000000000000000000000000000004A
:10665000000000000000000000000000000000003A
:1066600000400000000000000000000000000000EA
:10667000000000000000000000000000000000001A
:106680000000410000C000100000000000000000F9
:1066900000000000000000000000000000000000FA
:1066A00000000000000000000000000000000000EA
:1066B00000000000000000200000000000000000BA
:1066C0000000000400000400004000008200000000
:1066D000A000000000000000000000000000A0007A
:1066E00000000000000000000000000000000000AA
:1066F0000000004000100010000000400005822152
:106700000041000900080010001000030000000014
:106710000000000000000000000000000000000079
:106720000000000000000000000000000000000069
:106730000000000000000000000000000000000059
:106740000000000000000000000000000000000049
:106750000000000000000000000000000000000039
:106760000000000000000000000000000000000029
:106770000000000000000000000000000000000019
:106780000000000000000000000000000000000009
:1067900000000000000000000000000000000000F9
:1067A00000000000000000000000000000000000E9
:1067B00000000000000000000000000000000000D9
:1067C00000000000000000000000000000000000C9
:1067D00000000000000000000000000000000000B9
:1067E00000000000000000000000000000000000A9
:1067F0000000000000000000000000000000000099
:106800000000000000000000000000000000000088
:106810000000000000000000000000000000000078
:106820000000000000000000000000000000000068
:106830000000000000000000000000000000000058
:106840000000000000000000000000000000000048
:106850000000000000000000000000000000000038
:106860000000000000000000000000000000000028
:106870000000000000000000000000000000000018
:106880000000000000000000000000000000000008
:1068900000000000000000000000000000000000F8
:1068A00000000000000000000000000000000000E8
:1068B00000000000000000000000000000000000D8
:1068C00000000000000000000000000000000000C8
:1068D00000000000000000000000000000000000B8
:1068E00000000000000000000000000000000000A8
:1068F0000000000000000000000000000000000098
:106900000000000000000000000000000000000087
:106910000000000000000000000000000000000077
:106920000000000000000000000000000000000067
:106930000000000000000000000000000000000057
:106940000000000000000000000000000000000047
:106950000000000000000000000000000000000037
:106960000000000000000000000000000000000027
:106970000000000000000000000000000000000017
:106980000000000000000000000000000000000007
:1069900000000000000000000000000000000000F7
:1069A00000000000000000000000000000000000E7
:1069B00000000000000000000000000000000000D7
:1069C00000000000000000000000000000000000C7
:1069D00000000000000000000000000000000000B7
:1069E00000000000000000000000000000000000A7
:1069F0000000000000000000000000000000000097
:106A00000000000000000000000000000000000086
:106A10000000000000000000000000000000000076
:106A20000000000000000000000000000000000066
:106A30000000000000000000000000000000000056
:106A40000000000000000000000000000000000046
:106A50000000000000000000000000000000000036
:106A60000000000000000000000000000000000026
:106A70000000000000000000000000000000000016
:106A80000000000000000000000000000000000006
:106A900000000000000000000000000000000000F6
:106AA00000000000000000000000000000000000E6
:106AB00000000000000000000000000000000000D6
:106AC00000000000000000000000000000000000C6
:106AD00000000000000000000000000000000000B6
:106AE00000000000000000000000000000000000A6
:106AF0000000000000000000000000000000000096
:106B00000000000000000000000000000000000085
:106B10000000000000000000000000000000000075
:106B20000000000000000000000000000000000065
:106B30000000000000000000000000000000000055
:106B40000000000000000000000000000000000045
:106B50000000000000000000000000000000000035
:106B60000000000000000000000000000000000025
:106B70000000000000000000000000000000000015
:106B80000000000000000000000000000000000005
:106B900000000000000000000000000000000000F5
:106BA00000000000000000000000000000000000E5
:106BB00000000000000000000000000000000000D5
:106BC00000000000000000000000000000000000C5
:106BD00000000000000000000000000000000000B5
:106BE00000000000000000000000000000000000A5
:106BF0000000000000000000000000000000000095
:106C00000000000000000000000000000000000084
:106C10000000000000000000000000000000000074
:106C20000000000000000000000000000000000064
:106C30000000000000000000000000000000000054
:106C40000000000000000000000000000000000044
:106C50000000000000000000000000000000000034
:106C60000000000000000000000000000000000024
:106C70000000000000000000000000000000000014
:106C80000000000000000000000000000000000004
:106C900000000000000000000000000000000000F4
:106CA00000000000000000000000000000000000E4
:106CB00000000000000000000000000000000000D4
:106CC00000000000000000000000000000000000C4
:106CD00000000000000000000000000000000000B4
:106CE00000000000000000000000000000000000A4
:106CF0000000000000000000000000000000000094
:106D00000000000000000000000000000000000083
:106D10000000000000000000000000000000000073
:106D20000000000000000000000000000000000063
:106D30000000000000000000000000000000000053
:106D40000000000000000000000000000000000043
:106D50000000000000200000000000000000000013
:106D6000000000000000000000000000000000081B
:106D700000000000000000004100000000000000D2
:106D800000002000200000000000000000000000C3
:106D900000000000000000A0000000000000000053
:106DA00002008000800000000000000000000000E1
:106DB00000000000000000000000000000000000D3
:106DC00000000000000000000000000000000000C3
:106DD0000000000000000080000000000000000033
:106DE00000000000000000000000000000000000A3
:106DF0000080000000000000000000000000000013
:106E00000000000000000000000000000000000082
:106E10000000000000000000000000000020000052
:106E2000000001101000020000000000000000003F
:106E30000000000000000000000000000000000052
:106E40000000000000000000000000000000000042
:106E50000000000000000000001000000000000022
:106E6000000000008000000000C000004000800022
:106E7000000080000000000000000000008800000A
:106E80000000000020000000000000A00000200022
:106E9000000000000000002000000000040080004E
:106EA00000000010000004100408000000000000B2
:106EB00000000000000000000000000000000000D2
:106EC00000000000000000000000000000000000C2
:106ED00000000000000000000000000000000000B2
:106EE0000000A000A000020000000000000001005F
:106EF00040000000100000000000000090100000A2
:106F00000000000000000000000000000000000081
:106F10000000002100000000002000000020000010
:106F20001000000000080200A00040000000000067
:106F30000000000000000000000000000000000051
:106F40000000000000000000000000000000000041
:106F50000000000000000000000000000000000031
:106F600000000000000000008000000000000001A0
:106F70000000000000000000000000000000000011
:106F80000000009000000000000000900088000059
:106F900000000400000000000400009000C0001089
:106FA000000000820040001000400002004000008D
:106FB00000000000000000000000000000000000D1
:106FC00000000000000000000000000000000000C1
:106FD00000000000000000000000000000000000B1
:106FE000000000000000000000000200000000009F
:106FF000000200000000000000008200000000000D
:107000000000000000000000000000000000000080
:107010000000000000000000000800000003000065
:10702000000000000000000000020000000000213D
:107030000000000000000000000000000000000050
:107040000000000000000000000000000000000040
:10705000000000000000000000000000000011001F
:10706000000000000000000000000000200083007D
:1070700000001000000000000010000000000000F0
:107080000001000000000000000000C000000084BB
:10709000008411002000000000000000000000003B
:1070A00000012084020000000000000008000082AF
:1070B000008200000000000000000000000000004E
:1070C00000000000000000000000000000000000C0
:1070D00000000000000000000000000000000000B0
:1070E000000000000000000000000000000001009F
:1070F000200000000100000000000000000000006F
:107100000000000400030000000000000000000078
:10711000000000000000000000000000000000006F
:1071200000000004C04101009010000300000100B5
:10713000200490100000000000000000000000008B
:10714000000000000000000000000000000000003F
:10715000000000000000000000000000000000002F
:10716000000000000400000000000000000000001B
:107170000000200000004000040020000400000087
:107180000400201000200000000000000088000023
:10719000000000000000000040000900001000A0F6
:1071A0000000000000000003419000C004830300C1
:1071B00005080210000200000000000000000000AE
:1071C00000000000000000000000000000000000BF
:1071D00000000000000000000000000000000000AF
:1071E000000000000000010000000000000000009E
:1071F0000000000001000000010001000100010882
:1072000000000100010000800000000000000000FC
:10721000001000000000000000000100002100003C
:10722000000000000010000000820000000000408C
:107230000400001001000000000000000000000039
:10724000000000000000000000000000000000003E
:10725000000000000000000000000000000000002E
:10726000000000000000000004000000000000001A
:1072700000000000000080000000400020908320FB
:10728000200080008000000100000082000000005B
:1072900000000000000000000000000000000000EE
:1072A000000004200000048400C0402004100010EE
:1072B0000010020002081010100000000000000082
:1072C00000000000000000000000000000000000BE
:1072D00000000000000000000000000000000000AE
:1072E0000000A000000000000000010000000000FD
:1072F000000000000000000002000000010001008A
:1073000040800100200020200004840000000000D4
:10731000000000000000000000000000000000006D
:107320000000000000210009900300210141042118
:107330000010000084080004201000050000000078
:10734000000000000000000000000000000000003D
:10735000000000000000000000000000000000002D
:10736000000000000000000000000000000000001D
:1073700000000000000080001100000000009103E8
:107380008941820241088000090089000000000054
:1073900000000000000000000000000000000000ED
:1073A0000000000000000510902110200509852034
:1073B0002182202008080508112121400802000030
:1073C00000000000000000000000000000000000BD
:1073D00000000000000000000000000000000000AD
:1073E000000000000000000000000000000000009D
:1073F000000000000000000040000000000000004D
:10740000910189011101010010A0C1A011C000402B
:10741000000000000000000000000000000000006C
:1074200000000000000000000101C0000100010098
:10743000214020030041010501010100000001017C
:10744000000000000000000000000000000000003C
:10745000000000000000000000000000000000002C
:10746000000000000000000000000000000000001C
:1074700000100000000000004000080002000201AF
:10748000000091018988A10041C1A001A0018201F1
:10749000A0A10000000100000000000000000000AA
:1074A0000000010000000100010001000182010153
:1074B000000101000182012100C0200090C01101E3
:1074C00090C100000000000000000000000000006B
:1074D00000000000000000000000000000000000AC
:1074E000000000000000000000000000000000009C
:1074F000000000000000000000008000800080000C
:107500000040000091118980A10003890009000852
:107510000020000200000040000000000000000009
:10752000000000001000210008001000400008804A
:10753000054108102011040041A020800340A080D4
:1075400090402090000000000000000000000000BB
:10755000000000000000000000000000000000002B
:10756000000000000000000000000000000000001B
:10757000000000000000000000000000000000808B
:10758000118000800000028000910989030300003F
:107590008000030000000000000000000000000068
:1075A00000000000000000000000000000001103C7
:1075B00000081083884100A10021A041080311C0E8
:1075C0000003030808850000000000000000000020
:1075D00000000000000000000000000000000000AB
:1075E000000000000000000000000000000000009B
:1075F000000000000000000000000000000000A0EB
:107600000004008800C0000001C000100189098941
:1076100000A0C0A08340A0A0000000000000000067
:10762000000000000000000000000000000040001A
:1076300000C000010010914000020090109100096C
:1076400000020040004040830000000000000000F5
:10765000000000000000000000000000000000002A
:10766000000000000000000000000000000000001A
:10767000000000000000000000000000000000000A
:1076800000000090009000400000118910C188891E
:1076900091C090C1A020C00004C000000000000004
:1076A00000000000000000000000000000010000D9
:1076B00000000000004100010000842001918301CE
:1076C000080090012121110121400000000000006C
:1076D00000000000000000000000000000000000AA
:1076E000000000000000000000000000000000009A
:1076F000000000000000000000000000000000008A
:10770000000000030000000000800000830291845C
:107710008589A10000400280020080000000000076
:107720000000000000000000000000000000004118
:10773000004000004000081004080500A0800285F9
:107740000808880021020590A141080000000000FF
:107750000000000000000000000000000000000029
:107760000000000000000000000000000000000019
:1077700000000000000000000000000000000013F6
:107780000000000000000000C20000000000000037
:107790006013C280008800004013C200008800000F
:1077A00000000000000000000000000000000000D9
:1077B00000000000000000840000C2002100000062
:1077C00000000000000000000000000000000000B9
:1077D00000000000000000000000000000000000A9
:1077E0000000000000000000000000000000000099
:1077F0000000000000000000000000000000000089
:107800000000000000000000000000000000000078
:107810000000FFFF6F9099996F066F06000000004F
:107820000000000000000000000000000000000058
:10783000000000000000000000800000FF3CFFFC92
:107840009000980C0000FF40909010502C2C0000ED
:107850000000000000000000000000000000000028
:107860000000000000000000000000000000000018
:107870000000000000000000000000000000000008
:1078800000000000000000000000000000000000F8
:10789000000000C0FF3F6F0099096F066F060000EF
:1078A00000000000000000000000000000000000D8
:1078B0000000000000000000000000000000FF3C8D
:1078C000FF7C901090100303FF40000000003C2C50
:1078D0003C0000000000000000000000000000006C
:1078E0000000000000000000000000000000000098
:1078F0000000000000000000000000000000000088
:107900000000000000000000000000000000000077
:107910000000000000000000000000000000000067
:107920000000000000000000000000000000000057
:107930000000000000000000000000000000000047
:107940000000000000000000000000000000000037
:107950000000000000000000000000000000000027
:107960000000000000000000000000000000000017
:107970000000000000000000000000000000000007
:1079800000000000000000000000000000000000F7
:10799000000000000000FFFF66666666C33C000052
:1079A00000000000000000000000000000000000D7
:1079B00000000000000000000000100F1000FF0099
:1079C000FE00666F666FFF3F713000000060FFFBD6
:1079D000FFFFFF00FF0000000000000000000000AB
:1079E0000000000000000000000000000000000097
:1079F0000000000000000000000000000000000087
:107A00000000000000000000000000000000000076
:107A10000000000000000000FEFF69666466C33CD1
:107A20000000000000000000000000000000000056
:107A3000000000000000000000000000000F000037
:107A4000FF00FF000009242DFF3F7130003000606F
:107A5000FFFFFFFFFF00FE0000000000000000002D
:107A60000000000000000000000000000000000016
:107A70000000000000000000000000000000000006
:107A800000000000000000000086006000B0000060
:107A900000860070A0B000050000058604B000C29A
:107AA000041000A65090A0C00405000000000000D3
:107AB00000000000000000000000000000000000C6
:107AC00000800086027400B000000086006000B9EB
:107AD00000800086006000B0000000000000000090
:107AE0000000000000000000000000000000000096
:107AF0000000000000000000000000000000000086
:107B00000000000000000000000000000000000075
:107B10000000000000000000040D00003C3C3C3C64
:107B20003C3C3C3CAAAAAAAA555555550000000069
:107B30000000000000000000000000000000000045
:107B40000000000000000000283C3C3C00008A8A45
:107B500000003C347C407C4014003F2F00000000BB
:107B60000000000000000000000000000000000015
:107B70000000000000000000000000000000000005
:107B800000000000000000000000000000000000F5
:107B900000000000000000000000000000003C3D6C
:107BA0003C381C3CBC3CAAABAAA815D555550000D6
:107BB00000000000000000000000000000000000C5
:107BC000000000000000000000003C3C3C3C0000C5
:107BD000B8B800800080FFFF7C4014003F2F0000F9
:107BE0000000000000000000000000000000000095
:107BF0000000000000000000000000000000000085
:107C00000000000000000000000000000000000074
:107C1000000000000000000000000000FFFB00006A
:107C20000000000055555555F0F0F0F055555555EC
:107C30000000000000000000000000000000000044
:107C40000000000000000000000000000000000034
:107C5000FF00FF00000000000000000055FF05AF1E
:107C60000000000000000000000000000000000014
:107C70000000000000000000000000000000000004
:107C800000000000000000000000000000000000F4
:107C90000000000000000000000000000000BFFF26
:107CA0000000000000001555D555F0F0F0B415D5D2
:107CB000555500000000000000000000000000001A
:107CC00000000000000000000000000000000000B4
:107CD0000000FFC3FCC0000000000000000055557C
:107CE000151500000000000000000000000000006A
:107CF0000000000000000000000040000000000044
:107D00000000000000000000000000000000020071
:107D10000000000000000000000000000000000063
:107D20000000000000000000000000004000000013
:107D3000040000000000000000000000001000002F
:107D40000000000000000000000000200000000013
:107D50000020000000004000000000000000800043
:107D6000000800000000000000000000000000000B
:107D70000000000000000000000000000000000003
:107D800000000000000000000000000000000000F3
:107D900001000000000000000000000000000000E2
:107DA00000000000000000000000000000000000D3
:107DB00000000000000000000000000000000000C3
:107DC00000000000000000000000000000000000B3
:107DD0000000002000000000010000000000004141
:107DE0000200008000000000000000000000000011
:107DF000000000000800000000008000800000007B
:107E00000000000000000000000000000200000070
:107E10000000000000000000000000000000000062
:107E200000020000000000C0000000000000000090
:107E3000C000A000C000C000000000000000000062
:107E40000040000000000000002000000040000092
:107E50000020000011A000000000000000900000C1
:107E600000004000000000000000000000000000D2
:107E700000000000000001000000000020002000C1
:107E800000000000000000000000000000000100F1
:107E900000000000000000100000000000000000D2
:107EA00000000000000000100000000000000800BA
:107EB000400021004100211021100000000000417D
:107EC0000000000000000000002000000021004031
:107ED0000000040900210009002100000800002022
:107EE00088080010002100100000000000000000C1
:107EF0000000000000000000000000000000000082
:107F000000000000000000000000800000000000F1
:107F100000000000008400100000000000A000002D
:107F20000000000000A0000000100000000000A001
:107F30000000000000000000000000C00000002061
:107F4000000000000000000200000002000000002D
:107F500000A0000000000000000000000000001071
:107F6000000400080000001000088002000000006B
:107F70000000000000000000000000000000000001
:107F800000000000000000000000000020000000D1
:107F900000000000000000000000000000000000E1
:107FA00000000000000000000000000000000000D1
:107FB00000000000000000000000001100020000AE
:107FC00000000000000000000000000000000000B1
:107FD000000000004000000000050000900000418B
:107FE0000041000300002000000090054010000048
:107FF0000000000080000000000000000000000001
:108000000000000000000000000000000000000070
:10801000000000000000000100000000000000005F
:108020000000001000000000000009000000000037
:108030000000008400000000008200C00000090170
:10804000000000A000000000000000C04000000090
:1080500000000000008400840020000000000000F8
:108060000000000000000000000000201000800060
:1080700000000000000008000000000000000000F8
:1080800000000000000000000000000000000000F0
:1080900000000000000000000004000000000000DC
:1080A00000000005001000000000000000000000BB
:1080B0000000000000210000080000100010002156
:1080C000402000410000000500000000000000000A
:1080D0000000000000050021000000090005000369
:1080E00000410000900000000000000000090108AD
:1080F000040000000000000000000000000000007C
:10810000000000000000000000002000200020000F
:1081100020100000000000002000000020000000EF
:1081200000840000000010000000000000000000BB
:108130000010000004000000000000000000040027
:1081400004000000002000000010000000000000FB
:108150000000008800020000001000040000000081
:1081600000000000040000A0001000000002000059
:108170000000058200000000000000000000000078
:1081800000000000000000000000000001000100ED
:1081900001000100000000000000010000000100DB
:1081A00000000000000000000100000010000000BE
:1081B000000000210000000000100021002100004C
:1081C0000105010000050000000000000010000093
:1081D00000000000C0040000000000028800001041
:1081E0000010880000210000000000210002008033
:1081F000000800100408000000000000000000005B
:10820000000000000010000000000000000000005E
:1082100000840000000003002000000000000000B7
:1082200000000000009000C00000000100000000FD
:1082300000A00000000000000000009000000040CE
:108240000000001000900084000000000084000086
:10825000000000C00000000000000000000000005E
:1082600000000000108200010090210000881184AD
:1082700000001102041000100000000000000000C7
:1082800000000000000000000000000000000000EE
:1082900000000000000000000000010000000000DD
:1082A00000000000000000000000000500080000C1
:1082B0000000000000000005000000000021000098
:1082C00000000000000000000000000000000005A9
:1082D000001000410010001000410000A00000004C
:1082E00000000400000000000008000000008400FE
:1082F00000050000008004100003000000000000E2
:10830000000000000000000000000000000000006D
:108310000000000300090000000000030009400005
:108320000000000300090000000000000000000041
:10833000000000000000000000000000000000003D
:108340000000000080000400800003000000000026
:10835000000000000000000000000000000000001D
:1083600000000000A0000903001011080000000038
:10837000000000002183808888C0034000000000C6
:1083800000000000000000000000000000000000ED
:108390000000000000010001000000000001C00119
:1083A000010000009001000100000000000000003A
:1083B00000000000000000000000000000000000BD
:1083C0000000000000008800010002000000000022
:1083D000000000000000000000000000000000009D
:1083E0000000000000000800010000010000000083
:1083F0000000000090000182A003102090400000C7
:1084000000000000009000000000000000000000DC
:108410000000010001010000000001000101000056
:10842000000001000101A000A000C10089010000BE
:10843000000000000000000000010000000000003B
:108440000000000000000000002000010084000186
:1084500000C000000000000000000000000000005C
:10846000000000000000000000000000000101000A
:1084700000000000000000000200030041018388AA
:1084800000000000000000001100000000000000DB
:108490000000000021000309000000002100030982
:1084A00000000000210003090000000021008309F2
:1084B000000000000000000000000040000000007C
:1084C000000000000000000000002000000200008A
:1084D000004000000000000000000000000000005C
:1084E000000000000000000000002000032109053A
:1084F00010000000000000000000C12088081005E6
:10850000C0000000000000000000000000000000AB
:108510000000000000000009000000000000400909
:108520000003008000000909008300000000090921
:108530000003000000000000000000000000000038
:1085400000000000000000000000000085000300A3
:108550000400000000000000000000000000000017
:1085600000000000000000000000000010000000FB
:1085700008030309000000000000000000908005CF
:1085800000A100A0000000000000000000000000AA
:1085900000000000000000000001000000000000DA
:1085A000000100010088008201C1001100000000EC
:1085B00001010001000000000000000000000000B8
:1085C0000000000000000000000000000000820029
:1085D000010001008400C000000000000000000055
:1085E000000000000000000000000000000001008A
:1085F00000000100200000000000000000000091C9
:10860000048840400020000000000000000000003E
:1086100000000000000000880090000000000188B9
:1086200001400000000001880040000001000189B5
:108630000140000000C00000000000000000000039
:10864000000000000000000000000000000000002A
:108650000000000200000000000000000000000018
:10866000000000000000000000000000000000000A
:1086700001040141010000000000000000000000B2
:10868000840021208490A0C00000000000000000B1
:1086900000000000000000000000000000000000DA
:1086A0000380040000000000030000000000100030
:1086B0000382040000000000000000000000000031
:1086C00000000000000000000000000000000000AA
:1086D0000000000000000500000000000000000095
:1086E000000000000000000000000000000000008A
:1086F000000002800403212021000000000800087F
:108700000000A0042021838580C00000000000003C
:108710000000000000000000000000810000C20016
:10872000000000840000C200000000810000C200C0
:10873000000000820000C2000000000000000000F5
:108740000000000000000000000000000000000029
:108750000000000000000013C20041000000000003
:108760000000000000000000000000000000000009
:108770000000000000820000C20041000000000074
:108780000000000082000013000000000000000054
:1087900000000000000000000000000000000000D9
:1087A00000FF00FF000000FF000000FF00003C3C55
:1087B000000000FF000000FF000000FF00000000BC
:1087C00000000000000000000000000000000000A9
:1087D0000000000000000F0F0000FFFF000000007D
:1087E0000000000000000000000000000000000089
:1087F0000000000000000505C505FFFFFFFF0000A9
:108800000000000000005FFFFFFF0000000000000C
:108810000000000000000000000000000000000058
:10882000000000FF00FF000000FF000000FF00004C
:108830003C3C000000FF000000FF000000FF0000C3
:1088400000000000000000000000004000000000E8
:1088500000000000000000000F0F000000000000FA
:108860000000000000000000000000000000000008
:1088700000000000000000000505C50555FFFFFFD2
:1088800000000000000000005FFFFFFF000001008B
:1088900000003000000000000000000000000000A8
:1088A00000000000FF000000FF000000FF000000CB
:1088B000FF000000FF000000FF00000000FFFFFFBE
:1088C00000000000000000000000000000000000A8
:1088D000000000000000000000000000FFFF00009A
:1088E0003C3C000000000000000000000000000010
:1088F000000000000000000000003C3D3C3D20085E
:10890000800200000000AAAAAAAAFFFFFFF3FFFF4F
:10891000FFFF000000000000000000000000000059
:10892000000000000000FF000000FF000000FF004A
:108930000000FF000000FF000000FF00000000FF3B
:10894000FFFF000000000000000000000000000029
:108950000000000000000000000000000000000017
:1089600000003C3C0000000000000000000000008F
:108970000000000000000000000000003C3C3C3C07
:10898000100440010000000055555555FFFFFFF34E
:108990003D3DFF3C00000000000000000000000022
:1089A000000000000000001C30004803C041C01C53
:1089B00030004903C0C7C07C30B04903C0C7C07C89
:1089C00030B0410300000000000000000000000083
:1089D0000000000000000000000000000000A88669
:1089E00054F0A0B2001500000000000000000000DC
:1089F0000000000000000000000000000000000077
:108A000070140000000000000000000000800086DC
:108A10000CE00198008000000080080000000000C9
:108A200000800100000000000000000000000000C5
:108A30000000000000000000000000000000000036
:108A40000000000000000000000000000000000026
:108A50000000000000000000000000000000000016
:108A60000000000000000000000000000000000006
:108A700000000000000000000000000000000000F6
:108A800000000000000000000000000000000000E6
:108A900030503000507DF0FD00000000000001006B
:108AA00000000020000000000000000000000000A6
:108AB0000000000000000000000000008000000036
:108AC00000000000000000000000000000000000A6
:108AD0000000000000000000000000000000000096
:108AE0000000000000000000000000000000000086
:108AF0000000000000000000000000000000000076
:108B00000000000000000000000000000000000065
:108B10000000300030007D7DFFFF004000000000BD
:108B20000000000000000000020000000000000043
:108B30000000000000000000000000000000000035
:108B40000000000000000004000000000000000021
:108B50000000000000000000000000000000000015
:108B60000000000000000000000000000000000005
:108B700000000000000000000000000000000000F5
:108B800000000000000000000000000000000000E5
:108B9000000000008A003C00001000F040000000CF
:108BA0000000000040000000000000000000000085
:108BB00000000000000000000000000000000000B5
:108BC00000000000000000000000000000000000A5
:108BD0000000000000000000000000000000000095
:108BE0000000000000000000000000000000000085
:108BF0000000000000000000000000000000000075
:108C00000000000000000000000000000000000064
:108C100000000000000028280000000000F0000014
:108C20006B7308007069046D00000354E29443D72D
:108C3000FAFAD0043B8402D0480840004030018852
:108C40004010042010400410082080880085B004E3
:108C50001081010188800000000000000000000079
:108C600000000000000000000061E8182200000081
:108C70000010006000000000000000000000000084
:108C800000000000000000000000000000000000E4
:108C900000000000000000000000000000000000D4
:108CA00000000000000000000000000000002100A3
:108CB00000000000000000000000000000000000B4
:108CC0000000000000000000200000000000200064
:108CD0000000000004000200040020000400200046
:108CE000000000000400000000000400200000005C
:108CF0000400110000000000000004000400040053
:108D00000400000004001100200004001100000015
:108D1000040010000000000000000400000004082F
:108D20000000000000000000000000000000000043
:108D30000000000000000000000000000000000033
:108D40000000000000000000000001000000000022
:108D5000010000000000010001000100010001000D
:108D60000100000000000100000000000000000001
:108D700000000000000000000000000000000000F3
:108D800000000000000000000000010000000400DE
:108D900000000000010000000000000010000000C2
:108DA00000000000000000000000000000000000C3
:108DB00000000000000000000000000000000000B3
:108DC00000000000000000000000000000000000A3
:108DD0000000000000008000000000000000000013
:108DE0008000000000C000000000C0000010000073
:108DF00040000000000000000000400140000011A1
:108E0000002000004000000000C100A0400100114F
:108E100000880020000000080001000000010000A0
:108E200000000000800000000000000000000000C2
:108E30000000000000000000000000000000000032
:108E4000000000000000000800000000000000001A
:108E500000000010000000002000000000000000E2
:108E600090102000000000000000002004004000DE
:108E70004000000000200000000000100040A000A2
:108E800000080041400000100000001002200040D7
:108E900000400000002104000421001000100040E8
:108EA000002104100010021000000000000000006B
:108EB00000000000000000000000000000000000B2
:108EC0000000001000000000000000000000000092
:108ED0000000000000000000100000000000000082
:108EE000000000A000840084000000C0000000100A
:108EF000000000C0001000100084001000000910E5
:108F0000004000A000100002004000C0001000025D
:108F100000000040401000102108001000820002F4
:108F20000010008400000008002000000000000085
:108F30000000000000000000000000000000000031
:108F40000000000000000000000000000000000021
:108F50000000000000000000000001000000000010
:108F60000000000000000000000000000000000001
:108F700000000003000000800000000000800000EE
:108F8000000000800000040000910080000000004C
:108F9000000000000080400000000000000004000D
:108FA000008800414000000500850000000000002E
:108FB00000000000000000000000000000000000B1
:108FC0000000000000000000000000000000001091
:108FD000000000000000040000000000000000008D
:108FE00000000200000000000000000000002082DD
:108FF00000000000000002000000020000000088E5
:10900000000010001000000420820508000000008D
:109010000000000000A0110000000000000000009F
:10902000000000000000000009000008000000002F
:109030000000000000000000000000000000000030
:109040000000000000000000000000000000000020
:10905000000000000000000001000000000000000F
:1090600000000000010000000003000000410000BB
:109070008500000000000000010000002100000049
:1090800000000000080000000000110300000000C4
:109090002000840000000000001000000021880073
:1090A0000009001100000000000000000000100096
:1090B0000000000000000000000000A00000000010
:1090C000000000000000000000040000000000009C
:1090D0000000000009000000200004000000100053
:1090E00000000900001002400410209009840402CE
:1090F000000000000410214000A000104040008447
:109100000084031000020200101000022002001070
:1091100040400010000000040082004000000000F9
:10912000001000C00000000000004110000000829C
:109130000008001000000000000000000000000017
:10914000000000000000000000000000000000001F
:10915000000000030000000000000100010000000A
:10916000000000000000000001800000010000007D
:10917000000000000000000000000000000000806F
:1091800000000002000000000000000000000100DC
:1091900000000080000000000000040200A1840024
:1091A0004008A000000000000000000000002000B7
:1091B000001100400000000000000000000000005E
:1091C00000100000000000C00000000000000000CF
:1091D000000000000000000000000000000000008F
:1091E000000000000084001000C10241048800005B
:1091F0008000001000000000031000000040008408
:1092000000840000004000C00084208400C002A050
:1092100002A000000240008240A0001000100008E0
:1092200000C000000090002000000082000000004C
:1092300002C000A0040000000000000000000000C8
:10924000000000000000000000000000000000001E
:10925000000000000000000000000000000000000E
:1092600000000000000000000000002083C001009A
:1092700000002005000000000000008800000080C1
:1092800008040000001000C00008000000000000FA
:109290000100910000080180000008008200000029
:1092A00000000000C0000000000000050000A00059
:1092B00000000000000000000000000000000000AE
:1092C0000000080000000000000000000000000096
:1092D000000000000000000000000000000000008E
:1092E000000008000000000080038341C02100034B
:1092F0004008001180401008000000000000A0009D
:10930000000000002000208000000000000000009D
:109310000000004080110340009108000000200080
:1093200000000000008000000000000000001000AD
:109330000000080000000000100000000000000015
:10934000000000000000000000000000000000001D
:10935000000000000000000000000000000000000D
:1093600000000000000020000000080109010201C7
:1093700000000941000882C1014100009000840002
:10938000020000000090098200C0008400009000EC
:10939000000000009082C008004100850100080024
:1093A00000000000000800100090004000000800CD
:1093B00001000000010000000000010001000000A9
:1093C0000090008801000000004000C00000000084
:1093D000000000000000000000000000000000008D
:1093E0000000000001010110000101C1080040005F
:1093F00088008401880089008800A10100008201A2
:10940000C0C08889021108002000908882C090C0E6
:1094100040018800820020008884900284840190AA
:1094200001000184000100000000000000000000B5
:10943000000800010000000001000100000002001F
:10944000000000000000020000000000008000009A
:10945000000000000000000000000000000000000C
:10946000000000000000100341804010108900003F
:1094700000000000800311004100C000200900002E
:109480000008800000C0008880000000000000800C
:10949000000000100000800080090000002100A1F1
:1094A0002000020008800209000000000000000007
:1094B000000000000010000040001000100000003C
:1094C000000000000000000000000000000000009C
:1094D000000000000000000000000000000000008C
:1094E000000000000000000000000000000000007C
:1094F00000000000040080001003801100404020A4
:10950000008000800000400080800000008080001B
:109510000080008000000800000002800000008041
:10952000408000050010008800A00000000000003E
:109530000000008000000080008000030011002176
:109540008005000000000000000000000000000096
:10955000000000000000000000000000000000000B
:1095600000000000000000000000000000000000FB
:10957000C0000088000800088290000010008200EF
:10958000010100800010009001402082004000C0D6
:10959000848890820010008200880090002000885B
:1095A000088401020040008500A0408300000800FC
:1095B000820000000002008800100082000000000D
:1095C00000900241000000000000000000000000C8
:1095D000000000000000000000000000000000008B
:1095E0000000000000000000000000008900902042
:1095F000A001410001010104010001080004002054
:10960000000000880080418989200200C140C0001C
:109610009000840040100000000000000002830061
:109620009082C0008940002000200001000000401E
:109630000000000000000100010000000000000028
:109640000001000100000000000000000000000018
:10965000000000000000000000000000000000000A
:1096600000000000000000000000000000000800F2
:109670001108C010080003104100210005800011EE
:1096800000110040000000800883840002000800F0
:109690000000000080000080000800000000008042
:1096A0008303408020001000000000400003000001
:1096B000000000000000000003001000400009004E
:1096C0000000000800210000000000000000000071
:1096D000000000000000000000000000000000008A
:1096E000000000000000000000000000000000007A
:1096F00006600013C200420021000013C2000642AF
:1097000011820013C2000081000021840013C200F6
:109710002100000000000000000000000000000028
:10972000000000600000C200820000410000C20092
:1097300000820000000000000000000000000000A7
:109740000000000000000000000000000000000019
:109750000000000000000000000000000000000009
:1097600000000000000000000000000000000000F9
:109770000000FF4646460000000000000000000018
:109780000000000000006C660C0000006666CFC39D
:1097900000000000000000000000000000000000C9
:1097A00000000000FFFFFFFF0000000000000000BD
:1097B000FFFDFFFF00000000000000006F9FFFFFA3
:1097C0000000000000000000FFFF0F0F000000007D
:1097D0000000000000000000000000000000000089
:1097E0000000000000000000000000000000000079
:1097F00000000000F94040400000000000000000B0
:1098000000000000000000006C6F0C0F00000F0053
:109810000F00000000000000000000000000000039
:10982000000000000000F9FFFBFB0000000000004A
:109830000000FFFDFFFF00000000000000000FFF20
:10984000DBFF0000000000000000FFFF0E0600002C
:109850000000000000000000000000000000000008
:1098600000000000000000000000000000000000F8
:109870000000000000000000000000000000821056
:1098800002000000000000000000000000000000D6
:1098900000000000000000000000000000000000C8
:1098A00000000000000000000000000000000000B8
:1098B00000000000000000000000000000000000A8
:1098C0000000000000000000000000000000000098
:1098D0000000000000000000000000000000000088
:1098E0000000000000000000000000000000000078
:1098F000000000000000000000000000E724E7E492
:10990000000000000000000060E360FF2424B4B405
:109910000000000000000000000000000000000047
:1099200000000000000000000000BFBFBF3C0000BE
:109930000000000000003C78F0F000000000000093
:109940000000000000000000000000000000001007
:1099500000100000000000000000000000000000F7
:1099600000000000000000000000000000000000F7
:1099700000000000000000000000000000000000E7
:10998000F0F0000000000000000060E360006600EE
:10999000F6F00000000000000000000000000000E1
:1099A0000000000000000000000000002020203C1B
:1099B00000000000000000003C783C78000000003F
:1099C0000000000000000000000000000000000097
:1099D000000000000000000009000000000000007E
:1099E000090000000000000000000000000000006E
:1099F000000000000000000000000000008600B42D
:109A000001B00000008600F001A00000008600D434
:109A100001A000000000008600B401A00000008644
:109A2000006000B000000086006000B00000058605
:109A3000007400B000000086007400B000000086D2
:109A4000006000B000000586006000B000000086E5
:109A5000006000B0000000000020000001000000D5
:109A600000200000010000000000000000000000D5
:109A70000000000000000000000000000000F8FAF4
:109A800028AA0000000000000000CF8FFFAF0000F8
:109A9000000000000000000078287828FFFFFFFF8A
:109AA000FC3CC000FEFEFFBE00000000FFFFCFFF39
:109AB000FFBEFBFF01FF41FF00000000EFEFFFAF23
:109AC000000000000000000000000000FFFFFFFF9A
:109AD00000000000FF000000004000000000020045
:109AE0000040000000000200000000000000000034
:109AF0000000000000000000000000000000000066
:109B0000D0D200820000000000000000FFAFFFAFD5
:109B100000000000000000000000F000FAAAFFEBC7
:109B2000FBFBF000F000FFFFFFFF00000000FFFF65
:109B3000FFFFFFBEFFFF00FF41FF00000000FFFF2F
:109B4000FFFF000000000000000000000000FBFB21
:109B5000FFEB00000000FF0000000000000000001C
:109B600000000000000000000000000000000000F5
:109B700000000000000000000000000000000000E5
:109B800000000000000000000000000000003C0C8D
:109B90007D5DF828FAAA545454FF0000000000002C
:109BA0000F5517553F30FF00000000200000000057
:109BB000FFBEFEFEFCC03C0001010B0B00000000DC
:109BC000000000000000041400000000000000007D
:109BD0000000000000000000000000000000000085
:109BE0000000000000000000000000000000000075
:109BF0000000000000000000000000000000000065
:109C00000000000000000000000000000000000054
:109C100030007151D000D282404040EB0000000083
:109C200000000F0F17173030000000000020000068
:109C30000000FFFFFFFFF0F0000001010B0100003A
:109C40000000000000000000000000000000000014
:109C50000000000000000000000000000000000004
:109C600000000000000000000000000000000000F4
:109C700000000000000010000000050000000000CF
:109C8000000000004000000000000000090020006B
:109C90000000110000004000000020001100000042
:109CA000000000002000040004000000000000008C
:109CB000040000000300400004001100200020A068
:109CC00000002100000004000800214000000040C6
:109CD00008100000040800A020A0000000A0000060
:109CE0000000000000000000000000000000000074
:109CF0000000000000000000000000000000000064
:109D00000000000000000000000000000000000053
:109D100001000000000084000000000001000000BD
:109D20000000000000000100000001000000000031
:109D30000000000000000000000000000000000023
:109D400000410000000000000000010000000000D1
:109D50000080000000000000000020000000000063
:109D600000210000000000000000000000000000D2
:109D700000000000000000000000000000000800DB
:109D800000000000000000000000000000000000D3
:109D90000000000080000000000000000000000142
:109DA000050000C08020000000210088030500009D
:109DB0000401000000000010000000A120000000CD
:109DC000000000C004A00088000000008000100017
:109DD000040108010000000008000000000000006D
:109DE0000000000000000000000000000000000073
:109DF0000000000000000000000000000000000063
:109E0000000000000000000000000000000000084A
:109E1000000000000000040000000000001000002E
:109E2000000400000000208000000084000000A06A
:109E300000000120000040104010A0002002400857
:109E4000201000080041011000410010000008111E
:109E50000141010400020421001000000041004102
:109E600000100000004000000000000000000000A2
:109E700000000000000000000000000000000000E2
:109E800000000000000000000000000000000000D2
:109E900000000000000000000000000000000000C2
:109EA000000000000000000000040010000000009E
:109EB000000000A000100010000020102020000270
:109EC0000010000400080090008400C0008800A07A
:109ED000008210010088824000C000000020004085
:109EE00000C00000000000000000000000000000B2
:109EF0000000000000000000002100000000000041
:109F00000000000000000000000000000000000051
:109F100000000000820000000010824100000003E9
:109F20000000001004100010000000A1000000104C
:109F300000000021000000050000002101000100D8
:109F400000000005000000400000000300100003B6
:109F5000880000030104001011900000002100009F
:109F600000000021000000000000000000000000D0
:109F700000000000000000000000000000000000E1
:109F80000000000000000000000000A00000200011
:109F900005000000000000000500000000000000B7
:109FA0002110000000009000210000008800000047
:109FB00004000000200011000001000000000082E9
:109FC000800810840000032000001000000000043E
:109FD00080C00000001080010000000000001000A0
:109FE000110010A010101000000000000000000080
:109FF0000000000000000010000000000000000051
:10A000000000000000000000000000000000000050
:10A01000000000000010000000100000000500001B
:10A0200000000000000000002000001000000400FC
:10A030000000010000050900A00500041000C00098
:10A0400000101080094100210000100000000005F0
:10A0500000800400C0211005400200100000000034
:10A0600001000000022100020000100000050000B5
:10A0700000000000000000000000000000000000E0
:10A0800000000000000000000000000000000000D0
:10A0900000000000090000000000090000000000AE
:10A0A00004100000000000A0000008C02000000014
:10A0B000400000100804218420100000002000C08F
:10A0C000404000101021000004400900000203027B
:10A0D000000004002100088800882002048800880D
:10A0E00000100000000000020000000000000884D2
:10A0F0000000000000000000000000000000000060
:10A10000000000000000000000000000000000004F
:10A1100000000000001100000000001100210000FC
:10A12000884001210000C0000000004000108400B1
:10A1300000000000004100000021000500000000B8
:10A1400004000000001100040000000000000021D5
:10A150000410000001000011000000000100014097
:10A1600000000000000000000010000000000003DC
:10A1700004110000000000000000000000000000CA
:10A1800000000000000000000000001000000000BF
:10A190000800000000000000200000100000000087
:10A1A0000000000400000090111010A0009000A01A
:10A1B0000888000000100000031005000040001097
:10A1C000201009888010C00800840010008400005E
:10A1D00008848000089000C01008002100200000C2
:10A1E000000900A000000000009000840800041096
:10A1F00000000084000000000000000000000000DB
:10A20000000000000000000000000000000000004E
:10A21000000000000000000000100000002100000D
:10A2200000410021008000050000004100410005C0
:10A230000000A0100000000000050000A0000408BD
:10A240000000012182210408059020080000C0417F
:10A2500084200000042100410000000500200000CF
:10A26000004100880021001000000810A00000003C
:10A2700000000000100000000000000000000000CE
:10A2800000000000000000000000000000000000CE
:10A2900000000000000000000000000000000000BE
:10A2A0000000000000000000000080000000080026
:10A2B00000000000080000008009409141410411A5
:10A2C000008821C02008410804830203801009C1CE
:10A2D00000000000C10000008040804140A000104C
:10A2E000400302094010104100090008001100401D
:10A2F000000000000000000000000000000000005E
:10A30000000000000000000000000000000000004D
:10A31000000000000000000000000000000000003D
:10A320000000000000000000080000002000000005
:10A3300000000000000000000000100884840111EB
:10A34000000400084084010501030511014010913B
:10A35000001100009000100000000840040583096F
:10A3600000410101030001010001000000010000A3
:10A3700000000000000000000000000000000000DD
:10A3800000000000000000000000000000000000CD
:10A3900000000000000000000000000000000000BD
:10A3A0000000000000000000000000010082000129
:10A3B000009000000000000000000000A00120004C
:10A3C000A1821009880011C0A000048900000101C9
:10A3D000008401A00088000000000000C0014000CF
:10A3E00020000882890088000984820000000000A3
:10A3F000000000000000000000000000000000005D
:10A40000000000000000000000000000000000004C
:10A41000000000000000000000000000000000003C
:10A42000000000000000000000000000001000809C
:10A4300000100000000000000000000000004002CA
:10A4400089009011C00511041000C0001105020917
:10A450000809028004000000000000000000001055
:10A460000000800080A120000400A0809000000077
:10A4700000000000000000000000000000000000DC
:10A4800000000000000000000000000000000000CC
:10A4900000000000000000000000000000000000BC
:10A4A00000000000000000000000000000000000AC
:10A4B000000000000000001000110004000800006F
:10A4C000084100C100910905040305400821C004AA
:10A4D0004008000421208508008000002100008041
:10A4E000100080809100080021C000102184894064
:10A4F000400000000000000000000000000000001C
:10A50000000000000000000000000000000000004B
:10A51000000000000000000000000000000000003B
:10A52000000000000000000000000000000000002B
:10A5300000000000000020000000000000000001FA
:10A5400000000005080900020209820401830311CA
:10A55000848800018800C101910100040084014049
:10A560000802004010C0A0C0918800410020018472
:10A570009003010000000000000000000000000047
:10A5800000000000000000000000000000000000CB
:10A5900000000000000000000000000000000000BB
:10A5A00000000000000000000000000000000000AB
:10A5B000000002001020A000C100000800000040C0
:10A5C0000000000089100901840511A00908050890
:10A5D0001001C0A0400020209001400000080000B1
:10A5E000000000004009C0A0820088900008008898
:10A5F00000010090000000000000000000000000CA
:10A60000000000000000000000000000000000004A
:10A61000000000000000000000000000000000003A
:10A62000000000000000000000000000000000002A
:10A6300000000000830089009100100000800000ED
:10A64000000000000000408005041103A180048088
:10A6500040218408C00000000088000900000000BC
:10A6600000000000000900088080000000000009D0
:10A6700000100009000000000000000000000000C1
:10A6800000000000000000000000000000000000CA
:10A6900000000000000000000000000000000000BA
:10A6A00000000000000000000000000000000000AA
:10A6B00000000000000011820013C2002100008190
:10A6C0000000C2000000000012420013C200008817
:10A6D00081810013C200000011820013C20000003B
:10A6E000210000130000000021840013C200004874
:10A6F0000A810013C20000000000000000000000FA
:10A700000000000000000000000000000000000049
:10A710000000000000000000000000000000000039
:10A720000000000000000000000000000000000029
:10A730000000000000000000D4D4D4D700000000C6
:10A7400000000000040404FF000004FF07FF003CB9
:10A75000FFFF0F0CFFFF00FF3FFF000000003F3F27
:10A7600014D70000000000000000000000000000FE
:10A7700000000000000050505F5F0000000000007B
:10A7800000000000000000000000000000000000C9
:10A7900000000000000000000000000000000000B9
:10A7A00000000000000000000000000000000000A9
:10A7B00000000000000000000000000000FF00009A
:10A7C000000000000000000000FF000004FF07FF81
:10A7D000000FFFFF000CFFFF00FF30FF0000000034
:10A7E000030314D700000000000000000000000078
:10A7F0000000000000000000303F303F000000007B
:10A800000000000000000000000000000000000048
:10A810000000000000000000000000000000000038
:10A820000000000000000000000000000000000028
:10A830000000000000000000000000000000000018
:10A8400000000000000000000000000000005010A8
:10A850001010551010100038003000BA00303F3092
:10A86000AAAAFFF0ACAC0000000000000000FE54FB
:10A87000FEFE000000007D3CF0FAFAFABE14F0F093
:10A88000F0F30000000000000000000000000000E5
:10A8900000000000000000000000000000000000B8
:10A8A00000000000000000000000000000000000A8
:10A8B0000000000000000000000000000000000098
:10A8C0000000000000000000000000000000000088
:10A8D0005000000000000000002800000000000000
:10A8E0003C3CFA0A0F00ACAC000000000000000085
:10A8F000EA40404000000000283CF0505050BE1498
:10A90000F0F0F03000000000000000000000000047
:10A910000000000000000000000000000000000037
:10A920000000000000000000000000000000000027
:10A930000000000000000000000000000000000017
:10A94000008600B401B000000000000C0000000010
:10A9500000000086004C03A000000086004C03A00D
:10A96000000000860A9CA3B00080008600E00390EF
:10A9700000000086009C0380000000860A7CA3E0A3
:10A980000080000000000000000000000000000047
:10A9900000000000000000000000000000000000B7
:10A9A00000000000000000000000000000000000A7
:10A9B0000000000000000000000000000000000097
:10A9C0000000ACACA0A000000000000000000000EF
:10A9D0000000000050101010000000000000F828D7
:10A9E00000000000FB0BABAB00000000000000000B
:10A9F0005C005CFFBEFCFFFC07F7FFFF00000000EF
:10AA0000003C003C000000000000000000000000CE
:10AA10000000000000000000000000000000000036
:10AA20000000000000000000000000000000000026
:10AA30000000000000000000000000000000000016
:10AA4000000000003CFC00F00000000000000000DE
:10AA50000000000000005000000004040455000045
:10AA600000000404040FF808A8A80000000000007B
:10AA700000005C3C5C3C82C000C004F400000000AC
:10AA80000000013D003C000000000000000000004C
:10AA900000000000000000000000000000000000B6
:10AAA00000000000000000000000000000000000A6
:10AAB0000000000000000000000000000000000096
:10AAC0000000000000000000000000000000000086
:10AAD0000000000000000000FFE8FF0000FF2DFF65
:10AAE000FFF3FF0000FF5CFF3FFF350500000000A3
:10AAF0000000000000000000BE14FF0000FF00FF87
:10AB00000000000000000200000000000000000043
:10AB10000000000000000000000000000000000035
:10AB20000000000000000000000000000000000025
:10AB30000000000000000000000000000000000015
:10AB40000000000000000000000000000000000005
:10AB500000000000000000000000FFE8FF0000FF10
:10AB60002DFFFF30FF0000FF5CFF3AFA30000000CD
:10AB700000000000000000000000FA50FA502878A1
:10AB80002D7D000000000200000000000000000019
:10AB900000000000000000000000000000000000B5
:10ABA00000000000000000000000000000000000A5
:10ABB0000000000000000000000000000000000095
:10ABC000000003000000000020000400000004005A
:10ABD00000008000000000000400000000002000D1
:10ABE000200000002000200020000010040090043D
:10ABF000A000000041100200020800100000001038
:10AC000000000200091004100240020000000400CD
:10AC100004A010A000080408041020000000000098
:10AC20000000000000000000000000000000000024
:10AC30000000000000000000000000000000000014
:10AC40000000000000000000000001000100000002
:10AC500001000000040000000000010000000000EE
:10AC60000000A10000000100000000000000000042
:10AC7000118004000000000001000100000000003D
:10AC80000000000001000000000001800100000041
:10AC900000000000010000001000000000000000A3
:10ACA00000000000000000000000000000000000A4
:10ACB0000000000000000000000000000000000094
:10ACC00000000000000000A000000000A000000143
:10ACD000000000010000000000008004002000C00F
:10ACE000A0004000000080008000800085A00000DF
:10ACF000800000008000000400100000002000A080
:10AD00000001000000008010000000400000001062
:10AD1000000200218040800100000000008200004D
:10AD20000000000000000000000000000000000023
:10AD30000000000000000000000000000000000013
:10AD400000000000000000000000000000002100E2
:10AD500000040000000400000000000020800080CB
:10AD60000000211000000000021004082000201044
:10AD70000000200000001008209020084000002063
:10AD800000110020000000002010000000800010D2
:10AD900000A1008000C002A002100010900000205E
:10ADA0000041000000000000000000000000000062
:10ADB0000000000000000000000000000000000093
:10ADC0000000000000000000000000000000000083
:10ADD0000000000000000000000000204000001003
:10ADE000000200008010008200848041000200A068
:10ADF0008000000000020004090200880083002196
:10AE00000010008400088000004000400000004165
:10AE1000108480A000000088001000400090000016
:10AE20000090000200000000000000000000000090
:10AE30000000000000000000000000000000000012
:10AE40000000000000000000000000000000000002
:10AE50000000880000000000A041A003C090000096
:10AE600000008410000008809021404002C0404152
:10AE7000C0050405004000A0001000820000004052
:10AE800002842080000400212000100300900004B0
:10AE900000200100080000210041000500800000A2
:10AEA00000004000002100000082000000000000BF
:10AEB0000000000000000000000000000000000092
:10AEC000000000000000000004000000000011006D
:10AED000000003000000A0010000202100C00404C5
:10AEE0002004080004000000C10100004185830126
:10AEF00002200000032020000409000010051000BB
:10AF0000A1008300020010002000000020020200C7
:10AF100080000500100400000082000200200000F4
:10AF200000000000410000000000000000000000E0
:10AF30000000000000000000000000000000000011
:10AF4000000000000000000000030000000390006B
:10AF50000000000000000000050400000184000063
:10AF6000018001800021011000000810000300048E
:10AF7000024010A100410080110001A0820800A041
:10AF8000C1000221020888050005C100000001007F
:10AF90002110400000210009002100000009008468
:10AFA000000900008221C000020200000000000031
:10AFB0000000000000000000000000000000000091
:10AFC0000000000000000000000000000000000081
:10AFD000200000000000400040000000410000A0F0
:10AFE0000082204000C0001000A00000888540883A
:10AFF000204002410084000009004040002000A1E0
:10B000002020C110400104C00988211020880000C0
:10B0100021408588008800900902808800C0004097
:10B020001000000010C00000000000400000000000
:10B030000000000000000000000000000000000010
:10B040000000000000000000000000000000000000
:10B05000000000100010000000100000000084003C
:10B06000001000082100000000100000000009107E
:10B070000003200289C0400000000000844000C19D
:10B0800000089102100500200102000000210000CC
:10B09000020040410210400002008800020000004F
:10B0A00000000100042000410000000000800000BA
:10B0B0000000000000000000000000000000000090
:10B0C0000000000000000000000000000000000080
:10B0D000000000000000000011000000110000004E
:10B0E00000C00001210000C00000009000A000008E
:10B0F0000811000009828241C10000088000058219
:10B1000000A000100000008400A00088C110C11041
:10B11000918210A041C08040108800A0808400115E
:10B12000000000C00090008200C00000000200008B
:10B13000000000000000000000000000000000000F
:10B1400000100000001000000000000000000000DF
:10B1500000100000000300000003000000000000D9
:10B16000000000000020001000000000000084002B
:10B17000000001900003000003C004000009040067
:10B1800000000020820000100005000000002005E3
:10B190002000040300090205029000000041044061
:10B1A000000810218209C021C00000410010882041
:10B1B000000300000000000000000000000000008C
:10B1C000000000000000000000000000000000007F
:10B1D000000000000000000000000000000000006F
:10B1E000000000080882030204088008880941035F
:10B1F000208900000002080808038541108420917E
:10B200000511114004C1058940C088050885052144
:10B2100080101040832005200291030809000000DF
:10B22000890009001100030089000400000080006B
:10B2300011000000000000000000000000000000FD
:10B2400000000000000000000000000000000000FE
:10B2500000000000000000000000000000000000EE
:10B26000000000004090C08400C1000402081010DB
:10B27000018800080000000140010100850109A0CB
:10B28000C08400A0A01000A0114101C0840401826C
:10B290000140024100101182C10401C002050000FA
:10B2A000C0000300020002008400C1000000000092
:10B2B000C0000000000000000000000000000000CE
:10B2C000000000000000000000000000000000007E
:10B2D000000000000000000000000000000001006D
:10B2E00000000010000088000200A001908301000F
:10B2F000008200100000000008001082002082017F
:10B3000009008202A004A1C1890004218491A188BE
:10B3100003A18820100140040800C08803A0910800
:10B320000900C100A09008854000A00005A0088584
:10B33000000000000000000000000000000000000D
:10B3400000000000000000000000000000000000FD
:10B3500000000000000000000000000000000000ED
:10B3600002001100108008000340C000C0101185C9
:10B3700010001100041111000000210011800800CC
:10B3800091059040408091880885201088020290A5
:10B3900009411089200089109080C011A0008811F7
:10B3A00008C09104A1001100C1C083208400058061
:10B3B0009191000000000000000800000000000063
:10B3C000000000000000000000000000000000007D
:10B3D000000000000000000000000000000000006D
:10B3E000000000000000000000000209800940A1E8
:10B3F000C1C0088980048021080500001189000867
:10B4000003854005104080110082050302918011E0
:10B4100003820883410390048002204004200040FE
:10B420008988218800880002000800840090008537
:10B43000000400890080000021000080000000005E
:10B4400000000000000000000000000000000000FC
:10B4500000000000000000000000000000000000EC
:10B460000000000000000000000000000140820811
:10B47000001185C000A0104082039105000001105A
:10B4800000200184C10501A008200008900800C028
:10B49000088300119003000082008401080000204E
:10B4A000000808850011400800C0000500080008D9
:10B4B000000800040008001000820082000800005C
:10B4C000000000000000000000000000000000007C
:10B4D000000000000000000000000000000000006C
:10B4E0000000000000000088000100000000A140F2
:10B4F000C1408201A1010000000000010000000025
:10B500000190000000010190110010C0C0C00800AF
:10B51000094011031002A0000991C1A0110088C1C7
:10B520008201C0A08401020482011088840090C0BE
:10B5300082914088840040C000900000000000001C
:10B5400000000000000000000000000000000000FB
:10B5500000000000000000000000000000000000EB
:10B560000000000000000000000000100040000883
:10B570008811050909084008400008030908080067
:10B58000000002800420090211001011118402043D
:10B59000C005830441A188C09140100941848521E0
:10B5A00041102003039011404000802080828040A1
:10B5B0000080802000C180080080000000000000A2
:10B5C000000000000000000000000000000000007B
:10B5D000000000000000000000000000000000006B
:10B5E0000000000000000000000000810000C20018
:10B5F000000082410013C200418111820013C20089
:10B600000088000000410000C20021821182001366
:10B61000C200000082410013C20000001242001369
:10B62000C200410012420013C20042001200001387
:10B630000000000081000013000000000000000076
:10B6400000000000000000000000000000000000FA
:10B6500000000000000000000000000000000000EA
:10B6600000000000000000000000000000000000DA
:10B6700000000000FF2DFF00FF0FFF00FF04FF0090
:10B68000FFFF3F000000FF3F3C3CFFFF0F3C7E669A
:10B690007E0FFF6FF363E626FFF33C3C6F090F0F4D
:10B6A0001E1E66663C3C6C3C6CFFFF3F663F000024
:10B6B00000009F9F060600000000FF660F3C000090
:10B6C000000000000000000000000000000000007A
:10B6D000000000000000000000000000000000006A
:10B6E000000000000000000000000000000000005A
:10B6F000000000000000FF2DFF00FF3CFF000404DD
:10B700000000FFFF03000000FC3C3C3CFFFF00008A
:10B710004266420F9C0C9000E6260C00BD240F0FE1
:10B720006F097E18660F660F6C3C6C00990300036E
:10B73000000000007E187E180000000000660F3C2C
:10B7400000000000000000000000000000000000F9
:10B7500000000000000000000000000000000000E9
:10B7600000000000000000000000000000000000D9
:10B7700000000000000000000000000000000000C9
:10B7800000000000000000000000000000000000B9
:10B7900000000000000000000000000000000000A9
:10B7A0000000000000000000000000000000000099
:10B7B0000000000000000000000000000000000089
:10B7C0000000000000000000000000000000000079
:10B7D0000000000000000000000000000000000069
:10B7E0000000000000000000000000000000000059
:10B7F000000000000000202020FF10101018300072
:10B800003400202020FF3000700000003070000065
:10B8100010101090F0E4F0E442F07EFF94F49DFDEF
:10B82000000FF0FF09C93FFF427E0FFFC7F704F783
:10B83000606FE7E70000000066F066F000000000BF
:10B840006666F0F00000000000000000000000004C
:10B8500000000000000000000000000000000000E8
:10B8600000000000000000000000000000000000D8
:10B870000000000000000000000000FF00000018B1
:10B8800000002400000000FF0000600000000060D5
:10B8900000000000009000E4FFE442007E0F04641A
:10B8A0000D6D6C6C6C6C00C036F6427E00F004349A
:10B8B00004F7606F2424000000003C003CFF0000FF
:10B8C000000000FF3C3C0000000000000000000001
:10B8D0000000000000000000000000000000000068
:10B8E0000000000000000000000000000000000058
:10B8F0000000000000000000000C000000000086B6
:10B90000004C03A000000086004C039000000000E3
:10B910000086026C00B000000086005C03A00000FE
:10B920000586505C03A90085008600DC03B000009A
:10B930000086005C03B00000008600A003B8000091
:10B94000008600A003B800000086006000B0000080
:10B9500000000000000000000000000000000000E7
:10B9600000000000000000000000000000000000D7
:10B9700000000000000000000000000000000000C7
:10B98000000000000C0D000000000000040404FF93
:10B99000000000000000CFFFCFFF00BC00A00000AF
:10B9A00000000038002800000000EFEC2F2C000001
:10B9B00000005010101040004000F0E8EBFF0CCFEA
:10B9C000D7D778F0BEFF3C0FFF5500000000000005
:10B9D0000000000000000000000000000000000067
:10B9E0000000000000000000000000000000000057
:10B9F0000000000000000000000000000000000047
:10BA000000003C2020200005000000000000000095
:10BA100000FF000000000000FFFFEFEF000000004B
:10BA2000000C050D003000000404040FE3E02320A7
:10BA3000000000005000000040005010F0E8280016
:10BA40000CCF141478F014003C0F005500000000D7
:10BA5000282C000000000000000000000000000092
:10BA600000000000000000000000000000000000D6
:10BA700000000000000000000000000000000000C6
:10BA800000000000FFB2FF0000FFCFFFFF202020DA
:10BA9000000000000000000000001010EFEFFF3A6F
:10BAA000FF0000FFCFFFFBF8F0F000FFCFFFEA2A16
:10BAB000FFF30F35FF35FFFCF0F0FFFFDFFF000065
:10BAC00000003F3F14D7000000000F3CFF5500006E
:10BAD0000000000000000000000000000000000066
:10BAE0000000000000000000000000000000000056
:10BAF0000000000000000000000000000000000046
:10BB0000000000000000FFB2FF0000FF0CFFFF007C
:10BB10000000000000000000000000001010EFEF27
:10BB2000FF3AFF0000FF0CFFFBF8F0F000FF0CFFF6
:10BB3000EA2A0C000035F035F3F0F0F0FFFFFFFFCC
:10BB400000000000030314D7000000000F3C005564
:10BB500000000000000000000000000000000000E5
:10BB6000000000000000C000400040004000400015
:10BB70000000000000000000000000004000400243
:10BB80000000000080000400800004008400040025
:10BB9000000000000400110000000400200002006A
:10BBA000100000004000000004A020000000000081
:10BBB000040011010000000004C04000400020010A
:10BBC0002021900040000420842040004000820199
:10BBD00080000400028400008000000000000000DB
:10BBE000000000000000000008000100010001004A
:10BBF0000100000000000000000000000000010043
:10BC0000008000000000400090000400010041009E
:10BC10000100100000000100000000000100000011
:10BC2000000002000000000082000000020000008E
:10BC30000000900000200000000000410100010011
:10BC4000022000C04000010001804180010001008D
:10BC500041404020010000000000400000000000C2
:10BC600000000000000000000000000000000000D4
:10BC70000000000000000000000000000000800044
:10BC800000000000000000000000000000000000B4
:10BC900000200000800000000021000000C0000023
:10BCA00000008020000000000010001000000020B4
:10BCB000000100000041000000000001000200102F
:10BCC00000100010000000008000881080000000BC
:10BCD000004000008011000000000010000800007B
:10BCE0000000000000000000000000000000000054
:10BCF0000000000000000000000000000000000044
:10BD000040000000000000000000000000000400EF
:10BD10000000008000000400000000A000000000FF
:10BD2000000000000480000000000021001000005E
:10BD300000800020000000C000000000000400910E
:10BD400000800000008000090009020904100400BE
:10BD500000000080000002900000000000100000C1
:10BD600000000000000000000000000000000000D3
:10BD70000000000000000000000000004000000083
:10BD800080000000004000000084000000008000EF
:10BD900000080010000840000021112080A00002CF
:10BDA00000000020002010000010042003000010FC
:10BDB00040A0000000020090824100000008001036
:10BDC0000002008902100900000000000000842128
:10BDD0000421000000020000020080C000030010E7
:10BDE0000010000000000000000000000000000043
:10BDF0000000000000000000000000000000010042
:10BE00000000400000000000000000000000900062
:10BE10000200000010004002411000820021404159
:10BE20004020000008830020080088080582840361
:10BE30000010C00884001008100003C0882104808E
:10BE40001010100504040100100010100000080973
:10BE500005A009C0002000410000010040000020B2
:10BE600000100000000000000000000000000000C2
:10BE70000000000000000000000000004000000082
:10BE8000000040000300000000000000410000002E
:10BE900000008200800185010000002000400500B4
:10BEA00000824182000000821184800010084082DC
:10BEB00000000883000200000884000000404001E8
:10BEC00040210084000010201000000180001101BA
:10BED00000828221002100000001800000002088F3
:10BEE000050000001000000000000000000000003D
:10BEF0000000000000000000000000000000010041
:10BF00000000000001000000000000000000000030
:10BF10000000000003004020042000030080000017
:10BF200000000000000000000000000040000000D1
:10BF300000000000402040C1000000000000009010
:10BF4000014001040000000020C00000004040004B
:10BF50000040001141A010A00000002004000009D2
:10BF600000000002000800100000000000000000B7
:10BF700000000000000000000000000000000000C1
:10BF80000000400000100000000000000000000061
:10BF90000000000004400001000800100002090831
:10BFA0000008409000844110000080000008030059
:10BFB00000848490000104C011000400848410A057
:10BFC000834100408420801000408400850084A0CC
:10BFD00000820284000084208420020008200200E5
:10BFE00000C000C000004020002000000000000051
:10BFF0000000000000000000000000000000000041
:10C00000000000000100000000000000000000002F
:10C0100000000000001000900002880004211011B0
:10C020001010900000218805C00500004000400865
:10C0300082059005411020020105C00289082103F4
:10C04000001102C000914180020540050341041027
:10C050000910040391000000058505801000080503
:10C06000820010210000002191800090000000005B
:10C0700000000000000000000000000000000000C0
:10C0800000000000000000A0000000000000008888
:10C09000020000008084408400000000418440C011
:10C0A00000000000008400020084C100000000883D
:10C0B00040080020008502C00010008341000000FD
:10C0C00003000000A04100008220021002C000C155
:10C0D000028285820020001010100410042002C08B
:10C0E00041880900030041104088008200100000D0
:10C0F0000000000000000000000000000000000040
:10C10000000000000000000000000000000000002F
:10C1100000000100000040000100000000000000DD
:10C120000100000800030000008000104000000033
:10C1300000009100008000020000000000020041A9
:10C1400000000005000003C0000003800180000023
:10C15000004001040200008020000004A1020380CE
:10C160000000840000000003100001110000000026
:10C1700000000000000000000000000000000000BF
:10C180000003000000000003000300000020000086
:10C190000003000000400000000380000280004116
:10C1A0000003008010A000800003050008A000002C
:10C1B000000000834080888000080083058008809C
:10C1C0000508090490A1082121200483009100059D
:10C1D0004088808085100480808000838000C0803B
:10C1E000000000038000C000000000830000100079
:10C1F000000000000000000000000000000000003F
:10C20000000000010000000000000001000000002C
:10C21000000090010000000000008883844001A01D
:10C2200000880089C00801A000200291098400C094
:10C23000000200000003908405A0000400C1410832
:10C2400000C000020120C10800100090018300849A
:10C25000900990020282A10920C084100041A088A8
:10C26000028800C0000104000300000090038288DF
:10C27000A18800C0000000000000000000000000D5
:10C28000000000000000000000000100010000208C
:10C2900000000100080085400200090000012000A4
:10C2A0000002210840000400A0000983A000C00093
:10C2B00004C0830900001001C008050285C1820086
:10C2C000C000A00841038800020009008488C191D1
:10C2D0000501080040C008010840200183910801C1
:10C2E000C000880821400200C00088A005854000E9
:10C2F000C0000802A1900000000000000000000043
:10C300000000000000000000000000000300080022
:10C3100000000000030080001000800003000910EE
:10C3200000000080034100100000800003880340EB
:10C33000800080000385000080028003908083A03D
:10C340000011050080008385050020008400C120C5
:10C350001089C00982004000800400A18008830584
:10C360000040000080000300800500008080839171
:10C37000004000000000030000000000000000007A
:10C38000000000000000000000000010000000039A
:10C390000040000000000003000000400000000317
:10C3A00000100000A00000030090C100080000037E
:10C3B00000410000800080030000008000A0408059
:10C3C0000003008000809100000320404083112082
:10C3D000880808098920A1408520001010808080ED
:10C3E00080032100804000800003100000A00400B2
:10C3F0000003218080808003008300000000000093
:10C40000000000000000000000000000000100002B
:10C41000000100000000000000010000000000001A
:10C42000000100098882118200090003C18291087D
:10C43000202100200020A0880891000000100802A0
:10C44000000200410040001002880091008888C06E
:10C4500008100309010040018500910100890804CA
:10C460000240A0890002A0028884084101020088DD
:10C4700000A000C1000282C01010400300000000B4
:10C4800000000000000000000000000000000000AC
:10C49000000000000100000000000000010000009A
:10C4A00000000002898410904000C000858941008E
:10C4B00088000888892020908200C108000091002F
:10C4C00008000200880089401000820082004003BA
:10C4D000A0848488A082C001C020400140C0029195
:10C4E0008804048289038501A000A000408883118C
:10C4F0008400840120A0A1028400080040400000C4
:10C50000000000000000000000000000000000002B
:10C5100003000040000003000000000000000321B1
:10C5200000000000008003808300000080000303FF
:10C53000081100000000030000000000C00000001F
:10C540000302000080000000038280000000104110
:10C550008083801180A00080801000850009000089
:10C56000088383C08400209083100000000820808E
:10C570008382000091108000038300008040080047
:10C5800000000000000000000000000000000000AB
:10C59000000000000000000000000000000000009B
:10C5A000000000000000000000000000000000008B
:10C5B000810000130000214841000013000000002A
:10C5C0000000210000130000000021000013000003
:10C5D000000021840013C200416012420013C20017
:10C5E000000011820013C2001100120000130000AD
:10C5F00000001200001300000000110000130000F2
:10C6000042000000000000000000000000000000E8
:10C610000000FF00FF00FFFFF0F0FFFF0000FFFF42
:10C62000C3C3FFFF0000FFFFF0F0FFFFFF00FFFFAD
:10C63000C3C3FFFFFF00FFFFC3C3FFFFC3C3FFFF71
:10C64000C3C30000FFFF0000FFFFF0F0FFFFC3C304
:10C65000FFFF0000000000003C0F3C3C0000000019
:10C660000055FF553FFF3F5FFFFFC3C3FFFFC3C33D
:10C67000FFFFF0F0FFFFF0F0FFFFF0F0FFFFC3C39C
:10C68000FFFFFF00000000000000000000000000AD
:10C6900000000000FF00FF00FFFFF0F0FFFFFFFFC2
:10C6A000FFFFC3C3FFFFFFFFFFFFF0F0FFFFFF002F
:10C6B000FFFFC3C3FFFFFF00FFFFC3C3FFFFC3C3F1
:10C6C000FFFFC3C30000FFFFFFFFFFFFF0F0FFFF0E
:10C6D000C3C3FFFFFFFF0000000055553C3C0000B6
:10C6E00000003C0F3C0F30003050FFFFC3C3FFFF82
:10C6F000C3C3FFFFF0F0FFFFF0F0FFFFF0F0FFFF1C
:10C70000C3C3FFFFFF0000000000000000000000A6
:10C71000000000000000C3C3FFFF0000FFFF0F0F79
:10C72000FFFFC3C3FFFF0F0FFFFF0F0FFFFFC3C3C9
:10C73000FFFFC3C3FFFF0F0FFFFF5555FFFF0F0F95
:10C74000FFFFC3C3FFFF0000C3C3FFFF00FFFFFFE6
:10C75000C3C3FFFFF0F00000F4E0F4E0BF83BC804F
:10C76000F330AAAAFF3CE8E800FF00FF5555FFFFA1
:10C770000000FFFF0000FFFF0000FFFF0000FFFFC1
:10C780000000FFFFFFFF00000000000000000000AD
:10C790000000000000000000C3C3FFFFFFFFFFFF19
:10C7A0000F0FFFFFC3C3FFFF0F0FFFFF0F0FFFFFB1
:10C7B000C3C3FFFFC3C3FFFF0F0FFFFF5555FFFFAD
:10C7C0000F0FFFFFC3C3FFFF0000C3C3FFFF00FF46
:10C7D000FFFFC3C3FFFFF0F00000F5F5A0A0FF03CB
:10C7E000FC00F0F0BE82C300E8E800FF00FF5555F2
:10C7F000FFFFFFFFFFFFFFFFFFFFFFFFFFFFFFFF49
:10C80000FFFFFFFFFFFF000000000000000000002E
:10C8100000000000000000000000024001000004D1
:10C820004940024101000004494002C7016000B4D0
:10C83000494002C7016000B4494002C701000384B7
:10C84000494002C7014003A44940000002C701401B
:10C8500003A4494002C7014003A451400086001CC4
:10C8600003B0000000860ADCA3B80080008601DC6B
:10C8700003A4494002C701E003B4494002C701A034
:10C8800003B4494002C70180038451400000000006
:10C890000000000000000080000000000000000018
:10C8A0000000000000000000000000000000000088
:10C8B000000000000000000000000004BA30AA00E0
:10C8C00000FF04FF003C00200030007000000C0856
:10C8D000080804003C00003C002000300070FFF01D
:10C8E000FCF000001000EF2FE32300000000BE82E8
:10C8F000BE82033F7D7DFCC0FCC005AF7D7DFF7D1A
:10C90000F4E0552DFF2DFFFA41505DDF7DFF000063
:10C910000000000000000000000000000000000017
:10C920000000000000000000000000000000000007
:10C930000000000000000000000100000000AA004C
:10C94000AA000000040400200020000000500000A5
:10C950000C00000004000400002000200000005033
:10C96000F3F0F0F000000000EC2CE02000000000EC
:10C97000F3F33030033F4141EBEB282805AF282883
:10C980008200F4E0002DAA2DBEFA0050008220A201
:10C990000000000000000000000000000000000097
:10C9A0000000000000000000000000000000000087
:10C9B000000000000000000000000000F0F0000097
:10C9C000FF20202000140F1FFFFCF0F00F0F3F5F2F
:10C9D0000000FFACFF0000FCFFFFFFFCF0F000FFD9
:10C9E000FCFFF828F00004005500FB10FDFD0F0FC0
:10C9F00055553C3CAAF0F7F7407F7F752F257D0504
:10CA00007DAF00000000B0B5BABFFFFABEBE008225
:10CA10007DFF00000000000000004000000000005A
:10CA20000000000000000000000000000000000006
:10CA30000000000000008000000000000001F0F095
:10CA40000000FF00000000000F0FF3F0F0F00F0FE8
:10CA50003F5F0000FFACFF00000CFFFFF3F0F0F0C1
:10CA600000FF0CFFF000F00004000400FB108080C9
:10CA700000FF3C3C3CAAF0F00404407F7A702A207E
:10CA8000280528AF0000000010151A1F0500141417
:10CA900003033F3F00000000000000000000000012
:10CAA0000000000000000000000000000000000086
:10CAB0000000000000000000000000000000000076
:10CAC0000000000000000000000021000000211014
:10CAD00000102000000000000000400000000008DE
:10CAE00000000000009041C000A02110210800902B
:10CAF0000000009000002000000000A000101100C5
:10CB0000000200102100000000102100219000010F
:10CB1000C00020A0A00000000000000000000000F5
:10CB200000000000000000000000000000000010F5
:10CB300000000000000000000000000000000000F5
:10CB4000000088000000000000000000000000005D
:10CB500000000000000000000000000000000000D5
:10CB600000000000000000000000000000000000C5
:10CB70000000000000000000000000000021000094
:10CB800000000000000000000000000000000000A5
:10CB90000008090001001100000000000000000072
:10CBA0000000000000000000000000000000000085
:10CBB0000000000000000000000000000000000075
:10CBC0000000000000000000000000000000000065
:10CBD0000000000000000000004000000000000015
:10CBE0000000000000000000000000000000000045
:10CBF000000000000000000000000004000000042D
:10CC00000000000000000000000000000000000024
:10CC10000000000000000000000000000000000014
:10CC20000000000000000000000000000000000004
:10CC300000000000000000000000000000000000F4
:10CC400000000000000000000000000000000000E4
:10CC500000000010000000000000000000000000C4
:10CC600000000000000000000000000000000000C4
:10CC7000C0000008001000080010000000000011B3
:10CC80000000001000000011004100000000000042
:10CC9000000300000010000000050000000000007C
:10CCA0000000000000000000000000000000000084
:10CCB0000000000000000000000000000000000074
:10CCC0000000000000000000400000000000000024
:10CCD0000000000000C0030002000000000000404F
:10CCE00011000082000000000900210811004182AB
:10CCF0000900040010C0000009000800040800003A
:10CD0000210804A00000000009000010000000003D
:10CD100009100010000008000000808400000000DE
:10CD20000000000000000000000000000000000003
:10CD300000000000000000000000000000000000F3
:10CD400000000000000000000200000800000005D4
:10CD5000002000050040004100000040C02100000C
:10CD600000410010900000058240001000400008C3
:10CD7000000000030009000000000021C0050402BB
:10CD800000090010C0400010004100210805000902
:10CD90000000001000030040050090000400840023
:10CDA0000000000000000000000000000000000083
:10CDB000000000000000000000080000000000006B
:10CDC0000000000000000000008200820000090056
:10CDD0000000000000000000022000200000000011
:10CDE00000000900000000000000110040002010B9
:10CDF0000000000000004000400020000008008407
:10CE000040000000090004000000000000001100C4
:10CE100000000900000000000010000000000000F9
:10CE20000000000000000000000000000000000002
:10CE300000000000000000000000000000000000F2
:10CE400000000000000000000000000000000000E2
:10CE50000008000000000000020000000041000087
:10CE6000000000000011000000000000840000002D
:10CE70000208000020040000000000000000000084
:10CE800000000000200800000003000300008400F0
:10CE900000008221000000100000000300000000DC
:10CEA0000000000000000000000000000000000082
:10CEB0000000000000000000000000000000000072
:10CEC0000000000000000000000000000000000062
:10CED0000000080000000000030000000000000047
:10CEE00000080000000000C005000000000800006D
:10CEF000000000000084000000400000000000006E
:10CF0000000000C00000210000821000410000006D
:10CF100003000300000000000082000010820000F7
:10CF20000000000000000000000000000000000001
:10CF300000000000000000000000000000000000F1
:10CF400000000000000000000000000004000005D8
:10CF50000800000304219000000000050010881163
:10CF600000000405020000000005004084000010DD
:10CF7000C002001104410021840988000005000856
:10CF8000C0001040002110008403000000080400CD
:10CF9000000088000000A000000000100000001049
:10CFA0000000880090000021000000000000000048
:10CFB0000000000000000000000000000000000071
:10CFC0000000000000000000000000000000000061
:10CFD00000000000000000000000000004000088C5
:10CFE0000000040009000000000011000000000023
:10CFF0000082080000000000000000000000002087
:10D000000008090041000000000000001184111018
:10D010004082200020000008000000000084100072
:10D0200021040000000000002100000004000000B6
:10D0300000000000000000000000000000000000F0
:10D0400000000000000000000000000000000000E0
:10D050000000000000000000000090090000000037
:10D0600004410000000084059000000088000000DA
:10D0700004000800040000000421900004090000DE
:10D08000880920040000000400040021A000000022
:10D090000004000400410000001000001000C00067
:10D0A0000000000000000000000000000000000080
:10D0B0000000000000000000000000000000000070
:10D0C0000000000000000000000000000000000060
:10D0D0000000000000000000000000000000000050
:10D0E0000000000000000000000000000000000040
:10D0F0000000000000000000000000000000000030
:10D10000000000000000000000000000000080009F
:10D110000000000000008000000000008008008087
:10D1200080000003000080000000002005000000D7
:10D1300000000000000000000000000000000000EF
:10D1400000000000000000000000000000000000DF
:10D1500000000000000000000000000000000000CF
:10D1600000000000000000000000000000000000BF
:10D1700000000000000000000000000000000000AF
:10D18000000000000000000000000000000000009F
:10D1900082000000008200008200000000A0020166
:10D1A0000020200000010000820000000283000037
:10D1B000000000000000000000000000000000006F
:10D1C000000000000000000000000000000000005F
:10D1D000000000000000000000000000000000004F
:10D1E000000000000000000000000000000000003F
:10D1F000000000000000000000000000000000002F
:10D20000000000000000000000000000000000001E
:10D2100000000000A0000000000000000500000069
:10D22000A0002100C001000000000000000000007C
:10D2300000020000000000000000000000000000EC
:10D2400000000000000000000000000000000000DE
:10D2500000000000000000000000000000000000CE
:10D2600000000000000000000000000000000000BE
:10D2700000000000000000000000000000000000AE
:10D28000000000000000000000000000000000009E
:10D29000000000000000000000000000000084000A
:10D2A000000000004000032000000000000000001B
:10D2B00000000080000000000000000000000000EE
:10D2C000000000000000000000000000000000005E
:10D2D000000000000000000000000000000000004E
:10D2E000000000000000000000000000000000003E
:10D2F000000000000000000000000000000000002E
:10D30000000000000000000000000000000000001D
:10D31000000000000000000000000000000000000D
:10D3200000000000050000200000000000000000D8
:10D33000000080000000000000000000000000006D
:10D3400000000000000000000000000000000000DD
:10D3500000000000000000000000000000000000CD
:10D3600000000000000000000000000000000000BD
:10D3700000000000000000000000000000000000AD
:10D38000000000000000000000000000000000009D
:10D39000000000000000000000000000000000008D
:10D3A00000000000008200000001000000000000FA
:10D3B0000000000082820000000000000000000069
:10D3C000000000000000000000000000000000005D
:10D3D000000000000000000000000000000000004D
:10D3E000000000000000000000000000000000003D
:10D3F000000000000000000000000000000000002D
:10D40000000000000000000000000000000000001C
:10D4100000000000000000000000000000A000016B
:10D420000000004000000200000000820000000038
:10D430000000008200000100042000000000000045
:10D4400000000000000000000000000000000000DC
:10D4500000000000000000000000000000000000CC
:10D4600000000000000000000000000000000000BC
:10D4700000000000000000000000000000000000AC
:10D48000000000000000000000000000000000009C
:10D49000000000000000000000000000000000008C
:10D4A000004100000080050021000000008902000A
:10D4B00000000000008000000200000200000000E8
:10D4C000000000000000000000000000000000005C
:10D4D000000000000000000000000000000000004C
:10D4E000000000000000000000000000000000003C
:10D4F000000000000000000000000000000000002C
:10D50000000000000000000000000000000000001B
:10D51000000000000000000000000000000000000B
:10D52000000000001200000000000000120081480E
:10D530000013C20012000000000000001260000092
:10D5400000000000000000000000000000000000DB
:10D5500000000000000000000000000000000000CB
:10D5600000000000000000000000000000000000BB
:10D5700000000000000000000000000000000000AB
:10D58000000000000000000000000000000000009B
:10D59000000000000000000000000000000000008B
:10D5A000000000000000000000000000000000007B
:10D5B000000000000000000000000000000000006B
:10D5C000000000000000000000000000000000005B
:10D5D000000000000000000000000000000000004B
:10D5E000000000000000000000000000000000003B
:10D5F000000000000000000000000000000000002B
:10D60000000000000000000000000000000000001A
:10D61000000000000000000000000000000000000A
:10D6200000000000000000000000000000000000FA
:10D6300000000000000000000000000000000000EA
:10D6400000000000000000000000000000000000DA
:10D6500000000000000000000000000000000000CA
:10D6600000000000000000000000000000000000BA
:10D6700000000000000000000000000000000000AA
:10D68000000000000000000000000000000000009A
:10D69000000000000000000000000000000000008A
:10D6A000000000000040000000000000000000003A
:10D6B000000000000000000000000000000000006A
:10D6C00000007B750000000000000000000000006A
:10D6D000000000000000000000000000000000004A
:10D6E000000000000000000000000000000000003A
:10D6F000000000000000000000000000000000002A
:10D700000000000000000000000000000000000019
:10D710000000000000000000000000000000000009
:10D7200000000000000000000000000000000000F9
:10D7300000000600000000000000300200000000B1
:10D7400000004003E6690000000000000000000047
:10D7500000000000000000000000000000000000C9
:10D7600000000000000000000000000000000000B9
:10D77000000000000000A0002000800080000000E9
:10D780000000800000000000A000A0C010092021BF
:10D790000090000000100008000800008004020053
:10D7A0004008A000000480081100000800000000EC
:10D7B0000000A0000002400504000000000000047A
:10D7C0000000200020000000000000000000000019
:10D7D0000000000000000000000000000000000049
:10D7E0000000000000000000000000000000000039
:10D7F00000000000000000002100010020002000C7
:10D80000000000002020000000002000050001882A
:10D8100001A00000000000000000000000000480E3
:10D8200000000080412100802080000004000000F2
:10D830000000000041110080018401000000000090
:10D840000080000000000000002100000000000037
:10D8500000000000000000000000000000000000C8
:10D8600000000000000000000000000000000000B8
:10D8700000000000000000000000000000000000A8
:10D880000000000000000000000000C000040001D3
:10D890000000000100000000000000008000000007
:10D8A00000040000000080000008000000000000EC
:10D8B0000000000000030005000800000001000156
:10D8C0000000000100000000000000000000000057
:10D8D0000000000000000000000000000000000048
:10D8E0000000000000000000000000000000000038
:10D8F0000000000000000000000000100000000018
:10D900000000000000000000000000000000008097
:10D91000002000000020000000000000001020088F
:10D9200000000080000000001000008000000000E7
:10D9300000000000004100840084409000020020AC
:10D940000020000004200000000000000000000093
:10D9500000000000000000000000000000000000C7
:10D9600000000000000000000000000000000000B7
:10D97000000000000000000000000000000009049A
:10D9800000050000000000000000200000C10000B1
:10D990004002000410010004000100A0000000008B
:10D9A00004050008418540008001000000080000D7
:10D9B00000A000A0081000001000108520020082C6
:10D9C000040004000401800000000010000805822B
:10D9D0000000000000000000000000000000000047
:10D9E0000000000000000000000000000000000037
:10D9F000000000000000000000000000000800001F
:10DA000000800084000800000000000001000040C9
:10DA10000000018000C105080080004000210000D6
:10DA2000000001840008000400004004900500008C
:10DA30000000000000210021100001000102010887
:10DA40004000010001000120200010000000000043
:10DA500000030000000000000000000000000000C3
:10DA600000000000000000000000000000000000B6
:10DA700000000000000000000000000000000000A6
:10DA80000300000000000001000100000000000091
:10DA900002000000200000009001090020000000AA
:10DAA00040000000040010002008000041000000B9
:10DAB000000091001100030010001100000180001F
:10DAC00000000000200420042004000400001000D6
:10DAD000200020A000000000000000000000000066
:10DAE0000000001000000000000000000000000026
:10DAF0000000000000000010000000100000000006
:10DB0000000000000000000000040004000000000D
:10DB100000000000000001080000110800000000E3
:10DB200000000000000801100010C0080000000004
:10DB3000000000031003002000000000000800089F
:10DB400010020000000001A10180018000A100007E
:10DB500000100000000000000000000000000000B5
:10DB600000000000000000000000000000000000B5
:10DB7000000000000000090000000000000000009C
:10DB80000000000021000000000000004000000034
:10DB9000000005024100000000008000008200102B
:10DBA0000010000000024140002000008000000042
:10DBB0000002008540A0000400C0000041001040A9
:10DBC00000100000400811080000000100848000DF
:10DBD00000000000000000A00000000000000000A5
:10DBE0000000000000000000000000000000000035
:10DBF0000000000000000000000000000000000025
:10DC00000000000000000000001000000000A00064
:10DC100000000008000000000000040004000000F4
:10DC200000000000001040020000C0800005040059
:10DC300000000080000801000080100000000000CB
:10DC400000000000000501000000C000000400000A
:10DC500004008400841000000000000000000000A8
:10DC600000000000000000000000000000000000B4
:10DC700000000000000000000000000000000000A4
:10DC8000000000000000000000000000200009006B
:10DC900000000000000000084000000000840000B8
:10DCA000000800084000000009840400100000087B
:10DCB000002000000001000400020000000241C03A
:10DCC00000A00090404021840008000020000400D3
:10DCD0000008040000200000000000A00000000078
:10DCE0000000000000000000000000000000000034
:10DCF00000000000000000004000000000050005DA
:10DD00000008000300000000000000000000000503
:10DD100000000405000000000008000000000000F2
:10DD20000000008000000000000000000000000073
:10DD30000000008000100008008000880000000043
:10DD400000000000000001000000000000090100C8
:10DD500001000002010000080000000000000000B7
:10DD600000000000000000000000000000000000B3
:10DD700000000000000000000000000000000000A3
:10DD80000000000000000000000000000000034050
:10DD9000040900054111000000004000410000009E
:10DDA0000811A10905202141008000800080008029
:10DDB00000910503082108838810000400214020F9
:10DDC00000000000000000000802002000214021A7
:10DDD000080280A0104003C1000000000000000005
:10DDE0000000000000000000000000000000000033
:10DDF0000000000000000000000000000000000023
:10DE00000000000000000000000000000000000012
:10DE100009000000000001009000840001000000E3
:10DE200000000001040001000001002000040020A7
:10DE300000040002899001C100C0410100010000FE
:10DE40000000000000000000000089000001000048
:10DE50000000A191C0C10002010400000000000008
:10DE600000000000000000000008000000000000AA
:10DE700000000000000000000000000000000000A2
:10DE80000000000000000000000000000000000092
:10DE90000000000000C00001000001000000004080
:10DEA00001000000000100820101002000000000CC
:10DEB00000000000000188000490848801000083B5
:10DEC00000910001000000000000000000000111AE
:10DED0000091000104A14102020391020000000030
:10DEE000000000000500000000000000000000002D
:10DEF0000000000000000000000000000000000022
:10DF00000000000000000000000000000000000011
:10DF100000000000400003800410080502002000FB
:10DF2000080010000000030808800505218000009B
:10DF300000000000000003022100C041A1022000F7
:10DF40000382219003100000000000000000200068
:10DF50004082218221040308840002211040000035
:10DF600000000000000000000000000000000000B1
:10DF700000000000000000000000000000000000A1
:10DF80000000000000000000000000000000000091
:10DF900000000000000002020020100805050082B9
:10DFA00000A005A180A100002104400810400388C2
:10DFB0000000000000000000404100401185058580
:10DFC0000920001000119103000000000000000073
:10DFD000090411031140020308C000099102411015
:10DFE0000000000000000000000000000000000031
:10DFF0000000000000000000000000000000000021
:10E000000000000000000000000000000000000010
:10E0100000000000000000000101000001000000FD
:10E020000021000500218410000000C100820104CD
:10E030008920000088009000000000A00041A0C0DE
:10E04000002101000001000090010000000000001C
:10E05000000001010100000000010105C004C00230
:10E06000019100000000000000000000000000001E
:10E0700000000000000000000000000000000000A0
:10E080000000000000000000000000000000000090
:10E0900000000000000000000000008201000101FB
:10E0A000010000880000009000000000C088C0004F
:10E0B0000801090000000000000000000483912016
:10E0C000030002A001880120000100000000000000
:10E0D0000000000001000021010100008901021080
:10E0E0001001C1C00000000000000000000000009E
:10E0F0000000000000000000000000000000000020
:10E10000000000000000000000000000000000000F
:10E1100000000000000000000000000040804003FC
:10E120000210080000000005001100000000A1001E
:10E1300005092021A00000000000000000008383EA
:10E14000059102029100030008824009400000008E
:10E15000000000000000030020C010092000080398
:10E1600002090941C1800000000000000000000019
:10E17000000000000000000000000000000000009F
:10E18000000000000000000000000000000000008F
:10E1900000000000000000000000000000000082FD
:10E1A0000000C2000A0000810000C2000000000060
:10E1B00081810013C20042480000000000000000FE
:10E1C00021840013C200060000810000C20021006B
:10E1D000000000000000000000840000C2000000F9
:10E1E00021840013C2001181000000000000000023
:10E1F000000000000000000000000000000000001F
:10E20000000000000000000000000000000000000E
:10E2100000000000000000000000000000000000FE
:10E22000FF040404FF04FF0000000000FF3CFF00A7
:10E2300000006E0C6600FFFFEFEF00000000000022
:10E240000000FF6CFF00FFFF3F00FFE78F0E9F06FF
:10E250003C3C0000000000000000FFDB8F0E7C7CD7
:10E26000FF902F240F002F240F000000000000005B
:10E27000000000000000000000000000000000009E
:10E28000000000000000000000000000000000008E
:10E29000000000000000000000000000000000007E
:10E2A0000000FF0000000404000000000000FF0F59
:10E2B000FF00000066006600FFCFFFCF00000000F7
:10E2C00000000000FF6CFF00FFFF300018008F0E01
:10E2D000FF002D2D000000000000000024008F0E24
:10E2E0001C1C6F000F000F000F000F00000000004B
:10E2F000000000000000000000000000000000001E
:10E30000000000000000000000000000000000000D
:10E3100000000000000000000000000000000000FD
:10E3200000000000000000000000000000000000ED
:10E3300000000000000000000000000000000000DD
:10E3400000000000000000000000000000000000CD
:10E3500000000000000000000000000000000000BD
:10E3600000000000000000000000000000000000AD
:10E37000000000000000000000000000000000009D
:10E38000000000000000000000000000000000008D
:10E39000000000000000000000000000000000007D
:10E3A000000000000000202020FF202020FF0000AF
:10E3B0000000300034000000202020FF006630768E
:10E3C0000000000000000000203C00006000700021
:10E3D00032F23EFE0CF6FCF60000000000000000E9
:10E3E0003437F4F766F03CFF202020FF00663076DB
:10E3F000000000000000000000000000000000001D
:10E40000000000000000000000000000000000000C
:10E4100000000000000000000000000000000000FC
:10E420000000000000000000000000FF000000FFEE
:10E4300000000000000024000000000000FF006653
:10E440000066000000000000000020200000000026
:10E45000300002C20ECE0C06FC06000000000000D8
:10E4600000000407C4C766F03C00000000FF00661F
:10E47000006600000000000000000000000009002D
:10E48000000000000000000000000000000000008C
:10E49000000000000000000000000000000000007C
:10E4A000000000000000000000000000000C000060
:10E4B00000000086006C00B0000000000086002C08
:10E4C000039800000086006000B000000086004C49
:10E4D00003A000000500521C000900850000000098
:10E4E000000000000500521C000900850086000C99
:10E4F0000380000000000000000000000000002079
:10E50000000001000000000000000000000000000A
:10E5100000000000000000000000000000000000FB
:10E5200000000000000000000000000000000000EB
:10E530000000000000000000000000000000FF20BC
:10E54000202000550C5D00000000000000000000CD
:10E550000000001000F000000000000000000000BB
:10E560000000000000000000000000000000F8288B
:10E57000F000000F141F0000000000000000004029
:10E580000000000002000000000000000000000089
:10E59000000000000000000000000000000000007B
:10E5A000000000000000000000000000000000006B
:10E5B00000000000000000000000800000000000DB
:10E5C000FF000000005500550000000000000000A2
:10E5D0003C2020200010001000000000000000007F
:10E5E000000000000000000000000000000000002B
:10E5F000F000F000000F000F00000000000000001D
:10E60000000000000000000000000000000000000A
:10E6100000000000000000000000000000000000FA
:10E6200000000000000000000000000000000000EA
:10E6300000000000000000000000000000000000DA
:10E6400000000000000000000000000000000000CA
:10E650000000FF3F3C3C000FFFFF000000000000F7
:10E6600000000000000000000000000000000000AA
:10E670000000BCA0A0A0003C053D00000000000080
:10E68000000000000000000000000000000000008A
:10E69000000000000000000000000000000000007A
:10E6A000000000000000000000000000000000006A
:10E6B000000000000000000000000000000000005A
:10E6C0000000000000000000000000000000000149
:10E6D00000000000FC3C3C3C0055FFFF0000000037
:10E6E000000000000000000000000000000000002A
:10E6F00000000000A0A0A0A0003C003C0000000022
:10E700000000000000000000000000000000000009
:10E710000000080000000000000000000000800071
:10E720004000800000000000000100000000000028
:10E7300000000400000000000000800080000002D3
:10E740000000000000000000000000000000400089
:10E7500040004000040040004000400000000090E5
:10E760000001800000010000000000000000000027
:10E770000000000004100000000000000000800005
:10E780008000800000010000000000000000000088
:10E790000000000001000000000000000000000078
:10E7A00040000100400000000000000200000000E6
:10E7B00000000000000000000000000040104000C9
:10E7C00000800000000000000000002100000000A8
:10E7D00001000100410000000100010201000000F1
:10E7E0000000000420000004000000000000000001
:10E7F0000005000000000000000000000000000014
:10E800004000400040000002000000000000000046
:10E8100000000000000000000000000000000000F8
:10E8200000000000000000000000000000000000E8
:10E8300000000000000000000000000000000000D8
:10E840000000000000000000004000000000000088
:10E8500000000000000000000000000000000000B8
:10E8600000000000000000000000000000000000A8
:10E870000000000000000000000000000000000098
:10E880000000000000000000000000000000000088
:10E890000000000000000000000000000000000078
:10E8A0000000000000000000000000000000000068
:10E8B0000000000000000000000000000000000058
:10E8C0000000000000000000000000000000000246
:10E8D0000000001000000000000000000021000007
:10E8E0000000001000000000000000000000000018
:10E8F00000000010000000000000000000000011F7
:10E9000000000010000000000000000000000000F7
:10E9100000000000000000000000000000000000F7
:10E92000000000000000000000C000000000000027
:10E930000000801000004000800080000000000007
:10E940004000000000000000400040000000000007
:10E9500000000000000000000000000000000000B7
:10E960000010000000820004000400040004008283
:10E970000000000000000082000000000082000093
:10E980000000000000000000000000000000000087
:10E990000000000000000000000000050000000072
:10E9A0000000000000000000000000000000000067
:10E9B0000000000040000000850040004000000012
:10E9C0000000010000100000000011030100000021
:10E9D0000000000500000005004100210003004187
:10E9E00000000000000000100080008000A10080F6
:10E9F0000000820000000000100010000000002154
:10EA00000000000000000000000000000000000006
:10EA100000000000000000000000000000000000F6
:10EA200000000000000000000000000000000000E6
:10EA30004000000000000000000000000000400056
:10EA40004000400000000000000000000000110035
:10EA500000004000400040000000000000000200F4
:10EA60008500000000000000000000002000000001
:10EA70000000000000000000000000000000000096
:10EA80000000000000000000040000000000000082
:10EA90000000000000000000000000000000000076
:10EAA0000000000000000000000500000000000061
:10EAB0000000010000000000000000000000000055
:10EAC0000000010001000000000000000000000044
:10EAD0000000000001000100010000000000000033
:10EAE00000004000000000000000000000000100E5
:10EAF0000000000000000000000000000000000016
:10EB00000000000000000000000000000000000005
:10EB100000000000000000000000000000000000F5
:10EB200000000000000000000000000000010000E4
:10EB300000000000000000100000000000010000C4
:10EB400000000000000000000000000000000000C5
:10EB50000000000000000000000000000000008431
:10EB6000000000000084000000004182404080015D
:10EB700000000300000000A000820000000000C0B0
:10EB80000000000000000000000000000010000075
:10EB90000000000000000000000000000000000075
:10EBA0000000000000000000000000000000000263
:10EBB0000000000000000000000000000000000253
:10EBC000000000000000C010000000000000002154
:10EBD0000000000000210000C000C0000000000094
:10EBE000000000000000C000000800100008011034
:10EBF00020040000000000210000000000000000D0
:10EC00000000002110000021100010001000001072
:10EC100000000000000000000000000000000000F4
:10EC200000000000000000000000000000000000E4
:10EC30000000000000000000000040000000000094
:10EC40000000000000820000000000000000000042
:10EC500000000000000000000000000200000000B2
:10EC600040820000008400840000418841100000C0
:10EC700000000000000000000000000000C00004D0
:10EC8000004000880000000000000000004000007C
:10EC90000010000000000000000000000000000064
:10ECA0000000000000000000000000000000000064
:10ECB0000000000000000000000000000100000053
:10ECC0000000000000000000000000000000000044
:10ECD0000000000000000000000000000000000034
:10ECE0000000010000000000000000000000000023
:10ECF0000000000000000000000000000000000014
:10ED00000000000000000000000000000000000003
:10ED100000000000000000000000000000000000F3
:10ED200000000000000000000000000000000000E3
:10ED300000000000000300000000000000030003CA
:10ED400000000000000300000000000000030000BD
:10ED5000000000110003002100000000000000037B
:10ED6000001000000000000300200000000000036D
:10ED700000000000000020022141002120080000C6
:10ED80000000000000000000000000000000000083
:10ED9000000000000000000300030000000000006D
:10EDA0000000000000000000000000000000000063
:10EDB0000000000000000001000000000000000151
:10EDC0000000000000000001000000000000000141
:10EDD0000000000000000001000000000000000032
:10EDE0000001000100000000000100000000000020
:10EDF0000001000000000000090100010000000106
:10EE00000000000000000000000000000000000002
:10EE100000000000000000000001000000000000F1
:10EE200000000000000000000000000000000000E2
:10EE300000000000000000000000000000000100D1
:10EE400000000002010001000000000000000100BD
:10EE500000000000000001000000000000000100B0
:10EE6000000000000100000001000100002000007F
:10EE700001000000000000000100000001C000418E
:10EE80000000000000000000000000000000000082
:10EE90000000000000000000000000000000000072
:10EEA0000100000000000000000020000000000041
:10EEB000000000000000000000000000050000004D
:10EEC00003000000008010000300030000000000A9
:10EED0000300000003000000030000000000000029
:10EEE0000300000000000800000003001000000004
:10EEF00000000300000000000000030008002000E4
:10EF0000418211020000000000000000000000002B
:10EF100000000000000000000000000003000000EE
:10EF200000000300000000000000000000000000DE
:10EF30000000000000000000000000002100002090
:10EF40000000000300000000000300032100002176
:10EF50000000000300000000000300030020000088
:10EF6000000000030000000000000010000300008B
:10EF70000000002100031100001100000003030243
:10EF800000080841034000000000000000000000ED
:10EF90000000000000000000000000000000000071
:10EFA000000000200003000000000000000000003E
:10EFB0000000000000000000000000000000000051
:10EFC000000000000001000000000000000100003F
:10EFD000000000000001000000000000000100002F
:10EFE000000000000001000000000000000100011E
:10EFF000000000000000000100000000000000010F
:10F0000001010001000000000000000000000000FD
:10F0100000000000000000000000000000000000F0
:10F0200000000000000000010000000000000000DF
:10F0300000000000000000000000000000000000D0
:10F0400000000000000000000100000000000000BF
:10F0500001000000000000000100000000000000AE
:10F06000012001000000000000000100010000007C
:10F07000000001000000000000000100000000008E
:10F08000000000000003000101000000000000007B
:10F090000000000000000000000000000000000070
:10F0A0000000000000000000000000000000000060
:10F0B0000000000000000000000000000000000050
:10F0C000000000000000000020000300000000001D
:10F0D0000000030000000000200003000500000005
:10F0E000000003800400000200000000030008008C
:10F0F000000000000300000000000000030000000A
:10F1000000111100400002882103410000000000AE
:10F1100000000000000000000000000000000000EF
:10F1200000000000110000000000000000000000CE
:10F1300000000000000000000000000000000000CF
:10F1400000000000000000000000000000000000BF
:10F1500000000000000000000000000000000000AF
:10F16000000000000000000000000000000000009F
:10F17000000000000000000000000000000000008F
:10F1800000000000000000420000C2008288000071
:10F19000000000000000000000000000000000006F
:10F1A000000000000000000000000000000000005F
:10F1B000000000000000000000000000000000004F
:10F1C0000000000000003C3C3C3C00000F0F000031
:10F1D000FFFF000000FF00003C3C00000F0F00009C
:10F1E00000FF000000FF000000FF00003C3C0000AA
:10F1F000000000FF000000FF0000FFFF000000FF14
:10F2000000003C3C00000F0F00FF04FF00550C5DA8
:10F2100000000000000000000000000000000000EE
:10F2200000000000000000000000FFFF000000FFE1
:10F2300000000000000000000000000000000000CE
:10F2400000000000000000003C3C3C3C00000F0FB0
:10F2500000000000000000FF00003C3C00000F0F19
:10F26000000000FF000000FF000000FF00003C3C29
:10F270000000000000FF000000FF00000000000090
:10F2800000FF00003C3C00000F0F0000040400558C
:10F290000055000000000000000000000000000019
:10F2A000000000000000000000000000FFFF000060
:10F2B00000FF00000000000000000000000000004F
:10F2C00000000000000000000000FFFF0000F0F060
:10F2D0000000FF000000FF000000FFFF00003C3CBA
:10F2E00000003C3C0000F0F00000FF000000FFFFC9
:10F2F00000000000FF000000F0F00000FF00000030
:10F300003C3C0000FFFF00000000FFFFFF2020202A
:10F31000F828F000000000000000000000000000DD
:10F32000000000000000000000000000FF000000DE
:10F330003C3C000000000000000000000000000055
:10F3400000000000000000000000000000000000BD
:10F35000F0F00000FF000000FF00000000000000CF
:10F360003C3C00003C3C0000F0F00000FF000000CE
:10F37000000000000000FF000000F0F00000FF00AF
:10F3800000003C3C000000000000FFFFFFFFFF000A
:10F390000000F000F000000000000000000000008D
:10F3A0000000000000000000000000000000FF005E
:10F3B00000003C3C000000000000000000000000D5
:10F3C00000000000000000000000000000000240FB
:10F3D000010000044940024101000004494002418B
:10F3E000010000044940024101000004494002417B
:10F3F00001000004494000000241010000044940AE
:10F400000241010000044940024101000004414062
:10F410000000000C000000000000000000000000E0
:10F4200000000000000000000000000000000000DC
:10F4300002400100000449400000000000000000FC
:10F44000000000800100000000000000000000003B
:10F4500000000000000000000000000000000000AC
:10F46000000000000000000000000000000000009C
:10F47000000000000000000000000000000000008C
:10F48000000000000000000000000000000000007C
:10F49000000000000000000000000000000000006C
:10F4A000000000000000000000000000000000005C
:10F4B000000000000000000000000000000000004C
:10F4C000000000000020000000000000000000001C
:10F4D000000000000000000000000000000000002C
:10F4E000000000000000000000000000000000001C
:10F4F000000000000000000000000000000000000C
:10F5000000000000000000000000000000000000FB
:10F5100000000000000000000000000000000000EB
:10F5200000000000000000000000000000000000DB
:10F5300000000000000000000000000000000000CB
:10F5400000000000000000000000020000000000B9
:10F5500000000000000000000000000000000000AB
:10F56000000000000000000000000000000000009B
:10F57000000000000000000000000000000000008B
:10F58000000000000000000000000000000000007B
:10F59000000000000000000000000000000000006B
:10F5A000000000000000000000000000000000005B
:10F5B000000000000000000000000000000000004B
:10F5C00000000000000040000000000000000000FB
:10F5D000000000000000000000000000000000002B
:10F5E000000000000000000000000000000000001B
:10F5F000000000000000000000000000000000000B
:10F6000000000000000000000000000000000000FA
:10F6100000000000000000000000000000000000EA
:10F6200000000000000000000000000000000000DA
:10F6300000000000000000000000000000000000CA
:10F6400000000000000000000000000000000000BA
:10F6500000000000000000000000000000000000AA
:10F66000000000000000000000000000000000009A
:10F67000000000000000000000000000000000008A
:10F6800000000000000000088000000000000008EA
:10F690000000000000000000210000000008000839
:10F6A000000020000000001000000000200000000A
:10F6B0000000000000000000000000000000200822
:10F6C000000000000000000000000000000000003A
:10F6D000000000000000000000000000000000002A
:10F6E000000000000000000000000000000000001A
:10F6F000000000000000000000000000000000000A
:10F7000000000000000000000000080000210000D0
:10F710000000000000000000C00000000000000029
:10F7200000000000000000000000000000000000D9
:10F7300000000000000000000000000000000000C9
:10F7400000000000000000000000000000000000B9
:10F7500000000000000000000000000000000000A9
:10F760000000000000000000000000000000000099
:10F770000000000000000000000000000000000089
:10F780000000000000000000000000000000000079
:10F790000000000000000000000000000000000069
:10F7A0000000000000000000000000000000000059
:10F7B0000000000000000000000000000000000049
:10F7C0000000000000000000000000000000000039
:10F7D0000000000000000000000000000000000029
:10F7E0000000000000000000000000000000000019
:10F7F0000000000000000000000000000000000009
:10F8000000000000000000000000000008000000F0
:10F8100000000000000000000000000000000000E8
:10F8200000000000000000000000000000100000C8
:10F8300000000000000000000003000300030003BC
:10F8400000000000000000030000000000000000B5
:10F8500000000000000000000000000000000000A8
:10F860000000000000000000000000000000000098
:10F870000000000000000000000000000000000088
:10F880000000000000000000000000000000000078
:10F890000000000000000000000000000000000068
:10F8A00000840008000000000000000000000000CC
:10F8B00000840000000000000000000000000500BF
:10F8C0001010000000000000000000000000000018
:10F8D0000000000000000000000000000000000028
:10F8E0000000000000000000000000000000000018
:10F8F0000000000000000000000000000000000008
:10F9000000000000000000000000000000000000F7
:10F9100000000000000000000000000000000000E7
:10F920000000000000000000000000410000000096
:10F9300000210000000000000000000000000000A6
:10F9400000000000000000000000000000000000B7
:10F9500000000000000000000000000000000000A7
:10F960000000000000000000000000000000000097
:10F970000000000000000000000000000000000087
:10F980000000000000000000000000000000000077
:10F990000000000000000000000000000000000067
:10F9A0000000000000000000000000000000000057
:10F9B0000000000000000000000000000000000047
:10F9C0000000000000000000000000000000000037
:10F9D0000000000000000000000000000000000027
:10F9E0000000000000000000000000000000000017
:10F9F0000000000000000000000000000000000007
:10FA000000000000000000000000000000000000F6
:10FA100000000000000000000000000000000000E6
:10FA200000000000000000000000000000000000D6
:10FA300000000000000000000000000000000000C6
:10FA400000000000000000000000000000000000B6
:10FA500000000000000000000000000000000000A6
:10FA60000000000000000000000000000000000096
:10FA70000000000000000000000000000000000086
:10FA80000000000000000000000000000000000076
:10FA90000000000000000000000000000000000066
:10FAA0000000000000000000000000000000000056
:10FAB00000000000000000A00000000000000000A6
:10FAC0000000000000000000000000000000000036
:10FAD0000000000000000000000000000000000026
:10FAE0000000000000000000000000000000000016
:10FAF0000000000000000000000000000000000006
:10FB000000000008000000000000000000000000ED
:10FB100000000000000000000000000000000000E5
:10FB20000000000000100010001000100000000095
:10FB300000000010000000000000000000000000B5
:10FB400000000000000000000000000000000010A5
:10FB500000000000000000000000000000000000A5
:10FB60000000000000000000000000000000000095
:10FB70000000000000000000000000000000000085
:10FB80000000000000000000000000000000000075
:10FB90000000000000000000000000000000000065
:10FBA0000000000000000000000000000000000055
:10FBB0000000000000000000000000000000000045
:10FBC00000004002000000000000000000000000F3
:10FBD0000000000000000000000000000000000025
:10FBE0000000000000000000000000000000000015
:10FBF0000000000000000000000000000000000005
:10FC000000000000000000000000000000000000F4
:10FC100000000000000000000000000000000000E4
:10FC200000000000000000000000000000000000D4
:10FC300000000000000000000000000000000000C4
:10FC400000000000000000000000000000000000B4
:10FC500000000000000000000000000000000000A4
:10FC60000000000000000000000000000000000094
:10FC70000000000000000000000000000000000084
:10FC80000000000000000000000000000000000074
:10FC90000000000000000000000000000000000064
:10FCA0000000000000000000000000000000000054
:10FCB0000000000000000000000000000000000044
:10FCC0000000000000000000000000000000000034
:10FCD0000000000000000000000000000000000024
:10FCE0000000000000000000000000000000000014
:10FCF0000000000000000000000000000000000004
:10FD000000000000000000000000000000000000F3
:10FD100000000000000000000000000000000000E3
:10FD200000000000000000000000000000000000D3
:10FD300000000000000000000000000000000000C3
:10FD400000000000000000000000000000000000B3
:10FD500000000000000000000000000000000000A3
:10FD60000000000000000000000000000000000093
:10FD70000000000000000000000000000000000083
:10FD80000000000000000000000000000000000073
:10FD90000000000000000000000000000000000063
:10FDA0000000000000000000000000000000000053
:10FDB0000000000000000000000000000000000043
:10FDC0000000000000000000000000000000000033
:10FDD0000000000000000000000000000000000023
:10FDE00000000000000000000000000000002000F3
:10FDF0000000000000000000000000000000000003
:10FE000000000000000000000000000000000000F2
:10FE100000000000000000000000000000000000E2
:10FE20000000000000000000400000000000000092
:10FE300000000000000000000000000000000000C2
:10FE400000000000000000000000000000000000B2
:10FE500000000000000000000000000000000000A2
:10FE60000000000000000000000000000000000092
:10FE70000000000000000000000000000000000082
:10FE80000000000000000000000000000000000072
:10FE90000000000000000000000000000000000062
:10FEA0000000000000000000000000000000000052
:10FEB0000000000000000000000000000000000042
:10FEC0000000000000000000000000000000000032
:10FED0000000000000000000000000000000000022
:10FEE0000000000000000000000000000000000012
:10FEF0000000000000000000000000000000000002
:10FF000000000000000000000000000000000000F1
:10FF100000000000000000000000000000000000E1
:10FF200000000000000000000000000000000000D1
:10FF300000000000000000000000000000000000C1
:10FF400000000000000000000000000000000000B1
:10FF500000000000000000000000000000000000A1
:10FF60000000000000000000000000000000000091
:10FF70000000000000000000000000000000000081
:10FF80000000000000000000000000000000000071
:10FF90000000000000000000000000000000000061
:10FFA0000000000000000000000000000000000051
:10FFB0000000000000000000000000000000000041
:10FFC0000000000000000000000000000000000031
:10FFD0000000000000000000000000000000000021
:10FFE0000000000000000000000000000000000011
:10FFF0000000000000000000000000000000000001
:020000040004F6
:1000000000000000000000000000000000000000F0
:1000100000000000000000000000000000000000E0
:1000200000000000000000000000000000000000D0
:1000300000000000000000000000000000000000C0
:1000400000000000000000000000000000000000B0
:1000500000000000000000000000000000000000A0
:100060000000000000000000000000000000000090
:100070000000000000000000000000000000000080
:100080000000000000000000000000000000000070
:100090000000000000000000000000000000000060
:1000A0000000000000000000000000000000000050
:1000B0000000000000000000000000000000000040
:1000C0000000000000000000000000000000000030
:1000D0000000000000000000000000000000000020
:1000E0000000000000000000000000000000000010
:1000F0000000000000000000000000000000000000
:1001000000000000000000000000000000000000EF
:1001100000000000000000000000000000000000DF
:1001200000000000000000000000000000000000CF
:1001300000000000000000000000000000000000BF
:1001400000000000000000000000000000000000AF
:10015000000000000000000000000000000000009F
:10016000000000000000000000000000000000008F
:10017000000000000000000000000000000000007F
:10018000000000000000000000000000000000006F
:10019000000000000000000000000000000000005F
:1001A000000000000000000000000000000000004F
:1001B000000000000000000000000000000000003F
:1001C000000000000000000000000000000000002F
:1001D000000000000000000000000000000000001F
:1001E000000000000000000000000000000000000F
:1001F00000000000000000000000000000000000FF
:1002000000000000000000000000000000000000EE
:1002100000000000000000000000000000000000DE
:1002200000000000000000000000000000000000CE
:10023000400000000000000000000000000000007E
:1002400000000000000000000000000000000000AE
:10025000000000000000000000000000000000009E
:10026000000000000000000000000000000000008E
:10027000000000000000000000000000000000007E
:10028000000000000000000000000000000000006E
:10029000000000000000000000000000000000005E
:1002A000000000000000000000000000000000004E
:1002B000000000000000000000000000000000003E
:1002C000000000000000000000000000000000002E
:1002D000000000000000000000000000000000001E
:1002E000000000000000000000000000000000000E
:1002F00000000000000000000000000000000000FE
:1003000000000000000000000000000000000000ED
:1003100000000000000000000000000000000000DD
:1003200000000000000000000000000000000000CD
:1003300000000000000000000000000000000000BD
:1003400000000000000000000000000000000000AD
:10035000000000000000000000000000000000009D
:10036000000000000000000000000000000000008D
:10037000000000000000000000000000000000007D
:10038000000000000000000000000000000000006D
:10039000000000000000000000000000000000005D
:1003A000000000000000000000000000000000004D
:1003B000000000000000000000000000000000003D
:1003C000000000000000000000000000000000002D
:1003D000000000000000000000000000000000001D
:1003E000000000000000000000000000000000000D
:1003F00000000000000000000000000000000000FD
:1004000000000000000000000020000000000000CC
:1004100000000000000000000000000000000000DC
:1004200000000000000000000000000000000000CC
:1004300000000000000000000000000000000000BC
:10044000000000200000000000000000000000008C
:10045000000000000000000000000000000000009C
:10046000000000000000000000000000000000008C
:10047000000000000000000000000000000000007C
:10048000000000000000000000000000000002006A
:10049000000000000000000000000000000000005C
:1004A000000000000000000000000000000000004C
:1004B000000000000000000000000000000000003C
:1004C000000000000000000002000000000000002A
:1004D000000000000000000000000000000000001C
:1004E000000000000000000000000000000000000C
:1004F00000000000000000000000000000000000FC
:1005000000000000000000000000000000000100EA
:1005100000000000000000000000000000000000DB
:1005200000000000000000000000000000000000CB
:10053000000000000000000000000000000000803B
:1005400000000000000000000100000000000000AA
:10055000000000000000000000000000000000009B
:10056000000000000000000000000000000000008B
:10057000000000000000000000000000FFFFFFFF7F
:10058000FFFFFFFFFFFFFFFFFFFFFFFFFFFFFFFF7B
:10059000FFFFFFFFFFFFFFFFFFFFFFFFFFFFFFFF6B
:1005A000FFFFFFFFFFFFFFFFFFFFFFFFFFFFFFFF5B
:1005B000FFFFFFFFFFFFFFFFFFFFFFFFFFFFFFFF4B
:1005C000FFFFFFFFFFFFFFFFFFFFFFFFFFFFFFFF3B
:1005D000FFFFFFFFFFFFFFFFFFFFFFFFFFFFFFFF2B
:1005E000FFFFFFFFFFFFFFFFFFFFFFFFFFFFFFFF1B
:1005F000FFFFFFFFFFFFFFFFFFFFFFFFFFFFFFFF0B
:10060000FFFFFFFFFFFFFFFFFFFFFFFFFFFFFFFFFA
:10061000FFFFFFFFFFFFFFFFFFFFFFFFFFFFFFFFEA
:10062000FFFFFFFFFFFFFFFFFFFFFFFFFFFFFFFFDA
:10063000FFFFFFFFFFFFFFFFFFFFFFFFFFFFFFFFCA
:10064000FFFFFFFFFFFFFFFFFFFFFFFFFFFFFFFFBA
:10065000FFFFFFFFFFFFFFFFFFFFFFFFFFFFFFFFAA
:10066000FFFFFFFFFFFFFFFFFFFFFFFFFFFFFFFF9A
:10067000FFFFFFFFFFFFFFFFFFFFFFFFFFFFFFFF8A
:10068000000000000000000000000000000000006A
:10069000000000000000000000000000000000005A
:1006A000000000000000000000000000000000004A
:1006B000000000000000000000000000000000003A
:1006C000000000000000000000000000000000002A
:1006D000000000000000000000000000000000001A
:1006E000000000000000000000000000000000000A
:1006F00000000000000000000000000000000000FA
:1007000000000000000000000000000000000000E9
:1007100000000000000000000000000000000000D9
:1007200000000000000000000000000000000000C9
:1007300000000000000000000000000000000000B9
:1007400000000000000000000000000000000000A9
:100750000000000000000000000000000000000099
:100760000000000000000000000000000000000089
:100770000000000000000000000000000000000079
:100780000000000000000000000000000000000069
:100790000000000000000000000000000000000059
:1007A0000000000000000000000000000000000049
:1007B0000000000000000000000000000000000039
:1007C0000000000000000000000000000000000029
:1007D0000000000000000000000000000000000019
:1007E0000000000000000000000000000000000009
:1007F00000000000000000000000000000000000F9
:1008000000000000000000000000000000000000E8
:1008100000000000000000000000000000000000D8
:1008200000000000000000000000000000000000C8
:1008300000000000000000000000000000000000B8
:1008400000000000000000000000000000000000A8
:100850000000000000000000000000000000000098
:100860000000000000000000000000000000000088
:100870000000000000000000000000000000000078
:100880000000000000000000000000000000000068
:100890000000000000000000000000000000000058
:1008A0000000000000000000000000000000000048
:1008B0000000000000000000000000000000000038
:1008C0000000000000000000000000000000000028
:1008D0000000000000000000000000000000000018
:1008E0000000000000000000000000000000000008
:1008F00000000000000000000000000000000000F8
:1009000000000000000000000000000000000000E7
:1009100000000000000000000000000000000000D7
:1009200000000000000000000000000000000000C7
:1009300000000000000000000000000000000000B7
:1009400000000000000000000000000000000000A7
:100950000000000000000000000000000000000097
:100960000000000000000000000000000000000087
:100970000000000000000000000000000000000077
:100980000000000000000000000000000000000067
:100990000000000000000000000000000000000057
:1009A0000000000000000000000000000000000047
:1009B0000000000000000000000000000000000037
:1009C0000000000000000000000000000000000027
:1009D0000000000000000000000000000000000017
:1009E0000000000000000000000000000000000007
:1009F00000000000000000000000000000000000F7
:100A000000000000000000000000000000000000E6
:100A100000000000000000000000000000000000D6
:100A200000000000000000000000000000000000C6
:100A300000000000000000000000000000000000B6
:100A400000000000000000000000000000000000A6
:100A50000000000000000000000000000000000096
:100A60000000000000000000000000000000000086
:100A70000000000000000000000000000000000076
:100A80000000000000000000000000000000000066
:100A90000000000000000000000000000000000056
:100AA0000000000000000000000000000000000046
:100AB0000000000000000000000000000000000036
:100AC0000000000000000000000000000000000026
:100AD0000000000000000000000000000000000016
:100AE0000000000000000000000000000000000006
:100AF00000000000000000000000000000000000F6
:100B000000000000000000000000000000000000E5
:100B100000000000000000000000000000000000D5
:100B200000000000000000000000000000000000C5
:100B300000000000000000000000000000000000B5
:100B400000000000000000000000000000000000A5
:100B50000000000000000000000000000000000095
:100B60000000000000000000000000000000000085
:100B70000000000000000000000000000000000075
:100B80000000000000000000000000000000000065
:100B90000000000000000000000000000000000055
:100BA0000000000000000000000000000000000045
:100BB0000000000000000000000000000000000035
:100BC0000000000000000000000000000000000025
:100BD0000000000000000000000000000000000015
:100BE0000000000000000000000000000000000005
:100BF00000000000000000000000000000000000F5
:100C000000000000000000000000000000000000E4
:100C100000000000000000000000000000000000D4
:100C200000000000000000000000000000000000C4
:100C300000000000000000000000000000000000B4
:100C400000000000000000000000000000000000A4
:100C50000000000000000000000000000000000094
:100C60000000000000000000000000000000000084
:100C70000000000000000000000000000000000074
:100C80000000000000000000000000000000000064
:100C90000000000000000000000000000000000054
:100CA0000000000000000000000000000000000044
:100CB0000000000000000000000000000000000034
:100CC0000000000000000000000000000000000024
:100CD0000000000000000000000000000000000014
:100CE0000000000000000000000000000000000004
:100CF00000000000000000000000000000000000F4
:100D000000000000000000000000000000000000E3
:100D100000000000000000000000000000000000D3
:100D200000000000000000000000000000000000C3
:100D300000000000000000000000000000000000B3
:100D400000000000000000000000000000000000A3
:100D50000000000000000000000000000000000093
:100D60000000000000000000000000000000000083
:100D70000000000000000000000000000000000073
:100D80000000000000000000000000000000000063
:100D90000000000000000000000000000000000053
:100DA0000000000000000000000000000000000043
:100DB0000000000000000000000000000000000033
:100DC0000000000000000000000000000000000023
:100DD0000000000000000000000000000000000013
:100DE0000000000000000000000000000000000003
:100DF00000000000000000000000000000000000F3
:100E000000000000000000000000000000000000E2
:100E100000000000000000000000000000000000D2
:100E200000000000000000000000000000000000C2
:100E300000000000000000000000000000000000B2
:100E400000000000000000000000000000000000A2
:100E50000000000000000000000000000000000092
:100E60000000000000000000000000000000000082
:100E70000000000000000000000000000000000072
:100E80000000000000000000000000000000000062
:100E90000000000000000000000000000000000052
:100EA0000000000000000000000000000000000042
:100EB0000000000000000000000000000000000032
:100EC0000000000000000000000000000000000022
:100ED0000000000000000000000000000000000012
:100EE0000000000000000000000000000000000002
:100EF00000000000000000000000000000000000F2
:100F000000000000000000000000000000000000E1
:100F100000000000000000000000000000000000D1
:100F200000000000000000000000000000000000C1
:100F300000000000000000000000000000000000B1
:100F400000000000000000000000000000000000A1
:100F50000000000000000000000000000000000091
:100F60000000000000000000000000000000000081
:100F70000000000000000000000000000000000071
:100F80000000000000000000000000000000000061
:100F90000000000000000000000000000000000051
:100FA0000000000000000000000000000000000041
:100FB0000000000000000000000000000000000031
:100FC0000000000000000000000000000000000021
:100FD0000000000000000000000000000000000011
:100FE0000000000000000000000000000000000001
:100FF00000000000000000000000000000000000F1
:1010000000000000000000000000000000000000E0
:1010100000000000000000000000000000000000D0
:1010200000000000000000000000000000000000C0
:1010300000000000000000000000000000000000B0
:1010400000000000000000000000000000000000A0
:101050000000000000000000000000000000000090
:101060000000000000000000000000000000000080
:101070000000000000000000000000000000000070
:101080000000000000000000000000000000000060
:101090000000000000000000000000000000000050
:1010A0000000000000000000000000000000000040
:1010B0000000000000000000000000000000000030
:1010C0000000000000000000000000000000000020
:1010D0000000000000000000000000000000000010
:1010E0000000000000000000000000000000000000
:1010F00000000000000000000000000000000000F0
:1011000000000000000000000000000000000000DF
:1011100000000000000000000000000000000000CF
:1011200000000000000000000000000000000000BF
:1011300000000000000000000000000000000000AF
:10114000000000000000000000000000000000009F
:10115000000000000000000000000000000000008F
:10116000000000000000000000000000000000007F
:10117000000000000000000000000000000000006F
:10118000000000000000000000000000000000005F
:10119000000000000000000000000000000000004F
:1011A000000000000000000000000000000000003F
:1011B000000000000000000000000000000000002F
:1011C000000000000000000000000000000000001F
:1011D000000000000000000000000000000000000F
:1011E00000000000000000000000000000000000FF
:1011F00000000000000000000000000000000000EF
:1012000000000000000000000000000000000000DE
:1012100000000000000000000000000000000000CE
:1012200000000000000000000000000000000000BE
:1012300000000000000000000000000000000000AE
:10124000000000000000000000000000000000009E
:10125000000000000000000000000000000000008E
:10126000000000000000000000000000000000007E
:10127000000000000000000000000000000000006E
:10128000000000000000000000000000000000005E
:10129000000000000000000000000000000000004E
:1012A000000000000000000000000000000000003E
:1012B000000000000000000000000000000000002E
:1012C000000000000000000000000000000000001E
:1012D000000000000000000000000000000000000E
:1012E00000000000000000000000000000000000FE
:1012F00000000000000000000000000000000000EE
:1013000000000000000000000000000000000000DD
:1013100000000000000000000000000000000000CD
:1013200000000000000000000000000000000000BD
:1013300000000000000000000000000000000000AD
:10134000000000000000000000000000000000009D
:10135000000000000000000000000000000000008D
:10136000000000000000000000000000000000007D
:10137000000000000000000000000000000000006D
:10138000000000000000000000000000000000005D
:10139000000000000000000000000000000000004D
:1013A000000000000000000000000000000000003D
:1013B000000000000000000000000000000000002D
:1013C000000000000000000000000000000000001D
:1013D000000000000000000000000000000000000D
:1013E00000000000000000000000000000000000FD
:1013F00000000000000000000000000000000000ED
:1014000000000000000000000000000000000000DC
:1014100000000000000000000000000000000000CC
:1014200000000000000000000000000000000000BC
:1014300000000000000000000000000000000000AC
:10144000000000000000000000000000000000009C
:10145000000000000000000000000000000000008C
:10146000000000000000000000000000000000007C
:10147000000000000000000000000000000000006C
:10148000000000000000000000000000000000005C
:10149000000000000000000000000000000000004C
:1014A000000000000000000000000000000000003C
:1014B000000000000000000000000000000000002C
:1014C000000000000000000000000000000000001C
:1014D000000000000000000000000000000000000C
:1014E00000000000000000000000000000000000FC
:1014F00000000000000000000000000000000000EC
:1015000000000000000000000000000000000000DB
:1015100000000000000000000000000000000000CB
:1015200000000000000000000000000000000000BB
:1015300000000000000000000000000000000000AB
:10154000000000000000000000000000000000009B
:10155000000000000000000000000000000000008B
:10156000000000000000000000000000000000007B
:10157000000000000000000000000000000000006B
:10158000000000000000000000000000000000005B
:10159000000000000000000000000000000000004B
:1015A000000000000000000000000000000000003B
:1015B000000000000000000000000000000000002B
:1015C000000000000000000000000000000000001B
:1015D000000000000000000000000000000000000B
:1015E00000000000000000000000000000000000FB
:1015F00000000000000000000000000000000000EB
:1016000000000000000000000000000000000000DA
:1016100000000000000000000000000000000000CA
:1016200000000000000000000000000000000000BA
:1016300000000000000000000000000000000000AA
:10164000000000000000000000000000000000009A
:10165000000000000000000000000000000000008A
:10166000000000000000000000000000000000007A
:10167000000000000000000000000000000000006A
:10168000000000000000000000000000000000005A
:10169000000000000000000000000000000000004A
:1016A000000000000000000000000000000000003A
:1016B000000000000000000000000000000000002A
:1016C000000000000000000000000000000000001A
:1016D000000000000000000000000000000000000A
:1016E00000000000000000000000000000000000FA
:1016F00000000000000000000000000000000000EA
:1017000000000000000000000000000000000000D9
:1017100000000000000000000000000000000000C9
:1017200000000000000000000000000000000000B9
:1017300000000000000000000000000000000000A9
:101740000000000000000000000000000000000099
:101750000000000000000000000000000000000089
:101760000000000000000000000000000000000079
:101770000000000000000000000000000000000069
:101780000000000000000000000000000000000059
:101790000000000000000000000000000000000049
:1017A0000000000000000000000000000000000039
:1017B0000000000000000000000000000000000029
:1017C0000000000000000000000000000000000019
:1017D0000000000000000000000000000000000009
:1017E00000000000000000000000000000000000F9
:1017F00000000000000000000000000000000000E9
:1018000000000000000000000000000000000000D8
:1018100000000000000000000000000000000000C8
:1018200000000000000000000000000000000000B8
:1018300000000000000000000000000000000000A8
:101840000000000000000000000000000000000098
:101850000000000000000000000000000000000088
:101860000000000000000000000000000000000078
:101870000000000000000000000000000000000068
:101880000000000000000000000000000000000058
:101890000000000000000000000000000000000048
:1018A0000000000000000000000000000000000038
:1018B0000000000000000000000000000000000028
:1018C0000000000000000000000000000000000018
:1018D0000000000000000000000000000000000008
:1018E00000000000000000000000000000000000F8
:1018F00000000000000000000000000000000000E8
:1019000000000000000000000000000000000000D7
:1019100000000000000000000000000000000000C7
:1019200000000000000000000000000000000000B7
:1019300000000000000000000000000000000000A7
:101940000000000000000000000000000000000097
:101950000000000000000000000000000000000087
:101960000000000000000000000000000000000077
:101970000000000000000000000000000000000067
:101980000000000000000000000000000000000057
:101990000000000000000000000000000000000047
:1019A0000000000000000000000000000000000037
:1019B0000000000000000000000000000000000027
:1019C0000000000000000000000000000000000017
:1019D0000000000000000000000000000000000007
:1019E00000000000000000000000000000000000F7
:1019F00000000000000000000000000000000000E7
:101A000000000000000000000000000000000000D6
:101A100000000000000000000000000000000000C6
:101A200000000000000000000000000000000000B6
:101A300000000000000000000000000000000000A6
:101A40000000000000000000000000000000000096
:101A50000000000000000000000000000000000086
:101A60000000000000000000000000000000000076
:101A70000000000000000000000000000000000066
:101A80000000000000000000000000000000000056
:101A90000000000000000000000000000000000046
:101AA0000000000000000000000000000000000036
:101AB0000000000000000000000000000000000026
:101AC0000000000000000000000000000000000016
:101AD0000000000000000000000000000000000006
:101AE00000000000000000000000000000000000F6
:101AF00000000000000000000000000000000000E6
:101B000000000000000000000000000000000000D5
:101B100000000000000000000000000000000000C5
:101B200000000000000000000000000000000000B5
:101B300000000000000000000000000000000000A5
:101B40000000000000000000000000000000000095
:101B50000000000000000000000000000000000085
:101B60000000000000000000000000000000000075
:101B70000000000000000000000000000000000065
:101B80000000000000000000000000000000000055
:101B90000000000000000000000000000000000045
:101BA0000000000000000000000000000000000035
:101BB0000000000000000000000000000000000025
:101BC0000000000000000000000000000000000015
:101BD0000000000000000000000000000000000005
:101BE00000000000000000000000000000000000F5
:101BF00000000000000000000000000000000000E5
:101C000000000000000000000000000000000000D4
:101C100000000000000000000000000000000000C4
:101C200000000000000000000000000000000000B4
:101C300000000000000000000000000000000000A4
:101C40000000000000000000000000000000000094
:101C50000000000000000000000000000000000084
:101C60000000000000000000000000000000000074
:101C70000000000000000000000000000000000064
:101C80000000000000000000000000000000000054
:101C90000000000000000000000000000000000044
:101CA0000000000000000000000000000000000034
:101CB0000000000000000000000000000000000024
:101CC0000000000000000000000000000000000014
:101CD0000000000000000000000000000000000004
:101CE00000000000000000000000000000000000F4
:101CF00000000000000000000000000000000000E4
:101D000000000000000000000000000000000000D3
:101D100000000000000000000000000000000000C3
:101D200000000000000000000000000000000000B3
:101D300000000000000000000000000000000000A3
:101D40000000000000000000000000000000000093
:101D50000000000000000000000000000000000083
:101D60000000000000000000000000000000000073
:101D70000000000000000000000000000000000063
:101D80000000000000000000000000000000000053
:101D90000000000000000000000000000000000043
:101DA0000000000000000000000000000000000033
:101DB0000000000000000000000000000000000023
:101DC0000000000000000000000000000000000013
:101DD0000000000000000000000000000000000003
:101DE00000000000000000000000000000000000F3
:101DF00000000000000000000000000000000000E3
:101E000000000000000000000000000000000000D2
:101E100000000000000000000000000000000000C2
:101E200000000000000000000000000000000000B2
:101E300000000000000000000000000000000000A2
:101E40000000000000000000000000000000000092
:101E50000000000000000000000000000000000082
:101E60000000000000000000000000000000000072
:101E70000000000000000000000000000000000062
:101E80000000000000000000000000000000000052
:101E90000000000000000000000000000000000042
:101EA0000000000000000000000000000000000032
:101EB0000000000000000000000000000000000022
:101EC0000000000000000000000000000000000012
:101ED0000000000000000000000000000000000002
:101EE00000000000000000000000000000000000F2
:101EF00000000000000000000000000000000000E2
:101F000000000000000000000000000000000000D1
:101F100000000000000000000000000000000000C1
:101F200000000000000000000000000000000000B1
:101F300000000000000000000000000000000000A1
:101F40000000000000000000000000000000000091
:101F50000000000000000000000000000000000081
:101F60000000000000000000000000000000000071
:101F70000000000000000000000000000000000061
:101F80000000000000000000000000000000000051
:101F90000000000000000000000000000000000041
:101FA0000000000000000000000000000000000031
:101FB0000000000000000000000000000000000021
:101FC0000000000000000000000000000000000011
:101FD0000000000000000000000000000000000001
:101FE00000000000000000000000000000000000F1
:101FF00000000000000000000000000000000000E1
:1020000000000000000000000000000000000000D0
:1020100000000000000000000000000000000000C0
:1020200000000000000000000000000000000000B0
:1020300000000000000000000000000000000000A0
:102040000000000000000000000000000000000090
:102050000000000000000000000000000000000080
:102060000000000000000000000000000000000070
:102070000000000000000000000000000000000060
:102080000000000000000000000000000000000050
:102090000000000000000000000000000000000040
:1020A0000000000000000000000000000000000030
:1020B0000000000000000000000000000000000020
:1020C0000000000000000000000000000000000010
:1020D0000000000000000000000000000000000000
:1020E00000000000000000000000000000000000F0
:1020F00000000000000000000000000000000000E0
:1021000000000000000000000000000000000000CF
:1021100000000000000000000000000000000000BF
:1021200000000000000000000000000000000000AF
:10213000000000000000000000000000000000009F
:10214000000000000000000000000000000000008F
:10215000000000000000000000000000000000007F
:10216000000000000000000000000000000000006F
:10217000000000000000000000000000000000005F
:10218000000000000000000000000000000000004F
:10219000000000000000000000000000000000003F
:1021A000000000000000000000000000000000002F
:1021B000000000000000000000000000000000001F
:1021C000000000000000000000000000000000000F
:1021D00000000000000000000000000000000000FF
:1021E00000000000000000000000000000000000EF
:1021F00000000000000000000000000000000000DF
:1022000000000000000000000000000000000000CE
:1022100000000000000000000000000000000000BE
:1022200000000000000000000000000000000000AE
:10223000000000000000000000000000000000009E
:10224000000000000000000000000000000000008E
:10225000000000000000000000000000000000007E
:10226000000000000000000000000000000000006E
:10227000000000000000000000000000000000005E
:10228000000000000000000000000000000000004E
:10229000000000000000000000000000000000003E
:1022A000000000000000000000000000000000002E
:1022B000000000000000000000000000000000001E
:1022C000000000000000000000000000000000000E
:1022D00000000000000000000000000000000000FE
:1022E00000000000000000000000000000000000EE
:1022F00000000000000000000000000000000000DE
:1023000000000000000000000000000000000000CD
:1023100000000000000000000000000000000000BD
:1023200000000000000000000000000000000000AD
:10233000000000000000000000000000000000009D
:10234000000000000000000000000000000000008D
:10235000000000000000000000000000000000007D
:10236000000000000000000000000000000000006D
:10237000000000000000000000000000000000005D
:10238000000000000000000000000000000000004D
:10239000000000000000000000000000000000003D
:1023A000000000000000000000000000000000002D
:1023B000000000000000000000000000000000001D
:1023C000000000000000000000000000000000000D
:1023D00000000000000000000000000000000000FD
:1023E00000000000000000000000000000000000ED
:1023F00000000000000000000000000000000000DD
:1024000000000000000000000000000000000000CC
:1024100000000000000000000000000000000000BC
:1024200000000000000000000000000000000000AC
:10243000000000000000000000000000000000009C
:10244000000000000000000000000000000000008C
:10245000000000000000000000000000000000007C
:10246000000000000000000000000000000000006C
:10247000000000000000000000000000000000005C
:10248000000000000000000000000000000000004C
:10249000000000000000000000000000000000003C
:1024A000000000000000000000000000000000002C
:1024B000000000000000000000000000000000001C
:1024C000000000000000000000000000000000000C
:1024D00000000000000000000000000000000000FC
:1024E00000000000000000000000000000000000EC
:1024F00000000000000000000000000000000000DC
:1025000000000000000000000000000000000000CB
:1025100000000000000000000000000000000000BB
:1025200000000000000000000000000000000000AB
:10253000000000000000000000000000000000009B
:10254000000000000000000000000000000000008B
:10255000000000000000000000000000000000007B
:10256000000000000000000000000000000000006B
:10257000000000000000000000000000000000005B
:10258000000000000000000000000000000000004B
:10259000000000000000000000000000000000003B
:1025A000000000000000000000000000000000002B
:1025B000000000000000000000000000000000001B
:1025C000000000000000000000000000000000000B
:1025D00000000000000000000000000000000000FB
:1025E00000000000000000000000000000000000EB
:1025F00000000000000000000000000000000000DB
:1026000000000000000000000000000000000000CA
:1026100000000000000000000000000000000000BA
:1026200000000000000000000000000000000000AA
:10263000000000000000000000000000000000009A
:10264000000000000000000000000000000000008A
:10265000000000000000000000000000000000007A
:10266000000000000000000000000000000000006A
:10267000000000000000000000000000000000005A
:10268000000000000000000000000000000000004A
:10269000000000000000000000000000000000003A
:1026A000000000000000000000000000000000002A
:1026B000000000000000000000000000000000001A
:1026C000000000000000000000000000000000000A
:1026D00000000000000000000000000000000000FA
:1026E00000000000000000000000000000000000EA
:1026F00000000000000000000000000000000000DA
:1027000000000000000000000000000000000000C9
:1027100000000000000000000000000000000000B9
:1027200000000000000000000000000000000000A9
:102730000000000000000000000000000000000099
:102740000000000000000000000000000000000089
:102750000000000000000000000000000000000079
:102760000000000000000000000000000000000069
:102770000000000000000000000000000000000059
:102780000000000000000000000000000000000049
:102790000000000000000000000000000000000039
:1027A0000000000000000000000000000000000029
:1027B0000000000000000000000000000000000019
:1027C0000000000000000000000000000000000009
:1027D00000000000000000000000000000000000F9
:1027E00000000000000000000000000000000000E9
:1027F00000000000000000000000000000000000D9
:1028000000000000000000000000000000000000C8
:1028100000000000000000000000000000000000B8
:1028200000000000000000000000000000000000A8
:102830000000000000000000000000000000000098
:102840000000000000000000000000000000000088
:102850000000000000000000000000000000000078
:102860000000000000000000000000000000000068
:102870000000000000000000000000000000000058
:102880000000000000000000000000000000000048
:102890000000000000000000000000000000000038
:1028A0000000000000000000000000000000000028
:1028B0000000000000000000000000000000000018
:1028C0000000000000000000000000000000000008
:1028D00000000000000000000000000000000000F8
:1028E00000000000000000000000000000000000E8
:1028F00000000000000000000000000000000000D8
:1029000000000000000000000000000000000000C7
:1029100000000000000000000000000000000000B7
:1029200000000000000000000000000000000000A7
:102930000000000000000000000000000000000097
:102940000000000000000000000000000000000087
:102950000000000000000000000000000000000077
:102960000000000000000000000000000000000067
:102970000000000000000000000000000000000057
:102980000000000000000000000000000000000047
:102990000000000000000000000000000000000037
:1029A0000000000000000000000000000000000027
:1029B0000000000000000000000000000000000017
:1029C0000000000000000000000000000000000007
:1029D00000000000000000000000000000000000F7
:1029E00000000000000000000000000000000000E7
:1029F00000000000000000000000000000000000D7
:102A000000000000000000000000000000000000C6
:102A100000000000000000000000000000000000B6
:102A200000000000000000000000000000000000A6
:102A30000000000000000000000000000000000096
:102A40000000000000000000000000000000000086
:102A50000000000000000000000000000000000076
:102A60000000000000000000000000000000000066
:102A70000000000000000000000000000000000056
:102A80000000000000000000000000000000000046
:102A90000000000000000000000000000000000036
:102AA0000000000000000000000000000000000026
:102AB0000000000000000000000000000000000016
:102AC0000000000000000000000000000000000006
:102AD00000000000000000000000000000000000F6
:102AE00000000000000000000000000000000000E6
:102AF00000000000000000000000000000000000D6
:102B000000000000000000000000000000000000C5
:102B100000000000000000000000000000000000B5
:102B200000000000000000000000000000000000A5
:102B30000000000000000000000000000000000095
:102B40000000000000000000000000000000000085
:102B50000000000000000000000000000000000075
:102B60000000000000000000000000000000000065
:102B70000000000000000000000000000000000055
:102B80000000000000000000000000000000000045
:102B90000000000000000000000000000000000035
:102BA0000000000000000000000000000000000025
:102BB0000000000000000000000000000000000015
:102BC0000000000000000000000000000000000005
:102BD00000000000000000000000000000000000F5
:102BE00000000000000000000000000000000000E5
:102BF00000000000000000000000000000000000D5
:102C000000000000000000000000000000000000C4
:102C100000000000000000000000000000000000B4
:102C200000000000000000000000000000000000A4
:102C30000000000000000000000000000000000094
:102C40000000000000000000000000000000000084
:102C50000000000000000000000000000000000074
:102C60000000000000000000000000000000000064
:102C70000000000000000000000000000000000054
:102C80000000000000000000000000000000000044
:102C90000000000000000000000000000000000034
:102CA0000000000000000000000000000000000024
:102CB0000000000000000000000000000000000014
:102CC0000000000000000000000000000000000004
:102CD00000000000000000000000000000000000F4
:102CE00000000000000000000000000000000000E4
:102CF00000000000000000000000000000000000D4
:102D000000000000000000000000000000000000C3
:102D100000000000000000000000000000000000B3
:102D200000000000000000000000000000000000A3
:102D30000000000000000000000000000000000093
:102D40000000000000000000000000000000000083
:102D50000000000000000000000000000000000073
:102D60000000000000000000000000000000000063
:102D70000000000000000000000000000000000053
:102D80000000000000000000000000000000000043
:102D90000000000000000000000000000000000033
:102DA0000000000000000000000000000000000023
:102DB0000000000000000000000000000000000013
:102DC0000000000000000000000000000000000003
:102DD00000000000000000000000000000000000F3
:102DE00000000000000000000000000000000000E3
:102DF00000000000000000000000000000000000D3
:102E000000000000000000000000000000000000C2
:102E100000000000000000000000000000000000B2
:102E200000000000000000000000000000000000A2
:102E30000000000000000000000000000000000092
:102E40000000000000000000000000000000000082
:102E50000000000000000000000000000000000072
:102E60000000000000000000000000000000000062
:102E70000000000000000000000000000000000052
:102E80000000000000000000000000000000000042
:102E90000000000000000000000000000000000032
:102EA0000000000000000000000000000000000022
:102EB0000000000000000000000000000000000012
:102EC0000000000000000000000000000000000002
:102ED00000000000000000000000000000000000F2
:102EE00000000000000000000000000000000000E2
:102EF00000000000000000000000000000000000D2
:102F000000000000000000000000000000000000C1
:102F100000000000000000000000000000000000B1
:102F200000000000000000000000000000000000A1
:102F30000000000000000000000000000000000091
:102F40000000000000000000000000000000000081
:102F50000000000000000000000000000000000071
:102F60000000000000000000000000000000000061
:102F70000000000000000000000000000000000051
:102F80000000000000000000000000000000000041
:102F90000000000000000000000000000000000031
:102FA0000000000000000000000000000000000021
:102FB0000000000000000000000000000000000011
:102FC0000000000000000000000000000000000001
:102FD00000000000000000000000000000000000F1
:102FE00000000000000000000000000000000000E1
:102FF00000000000000000000000000000000000D1
:1030000000000000000000000000000000000000C0
:1030100000000000000000000000000000000000B0
:1030200000000000000000000000000000000000A0
:103030000000000000000000000000000000000090
:103040000000000000000000000000000000000080
:103050000000000000000000000000000000000070
:103060000000000000000000000000000000000060
:103070000000000000000000000000000000000050
:103080000000000000000000000000000000000040
:103090000000000000000000000000000000000030
:1030A0000000000000000000000000000000000020
:1030B0000000000000000000000000000000000010
:1030C0000000000000000000000000000000000000
:1030D00000000000000000000000000000000000F0
:1030E00000000000000000000000000000000000E0
:1030F00000000000000000000000000000000000D0
:1031000000000000000000000000000000000000BF
:1031100000000000000000000000000000000000AF
:10312000000000000000000000000000000000009F
:10313000000000000000000000000000000000008F
:10314000000000000000000000000000000000007F
:10315000000000000000000000000000000000006F
:10316000000000000000000000000000000000005F
:10317000000000000000000000000000000000004F
:10318000000000000000000000000000000000003F
:10319000000000000000000000000000000000002F
:1031A000000000000000000000000000000000001F
:1031B000000000000000000000000000000000000F
:1031C00000000000000000000000000000000000FF
:1031D00000000000000000000000000000000000EF
:1031E00000000000000000000000000000000000DF
:1031F00000000000000000000000000000000000CF
:1032000000000000000000000000000000000000BE
:1032100000000000000000000000000000000000AE
:10322000000000000000000000000000000000009E
:10323000000000000000000000000000000000008E
:10324000000000000000000000000000000000007E
:10325000000000000000000000000000000000006E
:10326000000000000000000000000000000000005E
:10327000000000000000000000000000000000004E
:10328000000000000000000000000000000000003E
:10329000000000000000000000000000000000002E
:1032A000000000000000000000000000000000001E
:1032B000000000000000000000000000000000000E
:1032C00000000000000000000000000000000000FE
:1032D00000000000000000000000000000000000EE
:1032E00000000000000000000000000000000000DE
:1032F00000000000000000000000000000000000CE
:1033000000000000000000000000000000000000BD
:1033100000000000000000000000000000000000AD
:10332000000000000000000000000000000000009D
:10333000000000000000000000000000000000008D
:10334000000000000000000000000000000000007D
:10335000000000000000000000000000000000006D
:10336000000000000000000000000000000000005D
:10337000000000000000000000000000000000004D
:10338000000000000000000000000000000000003D
:10339000000000000000000000000000000000002D
:1033A000000000000000000000000000000000001D
:1033B000000000000000000000000000000000000D
:1033C00000000000000000000000000000000000FD
:1033D00000000000000000000000000000000000ED
:1033E00000000000000000000000000000000000DD
:1033F00000000000000000000000000000000000CD
:1034000000000000000000000000000000000000BC
:1034100000000000000000000000000000000000AC
:10342000000000000000000000000000000000009C
:10343000000000000000000000000000000000008C
:10344000000000000000000000000000000000007C
:10345000000000000000000000000000000000006C
:10346000000000000000000000000000000000005C
:10347000000000000000000000000000000000004C
:10348000000000000000000000000000000000003C
:10349000000000000000000000000000000000002C
:1034A000000000000000000000000000000000001C
:1034B000000000000000000000000000000000000C
:1034C00000000000000000000000000000000000FC
:1034D00000000000000000000000000000000000EC
:1034E00000000000000000000000000000000000DC
:1034F00000000000000000000000000000000000CC
:1035000000000000000000000000000000000000BB
:1035100000000000000000000000000000000000AB
:10352000000000000000000000000000000000009B
:10353000000000000000000000000000000000008B
:10354000000000000000000000000000000000007B
:10355000000000000000000000000000000000006B
:10356000000000000000000000000000000000005B
:10357000000000000000000000000000000000004B
:10358000000000000000000000000000000000003B
:10359000000000000000000000000000000000002B
:1035A000000000000000000000000000000000001B
:1035B000000000000000000000000000000000000B
:1035C00000000000000000000000000000000000FB
:1035D00000000000000000000000000000000000EB
:1035E00000000000000000000000000000000000DB
:1035F00000000000000000000000000000000000CB
:1036000000000000000000000000000000000000BA
:1036100000000000000000000000000000000000AA
:10362000000000000000000000000000000000009A
:10363000000000000000000000000000000000008A
:10364000000000000000000000000000000000007A
:10365000000000000000000000000000000000006A
:10366000000000000000000000000000000000005A
:10367000000000000000000000000000000000004A
:10368000000000000000000000000000000000003A
:10369000000000000000000000000000000000002A
:1036A000000000000000000000000000000000001A
:1036B000000000000000000000000000000000000A
:1036C00000000000000000000000000000000000FA
:1036D00000000000000000000000000000000000EA
:1036E00000000000000000000000000000000000DA
:1036F00000000000000000000000000000000000CA
:1037000000000000000000000000000000000000B9
:1037100000000000000000000000000000000000A9
:103720000000000000000000000000000000000099
:103730000000000000000000000000000000000089
:103740000000000000000000000000000000000079
:103750000000000000000000000000000000000069
:103760000000000000000000000000000000000059
:103770000000000000000000000000000000000049
:103780000000000000000000000000000000000039
:103790000000000000000000000000000000000029
:1037A0000000000000000000000000000000000019
:1037B0000000000000000000000000000000000009
:1037C00000000000000000000000000000000000F9
:1037D00000000000000000000000000000000000E9
:1037E00000000000000000000000000000000000D9
:1037F00000000000000000000000000000000000C9
:1038000000000000000000000000000000000000B8
:1038100000000000000000000000000000000000A8
:103820000000000000000000000000000000000098
:103830000000000000000000000000000000000088
:103840000000000000000000000000000000000078
:103850000000000000000000000000000000000068
:103860000000000000000000000000000000000058
:103870000000000000000000000000000000000048
:103880000000000000000000000000000000000038
:103890000000000000000000000000000000000028
:1038A0000000000000000000000000000000000018
:1038B0000000000000000000000000000000000008
:1038C00000000000000000000000000000000000F8
:1038D00000000000000000000000000000000000E8
:1038E00000000000000000000000000000000000D8
:1038F00000000000000000000000000000000000C8
:1039000000000000000000000000000000000000B7
:1039100000000000000000000000000000000000A7
:103920000000000000000000000000000000000097
:103930000000000000000000000000000000000087
:103940000000000000000000000000000000000077
:103950000000000000000000000000000000000067
:103960000000000000000000000000000000000057
:103970000000000000000000000000000000000047
:103980000000000000000000000000000000000037
:103990000000000000000000000000000000000027
:1039A0000000000000000000000000000000000017
:1039B0000000000000000000000000000000000007
:1039C00000000000000000000000000000000000F7
:1039D00000000000000000000000000000000000E7
:1039E00000000000000000000000000000000000D7
:1039F00000000000000000000000000000000000C7
:103A000000000000000000000000000000000000B6
:103A100000000000000000000000000000000000A6
:103A20000000000000000000000000000000000096
:103A30000000000000000000000000000000000086
:103A40000000000000000000000000000000000076
:103A50000000000000000000000000000000000066
:103A60000000000000000000000000000000000056
:103A70000000000000000000000000000000000046
:103A80000000000000000000000000000000000036
:103A90000000000000000000000000000000000026
:103AA0000000000000000000000000000000000016
:103AB0000000000000000000000000000000000006
:103AC00000000000000000000000000000000000F6
:103AD00000000000000000000000000000000000E6
:103AE00000000000000000000000000000000000D6
:103AF00000000000000000000000000000000000C6
:103B000000000000000000000000000000000000B5
:103B100000000000000000000000000000000000A5
:103B20000000000000000000000000000000000095
:103B30000000000000000000000000000000000085
:103B40000000000000000000000000000000000075
:103B50000000000000000000000000000000000065
:103B60000000000000000000000000000000000055
:103B70000000000000000000000000000000000045
:103B80000000000000000000000000000000000035
:103B90000000000000000000000000000000000025
:103BA0000000000000000000000000000000000015
:103BB0000000000000000000000000000000000005
:103BC00000000000000000000000000000000000F5
:103BD00000000000000000000000000000000000E5
:103BE00000000000000000000000000000000000D5
:103BF00000000000000000000000000000000000C5
:103C000000000000000000000000000000000000B4
:103C100000000000000000000000000000000000A4
:103C20000000000000000000000000000000000094
:103C30000000000000000000000000000000000084
:103C40000000000000000000000000000000000074
:103C50000000000000000000000000000000000064
:103C60000000000000000000000000000000000054
:103C70000000000000000000000000000000000044
:103C80000000000000000000000000000000000034
:103C90000000000000000000000000000000000024
:103CA0000000000000000000000000000000000014
:103CB0000000000000000000000000000000000004
:103CC00000000000000000000000000000000000F4
:103CD00000000000000000000000000000000000E4
:103CE00000000000000000000000000000000000D4
:103CF00000000000000000000000000000000000C4
:103D000000000000000000000000000000000000B3
:103D100000000000000000000000000000000000A3
:103D20000000000000000000000000000000000093
:103D30000000000000000000000000000000000083
:103D40000000000000000000000000000000000073
:103D50000000000000000000000000000000000063
:103D60000000000000000000000000000000000053
:103D70000000000000000000000000000000000043
:103D80000000000000000000000000000000000033
:103D90000000000000000000000000000000000023
:103DA0000000000000000000000000000000000013
:103DB0000000000000000000000000000000000003
:103DC00000000000000000000000000000000000F3
:103DD00000000000000000000000000000000000E3
:103DE00000000000000000000000000000000000D3
:103DF00000000000000000000000000000000000C3
:103E000000000000000000000000000000000000B2
:103E100000000000000000000000000000000000A2
:103E20000000000000000000000000000000000092
:103E30000000000000000000000000000000000082
:103E40000000000000000000000000000000000072
:103E50000000000000000000000000000000000062
:103E60000000000000000000000000000000000052
:103E70000000000000000000000000000000000042
:103E80000000000000000000000000000000000032
:103E90000000000000000000000000000000000022
:103EA0000000000000000000000000000000000012
:103EB0000000000000000000000000000000000002
:103EC00000000000000000000000000000000000F2
:103ED00000000000000000000000000000000000E2
:103EE00000000000000000000000000000000000D2
:103EF00000000000000000000000000000000000C2
:103F000000000000000000000000000000000000B1
:103F100000000000000000000000000000000000A1
:103F20000000000000000000000000000000000091
:103F30000000000000000000000000000000000081
:103F40000000000000000000000000000000000071
:103F50000000000000000000000000000000000061
:103F60000000000000000000000000000000000051
:103F70000000000000000000000000000000000041
:103F80000000000000000000000000000000000031
:103F90000000000000000000000000000000000021
:103FA0000000000000000000000000000000000011
:103FB0000000000000000000000000000000000001
:103FC00000000000000000000000000000000000F1
:103FD00000000000000000000000000000000000E1
:103FE00000000000000000000000000000000000D1
:103FF00000000000000000000000000000000000C1
:1040000000000000000000000000000000000000B0
:1040100000000000000000000000000000000000A0
:104020000000000000000000000000000000000090
:104030000000000000000000000000000000000080
:104040000000000000000000000000000000000070
:104050000000000000000000000000000000000060
:104060000000000000000000000000000000000050
:104070000000000000000000000000000000000040
:104080000000000000000000000000000000000030
:104090000000000000000000000000000000000020
:1040A0000000000000000000000000000000000010
:1040B0000000000000000000000000000000000000
:1040C00000000000000000000000000000000000F0
:1040D00000000000000000000000000000000000E0
:1040E00000000000000000000000000000000000D0
:1040F00000000000000000000000000000000000C0
:1041000000000000000000000000000000000000AF
:10411000000000000000000000000000000000009F
:10412000000000000000000000000000000000008F
:10413000000000000000000000000000000000007F
:10414000000000000000000000000000000000006F
:10415000000000000000000000000000000000005F
:10416000000000000000000000000000000000004F
:10417000000000000000000000000000000000003F
:10418000000000000000000000000000000000002F
:10419000000000000000000000000000000000001F
:1041A000000000000000000000000000000000000F
:1041B00000000000000000000000000000000000FF
:1041C00000000000000000000000000000000000EF
:1041D00000000000000000000000000000000000DF
:1041E00000000000000000000000000000000000CF
:1041F00000000000000000000000000000000000BF
:1042000000000000000000000000000000000000AE
:10421000000000000000000000000000000000009E
:10422000000000000000000000000000000000008E
:10423000000000000000000000000000000000007E
:10424000000000000000000000000000000000006E
:10425000000000000000000000000000000000005E
:10426000000000000000000000000000000000004E
:10427000000000000000000000000000000000003E
:10428000000000000000000000000000000000002E
:10429000000000000000000000000000000000001E
:1042A000000000000000000000000000000000000E
:1042B00000000000000000000000000000000000FE
:1042C00000000000000000000000000000000000EE
:1042D00000000000000000000000000000000000DE
:1042E00000000000000000000000000000000000CE
:1042F00000000000000000000000000000000000BE
:1043000000000000000000000000000000000000AD
:10431000000000000000000000000000000000009D
:10432000000000000000000000000000000000008D
:10433000000000000000000000000000000000007D
:10434000000000000000000000000000000000006D
:10435000000000000000000000000000000000005D
:10436000000000000000000000000000000000004D
:10437000000000000000000000000000000000003D
:10438000000000000000000000000000000000002D
:10439000000000000000000000000000000000001D
:1043A000000000000000000000000000000000000D
:1043B00000000000000000000000000000000000FD
:1043C00000000000000000000000000000000000ED
:1043D00000000000000000000000000000000000DD
:1043E00000000000000000000000000000000000CD
:1043F00000000000000000000000000000000000BD
:1044000000000000000000000000000000000000AC
:10441000000000000000000000000000000000009C
:10442000000000000000000000000000000000008C
:10443000000000000000000000000000000000007C
:10444000000000000000000000000000000000006C
:10445000000000000000000000000000000000005C
:10446000000000000000000000000000000000004C
:10447000000000000000000000000000000000003C
:10448000000000000000000000000000000000002C
:10449000000000000000000000000000000000001C
:1044A000000000000000000000000000000000000C
:1044B00000000000000000000000000000000000FC
:1044C00000000000000000000000000000000000EC
:1044D00000000000000000000000000000000000DC
:1044E00000000000000000000000000000000000CC
:1044F00000000000000000000000000000000000BC
:1045000000000000000000000000000000000000AB
:10451000000000000000000000000000000000009B
:10452000000000000000000000000000000000008B
:10453000000000000000000000000000000000007B
:10454000000000000000000000000000000000006B
:10455000000000000000000000000000000000005B
:10456000000000000000000000000000000000004B
:10457000000000000000000000000000000000003B
:10458000000000000000000000000000000000002B
:10459000000000000000000000000000000000001B
:1045A000000000000000000000000000000000000B
:1045B00000000000000000000000000000000000FB
:1045C00000000000000000000000000000000000EB
:1045D00000000000000000000000000000000000DB
:1045E00000000000000000000000000000000000CB
:1045F00000000000000000000000000000000000BB
:1046000000000000000000000000000000000000AA
:10461000000000000000000000000000000000009A
:10462000000000000000000000000000000000008A
:10463000000000000000000000000000000000007A
:10464000000000000000000000000000000000006A
:10465000000000000000000000000000000000005A
:10466000000000000000000000000000000000004A
:10467000000000000000000000000000000000003A
:10468000000000000000000000000000000000002A
:10469000000000000000000000000000000000001A
:1046A000000000000000000000000000000000000A
:1046B00000000000000000000000000000000000FA
:1046C00000000000000000000000000000000000EA
:1046D00000000000000000000000000000000000DA
:1046E00000000000000000000000000000000000CA
:1046F00000000000000000000000000000000000BA
:1047000000000000000000000000000000000000A9
:104710000000000000000000000000000000000099
:104720000000000000000000000000000000000089
:104730000000000000000000000000000000000079
:104740000000000000000000000000000000000069
:104750000000000000000000000000000000000059
:104760000000000000000000000000000000000049
:104770000000000000000000000000000000000039
:104780000000000000000000000000000000000029
:104790000000000000000000000000000000000019
:1047A0000000000000000000000000000000000009
:1047B00000000000000000000000000000000000F9
:1047C00000000000000000000000000000000000E9
:1047D00000000000000000000000000000000000D9
:1047E00000000000000000000000000000000000C9
:1047F00000000000000000000000000000000000B9
:1048000000000000000000000000000000000000A8
:104810000000000000000000000000000000000098
:104820000000000000000000000000000000000088
:104830000000000000000000000000000000000078
:104840000000000000000000000000000000000068
:104850000000000000000000000000000000000058
:104860000000000000000000000000000000000048
:104870000000000000000000000000000000000038
:104880000000000000000000000000000000000028
:104890000000000000000000000000000000000018
:1048A0000000000000000000000000000000000008
:1048B00000000000000000000000000000000000F8
:1048C00000000000000000000000000000000000E8
:1048D00000000000000000000000000000000000D8
:1048E00000000000000000000000000000000000C8
:1048F00000000000000000000000000000000000B8
:1049000000000000000000000000000000000000A7
:104910000000000000000000000000000000000097
:104920000000000000000000000000000000000087
:104930000000000000000000000000000000000077
:104940000000000000000000000000000000000067
:104950000000000000000000000000000000000057
:104960000000000000000000000000000000000047
:104970000000000000000000000000000000000037
:104980000000000000000000000000000000000027
:104990000000000000000000000000000000000017
:1049A0000000000000000000000000000000000007
:1049B00000000000000000000000000000000000F7
:1049C00000000000000000000000000000000000E7
:1049D00000000000000000000000000000000000D7
:1049E00000000000000000000000000000000000C7
:1049F00000000000000000000000000000000000B7
:104A000000000000000000000000000000000000A6
:104A10000000000000000000000000000000000096
:104A20000000000000000000000000000000000086
:104A30000000000000000000000000000000000076
:104A40000000000000000000000000000000000066
:104A50000000000000000000000000000000000056
:104A60000000000000000000000000000000000046
:104A70000000000000000000000000000000000036
:104A80000000000000000000000000000000000026
:104A90000000000000000000000000000000000016
:104AA0000000000000000000000000000000000006
:104AB00000000000000000000000000000000000F6
:104AC00000000000000000000000000000000000E6
:104AD00000000000000000000000000000000000D6
:104AE00000000000000000000000000000000000C6
:104AF00000000000000000000000000000000000B6
:104B000000000000000000000000000000000000A5
:104B10000000000000000000000000000000000095
:104B20000000000000000000000000000000000085
:104B30000000000000000000000000000000000075
:104B40000000000000000000000000000000000065
:104B50000000000000000000000000000000000055
:104B60000000000000000000000000000000000045
:104B70000000000000000000000000000000000035
:104B80000000000000000000000000000000000025
:104B90000000000000000000000000000000000015
:104BA0000000000000000000000000000000000005
:104BB00000000000000000000000000000000000F5
:104BC00000000000000000000000000000000000E5
:104BD00000000000000000000000000000000000D5
:104BE00000000000000000000000000000000000C5
:104BF00000000000000000000000000000000000B5
:104C000000000000000000000000000000000000A4
:104C10000000000000000000000000000000000094
:104C20000000000000000000000000000000000084
:104C30000000000000000000000000000000000074
:104C40000000000000000000000000000000000064
:104C50000000000000000000000000000000000054
:104C60000000000000000000000000000000000044
:104C70000000000000000000000000000000000034
:104C80000000000000000000000000000000000024
:104C90000000000000000000000000000000000014
:104CA0000000000000000000000000000000000004
:104CB00000000000000000000000000000000000F4
:104CC00000000000000000000000000000000000E4
:104CD00000000000000000000000000000000000D4
:104CE00000000000000000000000000000000000C4
:104CF00000000000000000000000000000000000B4
:104D000000000000000000000000000000000000A3
:104D10000000000000000000000000000000000093
:104D20000000000000000000000000000000000083
:104D30000000000000000000000000000000000073
:104D40000000000000000000000000000000000063
:104D50000000000000000000000000000000000053
:104D60000000000000000000000000000000000043
:104D70000000000000000000000000000000000033
:104D80000000000000000000000000000000000023
:104D90000000000000000000000000000000000013
:104DA0000000000000000000000000000000000003
:104DB00000000000000000000000000000000000F3
:104DC00000000000000000000000000000000000E3
:104DD00000000000000000000000000000000000D3
:104DE00000000000000000000000000000000000C3
:104DF00000000000000000000000000000000000B3
:104E000000000000000000000000000000000000A2
:104E10000000000000000000000000000000000092
:104E20000000000000000000000000000000000082
:104E30000000000000000000000000000000000072
:104E40000000000000000000000000000000000062
:104E50000000000000000000000000000000000052
:104E60000000000000000000000000000000000042
:104E70000000000000000000000000000000000032
:104E80000000000000000000000000000000000022
:104E90000000000000000000000000000000000012
:104EA0000000000000000000000000000000000002
:104EB00000000000000000000000000000000000F2
:104EC00000000000000000000000000000000000E2
:104ED00000000000000000000000000000000000D2
:104EE00000000000000000000000000000000000C2
:104EF00000000000000000000000000000000000B2
:104F000000000000000000000000000000000000A1
:104F10000000000000000000000000000000000091
:104F20000000000000000000000000000000000081
:104F30000000000000000000000000000000000071
:104F40000000000000000000000000000000000061
:104F50000000000000000000000000000000000051
:104F60000000000000000000000000000000000041
:104F70000000000000000000000000000000000031
:104F80000000000000000000000000000000000021
:104F90000000000000000000000000000000000011
:104FA0000000000000000000000000000000000001
:104FB00000000000000000000000000000000000F1
:104FC00000000000000000000000000000000000E1
:104FD00000000000000000000000000000000000D1
:104FE00000000000000000000000000000000000C1
:104FF00000000000000000000000000000000000B1
:1050000000000000000000000000000000000000A0
:105010000000000000000000000000000000000090
:105020000000000000000000000000000000000080
:105030000000000000000000000000000000000070
:105040000000000000000000000000000000000060
:105050000000000000000000000000000000000050
:105060000000000000000000000000000000000040
:105070000000000000000000000000000000000030
:105080000000000000000000000000000000000020
:105090000000000000000000000000000000000010
:1050A0000000000000000000000000000000000000
:1050B00000000000000000000000000000000000F0
:1050C00000000000000000000000000000000000E0
:1050D00000000000000000000000000000000000D0
:1050E00000000000000000000000000000000000C0
:1050F00000000000000000000000000000000000B0
:10510000000000000000000000000000000000009F
:10511000000000000000000000000000000000008F
:10512000000000000000000000000000000000007F
:10513000000000000000000000000000000000006F
:10514000000000000000000000000000000000005F
:10515000000000000000000000000000000000004F
:10516000000000000000000000000000000000003F
:10517000000000000000000000000000000000002F
:10518000000000000000000000000000000000001F
:10519000000000000000000000000000000000000F
:1051A00000000000000000000000000000000000FF
:1051B00000000000000000000000000000000000EF
:1051C00000000000000000000000000000000000DF
:1051D00000000000000000000000000000000000CF
:1051E00000000000000000000000000000000000BF
:1051F00000000000000000000000000000000000AF
:10520000000000000000000000000000000000009E
:10521000000000000000000000000000000000008E
:10522000000000000000000000000000000000007E
:10523000000000000000000000000000000000006E
:10524000000000000000000000000000000000005E
:10525000000000000000000000000000000000004E
:10526000000000000000000000000000000000003E
:10527000000000000000000000000000000000002E
:10528000000000000000000000000000000000001E
:10529000000000000000000000000000000000000E
:1052A00000000000000000000000000000000000FE
:1052B00000000000000000000000000000000000EE
:1052C00000000000000000000000000000000000DE
:1052D00000000000000000000000000000000000CE
:1052E00000000000000000000000000000000000BE
:1052F00000000000000000000000000000000000AE
:10530000000000000000000000000000000000009D
:10531000000000000000000000000000000000008D
:10532000000000000000000000000000000000007D
:10533000000000000000000000000000000000006D
:10534000000000000000000000000000000000005D
:10535000000000000000000000000000000000004D
:10536000000000000000000000000000000000003D
:10537000000000000000000000000000000000002D
:10538000000000000000000000000000000000001D
:10539000000000000000000000000000000000000D
:1053A00000000000000000000000000000000000FD
:1053B00000000000000000000000000000000000ED
:1053C00000000000000000000000000000000000DD
:1053D00000000000000000000000000000000000CD
:1053E00000000000000000000000000000000000BD
:1053F00000000000000000000000000000000000AD
:10540000000000000000000000000000000000009C
:10541000000000000000000000000000000000008C
:10542000000000000000000000000000000000007C
:10543000000000000000000000000000000000006C
:10544000000000000000000000000000000000005C
:10545000000000000000000000000000000000004C
:10546000000000000000000000000000000000003C
:10547000000000000000000000000000000000002C
:10548000000000000000000000000000000000001C
:10549000000000000000000000000000000000000C
:1054A00000000000000000000000000000000000FC
:1054B00000000000000000000000000000000000EC
:1054C00000000000000000000000000000000000DC
:1054D00000000000000000000000000000000000CC
:1054E00000000000000000000000000000000000BC
:1054F00000000000000000000000000000000000AC
:10550000000000000000000000000000000000009B
:10551000000000000000000000000000000000008B
:10552000000000000000000000000000000000007B
:10553000000000000000000000000000000000006B
:10554000000000000000000000000000000000005B
:10555000000000000000000000000000000000004B
:10556000000000000000000000000000000000003B
:10557000000000000000000000000000000000002B
:10558000000000000000000000000000000000001B
:10559000000000000000000000000000000000000B
:1055A00000000000000000000000000000000000FB
:1055B00000000000000000000000000000000000EB
:1055C00000000000000000000000000000000000DB
:1055D00000000000000000000000000000000000CB
:1055E00000000000000000000000000000000000BB
:1055F00000000000000000000000000000000000AB
:10560000000000000000000000000000000000009A
:10561000000000000000000000000000000000008A
:10562000000000000000000000000000000000007A
:10563000000000000000000000000000000000006A
:10564000000000000000000000000000000000005A
:10565000000000000000000000000000000000004A
:10566000000000000000000000000000000000003A
:10567000000000000000000000000000000000002A
:10568000000000000000000000000000000000001A
:10569000000000000000000000000000000000000A
:1056A00000000000000000000000000000000000FA
:1056B00000000000000000000000000000000000EA
:1056C00000000000000000000000000000000000DA
:1056D00000000000000000000000000000000000CA
:1056E00000000000000000000000000000000000BA
:1056F00000000000000000000000000000000000AA
:105700000000000000000000000000000000000099
:105710000000000000000000000000000000000089
:105720000000000000000000000000000000000079
:105730000000000000000000000000000000000069
:105740000000000000000000000000000000000059
:105750000000000000000000000000000000000049
:105760000000000000000000000000000000000039
:105770000000000000000000000000000000000029
:105780000000000000000000000000000000000019
:105790000000000000000000000000000000000009
:1057A00000000000000000000000000000000000F9
:1057B00000000000000000000000000000000000E9
:1057C00000000000000000000000000000000000D9
:1057D00000000000000000000000000000000000C9
:1057E00000000000000000000000000000000000B9
:1057F00000000000000000000000000000000000A9
:105800000000000000000000000000000000000098
:105810000000000000000000000000000000000088
:105820000000000000000000000000000000000078
:105830000000000000000000000000000000000068
:105840000000000000000000000000000000000058
:105850000000000000000000000000000000000048
:105860000000000000000000000000000000000038
:105870000000000000000000000000000000000028
:105880000000000000000000000000000000000018
:105890000000000000000000000000000000000008
:1058A00000000000000000000000000000000000F8
:1058B00000000000000000000000000000000000E8
:1058C00000000000000000000000000000000000D8
:1058D000000000000000BCD032F80C000000000006
:1058E00000000000000000000000000000000000B8
:1058F000000000000000040E000000000000000096
:105900000000000000000000000000000000C003D4
:105910000000040000000000000000000000000083
:105920000000000000000000000000000000000077
:105930000000000000000000000000000000000067
:105940000000000000000000000000000000000057
:105950000000000000000000000000000000000047
:10596000000000000000509C83CFC62F30BFC0FC59
:1059700002F30BCC801380002C30B0C0CFAF3FF8C7
:10598000EB0CBC330E0C2D284C40BCD3E24FC013A3
:105990003F04EF00CD420BCC2F30BFC0FC02F30B15
:1059A000CCDF338C400C2D100404C000B0B03CF9A7
:1059B000303003302C3DBCAC114001C4F23EE0CB92
:1059C0000CD13204C90E2450040CC0D00404C00011
:1059D0001C30302FC0BCC1F002BCC0F03EB3CFC3FE
:1059E000CE300B0CC00EC3B0C3F202B0C3CCF02259
:1059F00003C73C0E3270C83C013B43F9236033F8C7
:105A0000232133C5100348600CF0030CC6800D2021
:105A1000E3808C23E3838C03E3038C833003022233
:105A20000AA083808E033703303C3C300CD8002B17
:105A3000C3930F03EB08C04066869B19E6C4989990
:105A4000234A86020942CC9899C14E0E3113E426AE
:105A500030334300808A08662408994122020010EE
:105A6000E642989943E604B33340CCFCFFF3FFCF02
:105A7000FF3FFFFFFCFFF3FFCFFF3FFFFFFCFFF304
:105A8000FFCFFF3FFFFFFCFFF3FFCFFF3FFFFFFC18
:105A9000FFF3FFCFFF3FFFFFFCFFF3FFCFFF3FFF11
:105AA000FFFCFFF3FFCFFF3FFFFFFCFFF3FFCFFF44
:105AB0003FFFFFFCFFF3FFCFFF3FFFFFFCFFF3FFC4
:105AC000CFFF3FFFFFFCFFF3FFCFFF3FFFFFFCFFD8
:105AD000F3FFCFFF3FFFFFFCFFF3FFCFFF3FFFFFD1
:105AE000FCFFF3FFCFFF3FFFFFFCFFF3FFCFFF3FC4
:105AF000FFFFFCFFF3FFCFFF3FFFFFFCFFF3FFCFF4
:105B0000FF3FFFFFFCFFF3FFCFFF3FFFFFFCFFF373
:105B1000FFCFFF3FFFFFFCFFF3FFCFFF3FFFFFFC87
:105B2000FFF3FFCFFF3FFFFFFCFFF3FFCFFF3FFF80
:105B3000FFFCFFF3FFCFFF3FFFFFFCFFF3FFCFFFB3
:105B40003FFFFFFCFFF3FFCFFF3FFFFFFCFFF3FF33
:105B5000CFFF3FFFFFFCFFF3FFCFFF3FFFFFFCFF47
:105B6000F3FFCFFF3FFFFFFCFFF3FFCFFF3FFFFF40
:105B7000FCFFF3FFCFFF3FFFFFFCFFF3FFCFFF3F33
:105B8000FFFFFCFFF3FFCFFF3FFFFFFCFFF3FFCF63
:105B9000FF3FFFFFFCFFF3FFCFFF3FFFFFFCFFF3E3
:105BA000FFCFFF3FFFFFFCFFF3FFCFFF3FFFFFFCF7
:105BB000FFF3FFCFFF3FFFFFFCFFF3FFCFFF3FFFF0
:105BC000FFFCFFF3FFCFFF3FFFFFFCFFF3FFCFFF23
:105BD0003FFFFFFCFFF3FFCFFF3FFFFFFCFFF3FFA3
:105BE000CFFF3FFFFFFCFFF3FFCFFF3FFFFFFCFFB7
:105BF000F3FFCFFF3FFFFFFCFFF3FFCFFF3FFFFFB0
:105C0000FCFFF3FFCFFF3FFFFFFCFFF3FFCFFF3FA2
:105C1000FFFFFCFFF3FFCFFF3FFFFFFCFFF3FFCFD2
:105C2000FF3FFFFFFCFFF3FFCFFF3FFFFFFCFFF352
:105C3000FFCFFF3FFFFFFCFFF3FFCFFF3FFFFFFC66
:105C4000FFF3FFCFFF3FFFFFFCFFF3FFCFFF3FFF5F
:105C5000FFFCFFF3FFCFFF3FFFFFFCFFF3FFCFFF92
:105C60003FFFFFFCFFF3FFCFFF3FFFFFFCFFF3FF12
:105C7000CFFF3FFFFFFCFFF3FFCFFF3FFFFFFCFF26
:105C8000F3FFCFFF3FFFFFFCFFF3FFCFFF3FFFFF1F
:105C9000FCFFF3FFCFFF3FFFFFFCFFF3FFCFFF3F12
:105CA000FFFFFCFFF3FFCFFF3FFFFFFCFFF3FFCF42
:105CB000FF3FFFFFFCFFF3FFCFFF3FFFFFFCFFF3C2
:105CC000FFCFFF3FFFFFFCFFF3FFCFFF3FFFFFFCD6
:105CD000FFF3FFCFFF3FFFFFFCFFF3FFCFFF3FFFCF
:105CE000FFFCFFF3FFCFFF3FFFFFFCFFF3FFCFFF02
:105CF0003FFFFFFCFFF3FFCFFF3FFFFFFCFFF3FF82
:105D0000CFFF3FFFFFFCFFF3FFCFFF3FFFFFFCFF95
:105D1000F3FFCFFF3FFFFFFCFFF3FFCFFF3FFFFF8E
:105D2000FCFFF3FFCFFF3FFFFFFCFFF3FFCFFF3F81
:105D3000FFFFFCFFF3FFCFFF3FFFFFFCFFF3FFCFB1
:105D4000FF3FFFFFFCFFF3FFCFFF3FFFFFFCFFF331
:105D5000FFCFFF3FFFFFFCFFF3FFCFFF3FFFFFFC45
:105D6000FFF3FFCFFF3FFFFFFCFFF3FFCFFF3FFF3E
:105D7000FFFCFFF3FFCFFF3FFFFFFCFFF3FFCFFF71
:105D80003FFFFFFCFFF3FFCFFF3FFFFFFCFFF3FFF1
:105D9000CFFF3FFFFFFCFFF3FFCFFF3FFFFFFCFF05
:105DA000F3FFCFFF3FFFFFFCFFF3FFCFFF3FFFFFFE
:105DB000FCFFF3FFCFFF3FFFFFFCFFF3FFCFFF3FF1
:105DC000FFFFFCFFF3FFCFFF3FFFFFFCFFF3FFCF21
:105DD000FF3FFFFFFCFFF3FFCFFF3FFFFFFCFFF3A1
:105DE000FFCFFF3FFFFFFCFFF3FFCFFF3FFFFFFCB5
:105DF000FFF3FFCFFF3FFFFFFCFFF3FFCFFF3FFFAE
:105E0000FFFCFFF3FFCFFF3FFFFFFCFFF3FFCFFFE0
:105E10003FFFFFFCFFF3FFCFFF3FFFFFFCFFF3FF60
:105E2000CFFF3FFFFFFCFFF3FFCFFF3FFFFFFCFF74
:105E3000F3FFCFFF3FFFFFFCFFF3FFCFFF3FFFFF6D
:105E4000FCFFF3FFCFFF3FFFFFFCFFF3FFCFFF3F60
:105E5000FFFFFCFFF3FFCFFF3FFFFFFCFFF3FFCF90
:105E6000FF3FFFFFFCFFF3FFCFFF3FFFFFFCFFF310
:105E7000FFCFFF3FFFFFFCFFF3FFCFFF3FFFFFFC24
:105E8000FFF3FFCFFF3FFFFFFCFFF3FFCFFF3FFF1D
:105E9000FFFCFFF3FFCFFF3FFFFFFCFFF3FFCFFF50
:105EA0003FFFFFFCFFF3FFCFFF3FFFFFFCFFF3FFD0
:105EB000CFFF3FFFFFFCFFF3FFCFFF3FFFFFFCFFE4
:105EC000F3FFCFFF3FFFFFFCFFF3FFCFFF3FFFFFDD
:105ED000FCFFF3FFCFFF3FFFFFFCFFF3FFCFFF3FD0
:105EE000FFFFFCFFF3FFCFFF3FFFFFFCFFF3FFCF00
:105EF000FF3FFFFFFCFFF3FFCFFF3FFFFFFCFFF380
:105F0000FFCFFF3FFFFFFCFFF3FFCFFF3FFFFFFC93
:105F1000FFF3FFCFFF3FFFFFFCFFF3FFCFFF3FFF8C
:105F2000FFFCFFF3FFCFFF3FFFFFFCFFF3FFCFFFBF
:105F30003FFFFFFCFFF3FFCFFF3FFFFFFCFFF3FF3F
:105F4000CFFF3FFFFFFCFFF3FFCFFF3FFFFFFCFF53
:105F5000F3FFCFFF3FFFFFFCFFF3FFCFFF3FFFFF4C
:105F6000FCFFF3FFCFFF3FFFFFFCFFF3FFCFFF3F3F
:105F7000FFFFFCFFF3FFCFFF3FFFFFFCFFF3FFCF6F
:105F8000FF3FFFFFFCFFF3FFCFFF3FFFFFFCFFF3EF
:105F9000FFCFFF3FFFFFFCFFF3FFCFFF3FFFFFFC03
:105FA000FFF3FFCFFF3FFFFFFCFFF3FFCFFF3FFFFC
:105FB000FFFCFFF3FFCFFF3FFFFFFCFFF3FFCFFF2F
:105FC0003FFFFFFCFFF3FFCFFF3FFFFFFCFFF3FFAF
:105FD000CFFF3FFFFFFCFFF3FFCFFF3FFFFFFCFFC3
:105FE000F3FFCFFF3FFFFFFCFFF3FFCFFF3FFFFFBC
:105FF000FCFFF3FFCFFF3FFFFFFCFFF3FFCFFF3FAF
:10600000FFFFFCFFF3FFCFFF3FFFFFFCFFF3FFCFDE
:10601000FF3FFFFFFCFFF3FFCFFF3FFFFFFCFFF35E
:10602000FFCFFF3FFFFFFCFFF3FFCFFF3FFFFFFC72
:10603000FFF3FFCFFF3FFFFFFCFFF3FFCFFF3FFF6B
:10604000FFFCFFF3FFCFFF3FFFFFFCFFF3FFCFFF9E
:106050003FFFFFFCFFF3FFCFFF3FFFFFFCFFF3FF1E
:10606000CFFF3FFFFFFCFFF3FFCFFF3FFFFFFCFF32
:10607000F3FFCFFF3FFFFFFCFFF3FFCFFF3FFFFF2B
:10608000FCFFF3FFCFFF3FFFFFFCFFF3FFCFFF3F1E
:10609000FFFFFCFFF3FFCFFF3FFFFFFCFFF3FFCF4E
:1060A000FF3FFFFFFCFFF3FFCFFF3FFFFFFCFFF3CE
:1060B000FFCFFF3FFFFFFCFFF3FFCFFF3FFFFFFCE2
:1060C000FFF3FFCFFF3FFFFFFCFFF3FFCFFF3FFFDB
:1060D000FFFCFFF3FFCFFF3FFFFFFCFFF3FFCFFF0E
:1060E0003FFFFFFCFFF3FFCFFF3FFFFFFCFFF3FF8E
:1060F000CFFF3FFFFFFCFFF3FFCFFF3FFFFFFCFFA2
:10610000F3FFCFFF3FFFFFFCFFF3FFCFFF3FFFFF9A
:10611000FCFFF3FFCFFF3FFFFFFCFFF3FFCFFF3F8D
:10612000FFFFFCFFF3FFCFFF3FFFFFFCFFF3FFCFBD
:10613000FF3FFFFFFCFFF3FFCFFF3FFFFFFCFFF33D
:10614000FFCFFF3FFFFFFCFFF3FFCFFF3FFFFFFC51
:10615000FFF3FFCFFF3FFFFFFCFFF3FFCFFF3FFF4A
:10616000FFFCFFF3FFCFFF3FFFFFFCFFF3FFCFFF7D
:106170003FFFFFFCFFF3FFCFFF3FFFFFFCFFF3FFFD
:10618000CFFF3FFFFFFCFFF3FFCFFF3FFFFFFCFF11
:10619000F3FFCFFF3FFFFFFCFFF3FFCFFF3FFFFF0A
:1061A000FCFFF3FFCFFF3FFFFFFCFFF3FFCFFF3FFD
:1061B000FFFFFCFFF3FFCFFF3FFFFFFCFFF3FFCF2D
:1061C000FF3FFFFFFCFFF3FFCFFF3FFFFFFCFFF3AD
:1061D000FFCFFF3FFFFF00000000000000000000B5
:1061E00000000000000000000000000000000000AF
:1061F000000000000000000000000000000000009F
:10620000000000000000000000000000000000008E
:10621000000000000000000000000000000000007E
:10622000000000000000000000000000000000006E
:10623000000000000000000000000000000000005E
:10624000000000000000000000000000000000004E
:10625000000000000000000000000000000000003E
:10626000000000000000000000000000000000002E
:10627000000000000000000000000000000000001E
:10628000000000000000000000000000000000000E
:1062900000000000000000000000000000000000FE
:1062A00000000000000000000000000000000000EE
:1062B00000000000000000000000000000000000DE
:1062C00000000000000000000000000000000000CE
:1062D00000000000000000000000000000000000BE
:1062E00000000000000000000000000000000000AE
:1062F000000000000000000000000000000000009E
:10630000000000000000000000000000000000008D
:10631000000000000000000000000000000000007D
:10632000000000000000000000000000000000006D
:10633000000000000000000000000000000000005D
:10634000000000000000000000000000000000004D
:10635000000000000000000000000000000000003D
:10636000000000000000000000000000000000002D
:10637000000000000000000000000000000000001D
:10638000000000000000000000000000000000000D
:1063900000000000000000000000000000000000FD
:1063A00000000000000000000000000000000000ED
:1063B00000000000000000000000000000000000DD
:1063C00000000000000000000000000000000000CD
:1063D00000000000000000000000000000000000BD
:1063E00000000000000000000000000000000000AD
:1063F000000000000000000000000000000000009D
:10640000000000000000000000000000000000008C
:10641000000000000000000000000000000000007C
:10642000000000000000000000000000000000006C
:10643000000000000000000000000000000000005C
:10644000000000000000000000000000000000004C
:10645000000000000000000000000000000000003C
:10646000000000000000000000000000000000002C
:10647000000000000000000000000000000000001C
:10648000000000000000000000000000000000000C
:1064900000000000000000000000000000000000FC
:1064A00000000000000000000000000000000000EC
:1064B00000000000000000000000000000000000DC
:1064C00000000000000000000000000000000000CC
:1064D00000000000000000000000000000000000BC
:1064E00000000000000000000000000000000000AC
:1064F000000000000000000000000000000000009C
:10650000000000000000000000000000000000008B
:10651000000000000000000000000000000000007B
:10652000000000000000000000000000000000006B
:10653000000000000000000000000000000000005B
:10654000000000000000000000000000000000004B
:10655000000000000000000000000000000000003B
:10656000000000000000000000000000000000002B
:10657000000000000000000000000000000000001B
:10658000000000000000000000000000000000000B
:1065900000000000000000000000000000000000FB
:1065A00000000000000000000000000000000000EB
:1065B00000000000000000000000000000000000DB
:1065C00000000000000000000000000000000000CB
:1065D00000000000000000000000000000000000BB
:1065E00000000000000000000000000000000000AB
:1065F000000000000000000000000000000000009B
:10660000000000000000000000000000000000008A
:10661000000000000000000000000000000000007A
:10662000000000000000000000000000000000006A
:10663000000000000000000000000000000000005A
:10664000000000000000000000000000000000004A
:10665000000000000000000000000000000000003A
:10666000000000000000000000000000000000002A
:10667000000000000000000000000000000000001A
:10668000000000000000000000000000000000000A
:1066900000000000000000000000000000000000FA
:1066A00000000000000000000000000000000000EA
:1066B00000000000000000000000000000000000DA
:1066C00000000000000000000000000000000000CA
:1066D00000000000000000000000000000000000BA
:1066E00000000000000000000000000000000000AA
:1066F000000000000000000000000000000000009A
:106700000000000000000000000000000000000089
:106710000000000000000000000000000000000079
:106720000000000000000000000000000000000069
:106730000000000000000000000000000000000059
:106740000000000000000000000000000000000049
:106750000000000000000000000000000000000039
:106760000000000000000000000000000000000029
:106770000000000000000000000000000000000019
:106780000000000000000000000000000000000009
:1067900000000000000000000000000000000000F9
:1067A00000000000000000000000000000000000E9
:1067B00000000000000000000000000000000000D9
:1067C00000000000000000000000000000000000C9
:1067D00000000000000000000000000000000000B9
:1067E00000000000000000000000000000000000A9
:1067F0000000000000000000000000000000000099
:106800000000000000000000000000000000000088
:106810000000000000000000000000000000000078
:106820000000000000000000000000000000000068
:106830000000000000000000000000000000000058
:106840000000000000000000000000000000000048
:106850000000000000000000000000000000000038
:106860000000000000000000000000000000000028
:106870000000000000000000000000000000000018
:106880000000000000000000000000000000000008
:1068900000000000000000000000000000000000F8
:1068A00000000000000000000000000000000000E8
:1068B00000000000000000000000000000000000D8
:1068C00000000000000000000000000000000000C8
:1068D00000000000000000000000000000000000B8
:1068E00000000000000000000000000000000000A8
:1068F0000000000000000000000000000000000098
:106900000000000000000000000000000000000087
:106910000000000000000000000000000000000077
:106920000000000000000000000000000000000067
:106930000000000000000000000000000000000057
:106940000000000000000000000000000000000047
:106950000000000000000000000000000000000037
:106960000000000000000000000000000000000027
:106970000000000000000000000000000000000017
:106980000000000000000000000000000000000007
:1069900000000000000000000000000000000000F7
:1069A00000000000000000000000000000000000E7
:1069B00000000000000000000000000000000000D7
:1069C00000000000000000000000000000000000C7
:1069D00000000000000000000000000000000000B7
:1069E00000000000000000000000000000000000A7
:1069F0000000000000000000000000000000000097
:106A00000000000000000000000000000000000086
:106A10000000000000000000000000000000000076
:106A20000000000000000000000000000000000066
:106A30000000000000000000000000000000000056
:106A40000000000000000000000000000000000046
:106A50000000000000000000000000000000000036
:106A60000000000000000000000000000000000026
:106A70000000000000000000000000000000000016
:106A80000000000000000000000000000000000006
:106A900000000000000000000000000000000000F6
:106AA00000000000000000000000000000000000E6
:106AB00000000000000000000000000000000000D6
:106AC00000000000000000000000000000000000C6
:106AD00000000000000000000000000000000000B6
:106AE00000000000000000000000000000000000A6
:106AF0000000000000000000000000000000000096
:106B00000000000000000000000000000000000085
:106B10000000000000000000000000000000000075
:106B20000000000000000000000000000000000065
:106B30000000000000000000000000000000000055
:106B40000000000000000000000000000000000045
:106B50000000000000000000000000000000000035
:106B60000000000000000000000000000000000025
:106B70000000000000000000000000000000000015
:106B80000000000000000000000000000000000005
:106B900000000000000000000000000000000000F5
:106BA00000000000000000000000000000000000E5
:106BB00000000000000000000000000000000000D5
:106BC00000000000000000000000000000000000C5
:106BD00000000000000000000000000000000000B5
:106BE00000000000000000000000000000000000A5
:106BF0000000000000000000000000000000000095
:106C00000000000000000000000000000000000084
:106C10000000000000000000000000000000000074
:106C20000000000000000000000000000000000064
:106C30000000000000000000000000000000000054
:106C40000000000000000000000000000000000044
:106C50000000000000000000000000000000000034
:106C60000000000000000000000000000000000024
:106C70000000000000000000000000000000000014
:106C80000000000000000000000000000000000004
:106C900000000000000000000000000000000000F4
:106CA00000000000000000000000000000000000E4
:106CB00000000000000000000000000000000000D4
:106CC00000000000000000000000000000000000C4
:106CD00000000000000000000000000000000000B4
:106CE00000000000000000000000000000000000A4
:106CF0000000000000000000000000000000000094
:106D00000000000000000000000000000000000083
:106D10000000000000000000000000000000000073
:106D20000000000000000000000000000000000063
:106D30000000000000000000000000000000000053
:106D40000000000000000000000000000000000043
:106D50000000000000000000000000000000000033
:106D60000000000000000000000000000000000023
:106D70000000000000000000000000000000000013
:106D80000000000000000000000000000000000003
:106D900000000000000000000000000000000000F3
:106DA00000000000000000000000000000000000E3
:106DB00000000000000000000000000000000000D3
:106DC00000000000000000000000000000000000C3
:106DD00000000000000000000000000000000000B3
:106DE00000000000000000000000000000000000A3
:106DF0000000000000000000000000000000000093
:106E00000000000000000000000000000000000082
:106E10000000000000000000000000000000000072
:106E20000000000000000000000000000000000062
:106E30000000000000000000000000000000000052
:106E40000000000000000000000000000000000042
:106E50000000000000000000000000000000000032
:106E60000000000000000000000000000000000022
:106E70000000000000000000000000000000000012
:106E80000000000000000000000000000000000002
:106E900000000000000000000000000000000000F2
:106EA00000000000000000000000000000000000E2
:106EB00000000000000000000000000000000000D2
:106EC00000000000000000000000000000000000C2
:106ED00000000000000000000000000000000000B2
:106EE00000000000000000000000000000000000A2
:106EF0000000000000000000000000000000000092
:106F00000000000000000000000000000000000081
:106F10000000000000000000000000000000000071
:106F20000000000000000000000000000000000061
:106F30000000000000000000000000000000000051
:106F40000000000000000000000000000000000041
:106F50000000000000000000000000000000000031
:106F60000000000000000000000000000000000021
:106F70000000000000000000000000000000000011
:106F80000000000000000000000000000000000001
:106F900000000000000000000000000000000000F1
:106FA00000000000000000000000000000000000E1
:106FB00000000000000000000000000000000000D1
:106FC00000000000000000000000000000000000C1
:106FD00000000000000000000000000000000000B1
:106FE00000000000000000000000000000000000A1
:106FF0000000000000000000000000000000000091
:107000000000000000000000000000000000000080
:107010000000000000000000000000000000000070
:107020000000000000000000000000000000000060
:107030000000000000000000000000000000000050
:107040000000000000000000000000000000000040
:107050000000000000000000000000000000000030
:107060000000000000000000000000000000000020
:107070000000000000000000000000000000000010
:107080000000000000000000000000000000000000
:1070900000000000000000000000000000000000F0
:1070A00000000000000000000000000000000000E0
:1070B00000000000000000000000000000000000D0
:1070C00000000000000000000000000000000000C0
:1070D00000000000000000000000000000000000B0
:1070E00000000000000000000000000000000000A0
:1070F0000000000000000000000000000000000090
:10710000000000000000000000000000000000007F
:10711000000000000000000000000000000000006F
:10712000000000000000000000000000000000005F
:10713000000000000000000000000000000000004F
:10714000000000000000000000000000000000003F
:10715000000000000000000000000000000000002F
:10716000000000000000000000000000000000001F
:10717000000000000000000000000000000000000F
:1071800000000000000000000000000000000000FF
:1071900000000000000000000000000000000000EF
:1071A00000000000000000000000000000000000DF
:1071B00000000000000000000000000000000000CF
:1071C00000000000000000000000000000000000BF
:1071D00000000000000000000000000000000000AF
:1071E000000000000000000000000000000000009F
:1071F000000000000000000000000000000000008F
:10720000000000000000000000000000000000007E
:10721000000000000000000000000000000000006E
:10722000000000000000000000000000000000005E
:10723000000000000000000000000000000000004E
:10724000000000000000000000000000000000003E
:10725000000000000000000000000000000000002E
:10726000000000000000000000000000000000001E
:10727000000000000000000000000000000000000E
:1072800000000000000000000000000000000000FE
:1072900000000000000000000000000000000000EE
:1072A00000000000000000000000000000000000DE
:1072B00000000000000000000000000000000000CE
:1072C00000000000000000000000000000000000BE
:1072D00000000000000000000000000000000000AE
:1072E000000000000000000000000000000000009E
:1072F000000000000000000000000000000000008E
:10730000000000000000000000000000000000007D
:10731000000000000000000000000000000000006D
:10732000000000000000000000000000000000005D
:10733000000000000000000000000000000000004D
:10734000000000000000000000000000000000003D
:10735000000000000000000000000000000000002D
:10736000000000000000000000000000000000001D
:10737000000000000000000000000000000000000D
:1073800000000000000000000000000000000000FD
:1073900000000000000000000000000000000000ED
:1073A00000000000000000000000000000000000DD
:1073B00000000000000000000000000000000000CD
:1073C00000000000000000000000000000000000BD
:1073D00000000000000000000000000000000000AD
:1073E000000000000000000000000000000000009D
:1073F000000000000000000000000000000000008D
:10740000000000000000000000000000000000007C
:10741000000000000000000000000000000000006C
:10742000000000000000000000000000000000005C
:10743000000000000000000000000000000000004C
:10744000000000000000000000000000000000003C
:10745000000000000000000000000000000000002C
:10746000000000000000000000000000000000001C
:10747000000000000000000000000000000000000C
:1074800000000000000000000000000000000000FC
:1074900000000000000000000000000000000000EC
:1074A00000000000000000000000000000000000DC
:1074B00000000000000000000000000000000000CC
:1074C00000000000000000000000000000000000BC
:1074D00000000000000000000000000000000000AC
:1074E000000000000000000000000000000000009C
:1074F000000000000000000000000000000000008C
:10750000000000000000000000000000000000007B
:10751000000000000000000000000000000000006B
:10752000000000000000000000000000000000005B
:10753000000000000000000000000000000000004B
:10754000000000000000000000000000000000003B
:10755000000000000000000000000000000000002B
:10756000000000000000000000000000000000001B
:10757000000000000000000000000000000000000B
:1075800000000000000000000000000000000000FB
:1075900000000000000000000000000000000000EB
:1075A00000000000000000000000000000000000DB
:1075B00000000000000000000000000000000000CB
:1075C00000000000000000000000000000000000BB
:1075D00000000000000000000000000000000000AB
:1075E000000000000000000000000000000000009B
:1075F000000000000000000000000000000000008B
:10760000000000000000000000000000000000007A
:10761000000000000000000000000000000000006A
:10762000000000000000000000000000000000005A
:10763000000000000000000000000000000000004A
:10764000000000000000000000000000000000003A
:10765000000000000000000000000000000000002A
:10766000000000000000000000000000000000001A
:10767000000000000000000000000000000000000A
:1076800000000000000000000000000000000000FA
:1076900000000000000000000000000000000000EA
:1076A00000000000000000000000000000000000DA
:1076B00000000000000000000000000000000000CA
:1076C00000000000000000000000000000000000BA
:1076D00000000000000000000000000000000000AA
:1076E000000000000000000000000000000000009A
:1076F000000000000000000000000000000000008A
:107700000000000000000000000000000000000079
:107710000000000000000000000000000000000069
:107720000000000000000000000000000000000059
:107730000000000000000000000000000000000049
:107740000000000000000000000000000000000039
:107750000000000000000000000000000000000029
:107760000000000000000000000000000000000019
:107770000000000000000000000000000000000009
:1077800000000000000000000000000000000000F9
:1077900000000000000000000000000000000000E9
:1077A00000000000000000000000000000000000D9
:1077B00000000000000000000000000000000000C9
:1077C00000000000000000000000000000000000B9
:1077D00000000000000000000000000000000000A9
:1077E0000000000000000000000000000000000099
:1077F0000000000000000000000000000000000089
:107800000000000000000000000000000000000078
:107810000000000000000000000000000000000068
:107820000000000000000000000000000000000058
:107830000000000000000000000000000000000048
:107840000000000000000000000000000000000038
:107850000000000000000000000000000000000028
:107860000000000000000000000000000000000018
:107870000000000000000000000000000000000008
:1078800000000000000000000000000000000000F8
:1078900000000000000000000000000000000000E8
:1078A00000000000000000000000000000000000D8
:1078B00000000000000000000000000000000000C8
:1078C00000000000000000000000000000000000B8
:1078D00000000000000000000000000000000000A8
:1078E0000000000000000000000000000000000098
:1078F0000000000000000000000000000000000088
:107900000000000000000000000000000000000077
:107910000000000000000000000000000000000067
:107920000000000000000000000000000000000057
:107930000000000000000000000000000000000047
:107940000000000000000000000000000000000037
:107950000000000000000000000000000000000027
:107960000000000000000000000000000000000017
:107970000000000000000000000000000000000007
:1079800000000000000000000000000000000000F7
:1079900000000000000000000000000000000000E7
:1079A00000000000000000000000000000000000D7
:1079B00000000000000000000000000000000000C7
:1079C00000000000000000000000000000000000B7
:1079D00000000000000000000000000000000000A7
:1079E0000000000000000000000000000000000097
:1079F0000000000000000000000000000000000087
:107A00000000000000000000000000000000000076
:107A10000000000000000000000000000000000066
:107A20000000000000000000000000000000000056
:107A30000000000000000000000000000000000046
:107A40000000000000000000000000000000000036
:107A50000000000000000000000000000000000026
:107A60000000000000000000000000000000000016
:107A70000000000000000000000000000000000006
:107A800000000000000000000000000000000000F6
:107A900000000000000000000000000000000000E6
:107AA00000000000000000000000000000000000D6
:107AB00000000000000000000000000000000000C6
:107AC00000000000000000000000000000000000B6
:107AD00000000000000000000000000000000000A6
:107AE0000000000000000000000000000000000096
:107AF0000000000000000000000000000000000086
:107B00000000000000000000000000000000000075
:107B10000000000000000000000000000000000065
:107B20000000000000000000000000000000000055
:107B30000000000000000000000000000000000045
:107B40000000000000000000000000000000000035
:107B50000000000000000000000000000000000025
:107B60000000000000000000000000000000000015
:107B70000000000000000000000000000000000005
:107B800000000000000000000000000000000000F5
:107B900000000000000000000000000000000000E5
:107BA00000000000000000000000000000000000D5
:107BB00000000000000000000000000000000000C5
:107BC00000000000000000000000000000000000B5
:107BD00000000000000000000000000000000000A5
:107BE0000000000000000000000000000000000095
:107BF0000000000000000000000000000000000085
:107C00000000000000000000000000000000000074
:107C10000000000000000000000000000000000064
:107C20000000000000000000000000000000000054
:107C30000000000000000000000000000000000044
:107C40000000000000000000000000000000000034
:107C50000000000000000000000000000000000024
:107C60000000000000000000000000000000000014
:107C70000000000000000000000000000000000004
:107C800000000000000000000000000000000000F4
:107C900000000000000000000000000000000000E4
:107CA00000000000000000000000000000000000D4
:107CB00000000000000000000000000000000000C4
:107CC00000000000000000000000000000000000B4
:107CD00000000000000000000000000000000000A4
:107CE0000000000000000000000000000000000094
:107CF0000000000000000000000000000000000084
:107D00000000000000000000000000000000000073
:107D10000000000000000000000000000000000063
:107D20000000000000000000000000000000000053
:107D30000000000000000000000000000000000043
:107D40000000000000000000000000000000000033
:107D50000000000000000000000000000000000023
:107D6000000000000000B043C3FF08000200000054
:107D70000000000000000000000000000000000003
:107D800000000000000000300000000000000000C3
:107D90000000000000000000000000000000000CD7
:107DA00000000000000000000000000000000000D3
:107DB00000000000000000000000000000000000C3
:107DC00000000000000000000000000000000000B3
:107DD00000000000000000000000000000000000A3
:107DE0000000000000000000000000000000000093
:107DF0000000000000000458F08F4C301EC3702CAF
:107E0000E3D1CCC712228454301DC07CC17035BC74
:107E1000DC105CB3850332190680DCF2320100030A
:107E20001C1057106E800C47301DC3702CD3D1CC62
:107E3000C7FE23F7802C32D04808D512D0D8047C56
:107E4000B3380B1F2ABFC4EC1B720048133FE0CBB2
:107E5000D0F2428A092C3AE4882CD5324808D5124F
:107E600007C01C3170C4401203C27400FFC177897F
:107E70006E026C87202C71A80B132B084B6C72E3DD
:107E80008DC24604DE287C2780B5801F06241B9CFB
:107E900007E31BCEC211C124EC1E514742922CE4D1
:107EA0003B90EFE21B896F125B496C93A349CEFFB5
:107EB0003F64FB906DF29608451D606E24C902ED8B
:107EC0004A8137881C706D02328FFC135A505C3E19
:107ED00081044E012C0310A8E08306C432012BFC60
:107EE000280201500BE3183F100808827A0FD402D1
:107EF000AB05F825002F0044000000DCDD7177C7DA
:107F0000DD1D7777DCDD7177C7DD1D7777DCDD710F
:107F100077C7DD1D7777DCDD7177C7DD1D7777DC0F
:107F2000DD7177C7DD1D7777DCDD7177C7DD1D7704
:107F300077DCDD7177C7DD1D7777DCDD7177C7DD35
:107F40001D7777DCDD7177C7DD1D7777DCDD717735
:107F5000C7DD1D7777DCDD7177C7DD1D7777DCDD69
:107F60007177C7DD1D7777DCDD7177C7DD1D77772A
:107F7000DCDD7177C7DD1D7777DCDD7177C7DD1D4F
:107F80007777DCDD7177C7DD1D7777DCDD7177C74B
:107F9000DD1D7777DCDD7177C7DD1D7777DCDD717F
:107FA00077C7DD1D7777DCDD7177C7DD1D7777DC7F
:107FB000DD7177C7DD1D7777DCDD7177C7DD1D7774
:107FC00077DCDD7177C7DD1D7777DCDD7177C7DDA5
:107FD0001D7777DCDD7177C7DD1D7777DCDD7177A5
:107FE000C7DD1D7777DCDD7177C7DD1D7777DCDDD9
:107FF0007177C7DD1D7777DCDD7177C7DD1D77779A
:10800000DCDD7177C7DD1D7777DCDD7177C7DD1DBE
:108010007777DCDD7177C7DD1D7777DCDD7177C7BA
:10802000DD1D7777DCDD7177C7DD1D7777DCDD71EE
:1080300077C7DD1D7777DCDD7177C7DD1D7777DCEE
:10804000DD7177C7DD1D7777DCDD7177C7DD1D77E3
:1080500077DCDD7177C7DD1D7777DCDD7177C7DD14
:108060001D7777DCDD7177C7DD1D7777DCDD717714
:10807000C7DD1D7777DCDD7177C7DD1D7777DCDD48
:108080007177C7DD1D7777DCDD7177C7DD1D777709
:10809000DCDD7177C7DD1D7777DCDD7177C7DD1D2E
:1080A0007777DCDD7177C7DD1D7777DCDD7177C72A
:1080B000DD1D7777DCDD7177C7DD1D7777DCDD715E
:1080C00077C7DD1D7777DCDD7177C7DD1D7777DC5E
:1080D000DD7177C7DD1D7777DCDD7177C7DD1D7753
:1080E00077DCDD7177C7DD1D7777DCDD7177C7DD84
:1080F0001D7777DCDD7177C7DD1D7777DCDD717784
:10810000C7DD1D7777DCDD7177C7DD1D7777DCDDB7
:108110007177C7DD1D7777DCDD7177C7DD1D777778
:10812000DCDD7177C7DD1D7777DCDD7177C7DD1D9D
:108130007777DCDD7177C7DD1D7777DCDD7177C799
:10814000DD1D7777DCDD7177C7DD1D7777DCDD71CD
:1081500077C7DD1D7777DCDD7177C7DD1D7777DCCD
:10816000DD7177C7DD1D7777DCDD7177C7DD1D77C2
:1081700077DCDD7177C7DD1D7777DCDD7177C7DDF3
:108180001D7777DCDD7177C7DD1D7777DCDD7177F3
:10819000C7DD1D7777DCDD7177C7DD1D7777DCDD27
:1081A0007177C7DD1D7777DCDD7177C7DD1D7777E8
:1081B000DCDD7177C7DD1D7777DCDD7177C7DD1D0D
:1081C0007777DCDD7177C7DD1D7777DCDD7177C709
:1081D000DD1D7777DCDD7177C7DD1D7777DCDD713D
:1081E00077C7DD1D7777DCDD7177C7DD1D7777DC3D
:1081F000DD7177C7DD1D7777DCDD7177C7DD1D7732
:1082000077DCDD7177C7DD1D7777DCDD7177C7DD62
:108210001D7777DCDD7177C7DD1D7777DCDD717762
:10822000C7DD1D7777DCDD7177C7DD1D7777DCDD96
:108230007177C7DD1D7777DCDD7177C7DD1D777757
:10824000DCDD7177C7DD1D7777DCDD7177C7DD1D7C
:108250007777DCDD7177C7DD1D7777DCDD7177C778
:10826000DD1D7777DCDD7177C7DD1D7777DCDD71AC
:1082700077C7DD1D7777DCDD7177C7DD1D7777DCAC
:10828000DD7177C7DD1D7777DCDD7177C7DD1D77A1
:1082900077DCDD7177C7DD1D7777DCDD7177C7DDD2
:1082A0001D7777DCDD7177C7DD1D7777DCDD7177D2
:1082B000C7DD1D7777DCDD7177C7DD1D7777DCDD06
:1082C0007177C7DD1D7777DCDD7177C7DD1D7777C7
:1082D000DCDD7177C7DD1D7777DCDD7177C7DD1DEC
:1082E0007777DCDD7177C7DD1D7777DCDD7177C7E8
:1082F000DD1D7777DCDD7177C7DD1D7777DCDD711C
:1083000077C7DD1D7777DCDD7177C7DD1D7777DC1B
:10831000DD7177C7DD1D7777DCDD7177C7DD1D7710
:1083200077DCDD7177C7DD1D7777DCDD7177C7DD41
:108330001D7777DCDD7177C7DD1D7777DCDD717741
:10834000C7DD1D7777DCDD7177C7DD1D7777DCDD75
:108350007177C7DD1D7777DCDD7177C7DD1D777736
:10836000DCDD7177C7DD1D7777DCDD7177C7DD1D5B
:108370007777DCDD7177C7DD1D7777DCDD7177C757
:10838000DD1D7777DCDD7177C7DD1D7777DCDD718B
:1083900077C7DD1D7777DCDD7177C7DD1D7777DC8B
:1083A000DD7177C7DD1D7777DCDD7177C7DD1D7780
:1083B00077DCDD7177C7DD1D7777DCDD7177C7DDB1
:1083C0001D7777DCDD7177C7DD1D7777DCDD7177B1
:1083D000C7DD1D7777DCDD7177C7DD1D7777DCDDE5
:1083E0007177C7DD1D7777DCDD7177C7DD1D7777A6
:1083F000DCDD7177C7DD1D7777DCDD7177C7DD1DCB
:108400007777DCDD7177C7DD1D7777DCDD7177C7C6
:10841000DD1D7777DCDD7177C7DD1D7777DCDD71FA
:1084200077C7DD1D7777DCDD7177C7DD1D7777DCFA
:10843000DD7177C7DD1D7777DCDD7177C7DD1D77EF
:1084400077DCDD7177C7DD1D7777DCDD7177C7DD20
:108450001D7777DCDD7177C7DD1D7777DCDD717720
:10846000C7DD1D7777DCDD7177C7DD1D7777DCDD54
:108470007177C7DD1D7777DCDD7177C7DD1D777715
:10848000DCDD7177C7DD1D7777DCDD7177C7DD1D3A
:108490007777DCDD7177C7DD1D7777DCDD7177C736
:1084A000DD1D7777DCDD7177C7DD1D7777DCDD716A
:1084B00077C7DD1D7777DCDD7177C7DD1D7777DC6A
:1084C000DD7177C7DD1D7777DCDD7177C7DD1D775F
:1084D00077DCDD7177C7DD1D7777DCDD7177C7DD90
:1084E0001D7777DCDD7177C7DD1D7777DCDD717790
:1084F000C7DD1D7777DCDD7177C7DD1D7777DCDDC4
:108500007177C7DD1D7777DCDD7177C7DD1D777784
:10851000DCDD7177C7DD1D7777DCDD7177C7DD1DA9
:108520007777DCDD7177C7DD1D7777DCDD7177C7A5
:10853000DD1D7777DCDD7177C7DD1D7777DCDD71D9
:1085400077C7DD1D7777DCDD7177C7DD1D7777DCD9
:10855000DD7177C7DD1D7777DCDD7177C7DD1D77CE
:1085600077DCDD7177C7DD1D7777DCDD7177C7DDFF
:108570001D7777DCDD7177C7DD1D7777DCDD7177FF
:10858000C7DD1D7777DCDD7177C7DD1D7777DCDD33
:108590007177C7DD1D7777DCDD7177C7DD1D7777F4
:1085A000DCDD7177C7DD1D7777DCDD7177C7DD1D19
:1085B0007777DCDD7177C7DD1D7777DCDD7177C715
:1085C000DD1D7777DCDD7177C7DD1D7777DCDD7149
:1085D00077C7DD1D7777DCDD7177C7DD1D7777DC49
:1085E000DD7177C7DD1D7777DCDD7177C7DD1D773E
:1085F00077DCDD7177C7DD1D7777DCDD7177C7DD6F
:108600001D7777DCDD7177C7DD1D7777DCDD71776E
:10861000C7DD1D7777DCDD7177C7DD1D7777DCDDA2
:108620007177C7DD1D7777DCDD7177C7DD1D777763
:10863000DCDD7177C7DD1D7777DCDD7177C7DD1D88
:108640007777DCDD7177C7DD1D7777DCDD7177C784
:10865000DD1D7777DCDD7177C7DD1D7777DCDD71B8
:1086600077C7DD1D777700000000000000000000E4
:1086700000000000000000000000000000000000FA
:1086800000000000000000000000000000000000EA
:1086900000000000000000000000000000000000DA
:1086A00000000000000000000000000000000000CA
:1086B00000000000000000000000000000000000BA
:1086C00000000000000000000000000000000000AA
:1086D000000000000000000000000000000000009A
:1086E000000000000000000000000000000000008A
:1086F000000000000000000000000000000000007A
:108700000000000000000000000000000000000069
:108710000000000000000000000000000000000059
:108720000000000000000000000000000000000049
:108730000000000000000000000000000000000039
:108740000000000000000000000000000000000029
:108750000000000000000000000000000000000019
:108760000000000000000000000000000000000009
:1087700000000000000000000000000000000000F9
:1087800000000000000000000000000000000000E9
:1087900000000000000000000000000000000000D9
:1087A00000000000000000000000000000000000C9
:1087B00000000000000000000000000000000000B9
:1087C00000000000000000000000000000000000A9
:1087D0000000000000000000000000000000000099
:1087E0000000000000000000000000000000000089
:1087F0000000000000000000000000000000000079
:108800000000000000000000000000000000000068
:108810000000000000000000000000000000000058
:108820000000000000000000000000000000000048
:108830000000000000000000000000000000000038
:108840000000000000000000000000000000000028
:108850000000000000000000000000000000000018
:108860000000000000000000000000000000000008
:1088700000000000000000000000000000000000F8
:1088800000000000000000000000000000000000E8
:1088900000000000000000000000000000000000D8
:1088A00000000000000000000000000000000000C8
:1088B00000000000000000000000000000000000B8
:1088C00000000000000000000000000000000000A8
:1088D0000000000000000000000000000000000098
:1088E0000000000000000000000000000000000088
:1088F0000000000000000000000000000000000078
:108900000000000000000000000000000000000067
:108910000000000000000000000000000000000057
:108920000000000000000000000000000000000047
:108930000000000000000000000000000000000037
:108940000000000000000000000000000000000027
:108950000000000000000000000000000000000017
:108960000000000000000000000000000000000007
:1089700000000000000000000000000000000000F7
:1089800000000000000000000000000000000000E7
:1089900000000000000000000000000000000000D7
:1089A00000000000000000000000000000000000C7
:1089B00000000000000000000000000000000000B7
:1089C00000000000000000000000000000000000A7
:1089D0000000000000000000000000000000000097
:1089E0000000000000000000000000000000000087
:1089F0000000000000000000000000000000000077
:108A00000000000000000000000000000000000066
:108A10000000000000000000000000000000000056
:108A20000000000000000000000000000000000046
:108A30000000000000000000000000000000000036
:108A40000000000000000000000000000000000026
:108A50000000000000000000000000000000000016
:108A60000000000000000000000000000000000006
:108A700000000000000000000000000000000000F6
:108A800000000000000000000000000000000000E6
:108A900000000000000000000000000000000000D6
:108AA00000000000000000000000000000000000C6
:108AB00000000000000000000000000000000000B6
:108AC00000000000000000000000000000000000A6
:108AD0000000000000000000000000000000000096
:108AE0000000000000000000000000000000000086
:108AF0000000000000000000000000000000000076
:108B00000000000000000000000000000000000065
:108B10000000000000000000000000000000000055
:108B20000000000000000000000000000000000045
:108B30000000000000000000000000000000000035
:108B40000000000000000000000000000000000025
:108B50000000000000000000000000000000000015
:108B60000000000000000000000000000000000005
:108B700000000000000000000000000000000000F5
:108B800000000000000000000000000000000000E5
:108B900000000000000000000000000000000000D5
:108BA00000000000000000000000000000000000C5
:108BB00000000000000000000000000000000000B5
:108BC00000000000000000000000000000000000A5
:108BD0000000000000000000000000000000000095
:108BE0000000000000000000000000000000000085
:108BF0000000000000000000000000000000000075
:108C00000000000000000000000000000000000064
:108C10000000000000000000000000000000000054
:108C20000000000000000000000000000000000044
:108C30000000000000000000000000000000000034
:108C40000000000000000000000000000000000024
:108C50000000000000000000000000000000000014
:108C60000000000000000000000000000000000004
:108C700000000000000000000000000000000000F4
:108C800000000000000000000000000000000000E4
:108C900000000000000000000000000000000000D4
:108CA00000000000000000000000000000000000C4
:108CB00000000000000000000000000000000000B4
:108CC00000000000000000000000000000000000A4
:108CD0000000000000000000000000000000000094
:108CE0000000000000000000000000000000000084
:108CF0000000000000000000000000000000000074
:108D00000000000000000000000000000000000063
:108D10000000000000000000000000000000000053
:108D20000000000000000000000000000000000043
:108D30000000000000000000000000000000000033
:108D40000000000000000000000000000000000023
:108D50000000000000000000000000000000000013
:108D60000000000000000000000000000000000003
:108D700000000000000000000000000000000000F3
:108D800000000000000000000000000000000000E3
:108D900000000000000000000000000000000000D3
:108DA00000000000000000000000000000000000C3
:108DB00000000000000000000000000000000000B3
:108DC00000000000000000000000000000000000A3
:108DD0000000000000000000000000000000000093
:108DE0000000000000000000000000000000000083
:108DF0000000000000000000000000000000000073
:108E00000000000000000000000000000000000062
:108E10000000000000000000000000000000000052
:108E20000000000000000000000000000000000042
:108E30000000000000000000000000000000000032
:108E40000000000000000000000000000000000022
:108E50000000000000000000000000000000000012
:108E60000000000000000000000000000000000002
:108E700000000000000000000000000000000000F2
:108E800000000000000000000000000000000000E2
:108E900000000000000000000000000000000000D2
:108EA00000000000000000000000000000000000C2
:108EB00000000000000000000000000000000000B2
:108EC00000000000000000000000000000000000A2
:108ED0000000000000000000000000000000000092
:108EE0000000000000000000000000000000000082
:108EF0000000000000000000000000000000000072
:108F00000000000000000000000000000000000061
:108F10000000000000000000000000000000000051
:108F20000000000000000000000000000000000041
:108F30000000000000000000000000000000000031
:108F40000000000000000000000000000000000021
:108F50000000000000000000000000000000000011
:108F60000000000000000000000000000000000001
:108F700000000000000000000000000000000000F1
:108F800000000000000000000000000000000000E1
:108F900000000000000000000000000000000000D1
:108FA00000000000000000000000000000000000C1
:108FB00000000000000000000000000000000000B1
:108FC00000000000000000000000000000000000A1
:108FD0000000000000000000000000000000000091
:108FE0000000000000000000000000000000000081
:108FF0000000000000000000000000000000000071
:109000000000000000000000000000000000000060
:109010000000000000000000000000000000000050
:109020000000000000000000000000000000000040
:109030000000000000000000000000000000000030
:109040000000000000000000000000000000000020
:109050000000000000000000000000000000000010
:109060000000000000000000000000000000000000
:1090700000000000000000000000000000000000F0
:1090800000000000000000000000000000000000E0
:1090900000000000000000000000000000000000D0
:1090A00000000000000000000000000000000000C0
:1090B00000000000000000000000000000000000B0
:1090C00000000000000000000000000000000000A0
:1090D0000000000000000000000000000000000090
:1090E0000000000000000000000000000000000080
:1090F0000000000000000000000000000000000070
:10910000000000000000000000000000000000005F
:10911000000000000000000000000000000000004F
:10912000000000000000000000000000000000003F
:10913000000000000000000000000000000000002F
:10914000000000000000000000000000000000001F
:10915000000000000000000000000000000000000F
:1091600000000000000000000000000000000000FF
:1091700000000000000000000000000000000000EF
:1091800000000000000000000000000000000000DF
:1091900000000000000000000000000000000000CF
:1091A00000000000000000000000000000000000BF
:1091B00000000000000000000000000000000000AF
:1091C000000000000000000000000000000000009F
:1091D000000000000000000000000000000000008F
:1091E000000000000000000000000000000000007F
:1091F000000000000000000000000000000000006F
:10920000000000000000000000000000000000005E
:10921000000000000000000000000000000000004E
:10922000000000000000000000000000000000003E
:10923000000000000000000000000000000000002E
:10924000000000000000000000000000000000001E
:10925000000000000000000000000000000000000E
:1092600000000000000000000000000000000000FE
:1092700000000000000000000000000000000000EE
:1092800000000000000000000000000000000000DE
:1092900000000000000000000000000000000000CE
:1092A00000000000000000000000000000000000BE
:1092B00000000000000000000000000000000000AE
:1092C000000000000000000000000000000000009E
:1092D000000000000000000000000000000000008E
:1092E000000000000000000000000000000000007E
:1092F000000000000000000000000000000000006E
:10930000000000000000000000000000000000005D
:10931000000000000000000000000000000000004D
:10932000000000000000000000000000000000003D
:10933000000000000000000000000000000000002D
:10934000000000000000000000000000000000001D
:10935000000000000000000000000000000000000D
:1093600000000000000000000000000000000000FD
:1093700000000000000000000000000000000000ED
:1093800000000000000000000000000000000000DD
:1093900000000000000000000000000000000000CD
:1093A00000000000000000000000000000000000BD
:1093B00000000000000000000000000000000000AD
:1093C000000000000000000000000000000000009D
:1093D000000000000000000000000000000000008D
:1093E000000000000000000000000000000000007D
:1093F000000000000000000000000000000000006D
:10940000000000000000000000000000000000005C
:10941000000000000000000000000000000000004C
:10942000000000000000000000000000000000003C
:10943000000000000000000000000000000000002C
:10944000000000000000000000000000000000001C
:10945000000000000000000000000000000000000C
:1094600000000000000000000000000000000000FC
:1094700000000000000000000000000000000000EC
:1094800000000000000000000000000000000000DC
:1094900000000000000000000000000000000000CC
:1094A00000000000000000000000000000000000BC
:1094B00000000000000000000000000000000000AC
:1094C000000000000000000000000000000000009C
:1094D000000000000000000000000000000000008C
:1094E000000000000000000000000000000000007C
:1094F000000000000000000000000000000000006C
:10950000000000000000000000000000000000005B
:10951000000000000000000000000000000000004B
:10952000000000000000000000000000000000003B
:10953000000000000000000000000000000000002B
:10954000000000000000000000000000000000001B
:10955000000000000000000000000000000000000B
:1095600000000000000000000000000000000000FB
:1095700000000000000000000000000000000000EB
:1095800000000000000000000000000000000000DB
:1095900000000000000000000000000000000000CB
:1095A00000000000000000000000000000000000BB
:1095B00000000000000000000000000000000000AB
:1095C000000000000000000000000000000000009B
:1095D000000000000000000000000000000000008B
:1095E000000000000000000000000000000000007B
:1095F000000000000000000000000000000000006B
:10960000000000000000000000000000000000005A
:10961000000000000000000000000000000000004A
:10962000000000000000000000000000000000003A
:10963000000000000000000000000000000000002A
:10964000000000000000000000000000000000001A
:10965000000000000000000000000000000000000A
:1096600000000000000000000000000000000000FA
:1096700000000000000000000000000000000000EA
:1096800000000000000000000000000000000000DA
:1096900000000000000000000000000000000000CA
:1096A00000000000000000000000000000000000BA
:1096B00000000000000000000000000000000000AA
:1096C000000000000000000000000000000000009A
:1096D000000000000000000000000000000000008A
:1096E000000000000000000000000000000000007A
:1096F000000000000000000000000000000000006A
:109700000000000000000000000000000000000059
:109710000000000000000000000000000000000049
:109720000000000000000000000000000000000039
:109730000000000000000000000000000000000029
:109740000000000000000000000000000000000019
:109750000000000000000000000000000000000009
:1097600000000000000000000000000000000000F9
:1097700000000000000000000000000000000000E9
:1097800000000000000000000000000000000000D9
:1097900000000000000000000000000000000000C9
:1097A00000000000000000000000000000000000B9
:1097B00000000000000000000000000000000000A9
:1097C0000000000000000000000000000000000099
:1097D0000000000000000000000000000000000089
:1097E0000000000000000000000000000000000079
:1097F0000000000000000000000000000000000069
:109800000000000000000000000000000000000058
:109810000000000000000000000000000000000048
:109820000000000000000000000000000000000038
:109830000000000000000000000000000000000028
:109840000000000000000000000000000000000018
:109850000000000000000000000000000000000008
:1098600000000000000000000000000000000000F8
:1098700000000000000000000000000000000000E8
:1098800000000000000000000000000000000000D8
:1098900000000000000000000000000000000000C8
:1098A00000000000000000000000000000000000B8
:1098B00000000000000000000000000000000000A8
:1098C0000000000000000000000000000000000098
:1098D0000000000000000000000000000000000088
:1098E0000000000000000000000000000000000078
:1098F0000000000000000000000000000000000068
:109900000000000000000000000000000000000057
:109910000000000000000000000000000000000047
:109920000000000000000000000000000000000037
:109930000000000000000000000000000000000027
:109940000000000000000000000000000000000017
:109950000000000000000000000000000000000007
:1099600000000000000000000000000000000000F7
:1099700000000000000000000000000000000000E7
:1099800000000000000000000000000000000000D7
:1099900000000000000000000000000000000000C7
:1099A00000000000000000000000000000000000B7
:1099B00000000000000000000000000000000000A7
:1099C0000000000000000000000000000000000097
:1099D0000000000000000000000000000000000087
:1099E0000000000000000000000000000000000077
:1099F0000000000000000000000000000000000067
:109A00000000000000000000000000000000000056
:109A10000000000000000000000000000000000046
:109A20000000000000000000000000000000000036
:109A30000000000000000000000000000000000026
:109A40000000000000000000000000000000000016
:109A50000000000000000000000000000000000006
:109A600000000000000000000000000000000000F6
:109A700000000000000000000000000000000000E6
:109A800000000000000000000000000000000000D6
:109A900000000000000000000000000000000000C6
:109AA00000000000000000000000000000000000B6
:109AB00000000000000000000000000000000000A6
:109AC0000000000000000000000000000000000096
:109AD0000000000000000000000000000000000086
:109AE0000000000000000000000000000000000076
:109AF0000000000000000000000000000000000066
:109B00000000000000000000000000000000000055
:109B10000000000000000000000000000000000045
:109B20000000000000000000000000000000000035
:109B30000000000000000000000000000000000025
:109B40000000000000000000000000000000000015
:109B50000000000000000000000000000000000005
:109B600000000000000000000000000000000000F5
:109B700000000000000000000000000000000000E5
:109B800000000000000000000000000000000000D5
:109B900000000000000000000000000000000000C5
:109BA00000000000000000000000000000000000B5
:109BB00000000000000000000000000000000000A5
:109BC0000000000000000000000000000000000095
:109BD0000000000000000000000000000000000085
:109BE0000000000000000000000000000000000075
:109BF0000000000000000000000000000000000065
:109C00000000000000000000000000000000000054
:109C10000000000000000000000000000000000044
:109C20000000000000000000000000000000000034
:109C30000000000000000000000000000000000024
:109C40000000000000000000000000000000000014
:109C50000000000000000000000000000000000004
:109C600000000000000000000000000000000000F4
:109C700000000000000000000000000000000000E4
:109C800000000000000000000000000000000000D4
:109C900000000000000000000000000000000000C4
:109CA00000000000000000000000000000000000B4
:109CB00000000000000000000000000000000000A4
:109CC0000000000000000000000000000000000094
:109CD0000000000000000000000000000000000084
:109CE0000000000000000000000000000000000074
:109CF0000000000000000000000000000000000064
:109D00000000000000000000000000000000000053
:109D10000000000000000000000000000000000043
:109D20000000000000000000000000000000000033
:109D30000000000000000000000000000000000023
:109D40000000000000000000000000000000000013
:109D50000000000000000000000000000000000003
:109D600000000000000000000000000000000000F3
:109D700000000000000000000000000000000000E3
:109D800000000000000000000000000000000000D3
:109D900000000000000000000000000000000000C3
:109DA00000000000000000000000000000000000B3
:109DB00000000000000000000000000000000000A3
:109DC0000000000000000000000000000000000093
:109DD0000000000000000000000000000000000083
:109DE0000000000000000000000000000000000073
:109DF0000000000000000000000000000000000063
:109E00000000000000000000000000000000000052
:109E10000000000000000000000000000000000042
:109E20000000000000000000000000000000000032
:109E30000000000000000000000000000000000022
:109E40000000000000000000000000000000000012
:109E50000000000000000000000000000000000002
:109E600000000000000000000000000000000000F2
:109E700000000000000000000000000000000000E2
:109E800000000000000000000000000000000000D2
:109E900000000000000000000000000000000000C2
:109EA00000000000000000000000000000000000B2
:109EB00000000000000000000000000000000000A2
:109EC0000000000000000000000000000000000092
:109ED0000000000000000000000000000000000082
:109EE0000000000000000000000000000000000072
:109EF0000000000000000000000000000000000062
:109F00000000000000000000000000000000000051
:109F10000000000000000000000000000000000041
:109F20000000000000000000000000000000000031
:109F30000000000000000000000000000000000021
:109F40000000000000000000000000000000000011
:109F50000000000000000000000000000000000001
:109F600000000000000000000000000000000000F1
:109F700000000000000000000000000000000000E1
:109F800000000000000000000000000000000000D1
:109F900000000000000000000000000000000000C1
:109FA00000000000000000000000000000000000B1
:109FB00000000000000000000000000000000000A1
:109FC0000000000000000000000000000000000091
:109FD0000000000000000000000000000000000081
:109FE0000000000000000000000000000000000071
:109FF0000000000000000000000000000000000061
:10A000000000000000000000000000000000000050
:10A010000000000000000000000000000000000040
:10A020000000000000000000000000000000000030
:10A030000000000000000000000000000000000020
:10A040000000000000000000000000000000000010
:10A050000000000000000000000000000000000000
:10A0600000000000000000000000000000000000F0
:10A0700000000000000000000000000000000000E0
:10A0800000000000000000000000000000000000D0
:10A0900000000000000000000000000000000000C0
:10A0A00000000000000000000000000000000000B0
:10A0B00000000000000000000000000000000000A0
:10A0C0000000000000000000000000000000000090
:10A0D0000000000000000000000000000000000080
:10A0E0000000000000000000000000000000000070
:10A0F0000000000000000000000000000000000060
:10A10000000000000000000000000000000000004F
:10A11000000000000000000000000000000000003F
:10A12000000000000000000000000000000000002F
:10A13000000000000000000000000000000000001F
:10A14000000000000000000000000000000000000F
:10A1500000000000000000000000000000000000FF
:10A1600000000000000000000000000000000000EF
:10A1700000000000000000000000000000000000DF
:10A1800000000000000000000000000000000000CF
:10A1900000000000000000000000000000000000BF
:10A1A00000000000000000000000000000000000AF
:10A1B000000000000000000000000000000000009F
:10A1C000000000000000000000000000000000008F
:10A1D000000000000000000000000000000000007F
:10A1E000000000000000000000000000000000006F
:10A1F000000000000000000000000000000000005F
:10A20000000000000000000000000000000000004E
:10A21000000000000000000000000000000000003E
:10A22000000000000000000000000000000000002E
:10A23000000000000000000000000000000000001E
:10A24000000000000000000000000000000000000E
:10A2500000000000000000000000000000000000FE
:10A2600000000000000000000000000000000000EE
:10A2700000000000000000000000000000000000DE
:10A2800000000000000000000000000000000000CE
:10A2900000000000000000000000000000000000BE
:10A2A00000000000000000000000000000000000AE
:10A2B000000000000000000000000000000000009E
:10A2C000000000000000000000000000000000008E
:10A2D000000000000000000000000000000000007E
:10A2E000000000000000000000000000000000006E
:10A2F000000000000000000000000000000000005E
:10A30000000000000000000000000000000000004D
:10A31000000000000000000000000000000000003D
:10A32000000000000000000000000000000000002D
:10A33000000000000000000000000000000000001D
:10A34000000000000000000000000000000000000D
:10A3500000000000000000000000000000000000FD
:10A3600000000000000000000000000000000000ED
:10A3700000000000000000000000000000000000DD
:10A3800000000000000000000000000000000000CD
:10A3900000000000000000000000000000000000BD
:10A3A00000000000000000000000000000000000AD
:10A3B000000000000000000000000000000000009D
:10A3C000000000000000000000000000000000008D
:10A3D000000000000000000000000000000000007D
:10A3E000000000000000000000000000000000006D
:10A3F000000000000000000000000000000000005D
:10A40000000000000000000000000000000000004C
:10A41000000000000000000000000000000000003C
:10A42000000000000000000000000000000000002C
:10A43000000000000000000000000000000000001C
:10A44000000000000000000000000000000000000C
:10A4500000000000000000000000000000000000FC
:10A4600000000000000000000000000000000000EC
:10A4700000000000000000000000000000000000DC
:10A4800000000000000000000000000000000000CC
:10A4900000000000000000000000000000000000BC
:10A4A00000000000000000000000000000000000AC
:10A4B000000000000000000000000000000000009C
:10A4C000000000000000000000000000000000008C
:10A4D000000000000000000000000000000000007C
:10A4E000000000000000000000000000000000006C
:10A4F000000000000000000000000000000000005C
:10A50000000000000000000000000000000000004B
:10A51000000000000000000000000000000000003B
:10A52000000000000000000000000000000000002B
:10A53000000000000000000000000000000000001B
:10A54000000000000000000000000000000000000B
:10A5500000000000000000000000000000000000FB
:10A5600000000000000000000000000000000000EB
:10A5700000000000000000000000000000000000DB
:10A5800000000000000000000000000000000000CB
:10A5900000000000000000000000000000000000BB
:10A5A00000000000000000000000000000000000AB
:10A5B000000000000000000000000000000000009B
:10A5C000000000000000000000000000000000008B
:10A5D000000000000000000000000000000000007B
:10A5E000000000000000000000000000000000006B
:10A5F000000000000000000000000000000000005B
:10A60000000000000000000000000000000000004A
:10A61000000000000000000000000000000000003A
:10A62000000000000000000000000000000000002A
:10A63000000000000000000000000000000000001A
:10A64000000000000000000000000000000000000A
:10A6500000000000000000000000000000000000FA
:10A6600000000000000000000000000000000000EA
:10A6700000000000000000000000000000000000DA
:10A6800000000000000000000000000000000000CA
:10A6900000000000000000000000000000000000BA
:10A6A00000000000000000000000000000000000AA
:10A6B000000000000000000000000000000000009A
:10A6C000000000000000000000000000000000008A
:10A6D000000000000000000000000000000000007A
:10A6E000000000000000000000000000000000006A
:10A6F000000000000000000000000000000000005A
:10A700000000000000000000000000000000000049
:10A710000000000000000000000000000000000039
:10A720000000000000000000000000000000000029
:10A730000000000000000000000000000000000019
:10A740000000000000000000000000000000000009
:10A7500000000000000000000000000000000000F9
:10A7600000000000000000000000000000000000E9
:10A7700000000000000000000000000000000000D9
:10A7800000000000000000000000000000000000C9
:10A7900000000000000000000000000000000000B9
:10A7A00000000000000000000000000000000000A9
:10A7B0000000000000000000000000000000000099
:10A7C0000000000000000000000000000000000089
:10A7D0000000000000000000000000000000000079
:10A7E0000000000000000000000000000000000069
:10A7F0000000000000000000000000000000000059
:10A800000000000000000000000000000000000048
:10A810000000000000000000000000000000000038
:10A820000000000000000000000000000000000028
:10A830000000000000000000000000000000000018
:10A840000000000000000000000000000000000008
:10A8500000000000000000000000000000000000F8
:10A8600000000000000000000000000000000000E8
:10A8700000000000000000000000000000000000D8
:10A8800000000000000000000000000000000000C8
:10A8900000000000000000000000000000000000B8
:10A8A00000000000000000000000000000000000A8
:10A8B0000000000000000000000000000000000098
:10A8C0000000000000000000000000000000000088
:10A8D0000000000000000000000000000000000078
:10A8E0000000000000000000000000000000000068
:10A8F0000000000000000000000000000000000058
:10A900000000000000000000000000000000000047
:10A910000000000000000000000000000000000037
:10A920000000000000000000000000000000000027
:10A930000000000000000000000000000000000017
:10A940000000000000000000000000000000000007
:10A9500000000000000000000000000000000000F7
:10A9600000000000000000000000000000000000E7
:10A9700000000000000000000000000000000000D7
:10A9800000000000000000000000000000000000C7
:10A9900000000000000000000000000000000000B7
:10A9A00000000000000000000000000000000000A7
:10A9B0000000000000000000000000000000000097
:10A9C0000000000000000000000000000000000087
:10A9D0000000000000000000000000000000000077
:10A9E0000000000000000000000000000000000067
:10A9F0000000000000000000000000000000000057
:10AA00000000000000000000000000000000000046
:10AA10000000000000000000000000000000000036
:10AA20000000000000000000000000000000000026
:10AA30000000000000000000000000000000000016
:10AA40000000000000000000000000000000000006
:10AA500000000000000000000000000000000000F6
:10AA600000000000000000000000000000000000E6
:10AA700000000000000000000000000000000000D6
:10AA800000000000000000000000000000000000C6
:10AA900000000000000000000000000000000000B6
:10AAA00000000000000000000000000000000000A6
:10AAB0000000000000000000000000000000000096
:10AAC0000000000000000000000000000000000086
:10AAD0000000000000000000000000000000000076
:10AAE0000000000000000000000000000000000066
:10AAF0000000000000000000000000000000000056
:10AB00000000000000000000000000000000000045
:10AB10000000000000000000000000000000000035
:10AB20000000000000000000000000000000000025
:10AB30000000000000000000000000000000000015
:10AB40000000000000000000000000000000000005
:10AB500000000000000000000000000000000000F5
:10AB600000000000000000000000000000000000E5
:10AB700000000000000000000000000000000000D5
:10AB800000000000000000000000000000000000C5
:10AB900000000000000000000000000000000000B5
:10ABA00000000000000000000000000000000000A5
:10ABB0000000000000000000000000000000000095
:10ABC0000000000000000000000000000000000085
:10ABD0000000000000000000000000000000000075
:10ABE0000000000000000000000000000000000065
:10ABF0000000000000000000000000000000000055
:10AC00000000000000000000000000000000000044
:10AC10000000000000000000000000000000000034
:10AC20000000000000000000000000000000000024
:10AC30000000000000000000000000000000000014
:10AC40000000000000000000000000000000000004
:10AC500000000000000000000000000000000000F4
:10AC600000000000000000000000000000000000E4
:10AC700000000000000000000000000000000000D4
:10AC800000000000000000000000000000000000C4
:10AC900000000000000000000000000000000000B4
:10ACA00000000000000000000000000000000000A4
:10ACB0000000000000000000000000000000000094
:10ACC0000000000000000000000000000000000084
:10ACD0000000000000000000000000000000000074
:10ACE0000000000000000000000000000000000064
:10ACF0000000000000000000000000000000000054
:10AD00000000000000000000000000000000000043
:10AD10000000000000000000000000000000000033
:10AD20000000000000000000000000000000000023
:10AD30000000000000000000000000000000000013
:10AD40000000000000000000000000000000000003
:10AD500000000000000000000000000000000000F3
:10AD600000000000000000000000000000000000E3
:10AD700000000000000000000000000000000000D3
:10AD800000000000000000000000000000000000C3
:10AD900000000000000000000000000000000000B3
:10ADA00000000000000000000000000000000000A3
:10ADB0000000000000000000000000000000000093
:10ADC0000000000000000000000000000000000083
:10ADD0000000000000000000000000000000000073
:10ADE0000000000000000000000000000000000063
:10ADF0000000000000000000000000000000000053
:10AE00000000000000000000000000000000000042
:10AE10000000000000000000000000000000000032
:10AE20000000000000000000000000000000000022
:10AE30000000000000000000000000000000000012
:10AE40000000000000000000000000000000000002
:10AE500000000000000000000000000000000000F2
:10AE600000000000000000000000000000000000E2
:10AE700000000000000000000000000000000000D2
:10AE800000000000000000000000000000000000C2
:10AE900000000000000000000000000000000000B2
:10AEA00000000000000000000000000000000000A2
:10AEB0000000000000000000000000000000000092
:10AEC0000000000000000000000000000000000082
:10AED0000000000000000000000000000000000072
:10AEE0000000000000000000000000000000000062
:10AEF0000000000000000000000000000000000052
:10AF00000000000000000000000000000000000041
:10AF10000000000000000000000000000000000031
:10AF20000000000000000000000000000000000021
:10AF30000000000000000000000000000000000011
:10AF40000000000000000000000000000000000001
:10AF500000000000000000000000000000000000F1
:10AF600000000000000000000000000000000000E1
:10AF700000000000000000000000000000000000D1
:10AF800000000000000000000000000000000000C1
:10AF900000000000000000000000000000000000B1
:10AFA00000000000000000000000000000000000A1
:10AFB0000000000000000000000000000000000091
:10AFC0000000000000000000000000000000000081
:10AFD0000000000000000000000000000000000071
:10AFE0000000000000000000000000000000000061
:10AFF0000000000000000000000000000000000051
:10B000000000000000000000000000000000000040
:10B010000000000000000000000000000000000030
:10B020000000000000000000000000000000000020
:10B030000000000000000000000000000000000010
:10B040000000000000000000000000000000000000
:10B0500000000000000000000000000000000000F0
:10B0600000000000000000000000000000000000E0
:10B0700000000000000000000000000000000000D0
:10B0800000000000000000000000000000000000C0
:10B0900000000000000000000000000000000000B0
:10B0A00000000000000000000000000000000000A0
:10B0B0000000000000000000000000000000000090
:10B0C0000000000000000000000000000000000080
:10B0D0000000000000000000000000000000000070
:10B0E0000000000000000000000000000000000060
:10B0F0000000000000000000000000000000000050
:10B10000000000000000000000000000000000003F
:10B11000000000000000000000000000000000002F
:10B12000000000000000000000000000000000001F
:10B13000000000000000000000000000000000000F
:10B1400000000000000000000000000000000000FF
:10B1500000000000000000000000000000000000EF
:10B1600000000000000000000000000000000000DF
:10B1700000000000000000000000000000000000CF
:10B1800000000000000000000000000000000000BF
:10B1900000000000000000000000000000000000AF
:10B1A000000000000000000000000000000000009F
:10B1B000000000000000000000000000000000008F
:10B1C000000000000000000000000000000000007F
:10B1D000000000000000000000000000000000006F
:10B1E000000000000000000000000000000000005F
:10B1F000000000000000000000000000000000004F
:10B20000000000000000000000000000000000003E
:10B21000000000000000000000000000000000002E
:10B22000000000000000000000000000000000001E
:10B23000000000000000000000000000000000000E
:10B2400000000000000000000000000000000000FE
:10B2500000000000000000000000000000000000EE
:10B2600000000000000000000000000000000000DE
:10B2700000000000000000000000000000000000CE
:10B2800000000000000000000000000000000000BE
:10B2900000000000000000000000000000000000AE
:10B2A000000000000000000000000000000000009E
:10B2B000000000000000000000000000000000008E
:10B2C000000000000000000000000000000000007E
:10B2D000000000000000000000000000000000006E
:10B2E000000000000000000000000000000000005E
:10B2F000000000000000000000000000000000004E
:10B30000000000000000000000000000000000003D
:10B31000000000000000000000000000000000002D
:10B32000000000000000000000000000000000001D
:10B33000000000000000000000000000000000000D
:10B3400000000000000000000000000000000000FD
:10B3500000000000000000000000000000000000ED
:10B3600000000000000000000000000000000000DD
:10B3700000000000000000000000000000000000CD
:10B3800000000000000000000000000000000000BD
:10B3900000000000000000000000000000000000AD
:10B3A000000000000000000000000000000000009D
:10B3B000000000000000000000000000000000008D
:10B3C000000000000000000000000000000000007D
:10B3D000000000000000000000000000000000006D
:10B3E000000000000000000000000000000000005D
:10B3F000000000000000000000000000000000004D
:10B40000000000000000000000000000000000003C
:10B41000000000000000000000000000000000002C
:10B42000000000000000000000000000000000001C
:10B43000000000000000000000000000000000000C
:10B4400000000000000000000000000000000000FC
:10B4500000000000000000000000000000000000EC
:10B4600000000000000000000000000000000000DC
:10B4700000000000000000000000000000000000CC
:10B4800000000000000000000000000000000000BC
:10B4900000000000000000000000000000000000AC
:10B4A000000000000000000000000000000000009C
:10B4B000000000000000000000000000000000008C
:10B4C000000000000000000000000000000000007C
:10B4D000000000000000000000000000000000006C
:10B4E000000000000000000000000000000000005C
:10B4F000000000000000000000000000000000004C
:10B50000000000000000000000000000000000003B
:10B51000000000000000000000000000000000002B
:10B52000000000000000000000000000000000001B
:10B53000000000000000000000000000000000000B
:10B5400000000000000000000000000000000000FB
:10B5500000000000000000000000000000000000EB
:10B5600000000000000000000000000000000000DB
:10B5700000000000000000000000000000000000CB
:10B5800000000000000000000000000000000000BB
:10B5900000000000000000000000000000000000AB
:10B5A000000000000000000000000000000000009B
:10B5B000000000000000000000000000000000008B
:10B5C000000000000000000000000000000000007B
:10B5D000000000000000000000000000000000006B
:10B5E000000000000000000000000000000000005B
:10B5F000000000000000000000000000000000004B
:10B60000000000000000000000000000000000003A
:10B61000000000000000000000000000000000002A
:10B62000000000000000000000000000000000001A
:10B63000000000000000000000000000000000000A
:10B6400000000000000000000000000000000000FA
:10B6500000000000000000000000000000000000EA
:10B6600000000000000000000000000000000000DA
:10B6700000000000000000000000000000000000CA
:10B6800000000000000000000000000000000000BA
:10B6900000000000000000000000000000000000AA
:10B6A000000000000000000000000000000000009A
:10B6B000000000000000000000000000000000008A
:10B6C000000000000000000000000000000000007A
:10B6D000000000000000000000000000000000006A
:10B6E000000000000000000000000000000000005A
:10B6F000000000000000000000000000000000004A
:10B700000000000000000000000000000000000039
:10B710000000000000000000000000000000000029
:10B720000000000000000000000000000000000019
:10B730000000000000000000000000000000000009
:10B7400000000000000000000000000000000000F9
:10B7500000000000000000000000000000000000E9
:10B7600000000000000000000000000000000000D9
:10B7700000000000000000000000000000000000C9
:10B7800000000000000000000000000000000000B9
:10B7900000000000000000000000000000000000A9
:10B7A0000000000000000000000000000000000099
:10B7B0000000000000000000000000000000000089
:10B7C0000000000000000000000000000000000079
:10B7D0000000000000000000000000000000000069
:10B7E0000000000000000000000000000000000059
:10B7F0000000000000000000000000000000000049
:10B800000000000000000000000000000000000038
:10B810000000000000000000000000000000000028
:10B820000000000000000000000000000000000018
:10B830000000000000000000000000000000000008
:10B8400000000000000000000000000000000000F8
:10B8500000000000000000000000000000000000E8
:10B8600000000000000000000000000000000000D8
:10B8700000000000000000000000000000000000C8
:10B8800000000000000000000000000000000000B8
:10B8900000000000000000000000000000000000A8
:10B8A0000000000000000000000000000000000098
:10B8B0000000000000000000000000000000000088
:10B8C0000000000000000000000000000000000078
:10B8D0000000000000000000000000000000000068
:10B8E0000000000000000000000000000000000058
:10B8F0000000000000000000000000000000000048
:10B900000000000000000000000000000000000037
:10B910000000000000000000000000000000000027
:10B920000000000000000000000000000000000017
:10B930000000000000000000000000000000000007
:10B9400000000000000000000000000000000000F7
:10B9500000000000000000000000000000000000E7
:10B9600000000000000000000000000000000000D7
:10B9700000000000000000000000000000000000C7
:10B9800000000000000000000000000000000000B7
:10B9900000000000000000000000000000000000A7
:10B9A0000000000000000000000000000000000097
:10B9B0000000000000000000000000000000000087
:10B9C0000000000000000000000000000000000077
:10B9D0000000000000000000000000000000000067
:10B9E0000000000000000000000000000000000057
:10B9F0000000000000000000000000000000000047
:10BA00000000000000000000000000000000000036
:10BA10000000000000000000000000000000000026
:10BA20000000000000000000000000000000000016
:10BA30000000000000000000000000000000000006
:10BA400000000000000000000000000000000000F6
:10BA500000000000000000000000000000000000E6
:10BA600000000000000000000000000000000000D6
:10BA700000000000000000000000000000000000C6
:10BA800000000000000000000000000000000000B6
:10BA900000000000000000000000000000000000A6
:10BAA0000000000000000000000000000000000096
:10BAB0000000000000000000000000000000000086
:10BAC0000000000000000000000000000000000076
:10BAD0000000000000000000000000000000000066
:10BAE0000000000000000000000000000000000056
:10BAF0000000000000000000000000000000000046
:10BB00000000000000000000000000000000000035
:10BB10000000000000000000000000000000000025
:10BB20000000000000000000000000000000000015
:10BB30000000000000000000000000000000000005
:10BB400000000000000000000000000000000000F5
:10BB500000000000000000000000000000000000E5
:10BB600000000000000000000000000000000000D5
:10BB700000000000000000000000000000000000C5
:10BB800000000000000000000000000000000000B5
:10BB900000000000000000000000000000000000A5
:10BBA0000000000000000000000000000000000095
:10BBB0000000000000000000000000000000000085
:10BBC0000000000000000000000000000000000075
:10BBD0000000000000000000000000000000000065
:10BBE0000000000000000000000000000000000055
:10BBF0000000000000000000000000000000000045
:10BC00000000000000000000000000000000000034
:10BC10000000000000000000000000000000000024
:10BC20000000000000000000000000000000000014
:10BC30000000000000000000000000000000000004
:10BC400000000000000000000000000000000000F4
:10BC500000000000000000000000000000000000E4
:10BC600000000000000000000000000000000000D4
:10BC700000000000000000000000000000000000C4
:10BC800000000000000000000000000000000000B4
:10BC900000000000000000000000000000000000A4
:10BCA0000000000000000000000000000000000094
:10BCB0000000000000000000000000000000000084
:10BCC0000000000000000000000000000000000074
:10BCD0000000000000000000000000000000000064
:10BCE0000000000000000000000000000000000054
:10BCF0000000000000000000000000000000000044
:10BD00000000000000000000000000000000000033
:10BD10000000000000000000000000000000000023
:10BD20000000000000000000000000000000000013
:10BD30000000000000000000000000000000000003
:10BD400000000000000000000000000000000000F3
:10BD500000000000000000000000000000000000E3
:10BD600000000000000000000000000000000000D3
:10BD700000000000000000000000000000000000C3
:10BD800000000000000000000000000000000000B3
:10BD900000000000000000000000000000000000A3
:10BDA0000000000000000000000000000000000093
:10BDB0000000000000000000000000000000000083
:10BDC0000000000000000000000000000000000073
:10BDD0000000000000000000000000000000000063
:10BDE0000000000000000000000000000000000053
:10BDF0000000000000000000000000000000000043
:10BE00000000000000000000000000000000000032
:10BE10000000000000000000000000000000000022
:10BE20000000000000000000000000000000000012
:10BE30000000000000000000000000000000000002
:10BE400000000000000000000000000000000000F2
:10BE500000000000000000000000000000000000E2
:10BE600000000000000000000000000000000000D2
:10BE700000000000000000000000000000000000C2
:10BE800000000000000000000000000000000000B2
:10BE900000000000000000000000000000000000A2
:10BEA0000000000000000000000000000000000092
:10BEB0000000000000000000000000000000000082
:10BEC0000000000000000000000000000000000072
:10BED0000000000000000000000000000000000062
:10BEE0000000000000000000000000000000000052
:10BEF0000000000000000000000000000000000042
:10BF00000000000000000000000000000000000031
:10BF10000000000000000000000000000000000021
:10BF20000000000000000000000000000000000011
:10BF30000000000000000000000000000000000001
:10BF400000000000000000000000000000000000F1
:10BF500000000000000000000000000000000000E1
:10BF600000000000000000000000000000000000D1
:10BF700000000000000000000000000000000000C1
:10BF800000000000000000000000000000000000B1
:10BF900000000000000000000000000000000000A1
:10BFA0000000000000000000000000000000000091
:10BFB0000000000000000000000000000000000081
:10BFC0000000000000000000000000000000000071
:10BFD0000000000000000000000000000000000061
:10BFE0000000000000000000000000000000000051
:10BFF0000000000000000000000000000000000041
:10C000000000000000000000000000000000000030
:10C010000000000000000000000000000000000020
:10C020000000000000000000000000000000000010
:10C030000000000000000000000000000000000000
:10C0400000000000000000000000000000000000F0
:10C0500000000000000000000000000000000000E0
:10C0600000000000000000000000000000000000D0
:10C0700000000000000000000000000000000000C0
:10C0800000000000000000000000000000000000B0
:10C0900000000000000000000000000000000000A0
:10C0A0000000000000000000000000000000000090
:10C0B0000000000000000000000000000000000080
:10C0C0000000000000000000000000000000000070
:10C0D0000000000000000000000000000000000060
:10C0E0000000000000000000000000000000000050
:10C0F0000000000000000000000000000000000040
:10C10000000000000000000000000000000000002F
:10C11000000000000000000000000000000000001F
:10C12000000000000000000000000000000000000F
:10C1300000000000000000000000000000000000FF
:10C1400000000000000000000000000000000000EF
:10C1500000000000000000000000000000000000DF
:10C1600000000000000000000000000000000000CF
:10C1700000000000000000000000000000000000BF
:10C1800000000000000000000000000000000000AF
:10C19000000000000000000000000000000000009F
:10C1A000000000000000000000000000000000008F
:10C1B000000000000000000000000000000000007F
:10C1C000000000000000000000000000000000006F
:10C1D000000000000000000000000000000000005F
:10C1E000000000000000000000000000000000004F
:10C1F000000000000000000000000000000000003F
:10C20000000000000000000000000000000000002E
:10C21000000000000000000000000000000000001E
:10C22000000000000000000000000000000000000E
:10C2300000000000000000000000000000000000FE
:10C2400000000000000000000000000000000000EE
:10C2500000000000000000000000000000000000DE
:10C2600000000000000000000000000000000000CE
:10C2700000000000000000000000000000000000BE
:10C2800000000000000000000000000000000000AE
:10C29000000000000000000000000000000000009E
:10C2A000000000000000000000000000000000008E
:10C2B000000000000000000000000000000000007E
:10C2C000000000000000000000000000000000006E
:10C2D000000000000000000000000000000000005E
:10C2E000000000000000000000000000000000004E
:10C2F000000000000000000000000000000000003E
:10C30000000000000000000000000000000000002D
:10C31000000000000000000000000000000000001D
:10C32000000000000000000000000000000000000D
:10C3300000000000000000000000000000000000FD
:10C3400000000000000000000000000000000000ED
:10C3500000000000000000000000000000000000DD
:10C3600000000000000000000000000000000000CD
:10C3700000000000000000000000000000000000BD
:10C3800000000000000000000000000000000000AD
:10C39000000000000000000000000000000000009D
:10C3A000000000000000000000000000000000008D
:10C3B000000000000000000000000000000000007D
:10C3C000000000000000000000000000000000006D
:10C3D000000000000000000000000000000000005D
:10C3E000000000000000000000000000000000004D
:10C3F000000000000000000000000000000000003D
:10C40000000000000000000000000000000000002C
:10C41000000000000000000000000000000000001C
:10C42000000000000000000000000000000000000C
:10C4300000000000000000000000000000000000FC
:10C4400000000000000000000000000000000000EC
:10C4500000000000000000000000000000000000DC
:10C4600000000000000000000000000000000000CC
:10C4700000000000000000000000000000000000BC
:10C4800000000000000000000000000000000000AC
:10C49000000000000000000000000000000000009C
:10C4A000000000000000000000000000000000008C
:10C4B000000000000000000000000000000000007C
:10C4C000000000000000000000000000000000006C
:10C4D000000000000000000000000000000000005C
:10C4E000000000000000000000000000000000004C
:10C4F000000000000000000000000000000000003C
:10C50000000000000000000000000000000000002B
:10C51000000000000000000000000000000000001B
:10C52000000000000000000000000000000000000B
:10C5300000000000000000000000000000000000FB
:10C5400000000000000000000000000000000000EB
:10C5500000000000000000000000000000000000DB
:10C5600000000000000000000000000000000000CB
:10C5700000000000000000000000000000000000BB
:10C5800000000000000000000000000000000000AB
:10C59000000000000000000000000000000000009B
:10C5A000000000000000000000000000000000008B
:10C5B000000000000000000000000000000000007B
:10C5C000000000000000000000000000000000006B
:10C5D000000000000000000000000000000000005B
:10C5E000000000000000000000000000000000004B
:10C5F000000000000000000000000000000000003B
:10C60000000000000000000000000000000000002A
:10C61000000000000000000000000000000000001A
:10C62000000000000000000000000000000000000A
:10C6300000000000000000000000000000000000FA
:10C6400000000000000000000000000000000000EA
:10C6500000000000000000000000000000000000DA
:10C6600000000000000000000000000000000000CA
:10C6700000000000000000000000000000000000BA
:10C6800000000000000000000000000000000000AA
:10C69000000000000000000000000000000000009A
:10C6A000000000000000000000000000000000008A
:10C6B000000000000000000000000000000000007A
:10C6C000000000000000000000000000000000006A
:10C6D000000000000000000000000000000000005A
:10C6E000000000000000000000000000000000004A
:10C6F000000000000000000000000000000000003A
:10C700000000000000000000000000000000000029
:10C710000000000000000000000000000000000019
:10C720000000000000000000000000000000000009
:10C7300000000000000000000000000000000000F9
:10C7400000000000000000000000000000000000E9
:10C7500000000000000000000000000000000000D9
:10C7600000000000000000000000000000000000C9
:10C7700000000000000000000000000000000000B9
:10C7800000000000000000000000000000000000A9
:10C790000000000000000000000000000000000099
:10C7A0000000000000000000000000000000000089
:10C7B0000000000000000000000000000000000079
:10C7C0000000000000000000000000000000000069
:10C7D0000000000000000000000000000000000059
:10C7E0000000000000000000000000000000000049
:10C7F0000000000000000000000000000000000039
:10C800000000000000000000000000000000000028
:10C810000000000000000000000000000000000018
:10C820000000000000000000000000000000000008
:10C8300000000000000000000000000000000000F8
:10C8400000000000000000000000000000000000E8
:10C8500000000000000000000000000000000000D8
:10C8600000000000000000000000000000000000C8
:10C8700000000000000000000000000000000000B8
:10C8800000000000000000000000000000000000A8
:10C890000000000000000000000000000000000098
:10C8A0000000000000000000000000000000000088
:10C8B0000000000000000000000000000000000078
:10C8C0000000000000000000000000000000000068
:10C8D0000000000000000000000000000000000058
:10C8E0000000000000000000000000000000000048
:10C8F0000000000000000000000000000000000038
:10C900000000000000000000000000000000000027
:10C910000000000000000000000000000000000017
:10C920000000000000000000000000000000000007
:10C9300000000000000000000000000000000000F7
:10C9400000000000000000000000000000000000E7
:10C9500000000000000000000000000000000000D7
:10C9600000000000000000000000000000000000C7
:10C9700000000000000000000000000000000000B7
:10C9800000000000000000000000000000000000A7
:10C990000000000000000000000000000000000097
:10C9A0000000000000000000000000000000000087
:10C9B0000000000000000000000000000000000077
:10C9C0000000000000000000000000000000000067
:10C9D0000000000000000000000000000000000057
:10C9E0000000000000000000000000000000000047
:10C9F0000000000000000000000000000000000037
:10CA00000000000000000000000000000000000026
:10CA10000000000000000000000000000000000016
:10CA20000000000000000000000000000000000006
:10CA300000000000000000000000000000000000F6
:10CA400000000000000000000000000000000000E6
:10CA500000000000000000000000000000000000D6
:10CA600000000000000000000000000000000000C6
:10CA700000000000000000000000000000000000B6
:10CA800000000000000000000000000000000000A6
:10CA90000000000000000000000000000000000096
:10CAA0000000000000000000000000000000000086
:10CAB0000000000000000000000000000000000076
:10CAC0000000000000000000000000000000000066
:10CAD0000000000000000000000000000000000056
:10CAE0000000000000000000000000000000000046
:10CAF0000000000000000000000000000000000036
:10CB00000000000000000000000000000000000025
:10CB10000000000000000000000000000000000015
:10CB20000000000000000000000000000000000005
:10CB300000000000000000000000000000000000F5
:10CB400000000000000000000000000000000000E5
:10CB500000000000000000000000000000000000D5
:10CB600000000000000000000000000000000000C5
:10CB700000000000000000000000000000000000B5
:10CB800000000000000000000000000000000000A5
:10CB90000000000000000000000000000000000095
:10CBA0000000000000000000000000000000000085
:10CBB0000000000000000000000000000000000075
:10CBC0000000000000000000000000000000000065
:10CBD0000000000000000000000000000000000055
:10CBE0000000000000000000000000000000000045
:10CBF0000000000000000000000000000000000035
:10CC00000000000000000000000000000000000024
:10CC10000000000000000000000000000000000014
:10CC20000000000000000000000000000000000004
:10CC300000000000000000000000000000000000F4
:10CC400000000000000000000000000000000000E4
:10CC500000000000000000000000000000000000D4
:10CC600000000000000000000000000000000000C4
:10CC700000000000000000000000000000000000B4
:10CC800000000000000000000000000000000000A4
:10CC90000000000000000000000000000000000094
:10CCA0000000000000000000000000000000000084
:10CCB0000000000000000000000000000000000074
:10CCC0000000000000000000000000000000000064
:10CCD0000000000000000000000000000000000054
:10CCE0000000000000000000000000000000000044
:10CCF0000000000000000000000000000000000034
:10CD00000000000000000000000000000000000023
:10CD10000000000000000000000000000000000013
:10CD20000000000000000000000000000000000003
:10CD300000000000000000000000000000000000F3
:10CD400000000000000000000000000000000000E3
:10CD500000000000000000000000000000000000D3
:10CD600000000000000000000000000000000000C3
:10CD700000000000000000000000000000000000B3
:10CD800000000000000000000000000000000000A3
:10CD90000000000000000000000000000000000093
:10CDA0000000000000000000000000000000000083
:10CDB0000000000000000000000000000000000073
:10CDC0000000000000000000000000000000000063
:10CDD0000000000000000000000000000000000053
:10CDE0000000000000000000000000000000000043
:10CDF0000000000000000000000000000000000033
:10CE00000000000000000000000000000000000022
:10CE10000000000000000000000000000000000012
:10CE20000000000000000000000000000000000002
:10CE300000000000000000000000000000000000F2
:10CE400000000000000000000000000000000000E2
:10CE500000000000000000000000000000000000D2
:10CE600000000000000000000000000000000000C2
:10CE700000000000000000000000000000000000B2
:10CE800000000000000000000000000000000000A2
:10CE90000000000000000000000000000000000092
:10CEA0000000000000000000000000000000000082
:10CEB0000000000000000000000000000000000072
:10CEC0000000000000000000000000000000000062
:10CED0000000000000000000000000000000000052
:10CEE0000000000000000000000000000000000042
:10CEF0000000000000000000000000000000000032
:10CF00000000000000000000000000000000000021
:10CF10000000000000000000000000000000000011
:10CF20000000000000000000000000000000000001
:10CF300000000000000000000000000000000000F1
:10CF400000000000000000000000000000000000E1
:10CF500000000000000000000000000000000000D1
:10CF600000000000000000000000000000000000C1
:10CF700000000000000000000000000000000000B1
:10CF800000000000000000000000000000000000A1
:10CF90000000000000000000000000000000000091
:10CFA0000000000000000000000000000000000081
:10CFB0000000000000000000000000000000000071
:10CFC0000000000000000000000000000000000061
:10CFD0000000000000000000000000000000000051
:10CFE0000000000000000000000000000000000041
:10CFF0000000000000000000000000000000000031
:10D000000000000000000000000000000000000020
:10D010000000000000000000000000000000000010
:10D020000000000000000000000000000000000000
:10D0300000000000000000000000000000000000F0
:10D0400000000000000000000000000000000000E0
:10D0500000000000000000000000000000000000D0
:10D0600000000000000000000000000000000000C0
:10D0700000000000000000000000000000000000B0
:10D0800000000000000000000000000000000000A0
:10D090000000000000000000000000000000000090
:10D0A0000000000000000000000000000000000080
:10D0B0000000000000000000000000000000000070
:10D0C0000000000000000000000000000000000060
:10D0D0000000000000000000000000000000000050
:10D0E0000000000000000000000000000000000040
:10D0F0000000000000000000000000000000000030
:10D10000000000000000000000000000000000001F
:10D11000000000000000000000000000000000000F
:10D1200000000000000000000000000000000000FF
:10D1300000000000000000000000000000000000EF
:10D1400000000000000000000000000000000000DF
:10D1500000000000000000000000000000000000CF
:10D1600000000000000000000000000000000000BF
:10D1700000000000000000000000000000000000AF
:10D18000000000000000000000000000000000009F
:10D19000000000000000000000000000000000008F
:10D1A000000000000000000000000000000000007F
:10D1B000000000000000000000000000000000006F
:10D1C000000000000000000000000000000000005F
:10D1D000000000000000000000000000000000004F
:10D1E000000000000000000000000000000000003F
:10D1F000000000000000000000000000000000002F
:10D20000000000000000000000000000000000001E
:10D21000000000000000000000000000000000000E
:10D2200000000000000000000000000000000000FE
:10D2300000000000000000000000000000000000EE
:10D2400000000000000000000000000000000000DE
:10D2500000000000000000000000000000000000CE
:10D2600000000000000000000000000000000000BE
:10D2700000000000000000000000000000000000AE
:10D28000000000000000000000000000000000009E
:10D29000000000000000000000000000000000008E
:10D2A000000000000000000000000000000000007E
:10D2B000000000000000000000000000000000006E
:10D2C000000000000000000000000000000000005E
:10D2D000000000000000000000000000000000004E
:10D2E000000000000000000000000000000000003E
:10D2F000000000000000000000000000000000002E
:10D30000000000000000000000000000000000001D
:10D31000000000000000000000000000000000000D
:10D3200000000000000000000000000000000000FD
:10D3300000000000000000000000000000000000ED
:10D3400000000000000000000000000000000000DD
:10D3500000000000000000000000000000000000CD
:10D3600000000000000000000000000000000000BD
:10D3700000000000000000000000000000000000AD
:10D38000000000000000000000000000000000009D
:10D39000000000000000000000000000000000008D
:10D3A000000000000000000000000000000000007D
:10D3B000000000000000000000000000000000006D
:10D3C000000000000000000000000000000000005D
:10D3D000000000000000000000000000000000004D
:10D3E000000000000000000000000000000000003D
:10D3F000000000000000000000000000000000002D
:10D40000000000000000000000000000000000001C
:10D41000000000000000000000000000000000000C
:10D4200000000000000000000000000000000000FC
:10D4300000000000000000000000000000000000EC
:10D4400000000000000000000000000000000000DC
:10D4500000000000000000000000000000000000CC
:10D4600000000000000000000000000000000000BC
:10D4700000000000000000000000000000000000AC
:10D48000000000000000000000000000000000009C
:10D49000000000000000000000000000000000008C
:10D4A000000000000000000000000000000000007C
:10D4B000000000000000000000000000000000006C
:10D4C000000000000000000000000000000000005C
:10D4D000000000000000000000000000000000004C
:10D4E000000000000000000000000000000000003C
:10D4F000000000000000000000000000000000002C
:10D50000000000000000000000000000000000001B
:10D51000000000000000000000000000000000000B
:10D5200000000000000000000000000000000000FB
:10D5300000000000000000000000000000000000EB
:10D5400000000000000000000000000000000000DB
:10D5500000000000000000000000000000000000CB
:10D5600000000000000000000000000000000000BB
:10D5700000000000000000000000000000000000AB
:10D58000000000000000000000000000000000009B
:10D59000000000000000000000000000000000008B
:10D5A000000000000000000000000000000000007B
:10D5B000000000000000000000000000000000006B
:10D5C000000000000000000000000000000000005B
:10D5D000000000000000000000000000000000004B
:10D5E000000000000000000000000000000000003B
:10D5F000000000000000000000000000000000002B
:10D60000000000000000000000000000000000001A
:10D61000000000000000000000000000000000000A
:10D6200000000000000000000000000000000000FA
:10D6300000000000000000000000000000000000EA
:10D6400000000000000000000000000000000000DA
:10D6500000000000000000000000000000000000CA
:10D6600000000000000000000000000000000000BA
:10D6700000000000000000000000000000000000AA
:10D68000000000000000000000000000000000009A
:10D69000000000000000000000000000000000008A
:10D6A000000000000000000000000000000000007A
:10D6B000000000000000000000000000000000006A
:10D6C000000000000000000000000000000000005A
:10D6D000000000000000000000000000000000004A
:10D6E000000000000000000000000000000000003A
:10D6F000000000000000000000000000000000002A
:10D700000000000000000000000000000000000019
:10D710000000000000000000000000000000000009
:10D7200000000000000000000000000000000000F9
:10D7300000000000000000000000000000000000E9
:10D7400000000000000000000000000000000000D9
:10D7500000000000000000000000000000000000C9
:10D7600000000000000000000000000000000000B9
:10D7700000000000000000000000000000000000A9
:10D780000000000000000000000000000000000099
:10D790000000000000000000000000000000000089
:10D7A0000000000000000000000000000000000079
:10D7B0000000000000000000000000000000000069
:10D7C0000000000000000000000000000000000059
:10D7D0000000000000000000000000000000000049
:10D7E0000000000000000000000000000000000039
:10D7F0000000000000000000000000000000000029
:10D800000000000000000000000000000000000018
:10D810000000000000000000000000000000000008
:10D8200000000000000000000000000000000000F8
:10D8300000000000000000000000000000000000E8
:10D8400000000000000000000000000000000000D8
:10D8500000000000000000000000000000000000C8
:10D8600000000000000000000000000000000000B8
:10D8700000000000000000000000000000000000A8
:10D880000000000000000000000000000000000098
:10D890000000000000000000000000000000000088
:10D8A0000000000000000000000000000000000078
:10D8B0000000000000000000000000000000000068
:10D8C0000000000000000000000000000000000058
:10D8D0000000000000000000000000000000000048
:10D8E0000000000000000000000000000000000038
:10D8F0000000000000000000000000000000000028
:10D900000000000000000000000000000000000017
:10D910000000000000000000000000000000000007
:10D9200000000000000000000000000000000000F7
:10D9300000000000000000000000000000000000E7
:10D9400000000000000000000000000000000000D7
:10D9500000000000000000000000000000000000C7
:10D9600000000000000000000000000000000000B7
:10D9700000000000000000000000000000000000A7
:10D980000000000000000000000000000000000097
:10D990000000000000000000000000000000000087
:10D9A0000000000000000000000000000000000077
:10D9B0000000000000000000000000000000000067
:10D9C0000000000000000000000000000000000057
:10D9D0000000000000000000000000000000000047
:10D9E0000000000000000000000000000000000037
:10D9F0000000000000000000000000000000000027
:10DA00000000000000000000000000000000000016
:10DA10000000000000000000000000000000000006
:10DA200000000000000000000000000000000000F6
:10DA300000000000000000000000000000000000E6
:10DA400000000000000000000000000000000000D6
:10DA500000000000000000000000000000000000C6
:10DA600000000000000000000000000000000000B6
:10DA700000000000000000000000000000000000A6
:10DA80000000000000000000000000000000000096
:10DA90000000000000000000000000000000000086
:10DAA0000000000000000000000000000000000076
:10DAB0000000000000000000000000000000000066
:10DAC0000000000000000000000000000000000056
:10DAD0000000000000000000000000000000000046
:10DAE0000000000000000000000000000000000036
:10DAF0000000000000000000000000000000000026
:10DB00000000000000000000000000000000000015
:10DB10000000000000000000000000000000000005
:10DB200000000000000000000000000000000000F5
:10DB300000000000000000000000000000000000E5
:10DB400000000000000000000000000000000000D5
:10DB500000000000000000000000000000000000C5
:10DB600000000000000000000000000000000000B5
:10DB700000000000000000000000000000000000A5
:10DB80000000000000000000000000000000000095
:10DB90000000000000000000000000000000000085
:10DBA0000000000000000000000000000000000075
:10DBB0000000000000000000000000000000000065
:10DBC0000000000000000000000000000000000055
:10DBD0000000000000000000000000000000000045
:10DBE0000000000000000000000000000000000035
:10DBF0000000000000000000000000000000000025
:10DC00000000000000000000000000000000000014
:10DC10000000000000000000000000000000000004
:10DC200000000000000000000000000000000000F4
:10DC300000000000000000000000000000000000E4
:10DC400000000000000000000000000000000000D4
:10DC500000000000000000000000000000000000C4
:10DC600000000000000000000000000000000000B4
:10DC700000000000000000000000000000000000A4
:10DC80000000000000000000000000000000000094
:10DC90000000000000000000000000000000000084
:10DCA0000000000000000000000000000000000074
:10DCB0000000000000000000000000000000000064
:10DCC0000000000000000000000000000000000054
:10DCD0000000000000000000000000000000000044
:10DCE0000000000000000000000000000000000034
:10DCF0000000000000000000000000000000000024
:10DD00000000000000000000000000000000000013
:10DD10000000000000000000000000000000000003
:10DD200000000000000000000000000000000000F3
:10DD300000000000000000000000000000000000E3
:10DD400000000000000000000000000000000000D3
:10DD500000000000000000000000000000000000C3
:10DD600000000000000000000000000000000000B3
:10DD700000000000000000000000000000000000A3
:10DD80000000000000000000000000000000000093
:10DD90000000000000000000000000000000000083
:10DDA0000000000000000000000000000000000073
:10DDB0000000000000000000000000000000000063
:10DDC0000000000000000000000000000000000053
:10DDD0000000000000000000000000000000000043
:10DDE0000000000000000000000000000000000033
:10DDF0000000000000000000000000000000000023
:10DE00000000000000000000000000000000000012
:10DE10000000000000000000000000000000000002
:10DE200000000000000000000000000000000000F2
:10DE300000000000000000000000000000000000E2
:10DE400000000000000000000000000000000000D2
:10DE500000000000000000000000000000000000C2
:10DE600000000000000000000000000000000000B2
:10DE700000000000000000000000000000000000A2
:10DE80000000000000000000000000000000000092
:10DE90000000000000000000000000000000000082
:10DEA0000000000000000000000000000000000072
:10DEB0000000000000000000000000000000000062
:10DEC0000000000000000000000000000000000052
:10DED0000000000000000000000000000000000042
:10DEE0000000000000000000000000000000000032
:10DEF0000000000000000000000000000000000022
:10DF00000000000000000000000000000000000011
:10DF10000000000000000000000000000000000001
:10DF200000000000000000000000000000000000F1
:10DF300000000000000000000000000000000000E1
:10DF400000000000000000000000000000000000D1
:10DF500000000000000000000000000000000000C1
:10DF600000000000000000000000000000000000B1
:10DF700000000000000000000000000000000000A1
:10DF80000000000000000000000000000000000091
:10DF90000000000000000000000000000000000081
:10DFA0000000000000000000000000000000000071
:10DFB0000000000000000000000000000000000061
:10DFC0000000000000000000000000000000000051
:10DFD0000000000000000000000000000000000041
:10DFE0000000000000000000000000000000000031
:10DFF0000000000000000000000000000000000021
:10E000000000000000000000000000000000000010
:10E010000000000000000000000000000000000000
:10E0200000000000000000000000000000000000F0
:10E0300000000000000000000000000000000000E0
:10E0400000000000000000000000000000000000D0
:10E0500000000000000000000000000000000000C0
:10E0600000000000000000000000000000000000B0
:10E0700000000000000000000000000000000000A0
:10E080000000000000000000000000000000000090
:10E090000000000000000000000000000000000080
:10E0A0000000000000000000000000000000000070
:10E0B0000000000000000000000000000000000060
:10E0C0000000000000000000000000000000000050
:10E0D0000000000000000000000000000000000040
:10E0E0000000000000000000000000000000000030
:10E0F0000000000000000000000000000000000020
:10E10000000000000000000000000000000000000F
:10E1100000000000000000000000000000000000FF
:10E1200000000000000000000000000000000000EF
:10E1300000000000000000000000000000000000DF
:10E1400000000000000000000000000000000000CF
:10E1500000000000000000000000000000000000BF
:10E1600000000000000000000000000000000000AF
:10E17000000000000000000000000000000000009F
:10E18000000000000000000000000000000000008F
:10E19000000000000000000000000000000000007F
:10E1A000000000000000000000000000000000006F
:10E1B000000000000000000000000000000000005F
:10E1C000000000000000000000000000000000004F
:10E1D000000000000000000000000000000000003F
:10E1E000000000000000000000000000000000002F
:10E1F000000000000000000000000000000000001F
:10E20000000000000000000000000000000000000E
:10E2100000000000000000000000000000000000FE
:10E2200000000000000000000000000000000000EE
:10E2300000000000000000000000000000000000DE
:10E2400000000000000000000000000000000000CE
:10E2500000000000000000000000000000000000BE
:10E2600000000000000000000000000000000000AE
:10E27000000000000000000000000000000000009E
:10E28000000000000000000000000000000000008E
:10E29000000000000000000000000000000000007E
:10E2A000000000000000000000000000000000006E
:10E2B000000000000000000000000000000000005E
:10E2C000000000000000000000000000000000004E
:10E2D000000000000000000000000000000000003E
:10E2E000000000000000000000000000000000002E
:10E2F000000000000000000000000000000000001E
:10E30000000000000000000000000000000000000D
:10E3100000000000000000000000000000000000FD
:10E3200000000000000000000000000000000000ED
:10E3300000000000000000000000000000000000DD
:10E3400000000000000000000000000000000000CD
:10E3500000000000000000000000000000000000BD
:10E3600000000000000000000000000000000000AD
:10E37000000000000000000000000000000000009D
:10E38000000000000000000000000000000000008D
:10E39000000000000000000000000000000000007D
:10E3A000000000000000000000000000000000006D
:10E3B000000000000000000000000000000000005D
:10E3C000000000000000000000000000000000004D
:10E3D000000000000000000000000000000000003D
:10E3E000000000000000000000000000000000002D
:10E3F000000000000000000000000000000000001D
:10E40000000000000000000000000000000000000C
:10E4100000000000000000000000000000000000FC
:10E4200000000000000000000000000000000000EC
:10E4300000000000000000000000000000000000DC
:10E4400000000000000000000000000000000000CC
:10E4500000000000000000000000000000000000BC
:10E4600000000000000000000000000000000000AC
:10E47000000000000000000000000000000000009C
:10E48000000000000000000000000000000000008C
:10E49000000000000000000000000000000000007C
:10E4A000000000000000000000000000000000006C
:10E4B000000000000000000000000000000000005C
:10E4C000000000000000000000000000000000004C
:10E4D000000000000000000000000000000000003C
:10E4E000000000000000000000000000000000002C
:10E4F000000000000000000000000000000000001C
:10E50000000000000000000000000000000000000B
:10E5100000000000000000000000000000000000FB
:10E5200000000000000000000000000000000000EB
:10E5300000000000000000000000000000000000DB
:10E5400000000000000000000000000000000000CB
:10E5500000000000000000000000000000000000BB
:10E5600000000000000000000000000000000000AB
:10E57000000000000000000000000000000000009B
:10E58000000000000000000000000000000000008B
:10E59000000000000000000000000000000000007B
:10E5A000000000000000000000000000000000006B
:10E5B000000000000000000000000000000000005B
:10E5C000000000000000000000000000000000004B
:10E5D000000000000000000000000000000000003B
:10E5E000000000000000000000000000000000002B
:10E5F000000000000000000000000000000000001B
:10E60000000000000000000000000000000000000A
:10E6100000000000000000000000000000000000FA
:10E6200000000000000000000000000000000000EA
:10E6300000000000000000000000000000000000DA
:10E6400000000000000000000000000000000000CA
:10E6500000000000000000000000000000000000BA
:10E6600000000000000000000000000000000000AA
:10E67000000000000000000000000000000000009A
:10E68000000000000000000000000000000000008A
:10E69000000000000000000000000000000000007A
:10E6A000000000000000000000000000000000006A
:10E6B000000000000000000000000000000000005A
:10E6C000000000000000000000000000000000004A
:10E6D000000000000000000000000000000000003A
:10E6E000000000000000000000000000000000002A
:10E6F000000000000000000000000000000000001A
:10E700000000000000000000000000000000000009
:10E7100000000000000000000000000000000000F9
:10E7200000000000000000000000000000000000E9
:10E7300000000000000000000000000000000000D9
:10E7400000000000000000000000000000000000C9
:10E7500000000000000000000000000000000000B9
:10E7600000000000000000000000000000000000A9
:10E770000000000000000000000000000000000099
:10E780000000000000000000000000000000000089
:10E790000000000000000000000000000000000079
:10E7A0000000000000000000000000000000000069
:10E7B0000000000000000000000000000000000059
:10E7C0000000000000000000000000000000000049
:10E7D0000000000000000000000000000000000039
:10E7E0000000000000000000000000000000000029
:10E7F0000000000000000000000000000000000019
:10E800000000000000000000000000000000000008
:10E8100000000000000000000000000000000000F8
:10E8200000000000000000000000000000000000E8
:10E8300000000000000000000000000000000000D8
:10E8400000000000000000000000000000000000C8
:10E8500000000000000000000000000000000000B8
:10E8600000000000000000000000000000000000A8
:10E870000000000000000000000000000000000098
:10E880000000000000000000000000000000000088
:10E890000000000000000000000000000000000078
:10E8A0000000000000000000000000000000000068
:10E8B0000000000000000000000000000000000058
:10E8C0000000000000000000000000000000000048
:10E8D0000000000000000000000000000000000038
:10E8E0000000000000000000000000000000000028
:10E8F0000000000000000000000000000000000018
:10E900000000000000000000000000000000000007
:10E9100000000000000000000000000000000000F7
:10E9200000000000000000000000000000000000E7
:10E9300000000000000000000000000000000000D7
:10E9400000000000000000000000000000000000C7
:10E9500000000000000000000000000000000000B7
:10E9600000000000000000000000000000000000A7
:10E970000000000000000000000000000000000097
:10E980000000000000000000000000000000000087
:10E990000000000000000000000000000000000077
:10E9A0000000000000000000000000000000000067
:10E9B0000000000000000000000000000000000057
:10E9C0000000000000000000000000000000000047
:10E9D0000000000000000000000000000000000037
:10E9E0000000000000000000000000000000000027
:10E9F0000000000000000000000000000000000017
:10EA00000000000000000000000000000000000006
:10EA100000000000000000000000000000000000F6
:10EA200000000000000000000000000000000000E6
:10EA300000000000000000000000000000000000D6
:10EA400000000000000000000000000000000000C6
:10EA500000000000000000000000000000000000B6
:10EA600000000000000000000000000000000000A6
:10EA70000000000000000000000000000000000096
:10EA80000000000000000000000000000000000086
:10EA90000000000000000000000000000000000076
:10EAA0000000000000000000000000000000000066
:10EAB0000000000000000000000000000000000056
:10EAC0000000000000000000000000000000000046
:10EAD0000000000000000000000000000000000036
:10EAE0000000000000000000000000000000000026
:10EAF0000000000000000000000000000000000016
:10EB00000000000000000000000000000000000005
:10EB100000000000000000000000000000000000F5
:10EB200000000000000000000000000000000000E5
:10EB300000000000000000000000000000000000D5
:10EB400000000000000000000000000000000000C5
:10EB500000000000000000000000000000000000B5
:10EB600000000000000000000000000000000000A5
:10EB70000000000000000000000000000000000095
:10EB80000000000000000000000000000000000085
:10EB90000000000000000000000000000000000075
:10EBA0000000000000000000000000000000000065
:10EBB0000000000000000000000000000000000055
:10EBC0000000000000000000000000000000000045
:10EBD0000000000000000000000000000000000035
:10EBE0000000000000000000000000000000000025
:10EBF0000000000000000000000000000000000015
:10EC00000000000000000000000000000000000004
:10EC100000000000000000000000000000000000F4
:10EC200000000000000000000000000000000000E4
:10EC300000000000000000000000000000000000D4
:10EC400000000000000000000000000000000000C4
:10EC500000000000000000000000000000000000B4
:10EC600000000000000000000000000000000000A4
:10EC70000000000000000000000000000000000094
:10EC80000000000000000000000000000000000084
:10EC90000000000000000000000000000000000074
:10ECA0000000000000000000000000000000000064
:10ECB0000000000000000000000000000000000054
:10ECC0000000000000000000000000000000000044
:10ECD0000000000000000000000000000000000034
:10ECE0000000000000000000000000000000000024
:10ECF0000000000000000000000000000000000014
:10ED00000000000000000000000000000000000003
:10ED100000000000000000000000000000000000F3
:10ED200000000000000000000000000000000000E3
:10ED300000000000000000000000000000000000D3
:10ED400000000000000000000000000000000000C3
:10ED500000000000000000000000000000000000B3
:10ED600000000000000000000000000000000000A3
:10ED70000000000000000000000000000000000093
:10ED80000000000000000000000000000000000083
:10ED90000000000000000000000000000000000073
:10EDA0000000000000000000000000000000000063
:10EDB0000000000000000000000000000000000053
:10EDC0000000000000000000000000000000000043
:10EDD0000000000000000000000000000000000033
:10EDE0000000000000000000000000000000000023
:10EDF0000000000000000000000000000000000013
:10EE00000000000000000000000000000000000002
:10EE100000000000000000000000000000000000F2
:10EE200000000000000000000000000000000000E2
:10EE300000000000000000000000000000000000D2
:10EE400000000000000000000000000000000000C2
:10EE500000000000000000000000000000000000B2
:10EE600000000000000000000000000000000000A2
:10EE70000000000000000000000000000000000092
:10EE80000000000000000000000000000000000082
:10EE90000000000000000000000000000000000072
:10EEA0000000000000000000000000000000000062
:10EEB0000000000000000000000000000000000052
:10EEC0000000000000000000000000000000000042
:10EED0000000000000000000000000000000000032
:10EEE0000000000000000000000000000000000022
:10EEF0000000000000000000000000000000000012
:10EF00000000000000000000000000000000000001
:10EF100000000000000000000000000000000000F1
:10EF200000000000000000000000000000000000E1
:10EF300000000000000000000000000000000000D1
:10EF400000000000000000000000000000000000C1
:10EF500000000000000000000000000000000000B1
:10EF600000000000000000000000000000000000A1
:10EF70000000000000000000000000000000000091
:10EF80000000000000000000000000000000000081
:10EF90000000000000000000000000000000000071
:10EFA0000000000000000000000000000000000061
:10EFB0000000000000000000000000000000000051
:10EFC0000000000000000000000000000000000041
:10EFD0000000000000000000000000000000000031
:10EFE0000000000000000000000000000000000021
:10EFF0000000000000000000000000000000000011
:10F000000000000000000000000000000000000000
:10F0100000000000000000000000000000000000F0
:10F0200000000000000000000000000000000000E0
:10F0300000000000000000000000000000000000D0
:10F0400000000000000000000000000000000000C0
:10F0500000000000000000000000000000000000B0
:10F0600000000000000000000000000000000000A0
:10F070000000000000000000000000000000000090
:10F080000000000000000000000000000000000080
:10F090000000000000000000000000000000000070
:10F0A0000000000000000000000000000000000060
:10F0B0000000000000000000000000000000000050
:10F0C0000000000000000000000000000000000040
:10F0D0000000000000000000000000000000000030
:10F0E0000000000000000000000000000000000020
:10F0F0000000000000000000000000000000000010
:10F1000000000000000000000000000000000000FF
:10F1100000000000000000000000000000000000EF
:10F1200000000000000000000000000000000000DF
:10F1300000000000000000000000000000000000CF
:10F1400000000000000000000000000000000000BF
:10F1500000000000000000000000000000000000AF
:10F16000000000000000000000000000000000009F
:10F17000000000000000000000000000000000008F
:10F18000000000000000000000000000000000007F
:10F19000000000000000000000000000000000006F
:10F1A000000000000000000000000000000000005F
:10F1B000000000000000000000000000000000004F
:10F1C000000000000000000000000000000000003F
:10F1D000000000000000000000000000000000002F
:10F1E000000000000000000000000000000000001F
:10F1F000000000000000000000000000000000000F
:10F2000000000000000000000000000000000000FE
:10F2100000000000000000000000000000000000EE
:10F2200000000000000000000000000000000000DE
:10F2300000000000000000000000000000000000CE
:10F2400000000000000000000000000000000000BE
:10F2500000000000000000000000000000000000AE
:10F26000000000000000000000000000000000009E
:10F27000000000000000000000000000000000008E
:10F28000000000000000000000000000000000007E
:10F29000000000000000000000000000000000006E
:10F2A000000000000000000000000000000000005E
:10F2B000000000000000000000000000000000004E
:10F2C000000000000000000000000000000000003E
:10F2D000000000000000000000000000000000002E
:10F2E000000000000000000000000000000000001E
:10F2F000000000000000000000000000000000000E
:10F3000000000000000000000000000000000000FD
:10F3100000000000000000000000000000000000ED
:10F3200000000000000000000000000000000000DD
:10F3300000000000000000000000000000000000CD
:10F3400000000000000000000000000000000000BD
:10F3500000000000000000000000000000000000AD
:10F36000000000000000000000000000000000009D
:10F37000000000000000000000000000000000008D
:10F38000000000000000000000000000000000007D
:10F39000000000000000000000000000000000006D
:10F3A000000000000000000000000000000000005D
:10F3B000000000000000000000000000000000004D
:10F3C000000000000000000000000000000000003D
:10F3D000000000000000000000000000000000002D
:10F3E000000000000000000000000000000000001D
:10F3F000000000000000000000000000000000000D
:10F4000000000000000000000000000000000000FC
:10F4100000000000000000000000000000000000EC
:10F4200000000000000000000000000000000000DC
:10F4300000000000000000000000000000000000CC
:10F4400000000000000000000000000000000000BC
:10F4500000000000000000000000000000000000AC
:10F46000000000000000000000000000000000009C
:10F47000000000000000000000000000000000008C
:10F48000000000000000000000000000000000007C
:10F49000000000000000000000000000000000006C
:10F4A000000000000000000000000000000000005C
:10F4B000000000000000000000000000000000004C
:10F4C000000000000000000000000000000000003C
:10F4D000000000000000000000000000000000002C
:10F4E000000000000000000000000000000000001C
:10F4F000000000000000000000000000000000000C
:10F5000000000000000000000000000000000000FB
:10F5100000000000000000000000000000000000EB
:10F5200000000000000000000000000000000000DB
:10F5300000000000000000000000000000000000CB
:10F5400000000000000000000000000000000000BB
:10F5500000000000000000000000000000000000AB
:10F56000000000000000000000000000000000009B
:10F57000000000000000000000000000000000008B
:10F58000000000000000000000000000000000007B
:10F59000000000000000000000000000000000006B
:10F5A000000000000000000000000000000000005B
:10F5B000000000000000000000000000000000004B
:10F5C000000000000000000000000000000000003B
:10F5D000000000000000000000000000000000002B
:10F5E000000000000000000000000000000000001B
:10F5F000000000000000000000000000000000000B
:10F6000000000000000000000000000000000000FA
:10F6100000000000000000000000000000000000EA
:10F6200000000000000000000000000000000000DA
:10F6300000000000000000000000000000000000CA
:10F6400000000000000000000000000000000000BA
:10F6500000000000000000000000000000000000AA
:10F66000000000000000000000000000000000009A
:10F67000000000000000000000000000000000008A
:10F68000000000000000000000000000000000007A
:10F69000000000000000000000000000000000006A
:10F6A000000000000000000000000000000000005A
:10F6B000000000000000000000000000000000004A
:10F6C000000000000000000000000000000000003A
:10F6D000000000000000000000000000000000002A
:10F6E000000000000000000000000000000000001A
:10F6F000000000000000000000000000000000000A
:10F7000000000000000000000000000000000000F9
:10F7100000000000000000000000000000000000E9
:10F7200000000000000000000000000000000000D9
:10F7300000000000000000000000000000000000C9
:10F7400000000000000000000000000000000000B9
:10F7500000000000000000000000000000000000A9
:10F760000000000000000000000000000000000099
:10F770000000000000000000000000000000000089
:10F780000000000000000000000000000000000079
:10F790000000000000000000000000000000000069
:10F7A0000000000000000000000000000000000059
:10F7B0000000000000000000000000000000000049
:10F7C0000000000000000000000000000000000039
:10F7D0000000000000000000000000000000000029
:10F7E0000000000000000000000000000000000019
:10F7F0000000000000000000000000000000000009
:10F8000000000000000000000000000000000000F8
:10F8100000000000000000000000000000000000E8
:10F8200000000000000000000000000000000000D8
:10F8300000000000000000000000000000000000C8
:10F8400000000000000000000000000000000000B8
:10F8500000000000000000000000000000000000A8
:10F860000000000000000000000000000000000098
:10F870000000000000000000000000000000000088
:10F880000000000000000000000000000000000078
:10F890000000000000000000000000000000000068
:10F8A0000000000000000000000000000000000058
:10F8B0000000000000000000000000000000000048
:10F8C0000000000000000000000000000000000038
:10F8D0000000000000000000000000000000000028
:10F8E0000000000000000000000000000000000018
:10F8F0000000000000000000000000000000000008
:10F9000000000000000000000000000000000000F7
:10F9100000000000000000000000000000000000E7
:10F9200000000000000000000000000000000000D7
:10F9300000000000000000000000000000000000C7
:10F9400000000000000000000000000000000000B7
:10F9500000000000000000000000000000000000A7
:10F960000000000000000000000000000000000097
:10F970000000000000000000000000000000000087
:10F980000000000000000000000000000000000077
:10F990000000000000000000000000000000000067
:10F9A0000000000000000000000000000000000057
:10F9B0000000000000000000000000000000000047
:10F9C0000000000000000000000000000000000037
:10F9D0000000000000000000000000000000000027
:10F9E0000000000000000000000000000000000017
:10F9F0000000000000000000000000000000000007
:10FA000000000000000000000000000000000000F6
:10FA100000000000000000000000000000000000E6
:10FA200000000000000000000000000000000000D6
:10FA300000000000000000000000000000000000C6
:10FA400000000000000000000000000000000000B6
:10FA500000000000000000000000000000000000A6
:10FA60000000000000000000000000000000000096
:10FA70000000000000000000000000000000000086
:10FA80000000000000000000000000000000000076
:10FA90000000000000000000000000000000000066
:10FAA0000000000000000000000000000000000056
:10FAB0000000000000000000000000000000000046
:10FAC0000000000000000000000000000000000036
:10FAD0000000000000000000000000000000000026
:10FAE0000000000000000000000000000000000016
:10FAF0000000000000000000000000000000000006
:10FB000000000000000000000000000000000000F5
:10FB100000000000000000000000000000000000E5
:10FB200000000000000000000000000000000000D5
:10FB300000000000000000000000000000000000C5
:10FB400000000000000000000000000000000000B5
:10FB500000000000000000000000000000000000A5
:10FB60000000000000000000000000000000000095
:10FB70000000000000000000000000000000000085
:10FB80000000000000000000000000000000000075
:10FB90000000000000000000000000000000000065
:10FBA0000000000000000000000000000000000055
:10FBB0000000000000000000000000000000000045
:10FBC0000000000000000000000000000000000035
:10FBD0000000000000000000000000000000000025
:10FBE0000000000000000000000000000000000015
:10FBF0000000000000000000000000000000000005
:10FC000000000000000000000000000000000000F4
:10FC100000000000000000000000000000000000E4
:10FC200000000000000000000000000000000000D4
:10FC300000000000000000000000000000000000C4
:10FC400000000000000000000000000000000000B4
:10FC500000000000000000000000000000000000A4
:10FC60000000000000000000000000000000000094
:10FC70000000000000000000000000000000000084
:10FC80000000000000000000000000000000000074
:10FC90000000000000000000000000000000000064
:10FCA0000000000000000000000000000000000054
:10FCB0000000000000000000000000000000000044
:10FCC0000000000000000000000000000000000034
:10FCD0000000000000000000000000000000000024
:10FCE0000000000000000000000000000000000014
:10FCF0000000000000000000000000000000000004
:10FD000000000000000000000000000000000000F3
:10FD100000000000000000000000000000000000E3
:10FD200000000000000000000000000000000000D3
:10FD300000000000000000000000000000000000C3
:10FD400000000000000000000000000000000000B3
:10FD500000000000000000000000000000000000A3
:10FD60000000000000000000000000000000000093
:10FD70000000000000000000000000000000000083
:10FD80000000000000000000000000000000000073
:10FD90000000000000000000000000000000000063
:10FDA0000000000000000000000000000000000053
:10FDB0000000000000000000000000000000000043
:10FDC0000000000000000000000000000000000033
:10FDD0000000000000000000000000000000000023
:10FDE0000000000000000000000000000000000013
:10FDF0000000000000000000000000000000000003
:10FE000000000000000000000000000000000000F2
:10FE100000000000000000000000000000000000E2
:10FE200000000000000000000000000000000000D2
:10FE300000000000000000000000000000000000C2
:10FE400000000000000000000000000000000000B2
:10FE500000000000000000000000000000000000A2
:10FE60000000000000000000000000000000000092
:10FE70000000000000000000000000000000000082
:10FE80000000000000000000000000000000000072
:10FE90000000000000000000000000000000000062
:10FEA0000000000000000000000000000000000052
:10FEB0000000000000000000000000000000000042
:10FEC0000000000000000000000000000000000032
:10FED0000000000000000000000000000000000022
:10FEE0000000000000000000000000000000000012
:10FEF0000000000000000000000000000000000002
:10FF000000000000000000000000000000000000F1
:10FF100000000000000000000000000000000000E1
:10FF200000000000000000000000000000000000D1
:10FF300000000000000000000000000000000000C1
:10FF400000000000000000000000000000000000B1
:10FF500000000000000000000000000000000000A1
:10FF60000000000000000000000000000000000091
:10FF70000000000000000000000000000000000081
:10FF80000000000000000000000000000000000071
:10FF90000000000000000000000000000000000061
:10FFA0000000000000000000000000000000000051
:10FFB0000000000000000000000000000000000041
:10FFC0000000000000000000000000000000000031
:10FFD0000000000000000000000000000000000021
:10FFE0000000000000000000000000000000000011
:10FFF0000000000000000000000000000000000001
:020000040005F5
:1000000000000000000000000000000000000000F0
:1000100000000000000000000000000000000000E0
:1000200000000000000000000000000000000000D0
:1000300000000000000000000000000000000000C0
:1000400000000000000000000000000000000000B0
:1000500000000000000000000000000000000000A0
:100060000000000000000000000000000000000090
:100070000000000000000000000000000000000080
:100080000000000000000000000000000000000070
:100090000000000000000000000000000000000060
:1000A0000000000000000000000000000000000050
:1000B0000000000000000000000000000000000040
:1000C0000000000000000000000000000000000030
:1000D0000000000000000000000000000000000020
:1000E0000000000000000000000000000000000010
:1000F0000000000000000000000000000000000000
:1001000000000000000000000000000000000000EF
:1001100000000000000000000000000000000000DF
:1001200000000000000000000000000000000000CF
:1001300000000000000000000000000000000000BF
:1001400000000000000000000000000000000000AF
:10015000000000000000000000000000000000009F
:10016000000000000000000000000000000000008F
:10017000000000000000000000000000000000007F
:10018000000000000000000000000000000000006F
:10019000000000000000000000000000000000005F
:1001A000000000000000000000000000000000004F
:1001B000000000000000000000000000000000003F
:1001C000000000000000000000000000000000002F
:1001D000000000000000000000000000000000001F
:1001E000000000000000000000000000000000000F
:1001F00000000000000000000000000000000000FF
:1002000000000000000000000000000000000000EE
:1002100000000000000000000000000000000000DE
:1002200000000000000000000000000000000000CE
:1002300000000000000000000000000000000000BE
:1002400000000000000000000000000000000000AE
:10025000000000000000000000000000000000009E
:10026000000000000000000000000000000000008E
:10027000000000000000000000000000000000007E
:10028000000000000000000000000000000000006E
:10029000000000000000000000000000000000005E
:1002A000000000000000000000000000000000004E
:1002B000000000000000000000000000000000003E
:1002C000000000000000000000000000000000002E
:1002D000000000000000000000000000000000001E
:1002E000000000000000000000000000000000000E
:1002F00000000000000000000000000000000000FE
:1003000000000000000000000000000000000000ED
:1003100000000000000000000000000000000000DD
:1003200000000000000000000000000000000000CD
:1003300000000000000000000000000000000000BD
:1003400000000000000000000000000000000000AD
:10035000000000000000000000000000000000009D
:10036000000000000000000000000000000000008D
:10037000000000000000000000000000000000007D
:10038000000000000000000000000000000000006D
:10039000000000000000000000000000000000005D
:1003A000000000000000000000000000000000004D
:1003B000000000000000000000000000000000003D
:1003C000000000000000000000000000000000002D
:1003D000000000000000000000000000000000001D
:1003E000000000000000000000000000000000000D
:1003F00000000000000000000000000000000000FD
:1004000000000000000000000000000000000000EC
:1004100000000000000000000000000000000000DC
:1004200000000000000000000000000000000000CC
:1004300000000000000000000000000000000000BC
:1004400000000000000000000000000000000000AC
:10045000000000000000000000000000000000009C
:10046000000000000000000000000000000000008C
:10047000000000000000000000000000000000007C
:10048000000000000000000000000000000000006C
:10049000000000000000000000000000000000005C
:1004A000000000000000000000000000000000004C
:1004B000000000000000000000000000000000003C
:1004C000000000000000000000000000000000002C
:1004D000000000000000000000000000000000001C
:1004E000000000000000000000000000000000000C
:1004F00000000000000000000000000000000000FC
:1005000000000000000000000000000000000000EB
:1005100000000000000000000000000000000000DB
:1005200000000000000000000000000000000000CB
:1005300000000000000000000000000000000000BB
:1005400000000000000000000000000000000000AB
:10055000000000000000000000000000000000009B
:10056000000000000000000000000000000000008B
:10057000000000000000000000000000000000007B
:10058000000000000000000000000000000000006B
:10059000000000000000000000000000000000005B
:1005A000000000000000000000000000000000004B
:1005B000000000000000000000000000000000003B
:1005C000000000000000000000000000000000002B
:1005D000000000000000000000000000000000001B
:1005E000000000000000000000000000000000000B
:1005F00000000000000000000000000000000000FB
:1006000000000000000000000000000000000000EA
:1006100000000000000000000000000000000000DA
:1006200000000000000000000000000000000000CA
:1006300000000000000000000000000000000000BA
:1006400000000000000000000000000000000000AA
:10065000000000000000000000000000000000009A
:10066000000000000000000000000000000000008A
:10067000000000000000000000000000000000007A
:10068000000000000000000000000000000000006A
:10069000000000000000000000000000000000005A
:1006A000000000000000000000000000000000004A
:1006B000000000000000000000000000000000003A
:1006C000000000000000000000000000000000002A
:1006D000000000000000000000000000000000001A
:1006E000000000000000000000000000000000000A
:1006F00000000000000000000000000000000000FA
:1007000000000000000000000000000000000000E9
:1007100000000000000000000000000000000000D9
:1007200000000000000000000000000000000000C9
:1007300000000000000000000000000000000000B9
:1007400000000000000000000000000000000000A9
:100750000000000000000000000000000000000099
:100760000000000000000000000000000000000089
:100770000000000000000000000000000000000079
:100780000000000000000000000000000000000069
:100790000000000000000000000000000000000059
:1007A0000000000000000000000000000000000049
:1007B0000000000000000000000000000000000039
:1007C0000000000000000000000000000000000029
:1007D0000000000000000000000000000000000019
:1007E0000000000000000000000000000000000009
:1007F00000000000000000000000000000000000F9
:1008000000000000000000000000000000000000E8
:1008100000000000000000000000000000000000D8
:1008200000000000000000000000000000000000C8
:1008300000000000000000000000000000000000B8
:1008400000000000000000000000000000000000A8
:100850000000000000000000000000000000000098
:100860000000000000000000000000000000000088
:100870000000000000000000000000000000000078
:100880000000000000000000000000000000000068
:100890000000000000000000000000000000000058
:1008A0000000000000000000000000000000000048
:1008B0000000000000000000000000000000000038
:1008C0000000000000000000000000000000000028
:1008D0000000000000000000000000000000000018
:1008E0000000000000000000000000000000000008
:1008F00000000000000000000000000000000000F8
:1009000000000000000000000000000000000000E7
:1009100000000000000000000000000000000000D7
:1009200000000000000000000000000000000000C7
:1009300000000000000000000000000000000000B7
:1009400000000000000000000000000000000000A7
:100950000000000000000000000000000000000097
:100960000000000000000000000000000000000087
:100970000000000000000000000000000000000077
:100980000000000000000000000000000000000067
:100990000000000000000000000000000000000057
:1009A0000000000000000000000000000000000047
:1009B0000000000000000000000000000000000037
:1009C0000000000000000000000000000000000027
:1009D0000000000000000000000000000000000017
:1009E0000000000000000000000000000000000007
:1009F00000000000000000000000000000000000F7
:100A000000000000000000000000000000000000E6
:100A100000000000000000000000000000000000D6
:100A200000000000000000000000000000000000C6
:100A300000000000000000000000000000000000B6
:100A400000000000000000000000000000000000A6
:100A50000000000000000000000000000000000096
:100A60000000000000000000000000000000000086
:100A70000000000000000000000000000000000076
:100A80000000000000000000000000000000000066
:100A90000000000000000000000000000000000056
:100AA0000000000000000000000000000000000046
:100AB0000000000000000000000000000000000036
:100AC0000000000000000000000000000000000026
:100AD0000000000000000000000000000000000016
:100AE0000000000000000000000000000000000006
:100AF00000000000000000000000000000000000F6
:100B000000000000000000000000000000000000E5
:100B100000000000000000000000000000000000D5
:100B200000000000000000000000000000000000C5
:100B300000000000000000000000000000000000B5
:100B400000000000000000000000000000000000A5
:100B50000000000000000000000000000000000095
:100B60000000000000000000000000000000000085
:100B70000000000000000000000000000000000075
:100B80000000000000000000000000000000000065
:100B90000000000000000000000000000000000055
:100BA0000000000000000000000000000000000045
:100BB0000000000000000000000000000000000035
:100BC0000000000000000000000000000000000025
:100BD0000000000000000000000000000000000015
:100BE0000000000000000000000000000000000005
:100BF00000000000000000000000000000000000F5
:100C000000000000000000000000000000000000E4
:100C100000000000000000000000000000000000D4
:100C200000000000000000000000000000000000C4
:100C300000000000000000000000000000000000B4
:100C400000000000000000000000000000000000A4
:100C50000000000000000000000000000000000094
:100C60000000000000000000000000000000000084
:100C70000000000000000000000000000000000074
:100C80000000000000000000000000000000000064
:100C90000000000000000000000000000000000054
:100CA0000000000000000000000000000000000044
:100CB0000000000000000000000000000000000034
:100CC0000000000000000000000000000000000024
:100CD0000000000000000000000000000000000014
:100CE0000000000000000000000000000000000004
:100CF00000000000000000000000000000000000F4
:100D000000000000000000000000000000000000E3
:100D100000000000000000000000000000000000D3
:100D200000000000000000000000000000000000C3
:100D300000000000000000000000000000000000B3
:100D400000000000000000000000000000000000A3
:100D50000000000000000000000000000000000093
:100D60000000000000000000000000000000000083
:100D70000000000000000000000000000000000073
:100D80000000000000000000000000000000000063
:100D90000000000000000000000000000000000053
:100DA0000000000000000000000000000000000043
:100DB0000000000000000000000000000000000033
:100DC0000000000000000000000000000000000023
:100DD0000000000000000000000000000000000013
:100DE0000000000000000000000000000000000003
:100DF00000000000000000000000000000000000F3
:100E000000000000000000000000000000000000E2
:100E100000000000000000000000000000000000D2
:100E200000000000000000000000000000000000C2
:100E300000000000000000000000000000000000B2
:100E400000000000000000000000000000000000A2
:100E50000000000000000000000000000000000092
:100E60000000000000000000000000000000000082
:100E70000000000000000000000000000000000072
:100E80000000000000000000000000000000000062
:100E90000000000000000000000000000000000052
:100EA0000000000000000000000000000000000042
:100EB0000000000000000000000000000000000032
:100EC0000000000000000000000000000000000022
:100ED0000000000000000000000000000000000012
:100EE0000000000000000000000000000000000002
:100EF00000000000000000000000000000000000F2
:100F000000000000000000000000000000000000E1
:100F100000000000000000000000000000000000D1
:100F200000000000000000000000000000000000C1
:100F300000000000000000000000000000000000B1
:100F400000000000000000000000000000000000A1
:100F50000000000000000000000000000000000091
:100F60000000000000000000000000000000000081
:100F70000000000000000000000000000000000071
:100F80000000000000000000000000000000000061
:100F90000000000000000000000000000000000051
:100FA0000000000000000000000000000000000041
:100FB0000000000000000000000000000000000031
:100FC0000000000000000000000000000000000021
:100FD0000000000000000000000000000000000011
:100FE0000000000000000000000000000000000001
:100FF00000000000000000000000000000000000F1
:1010000000000000000000000000000000000000E0
:1010100000000000000000000000000000000000D0
:1010200000000000000000000000000000000000C0
:1010300000000000000000000000000000000000B0
:1010400000000000000000000000000000000000A0
:101050000000000000000000000000000000000090
:101060000000000000000000000000000000000080
:101070000000000000000000000000000000000070
:101080000000000000000000000000000000000060
:101090000000000000000000000000000000000050
:1010A0000000000000000000000000000000000040
:1010B0000000000000000000000000000000000030
:1010C0000000000000000000000000000000000020
:1010D0000000000000000000000000000000000010
:1010E0000000000000000000000000000000000000
:1010F00000000000000000000000000000000000F0
:1011000000000000000000000000000000000000DF
:1011100000000000000000000000000000000000CF
:1011200000000000000000000000000000000000BF
:1011300000000000000000000000000000000000AF
:10114000000000000000000000000000000000009F
:10115000000000000000000000000000000000008F
:10116000000000000000000000000000000000007F
:10117000000000000000000000000000000000006F
:10118000000000000000000000000000000000005F
:10119000000000000000000000000000000000004F
:1011A000000000000000000000000000000000003F
:1011B000000000000000000000000000000000002F
:1011C000000000000000000000000000000000001F
:1011D000000000000000000000000000000000000F
:1011E00000000000000000000000000000000000FF
:1011F00000000000000000000000000000000000EF
:1012000000000000000000000000000000000000DE
:1012100000000000000000000000000000000000CE
:1012200000000000000000000000000000000000BE
:1012300000000000000000000000000000000000AE
:10124000000000000000000000000000000000009E
:10125000000000000000000000000000000000008E
:10126000000000000000000000000000000000007E
:10127000000000000000000000000000000000006E
:10128000000000000000000000000000000000005E
:10129000000000000000000000000000000000004E
:1012A000000000000000000000000000000000003E
:1012B000000000000000000000000000000000002E
:1012C000000000000000000000000000000000001E
:1012D000000000000000000000000000000000000E
:1012E00000000000000000000000000000000000FE
:1012F00000000000000000000000000000000000EE
:1013000000000000000000000000000000000000DD
:1013100000000000000000000000000000000000CD
:1013200000000000000000000000000000000000BD
:1013300000000000000000000000000000000000AD
:10134000000000000000000000000000000000009D
:10135000000000000000000000000000000000008D
:10136000000000000000000000000000000000007D
:10137000000000000000000000000000000000006D
:10138000000000000000000000000000000000005D
:10139000000000000000000000000000000000004D
:1013A000000000000000000000000000000000003D
:1013B000000000000000000000000000000000002D
:1013C000000000000000000000000000000000001D
:1013D000000000000000000000000000000000000D
:1013E00000000000000000000000000000000000FD
:1013F00000000000000000000000000000000000ED
:1014000000000000000000000000000000000000DC
:1014100000000000000000000000000000000000CC
:1014200000000000000000000000000000000000BC
:1014300000000000000000000000000000000000AC
:10144000000000000000000000000000000000009C
:10145000000000000000000000000000000000008C
:10146000000000000000000000000000000000007C
:10147000000000000000000000000000000000006C
:10148000000000000000000000000000000000005C
:10149000000000000000000000000000000000004C
:1014A000000000000000000000000000000000003C
:1014B000000000000000000000000000000000002C
:1014C000000000000000000000000000000000001C
:1014D000000000000000000000000000000000000C
:1014E00000000000000000000000000000000000FC
:1014F00000000000000000000000000000000000EC
:1015000000000000000000000000000000000000DB
:1015100000000000000000000000000000000000CB
:1015200000000000000000000000000000000000BB
:1015300000000000000000000000000000000000AB
:10154000000000000000000000000000000000009B
:10155000000000000000000000000000000000008B
:10156000000000000000000000000000000000007B
:10157000000000000000000000000000000000006B
:10158000000000000000000000000000000000005B
:10159000000000000000000000000000000000004B
:1015A000000000000000000000000000000000003B
:1015B000000000000000000000000000000000002B
:1015C000000000000000000000000000000000001B
:1015D000000000000000000000000000000000000B
:1015E00000000000000000000000000000000000FB
:1015F00000000000000000000000000000000000EB
:1016000000000000000000000000000000000000DA
:1016100000000000000000000000000000000000CA
:1016200000000000000000000000000000000000BA
:1016300000000000000000000000000000000000AA
:10164000000000000000000000000000000000009A
:10165000000000000000000000000000000000008A
:10166000000000000000000000000000000000007A
:10167000000000000000000000000000000000006A
:10168000000000000000000000000000000000005A
:10169000000000000000000000000000000000004A
:1016A000000000000000000000000000000000003A
:1016B000000000000000000000000000000000002A
:1016C000000000000000000000000000000000001A
:1016D000000000000000000000000000000000000A
:1016E00000000000000000000000000000000000FA
:1016F00000000000000000000000000000000000EA
:1017000000000000000000000000000000000000D9
:1017100000000000000000000000000000000000C9
:1017200000000000000000000000000000000000B9
:1017300000000000000000000000000000000000A9
:101740000000000000000000000000000000000099
:101750000000000000000000000000000000000089
:101760000000000000000000000000000000000079
:101770000000000000000000000000000000000069
:101780000000000000000000000000000000000059
:101790000000000000000000000000000000000049
:1017A0000000000000000000000000000000000039
:1017B0000000000000000000000000000000000029
:1017C0000000000000000000000000000000000019
:1017D0000000000000000000000000000000000009
:1017E00000000000000000000000000000000000F9
:1017F00000000000000000000000000000000000E9
:1018000000000000000000000000000000000000D8
:1018100000000000000000000000000000000000C8
:1018200000000000000000000000000000000000B8
:1018300000000000000000000000000000000000A8
:101840000000000000000000000000000000000098
:101850000000000000000000000000000000000088
:101860000000000000000000000000000000000078
:101870000000000000000000000000000000000068
:101880000000000000000000000000000000000058
:101890000000000000000000000000000000000048
:1018A0000000000000000000000000000000000038
:1018B0000000000000000000000000000000000028
:1018C0000000000000000000000000000000000018
:1018D0000000000000000000000000000000000008
:1018E00000000000000000000000000000000000F8
:1018F00000000000000000000000000000000000E8
:1019000000000000000000000000000000000000D7
:1019100000000000000000000000000000000000C7
:1019200000000000000000000000000000000000B7
:1019300000000000000000000000000000000000A7
:101940000000000000000000000000000000000097
:101950000000000000000000000000000000000087
:101960000000000000000000000000000000000077
:101970000000000000000000000000000000000067
:101980000000000000000000000000000000000057
:101990000000000000000000000000000000000047
:1019A0000000000000000000000000000000000037
:1019B0000000000000000000000000000000000027
:1019C0000000000000000000000000000000000017
:1019D0000000000000000000000000000000000007
:1019E00000000000000000000000000000000000F7
:1019F00000000000000000000000000000000000E7
:101A000000000000000000000000000000000000D6
:101A100000000000000000000000000000000000C6
:101A200000000000000000000000000000000000B6
:101A300000000000000000000000000000000000A6
:101A40000000000000000000000000000000000096
:101A50000000000000000000000000000000000086
:101A60000000000000000000000000000000000076
:101A70000000000000000000000000000000000066
:101A80000000000000000000000000000000000056
:101A90000000000000000000000000000000000046
:101AA0000000000000000000000000000000000036
:101AB0000000000000000000000000000000000026
:101AC0000000000000000000000000000000000016
:101AD0000000000000000000000000000000000006
:101AE00000000000000000000000000000000000F6
:101AF00000000000000000000000000000000000E6
:101B000000000000000000000000000000000000D5
:101B100000000000000000000000000000000000C5
:101B200000000000000000000000000000000000B5
:101B300000000000000000000000000000000000A5
:101B40000000000000000000000000000000000095
:101B50000000000000000000000000000000000085
:101B60000000000000000000000000000000000075
:101B70000000000000000000000000000000000065
:101B80000000000000000000000000000000000055
:101B90000000000000000000000000000000000045
:101BA0000000000000000000000000000000000035
:101BB0000000000000000000000000000000000025
:101BC0000000000000000000000000000000000015
:101BD0000000000000000000000000000000000005
:101BE00000000000000000000000000000000000F5
:101BF00000000000000000000000000000000000E5
:101C000000000000000000000000000000000000D4
:101C100000000000000000000000000000000000C4
:101C200000000000000000000000000000000000B4
:101C300000000000000000000000000000000000A4
:101C40000000000000000000000000000000000094
:101C50000000000000000000000000000000000084
:101C60000000000000000000000000000000000074
:101C70000000000000000000000000000000000064
:101C80000000000000000000000000000000000054
:101C90000000000000000000000000000000000044
:101CA0000000000000000000000000000000000034
:101CB0000000000000000000000000000000000024
:101CC0000000000000000000000000000000000014
:101CD0000000000000000000000000000000000004
:101CE00000000000000000000000000000000000F4
:101CF00000000000000000000000000000000000E4
:101D000000000000000000000000000000000000D3
:101D100000000000000000000000000000000000C3
:101D200000000000000000000000000000000000B3
:101D300000000000000000000000000000000000A3
:101D40000000000000000000000000000000000093
:101D50000000000000000000000000000000000083
:101D60000000000000000000000000000000000073
:101D70000000000000000000000000000000000063
:101D80000000000000000000000000000000000053
:101D90000000000000000000000000000000000043
:101DA0000000000000000000000000000000000033
:101DB0000000000000000000000000000000000023
:101DC0000000000000000000000000000000000013
:101DD0000000000000000000000000000000000003
:101DE00000000000000000000000000000000000F3
:101DF00000000000000000000000000000000000E3
:101E000000000000000000000000000000000000D2
:101E100000000000000000000000000000000000C2
:101E200000000000000000000000000000000000B2
:101E300000000000000000000000000000000000A2
:101E40000000000000000000000000000000000092
:101E50000000000000000000000000000000000082
:101E60000000000000000000000000000000000072
:101E70000000000000000000000000000000000062
:101E80000000000000000000000000000000000052
:101E90000000000000000000000000000000000042
:101EA0000000000000000000000000000000000032
:101EB0000000000000000000000000000000000022
:101EC0000000000000000000000000000000000012
:101ED0000000000000000000000000000000000002
:101EE00000000000000000000000000000000000F2
:101EF00000000000000000000000000000000000E2
:101F000000000000000000000000000000000000D1
:101F100000000000000000000000000000000000C1
:101F200000000000000000000000000000000000B1
:101F300000000000000000000000000000000000A1
:101F40000000000000000000000000000000000091
:101F50000000000000000000000000000000000081
:101F60000000000000000000000000000000000071
:101F70000000000000000000000000000000000061
:101F80000000000000000000000000000000000051
:101F90000000000000000000000000000000000041
:101FA0000000000000000000000000000000000031
:101FB0000000000000000000000000000000000021
:101FC0000000000000000000000000000000000011
:101FD0000000000000000000000000000000000001
:101FE00000000000000000000000000000000000F1
:101FF00000000000000000000000000000000000E1
:1020000000000000000000000000000000000000D0
:1020100000000000000000000000000000000000C0
:1020200000000000000000000000000000000000B0
:1020300000000000000000000000000000000000A0
:102040000000000000000000000000000000000090
:102050000000000000000000000000000000000080
:102060000000000000000000000000000000000070
:102070000000000000000000000000000000000060
:102080000000000000000000000000000000000050
:102090000000000000000000000000000000000040
:1020A0000000000000000000000000000000000030
:1020B0000000000000000000000000000000000020
:1020C0000000000000000000000000000000000010
:1020D0000000000000000000000000000000000000
:1020E00000000000000000000000000000000000F0
:1020F00000000000000000000000000000000000E0
:1021000000000000000000000000000000000000CF
:1021100000000000000000000000000000000000BF
:1021200000000000000000000000000000000000AF
:10213000000000000000000000000000000000009F
:10214000000000000000000000000000000000008F
:10215000000000000000000000000000000000007F
:10216000000000000000000000000000000000006F
:10217000000000000000000000000000000000005F
:10218000000000000000000000000000000000004F
:10219000000000000000000000000000000000003F
:1021A000000000000000000000000000000000002F
:1021B000000000000000000000000000000000001F
:1021C000000000000000000000000000000000000F
:1021D00000000000000000000000000000000000FF
:1021E00000000000000000000000000000000000EF
:1021F00000000000000000000000000000000000DF
:1022000000000000000000000000000000000000CE
:1022100000000000000000000000000000000000BE
:1022200000000000000000000000000000000000AE
:10223000000000000000000000000000000000009E
:10224000000000000000000000000000000000008E
:10225000000000000000000000000000000000007E
:10226000000000000000000000000000000000006E
:10227000000000000000000000000000000000005E
:10228000000000000000000000000000000000004E
:10229000000000000000000000000000000000003E
:1022A000000000000000000000000000000000002E
:1022B000000000000000000000000000000000001E
:1022C000000000000000000000000000000000000E
:1022D00000000000000000000000000000000000FE
:1022E00000000000000000000000000000000000EE
:1022F00000000000000000000000000000000000DE
:1023000000000000000000000000000000000000CD
:1023100000000000000000000000000000000000BD
:1023200000000000000000000000000000000000AD
:10233000000000000000000000000000000000009D
:10234000000000000000000000000000000000008D
:10235000000000000000000000000000000000007D
:10236000000000000000000000000000000000006D
:10237000000000000000000000000000000000005D
:10238000000000000000000000000000000000004D
:10239000000000000000000000000000000000003D
:1023A000000000000000000000000000000000002D
:1023B000000000000000000000000000000000001D
:1023C000000000000000000000000000000000000D
:1023D00000000000000000000000000000000000FD
:1023E00000000000000000000000000000000000ED
:1023F00000000000000000000000000000000000DD
:1024000000000000000000000000000000000000CC
:1024100000000000000000000000000000000000BC
:1024200000000000000000000000000000000000AC
:10243000000000000000000000000000000000009C
:10244000000000000000000000000000000000008C
:10245000000000000000000000000000000000007C
:10246000000000000000000000000000000000006C
:10247000000000000000000000000000000000005C
:10248000000000000000000000000000000000004C
:10249000000000000000000000000000000000003C
:1024A000000000000000000000000000000000002C
:1024B000000000000000000000000000000000001C
:1024C000000000000000000000000000000000000C
:1024D00000000000000000000000000000000000FC
:1024E00000000000000000000000000000000000EC
:1024F00000000000000000000000000000000000DC
:1025000000000000000000000000000000000000CB
:1025100000000000000000000000000000000000BB
:1025200000000000000000000000000000000000AB
:10253000000000000000000000000000000000009B
:10254000000000000000000000000000000000008B
:10255000000000000000000000000000000000007B
:10256000000000000000000000000000000000006B
:10257000000000000000000000000000000000005B
:10258000000000000000000000000000000000004B
:10259000000000000000000000000000000000003B
:1025A000000000000000000000000000000000002B
:1025B000000000000000000000000000000000001B
:1025C000000000000000000000000000000000000B
:1025D00000000000000000000000000000000000FB
:1025E00000000000000000000000000000000000EB
:1025F00000000000000000000000000000000000DB
:1026000000000000000000000000000000000000CA
:1026100000000000000000000000000000000000BA
:1026200000000000000000000000000000000000AA
:10263000000000000000000000000000000000009A
:10264000000000000000000000000000000000008A
:10265000000000000000000000000000000000007A
:10266000000000000000000000000000000000006A
:10267000000000000000000000000000000000005A
:10268000000000000000000000000000000000004A
:10269000000000000000000000000000000000003A
:1026A000000000000000000000000000000000002A
:1026B000000000000000000000000000000000001A
:1026C000000000000000000000000000000000000A
:1026D00000000000000000000000000000000000FA
:1026E00000000000000000000000000000000000EA
:1026F00000000000000000000000000000000000DA
:1027000000000000000000000000000000000000C9
:1027100000000000000000000000000000000000B9
:1027200000000000000000000000000000000000A9
:102730000000000000000000000000000000000099
:102740000000000000000000000000000000000089
:102750000000000000000000000000000000000079
:102760000000000000000000000000000000000069
:102770000000000000000000000000000000000059
:102780000000000000000000000000000000000049
:102790000000000000000000000000000000000039
:1027A0000000000000000000000000000000000029
:1027B0000000000000000000000000000000000019
:1027C0000000000000000000000000000000000009
:1027D00000000000000000000000000000000000F9
:1027E00000000000000000000000000000000000E9
:1027F00000000000000000000000000000000000D9
:1028000000000000000000000000000000000000C8
:1028100000000000000000000000000000000000B8
:1028200000000000000000000000000000000000A8
:102830000000000000000000000000000000000098
:102840000000000000000000000000000000000088
:102850000000000000000000000000000000000078
:102860000000000000000000000000000000000068
:102870000000000000000000000000000000000058
:102880000000000000000000000000000000000048
:102890000000000000000000000000000000000038
:1028A0000000000000000000000000000000000028
:1028B0000000000000000000000000000000000018
:1028C0000000000000000000000000000000000008
:1028D00000000000000000000000000000000000F8
:1028E00000000000000000000000000000000000E8
:1028F00000000000000000000000000000000000D8
:1029000000000000000000000000000000000000C7
:1029100000000000000000000000000000000000B7
:1029200000000000000000000000000000000000A7
:102930000000000000000000000000000000000097
:102940000000000000000000000000000000000087
:102950000000000000000000000000000000000077
:102960000000000000000000000000000000000067
:102970000000000000000000000000000000000057
:102980000000000000000000000000000000000047
:102990000000000000000000000000000000000037
:1029A0000000000000000000000000000000000027
:1029B0000000000000000000000000000000000017
:1029C0000000000000000000000000000000000007
:1029D00000000000000000000000000000000000F7
:1029E00000000000000000000000000000000000E7
:1029F00000000000000000000000000000000000D7
:102A000000000000000000000000000000000000C6
:102A100000000000000000000000000000000000B6
:102A200000000000000000000000000000000000A6
:102A30000000000000000000000000000000000096
:102A40000000000000000000000000000000000086
:102A50000000000000000000000000000000000076
:102A60000000000000000000000000000000000066
:102A70000000000000000000000000000000000056
:102A80000000000000000000000000000000000046
:102A90000000000000000000000000000000000036
:102AA0000000000000000000000000000000000026
:102AB0000000000000000000000000000000000016
:102AC0000000000000000000000000000000000006
:102AD00000000000000000000000000000000000F6
:102AE00000000000000000000000000000000000E6
:102AF00000000000000000000000000000000000D6
:102B000000000000000000000000000000000000C5
:102B100000000000000000000180000000720018AA
:102B200001800000007200180180003300880080DE
:102B30000000000000000000000000000000000095
:102B40000000000000000000000000000000000085
:102B50000000000000000000000000000000000075
:102B60000000000000000000000000000000000065
:102B70000000000000000000000000000000000055
:102B80000000000000000000000000000000000045
:102B90000180000000720018E0800000002400D0D6
:102BA0000000000000000000000000000000000025
:102BB0000000000000000000000000000000000015
:102BC0000000000000000000000000000000000005
:102BD0000180000000720018E0800000002400D096
:102BE00000000000000000000000000000000000E5
:102BF00000000000000000000000000000000000D5
:102C000000000000000000000000000000000000C4
:102C100000000000000000000000000000000000B4
:102C200000000000000000000000000000000000A4
:102C3000E0800000002400D0000000000000000040
:102C4000018000330088008001800033008800800C
:102C500001800033008800800180003300880080FC
:102C60000000000000000000000000000000000064
:102C700001800033008800800180003300880080DC
:102C80000000000000000000018000330088008088
:102C900001800033008800800180003300880080BC
:102CA00001800033008800800180003300880080AC
:102CB0000000000000000000000000000000000014
:102CC0000000000000000000000000000000000004
:102CD00000000000000000000000000000000000F4
:102CE00000000000000000000000000000000000E4
:102CF00000000000000000000000000000000000D4
:102D0000E180003300880080E1800033008800808B
:102D1000E180003300880080E1800033008800807B
:102D200000000000000000000000000000000000A3
:102D30000000000000000000000000000000000093
:102D40000000000000000000000000000000000083
:102D5000E180003300880080E1800033008800803B
:102D6000E180003300880080E1800033008800802B
:102D70000000000000000000000000000000000053
:102D80000000000000000000000000000000000043
:102D90000000000000000000000000000000000033
:102DA0000180003300880080E180003300880080CB
:102DB000E180003300880080E180003300880080DB
:102DC0000000000000000000000000000000000003
:102DD00000000000000000000000000000000000F3
:102DE00000000000000000000000000000000000E3
:102DF00000000000000000000000000000000000D3
:102E0000E180003300880080E1800033008800808A
:102E1000E180003300880080E1800033008800807A
:102E2000E18000330088008001800033008800804A
:102E3000018000330088008001800033008800801A
:102E40000000000000000000000000000000000082
:102E50000000000000000000000000000000000072
:102E60000000000000000000000000000000000062
:102E700001800033008800800180003300880080DA
:102E80000000000000000000018000330088008086
:102E900001800033008800800180003300880080BA
:102EA00001800033008800800180003300880080AA
:102EB000018000330088008001800033008800809A
:102EC0000000000000000000000000000000000002
:102ED00000000000000000000000000000000000F2
:102EE00000000000000000000000000000000000E2
:102EF00000000000000000000000000000000000D2
:102F000000000000000000000000000000000000C1
:102F100000000000000000000000000000000000B1
:102F2000E0C00000002400D0018000330088008051
:102F30000180003300880080E0000000002400D001
:102F40000000000000000000000000000000000081
:102F50000000000000000000000000000000000071
:102F60000000000000000000000000000000000061
:102F700001800000007200180180000000880080BD
:102F8000018000000072001801800000007200182B
:102F90000000000000000000000000000000000031
:102FA0000000000000000000000000000000000021
:102FB0000000000000000000000000000000000011
:102FC0000000000000000000E0800000002400D0AD
:102FD0000180003300000030018000330000003029
:102FE00000000000000000000000000000000000E1
:102FF00000000000000000000000000000000000D1
:103000000180000000880080E0C00000002400D0A3
:1030100001800033008800800000000000000000F4
:1030200000000000000000000000000000000000A0
:103030000000000000000000000000000000000090
:103040000000000000000000000000000000000080
:103050000000000000000000E0C00000002400D0DC
:103060000180000000720018000000000000000055
:103070000000000000000000000000000000000050
:103080000000000000000000000000000000000040
:103090000000000000000000000000000000000030
:1030A0000000000000000000000000000000000020
:1030B0000000000000000000000000000000000010
:1030C0000000000000000000000000000000000000
:1030D0000000000000000000E0800000002400D09C
:1030E0000000000000000000018000330088008024
:1030F00000020010000000000000000000000000BE
:1031000000000000000000000000000000000000BF
:1031100000000000000000000000000000000000AF
:10312000000000000000000000000000000000009F
:10313000000000000000000000000000000000008F
:10314000000000000000000000000000000000007F
:10315000000000000000000000000000000000006F
:10316000000000000000000000000000000000005F
:103170000180000000720018018000000072001839
:10318000000000000000000000000000000000003F
:10319000000000000000000000000000000000002F
:1031A000000000000000000000000000000000001F
:1031B000000000000000000000000000000000000F
:1031C00000000000000000000000000000000000FF
:1031D00000000000000000000000000000000000EF
:1031E00000000000000000000000000000000000DF
:1031F00000000000000000000000000000000000CF
:103200000000000C864204000400040004000400D6
:10321000040004000400040004000400040004008E
:10322000040004000400040004000400040004007E
:103230000400040004000C44C07000E80C85008009
:103240000A0600000041000000000000000000002D
:10325000000000000000000000000000000000006E
:10326000000000000000000000000000000000005E
:10327000000000000000000000000000000000004E
:10328000000000000000000000000000000000003E
:10329000000000000000000000000000000000002E
:1032A000000000000000000000000000000000001E
:1032B000000000000000000000000000000000000E
:1032C0000000000000007975FFFFFFFFFFFFFFFF18
:1032D000FFFFFFFFFFFFFFFFFFFFFFFFFFFFFFFFFE
:1032E000FFFFFFFFFFFFFFFFFFFFFFFFFFFFFFFFEE
:1032F000FFFFFFFFFFFFFFFFFFFFFFFFFFFFFFFFDE
:10330000FFFFFFFFFFFFFFFFFFFFFFFFFFFFFFFFCD
:10331000FFFFFFFFFFFFFFFFFFFFFFFFFFFFFFFFBD
:10332000FFFFFFFFFFFFFFFFFFFFFFFFFFFFFFFFAD
:10333000FFFFFFFFFFFFFFFFFFFFFFFFFFFFFFFF9D
:10334000FFFFFFFFFFFFFFFFFFFF00F49D9F0C85C6
:1033500000500C8500C004000400040004000C852B
:1033600000500C8500A00C8700FF0C8300810C40EE
:10337000007C15E40C8500B0040004000400040087
:10338000040004000400040004000400040004001D
:043390000400040031
:00000001FF
