:020000040000FA
:10000000FFFFFFFFFFFFFFFFFFFFFFFFFFFFFFFF00
:100010005599AA660C8500E004008C85C0018C828D
:10002000BC108C8690778C43200008C90C8700F3A5
:100030000C83008104000400040004000400040098
:100040000400040004000400040004000400040090
:10005000040004000400CC813C138C8110812C84AA
:1000600000004C8000F88C87FFFFCC8400A0CC827D
:100070000020CC8080004C8600004C8100004C8524
:1000800000004C8300004C870000CC85D847CC434F
:1000900000000000040004000C44000000000C8577
:1000A00000800A06004019B50000000000000000B2
:1000B0000000000000000000000000000000000040
:1000C0000000000000000000000000000000000030
:1000D0000000000000000000000000000000000020
:1000E0000000000000000000000000000000000010
:1000F0000000000000000000000000000000000000
:1001000000000000000000000000000000000000EF
:1001100000000000000000000000000000000000DF
:1001200000000000000000000000000000000000CF
:1001300000000000000000000000000000000000BF
:1001400000000000000000000000000000000000AF
:10015000000000000000000000000000000000009F
:10016000000000000000000000000000000000008F
:10017000000000000000000000000000000000007F
:10018000000000000000000000000000000000006F
:10019000000000000000000000000000000000005F
:1001A000000000000000000000000000000000004F
:1001B000000000000000000000000000000000003F
:1001C000000000000000000000000000000000002F
:1001D000000000000000000000000000000000001F
:1001E00000000000000000000000000000000020EF
:1001F00000000020000000000000000000000000DF
:1002000000000000000000000000000000000000EE
:1002100000000000000000000000000000000000DE
:1002200000000000000000000000000000000000CE
:100230000000000000002500000000000000000099
:1002400000000000000000000000000000000000AE
:10025000000000000000000000000000000000009E
:10026000000000000000000000000000000000008E
:10027000000000000000000000000000000000007E
:10028000000000000000000000000000000000006E
:10029000000000000000000000000000000000005E
:1002A000000000000000000000000000000000004E
:1002B000000004000000000000000000000000003A
:1002C000000004000000000000000000000000002A
:1002D000000004000000000000000000000000001A
:1002E000000004000000000000000000000000000A
:1002F00000000000040000000000000000000000FA
:1003000000000000040000000000000000000000E9
:1003100000000000000000000000000000000000DD
:1003200000000000000000000000000000000000CD
:1003300000000000000000000000000000000000BD
:1003400000000000000000000000000000000000AD
:10035000000000000000000000000000000000009D
:10036000000000000000000000000000000000008D
:10037000000000000000000000000000000000007D
:10038000000000000000000000000000000000006D
:10039000000000000000000000000000000000005D
:1003A000000000000000000000000000000000004D
:1003B000000000000000000000000000000000003D
:1003C000000000000000000000000000000000002D
:1003D000000000000000000000000000000000001D
:1003E000000000000000000000000000000000000D
:1003F00000000000004000000000000000000000BD
:1004000000000000000000000000000000000000EC
:1004100000000000000000000000000000000000DC
:1004200000000000000000000000000000000000CC
:1004300000000000000000000000000000000000BC
:1004400000000000000000000000000000000000AC
:10045000000000000000000000000000000000009C
:10046000000000000000000000000000000000008C
:10047000000000000000000000000000000000007C
:10048000000000000000000000000000000000006C
:10049000000000000000000000000000000000005C
:1004A000000000000000000000000000000000004C
:1004B000000000000000000000000000000000003C
:1004C000000000000000000000000000000000002C
:1004D000000000000000000000000000000000001C
:1004E000000000000000000000000000000000000C
:1004F00000000000000000000000000000000000FC
:1005000000000000000000000000000000000000EB
:1005100000000000000000000000000000000000DB
:1005200000000000000000000000000000000000CB
:1005300000000000000000000000000000000000BB
:1005400000000000000000000000000000000000AB
:10055000000000000000000000000000000000009B
:10056000000000000000000000000000000000008B
:10057000000000000000000000000000000000007B
:10058000000000000000000000000000000000006B
:10059000000000000000000000000000000000005B
:1005A000000000000000000000000000000000004B
:1005B000000000000000000000000000000000003B
:1005C000000000000000000000000000000000002B
:1005D000000000000000000000000000000000001B
:1005E000000000000000000000000000000000000B
:1005F00000000000000000000000000000000000FB
:1006000000000000000000000000000000000000EA
:1006100000000000000000000000000000000000DA
:1006200000000000000000000000000000000000CA
:1006300000000000000000000000000000000000BA
:1006400000000000000000000000000000000000AA
:100650000000000000000800000000000000000092
:10066000000000000000000000000000000000008A
:10067000000000000000000000000000000000007A
:10068000000000000000000000000000000000006A
:10069000000000000000000000000000000000005A
:1006A000000000000000000000000000000000004A
:1006B000000010000000000000000000000000002A
:1006C000000000000000000000000000000000002A
:1006D000000000000000000000000000000000001A
:1006E000000000000000000000000000000000000A
:1006F00000000000000000000000000000000000FA
:1007000000000000000000000000000000000000E9
:1007100000000000000000000000000000000000D9
:1007200000000000100000000000000000000000B9
:1007300000000000000000000000000000000000B9
:1007400000000000000000000000000000000000A9
:100750000000000000000000000000000000000099
:100760000000000000000000000000000000000089
:100770000000000000000000000000000000000079
:100780000000000000000000000000000000000069
:100790000000000000000000000000000000000059
:1007A0000000000000000000000000000000000049
:1007B0000000000000000000000000000000000039
:1007C0000000000000000000000000000000000029
:1007D0000000000000000000000000000000000019
:1007E0000000000000000000000000000000000009
:1007F00000000000000000000000000000000000F9
:1008000000000000000000000000000000000000E8
:1008100000000000000000000000000000000000D8
:1008200000002100000000000000000000000000A7
:1008300000000000000000000000000000000000B8
:1008400000000000000000000000000000000000A8
:100850000000000000000000000000000000000098
:100860000000000000000000000000000000000088
:100870000000000000000000000000000000000078
:100880000000000000000000000000000000000068
:100890000000000000000000000000000000000058
:1008A0000000000000000000000000000000000048
:1008B0000000000000000000000000000000000038
:1008C0000000000000000000000000000000000028
:1008D0000000000000000000000000000000000018
:1008E0000000000000000000000000000000000008
:1008F00000000000000000000000000000000000F8
:1009000000000000000000000000000000000000E7
:1009100000000000000000000000000000000000D7
:1009200000000000000000000000000000000000C7
:1009300000000000000000000000000000000000B7
:1009400000000000000000000000000000000000A7
:100950000000000000000000000000000000000097
:100960000000000000000000000000000000000087
:100970000000000000000000000000000000000077
:100980000000000000000000000000000000000067
:100990000000000000000000000000000000000057
:1009A0000000000000000000000000000000000047
:1009B0000000000000000000000000000000000037
:1009C0000000000000000000000000000000000027
:1009D0000000000000000000000000000000000017
:1009E0000000000000000000000000000000000007
:1009F00000000000000000000000000000000000F7
:100A000000000000000000000000000000000000E6
:100A100000000000000000000000000000000000D6
:100A200000000000000000000000000000000000C6
:100A300000000000000801000000000000080000A5
:100A400000000000000000000000000000000000A6
:100A50000000000000000000000000000000000096
:100A60000000000000000000000000000000000086
:100A70000000000000000000000000000000000076
:100A80000000000000000000000000000000000066
:100A90000000000000000000000000000000000056
:100AA0000000000000000000000000000000000046
:100AB00000000000000000804000000000000080F6
:100AC0000000000000000000000000000000000026
:100AD0000000000000000000000000000000000016
:100AE0000000000000000000000000000000000006
:100AF00000000000000000000000000000000000F6
:100B000000000000000000000000000000000000E5
:100B100000000000000000000000000000000000D5
:100B200000000000000000000000000000000000C5
:100B300000000000000000000000000000000000B5
:100B400000000000000000000000000000000000A5
:100B50000000000000000000000000000000000095
:100B60000000000000000000000000000000000085
:100B70000000000000000000000000000000000075
:100B80000000000000000000000000000000000065
:100B90000000000000000000000000000000000055
:100BA0000000000000000000000000000000000045
:100BB0000000000000000000000000000000000035
:100BC0000000000000000000000000000000000025
:100BD0000000000000000000000000000000000015
:100BE0000000000000000000000000000000000005
:100BF00000000000000000000000000000000000F5
:100C000000000000000000000000000000000000E4
:100C10000000000000400000000000000000000094
:100C200000000000000000000000000000000000C4
:100C30000000000000000000000000018200000031
:100C400000000000000000000000000000000000A4
:100C50000000000000000000000000000000000094
:100C60000000000000000000000000000000000084
:100C70000000000000000000000000000000000074
:100C80000000000000000000000000000000000064
:100C90000000000000000000000000000000000054
:100CA0000000000000000000000000000000000044
:100CB0000000000000000000000000000020800094
:100CC0000000000000000000000000000000000024
:100CD0000000000000000000000000000000000014
:100CE0000000000000000000000000000000000004
:100CF00000000000000000000000000000000000F4
:100D000000000000000000000000000000000000E3
:100D100000000000000000000000000000000000D3
:100D200000000000000000000000000000000000C3
:100D30000000000000000000000000000000C200F1
:100D400043C800000000000000C8000000000000D0
:100D50000000000000000000000000000000000093
:100D60000000000000000000000000000000000083
:100D70000000000000000000000000000000000073
:100D80000000000000000000000000000000000063
:100D90000000000000000000000000000000000053
:100DA0000000000000000000000000000000000043
:100DB0000000000000000000000000000000000033
:100DC0000000000000000000000000000000000023
:100DD0000000000000000000000000000000000013
:100DE0000000000000000000000000000000000003
:100DF00000000000000000000000000000000000F3
:100E000000000000000000000000000000000000E2
:100E100000000000000000000000000000000000D2
:100E200000000000000000000000000000000000C2
:100E300000000000000000000000000000000008AA
:100E4000000000800800000000000080000000009A
:100E50000000000000000000000000000000000092
:100E60000000000000000000000000000000000082
:100E70000000000000000000000000000000000072
:100E80000000000000000000000000000000000062
:100E90000000000000000000000000000000000052
:100EA0000000000000000000000000000000000042
:100EB0000000000000000000000000000000000032
:100EC0000002C0120000000000000000000000004E
:100ED00000000000000000000000000000008C0086
:100EE0000000000000000000000000000000000002
:100EF00000000000000000000000000000000000F2
:100F000000000000000000000000000000000000E1
:100F100000000000000000000000000000000000D1
:100F200000000000000000000000000000000000C1
:100F300000000000000000000000000000000000B1
:100F400000001040001008200000000000000820F1
:100F50000000000000000000000000000000000091
:100F60000000000000000000000000000000000081
:100F70000000000000000000000000000000000071
:100F80000000000000000000000000000000000061
:100F90000000000000000000000000000000000051
:100FA0000000000000000000000000000000000041
:100FB0000000000000000000000000000000000031
:100FC0000000000000000000000000000000000021
:100FD0000000000000000000000000000000000011
:100FE0000000000000000000000000000000000001
:100FF00000000000000000000000000000000000F1
:1010000000000000000000000000000000000000E0
:1010100000000000000000000000000000000000D0
:1010200000000000000000000000000000000000C0
:1010300000000000000000000000000000000000B0
:1010400000000000000000000000000000000000A0
:101050000000000000000000000000000000000090
:101060000000000000000000000000000000000080
:101070000000000000000000000000000000000070
:101080000000000000000000000000000000000060
:101090000000000000000000000000000000000050
:1010A0000000000000000000000000000000000040
:1010B0000000000000000000000000000000000030
:1010C000000000000000000000000020300033009D
:1010D00000000020000001000000000000000000EF
:1010E0000000000000000000000000000000000000
:1010F00000000000000000000000000000000000F0
:1011000000000000000000000000000000000000DF
:1011100000000000000000000000000000000000CF
:1011200000000000000000000000000000000000BF
:1011300000000000000000000000000000000000AF
:10114000000000000000000000000000000000009F
:10115000000000400000000000000000000000004F
:10116000000000000000000000000000000000007F
:10117000000000000000000000000000000000006F
:10118000000000000000000000000000000000005F
:10119000000000000000000000000000000000004F
:1011A000000000000000000000000000000000003F
:1011B000000000000000000000000000000000002F
:1011C0000000000000000000000000000000000916
:1011D00019000000000000010900000000000000EC
:1011E00000000000000000000000000004000000FB
:1011F00000000000000004000400040004000400DB
:1012000004000400000000000000000000000000D6
:1012100000000000000000000400000000000400C6
:1012200004000000000000000000000000000000BA
:1012300000000000000000000000040000000000AA
:10124000040000000000000000000000000000009A
:10125000000000000000000000000000000000008E
:10126000000000000000000000000000000000007E
:10127000000000000000000000000000000000006E
:10128000000000000000000000000000000000005E
:10129000000000000000000000000000000000004E
:1012A000000000000000000000000000000000003E
:1012B000000000000000000000000000000000002E
:1012C000000000000000000000000000000000001E
:1012D000000000000000000000000000000000000E
:1012E00000000000000000000000000000000000FE
:1012F00000000000000000000000000000000000EE
:1013000000000000000000000000000000000000DD
:1013100000000000000000000000000000000000CD
:1013200000000000000000000000000000000000BD
:10133000004000000000000000000000000000006D
:10134000000000000000000000000000000000009D
:10135000000000000000000000000000000000008D
:10136000000000000000000000000000000000007D
:10137000000000000000000000000000000000006D
:10138000000000000000000000000000000000005D
:10139000000000000000000000000000000000004D
:1013A000000000000000000000000000000000003D
:1013B000000000000000000000000000000000002D
:1013C000000000000000000000000000000000001D
:1013D00000000040000000000000000000000000CD
:1013E00000000000000000000000000000000000FD
:1013F00000000000000000000000000000000000ED
:1014000000000000000000000000000000000000DC
:1014100000000000000000000000000000000000CC
:1014200000000000000000000000000000000000BC
:1014300000000000000000000000000000000000AC
:10144000000000000000000000000000000000009C
:10145000000000000000000000000000000000008C
:10146000000000000000000000000000000000007C
:10147000000000000000000000000000000000006C
:10148000000000000000000000000000000000005C
:10149000000000000000000000000000000000004C
:1014A000000000000000000000000000000000003C
:1014B000000000000000000000000000000000002C
:1014C000000000000000000000000000100000000C
:1014D000000000000000000000000000000000000C
:1014E00000000000000000000000000000000000FC
:1014F00000000000000000000000000000000000EC
:1015000000000000000000000000000021000000BA
:1015100000000000000000000000000000000000CB
:1015200000000000000000000000000000000000BB
:1015300000000000000000000000000000000000AB
:10154000000000000000000000000000000000009B
:10155000000000000000000000000000000000008B
:10156000000000000000000000000000000000007B
:10157000000000000000000000000000000000006B
:1015800000000000000084000000000000000000D7
:10159000000000000000000000001000000000003B
:1015A0000000000008000000100010008400080087
:1015B000000000000000000000000000000000002B
:1015C000000000000000000000000000000000001B
:1015D000000000000000000000000000000000000B
:1015E00000000000000000000000000000000000FB
:1015F00000000000000000000000000000000000EB
:10160000000000400000000000000000000000009A
:1016100000000000000000000000000000000000CA
:1016200000000000000000000000000000000000BA
:1016300000000000000000000000000000000000AA
:10164000000000000000000000000000000000009A
:10165000000000000000000000000000000000008A
:10166000000080000000000000009000000000006A
:101670000300000000000000000000000000000067
:10168000000000000000000000000000000000005A
:10169000000000000000000000000000000000004A
:1016A000000000000000000000000000000000003A
:1016B000000000000000000000000000000000002A
:1016C000000000000000000000000000000000001A
:1016D000000000000000000000000000000000000A
:1016E00000000000100000000000000010000000DA
:1016F00000000000000000000000000000000000EA
:1017000000000000100000000000000000000000C9
:1017100000000000000000000000000000000000C9
:1017200000000001000000000000100000000000A8
:101730000000000000001000000000000000001089
:101740000000000000000000000000000000000099
:101750000000000000000000000000000000000089
:101760000000000000000000000000000000000079
:101770000000000010000000000000000000000059
:1017800000000000000010000000000000008400C5
:101790000000000000000000000000000000000049
:1017A000000000000002000000000000A000000097
:1017B0000000000000000000002100000000000008
:1017C0008400000000000000000000000000000095
:1017D0000000000000000000000000000000000009
:1017E00000000000000000000000000000000000F9
:1017F00000000000000000000000000000000200E7
:1018000000000000000000000000000000000000D8
:1018100000000000000000000000000000000000C8
:1018200000000000000000000000000000000000B8
:1018300000000000000000000000000000000000A8
:101840000000000000000000000000000000000098
:101850000000000000000000000000000000000088
:101860000000000000000000000000000000000078
:101870000000000000000000000000000000000068
:101880002000000000000000000000000000000038
:101890000000000000000000000000000000000048
:1018A0000000000000000000000000000000000038
:1018B0000000000000000000000000000000000028
:1018C0000000000000000000000000000000000018
:1018D0000000000000000000000000000000000008
:1018E00000000000000000000000000000000000F8
:1018F00000000000000000000000000000000000E8
:1019000000000100000000000000000000000000D6
:1019100000000000000000000000000000000000C7
:1019200000000000000000000000000000000000B7
:1019300000000000000000000000000000000000A7
:101940000000000000000000000000000000000097
:101950000000000000000000000000000000000087
:101960000000000000000000000000000000000077
:101970000000000000000000000000000000000067
:10198000000801000000000000C00000000000008E
:101990000000000000000000000000000000000047
:1019A00000000000000000000000410010000800DE
:1019B0001100000000000000000000000000000016
:1019C0000000000000000000000000000000000017
:1019D0000000000000000000000000000000000007
:1019E00000000000000000000000000000000000F7
:1019F00000000000000000000000000000000000E7
:101A00000000008040000000000000800000000096
:101A100000000000000000000000000000000000C6
:101A200000000000000000000000000000000000B6
:101A300000000000000000000000000000000000A6
:101A40000000000000000000000000000000000096
:101A50000000000000000000000000000000000086
:101A60000000000000000000000000000000000076
:101A70000000000000000000000000000000000066
:101A80000000000000000000000000000000000056
:101A90000000000000000000000000000000000046
:101AA0000000000000000000000000000000000036
:101AB0000000000000000000000000000000000026
:101AC00000000000000000000000000000000040D6
:101AD0000000000000000000000000000000000006
:101AE00000000000000000000000000000000000F6
:101AF00000000000000000000000000000000000E6
:101B000000000000000000000000000000000000D5
:101B100000000000000000000000000000000000C5
:101B200000000000000000000000000000000000B5
:101B300000000000000000000000000000000000A5
:101B40000000000000000000000000000000000095
:101B50000000000000000000000000000000000085
:101B60000000000000000000000000000000000075
:101B70000000000000000000000000000000000065
:101B80000000000000000000000000000000000055
:101B90000000000000000000000000000000000045
:101BA0000000000000000000000000000000000035
:101BB000000000000002000900000000000000001A
:101BC0000000000000000000000000000000000015
:101BD0000000000000000000000000000000000005
:101BE00000000000000000000000000000000000F5
:101BF00000000000000000000000000000000000E5
:101C000000000000000000000000000000000000D4
:101C100000000000000000000000000000000000C4
:101C200000000000000000000000000000000000B4
:101C300000000000000000000000000000000000A4
:101C40000000000000000000000000000000000094
:101C50000000000000000000000000000000000084
:101C60000000000000000000000000000000000074
:101C70000000000000000000000000000000000064
:101C80000000000000000000000000000000000054
:101C90000000000043C80000000000000000000039
:101CA0000000000000000000000000000000000034
:101CB0000000000000000000000000000000000024
:101CC0000000000000000000000000000000000014
:101CD0000000000000000000000000000000000004
:101CE00000000000000000000000000000000000F4
:101CF00000000000000000000000000000000000E4
:101D000000000000000000000000000000000000D3
:101D100000000000000000000000000000000000C3
:101D200000000000000000000000000000000000B3
:101D300000000000000000000000000000000000A3
:101D40000000000000000000000000000000000093
:101D50000000000000000000000000000000000083
:101D60000000000000000000000000000000000073
:101D70000000000000000000000000000000000063
:101D80000000000000000000000000000000000053
:101D900000000008000000800000000000000000BB
:101DA0000000000000000000000000000000000033
:101DB0000000000000000000000000000000000023
:101DC0000000000000000000000000000000000013
:101DD0000000000000000000000000000000000003
:101DE00000000000000000000000000000000000F3
:101DF00000000000000000000000000000000000E3
:101E000000000000000000000000000000000000D2
:101E10000000000000000410082000000000000086
:101E200000000000000000000000000000000000B2
:101E300000000000000000000000000000000000A2
:101E40000000000000000000000000000000000092
:101E50000000000000000000000000000000000082
:101E60000000000000000000000000000000000072
:101E70000000000000000000000000000000000062
:101E80000000000000000000000000000000000052
:101E90000000000000000000000000000000000042
:101EA0000000000000000000000000000000000032
:101EB0000000000000000000000000000000000022
:101EC0000000010000000000000000000000000011
:101ED0000000000000000000000000000000000002
:101EE00000000000000000000000000000000000F2
:101EF00000000000000000000000000000000000E2
:101F000000000000000000000000000000000000D1
:101F100000000000000000000000000000000000C1
:101F200000000000000000000000000000000000B1
:101F300000000000000000000000000000000000A1
:101F40000000000000000080000000000000000011
:101F50000000000000000000000000000000000081
:101F60000000000000000000000000000000000071
:101F70000000000000000000000000000000000061
:101F80000000000000000000000000000000000051
:101F90000000000000000800000000000009090027
:101FA0000000000000000000000000000000000031
:101FB0000000000000000000000000000000000021
:101FC0000000000000000000000000000000000011
:101FD0000000000000000000000000000000000001
:101FE00000000000000000000000000000000000F1
:101FF00000000000000000000000000000000000E1
:1020000000000000000000000000000000000000D0
:10201000000000000000000000000100000000209F
:1020200000000100000000000000000000000000AF
:1020300000000000000000000000000000000000A0
:102040000000000000000000000000000000000090
:102050000000000000000000000000000000000080
:102060000000000000000000000000000000000070
:102070000000000000000000000000000000000060
:102080000000000000000000000000000000000050
:102090000000000000000040000000000000000000
:1020A0000000000000000000000000000000000030
:1020B0000000000000000000000000000000000020
:1020C0000000000000000000000000000000000010
:1020D0000000000000000000000000000000000000
:1020E00000000000000000000000000000000000F0
:1020F00000000000000000000000000000000000E0
:1021000000000000000000000000000000000000CF
:1021100000000000000000000000000000000000BF
:1021200000000000000000000000000000000000AF
:10213000000000000000000000000000000000009F
:10214000000000000000000000000000000000008F
:10215000000000000000000000000000000000007F
:10216000000000000000000000000000000000006F
:10217000000000000000000000000000000000005F
:10218000000000000000000000000000000000004F
:10219000000000000000000000000000000000003F
:1021A0000000000000000000000000000400040027
:1021B000040084000000000004000400040000008B
:1021C000040000000000000000000000000000000B
:1021D00000000000000000000400040000000000F7
:1021E00000000000000000000000000000000000EF
:1021F00000000000000000000000000004000000DB
:1022000000000000000000000000000000000000CE
:1022100000000000000000000000000000000000BE
:1022200000000000000000000000000000000000AE
:102230000100000004000000000000000000000099
:10224000000000000000000000000000000000008E
:10225000000000000000000000000000000000007E
:10226000000000000000000000000000000000006E
:10227000000000000000000000000000000000005E
:10228000000000000000000000000000000000004E
:10229000000000000000000000000000000000003E
:1022A000000000000000000000000000000000200E
:1022B0000000040000008400000080000000000016
:1022C000000000000000000000000000000000000E
:1022D0000000000090080000000000004000000026
:1022E000000000000000000000000000000000C02E
:1022F00000000000000000000000000000000000DE
:1023000000000000000000000000000000000000CD
:1023100000000000000000000000000000000000BD
:1023200000000000000000000000000000000000AD
:102330000080000001000000050000000400000013
:10234000000000000000000000000000000000008D
:1023500000000000000011800000000000000120CB
:102360000000040000000000000000000000000069
:10237000000000000000000000000000000000005D
:102380000400000000000000000000000000000049
:10239000000000000000000000000000000000003D
:1023A000000000000000000000000000000000002D
:1023B000000000000000000000000000000080207D
:1023C00000000000000000200000000000040000E9
:1023D00000020000000000000008000000000000F3
:1023E00000000000000000000000000000000000ED
:1023F00000040000000200020002000000000000D3
:102400000000002000000000004000040000000068
:1024100000000000000000000000000000000000BC
:1024200000000000000000000000000000000000AC
:10243000000000000000000000000000000000009C
:1024400004800010000000000000000000000000F8
:1024500000000000000008000000008000000020D4
:10246000000000000000000000000000000000006C
:10247000000000000000000000000000000000005C
:10248000000000000000000000000000000000004C
:10249000000000000000000000000000000000003C
:1024A000000000000000000000000000000000002C
:1024B00000000000000000200000000000000000FC
:1024C0000090000000A000000000000000000000DC
:1024D0000300100010000800100000001008100099
:1024E00000000000000000000000000000000000EC
:1024F00000000000000000000000000000000000DC
:1025000000000000000000000000000000000000CB
:1025100000000000000000000000000000000000BB
:1025200000000000000000000000000000000000AB
:10253000000000000000000000800000000000001B
:102540000000000000000000000000000200000089
:1025500000000000000000000000000010000080EB
:10256000000000000000000000000000000000006B
:10257000000000000000000000000000000000005B
:10258000000000000000000000000000000000004B
:10259000000000000000000000000000000000003B
:1025A000000000000000000000000000000000002B
:1025B0000000000000000000000000000000008497
:1025C000000000000084009000A000020000100045
:1025D000008410000800080002000000210008002C
:1025E00003000000410000000000000002020000A3
:1025F00010200002020000020000000000000000A5
:10260000004000000000000000000000000000008A
:1026100000000000000000000000000000000000BA
:10262000000000000000000000000000100000009A
:10263000000000000000000000000000000000009A
:10264000000000000000000000000000000000008A
:10265000000000000000000000000000000000007A
:10266000100000200000000000000000000000003A
:10267000000000000000000000000000000000005A
:10268000000000000000000000000000000000004A
:10269000000000000000000000000000000000003A
:1026A000000000000000000000000000000000002A
:1026B00000002000000000000000000000000000FA
:1026C0000000000000000000008400000084000002
:1026D000000000000084080010000000000003005B
:1026E000000000000800020000002100410041003D
:1026F000008400840200000000000000008400004C
:1027000000000000008400840000000000000000C1
:1027100000000000000000000000000000000000B9
:1027200000000000000000000000000000000000A9
:102730000000000000000000000000000000000099
:102740000000000000000000000000000000000089
:102750000000000000000000000000000000000079
:102760000000000000000000000000000000000069
:102770000000000000000000000000000000000059
:102780000000000000000000000000000000000049
:102790000000000000000000000000000000000039
:1027A0000000000000000000000000000000000029
:1027B0000000000000000000000000000000000019
:1027C00000000000898009000080000000800900EE
:1027D00000000000000000000000000000000000F9
:1027E000000000110209000800080503000900119B
:1027F000204020400008000810022040044100054D
:1028000009100000000000000000000000000000AF
:1028100000000000000000000000000000000000B8
:1028200000000000000000000000000000000000A8
:102830000000000000000000000000000000000098
:102840000000000000880884000800100088408410
:1028500000880008000000000000000000000000E8
:102860000000000000000100000000000001000066
:10287000000001000101000000010100050100004D
:102880000000000100000000000000000000000047
:102890000000000000000000000000000000000038
:1028A0000000000000000000000000000000000028
:1028B0000000000000000000000000000000000018
:1028C00000000000000082018800A00840C108014B
:1028D0008800A008100900000000000000000000AF
:1028E000000000000000010001C00184010001009F
:1028F00001000100010100000003000000010000D0
:1029000001090101010100000000000000000000B9
:1029100000000000000000000000000000000000B7
:1029200000000000000000000000000000000000A7
:102930000000000000000000000000000000000097
:1029400000000000000000C0004000008080008502
:1029500000020000808080050000000000000000F0
:102960000000000000000000050020004091410030
:1029700020000800400008030900030309111103A7
:10298000410004831041200300000000000000000B
:102990000000000000000000000000000000000037
:1029A0000000000000000000000000000000000027
:1029B0000000000000000000000000000000000017
:1029C0000000050000000000000000000000000002
:1029D00000800080008041008000000000000000B6
:1029E00000000000000000000000080400000004D7
:1029F0000800004000100310041184400009030285
:102A000008048902004003024008000000000000A2
:102A100000000000000000000000000000000000B6
:102A200000000000000000000000000000000000A6
:102A30000000000000000000000000000000000096
:102A400000000000000000000000000000088404F6
:102A500000880008000800C0831010040000000077
:102A60000000000000000000000000000000000066
:102A700000000000000100010101000082000000D0
:102A800001010100820000010101010100000000BC
:102A90000000000000000000000000000000000036
:102AA0000000000000000000000000000000000026
:102AB0000000000000000000000000000000000016
:102AC000000000000000000000000000000010886E
:102AD0009000C00010908288084008001008000094
:102AE00000000000000000000000000000000100E5
:102AF00000010000010000100000000100000004BF
:102B0000000000010100000800000000000000407B
:102B100000000000000000000000000000000000B5
:102B200000000000000000000000000000000000A5
:102B30000000000000000000000000000000000095
:102B40000000000000000000000000000000000085
:102B50008000000000000000000000008000808075
:102B60000000000000000000000000000000000065
:102B700020000905040340000000000200020000DC
:102B8000110041100820200011001109411111000D
:102B90000000000000000000000000000000000035
:102BA0000000000000000000000000000000000025
:102BB0000000000000000000000000000000000015
:102BC0000000000000000000000000000000000005
:102BD00000000A000013000000000A0000130000BB
:102BE00000000000000000000000000000000000E5
:102BF00000000000000000000000000000000000D5
:102C0000004200000000000012420000000000002E
:102C10001242000000000000000000000000000060
:102C200000000000000000000000000000000000A4
:102C30000000000000000000000000000000000094
:102C40000000000000000000000000000000000084
:102C5000000043C800000000000000000000000069
:102C60000000000000000000000000000000000064
:102C70000000000000000000C300C30000000000CE
:102C80000081002400009006008800440088004471
:102C900040011004000000000000000000000000DF
:102CA0000000000000000000000000000000000024
:102CB0000000000000000000000000000000000014
:102CC0000000000000000000000000000000000004
:102CD00000000000000000000000000000000000F4
:102CE00000000000000000000000000000000000E4
:102CF00000000000000080000000C300C3000000CE
:102D00000000810024009006000088004400880034
:102D100044008002200800000000000000000000C5
:102D200000000000000000000000000000000000A3
:102D30000000000000000000000000000000000093
:102D40000000000000000000000000000000000083
:102D500000080000008000000000000000000000EB
:102D60000000000000000000000000000000000063
:102D70000000000000000000000000002000000033
:102D8000248100002200002222000022200880026C
:102D900022110000240000240000000000000000B8
:102DA0000000000000000000000000000000000023
:102DB0000000000000000000000000000000000013
:102DC0000000000000000000000000000000000003
:102DD00000000000041008200000000000000000B7
:102DE00000000000000000000000000000000000E3
:102DF00000000000000000000000000000010000D2
:102E000000002481000011000011110000111004C5
:102E1000400100002211810000810000000000003C
:102E200000000000000000000000000000000000A2
:102E30000000000000000000000000000000000092
:102E40000000000000000000000000000000000082
:102E500000000000000000000000000000860040AC
:102E600003A000000086004003A000000000000056
:102E70000000000000000000000000000000000052
:102E800000000000004009000000080000000000F1
:102E9000000008000000000000001000000000001A
:102EA0000000000000000000000000000000000022
:102EB0000000000000000000000000000000000012
:102EC0000000000000000000000000000000000002
:102ED00000000000000000000000000000000000F2
:102EE000000000000000141014000808080A000088
:102EF00000000000000000000000000000000000D2
:102F000000000000000000000000000000000000C1
:102F100000000000000000000000000000000000B1
:102F200000000000000000000000000000000000A1
:102F30000000000000000000000000000000000091
:102F40000000000000000000000000000000000081
:102F5000000000000000000000000009090000005F
:102F600038283000000C141C101000000000000A6B
:102F70000000000000000000000000000000000051
:102F80000000000000000000000000000000000041
:102F90000000000000000000000000000000000031
:102FA0000000000000000000000000000000000021
:102FB0000000000000000000000000000000000011
:102FC0000000000000000000000000000000000001
:102FD00000000000000000000000000000200000D1
:102FE0000100FF78FF0000FF5CFFFF3CFF0000FFD7
:102FF0005CFF000000000000000000000000000076
:1030000000000000000000000000000000000000C0
:1030100000000000000000000000000000000000B0
:1030200000000000000000000000000000000000A0
:103030000000000000000000000000000000000090
:103040000000000000000000000000000000000080
:103050000000000000000000000000000000000070
:1030600000000000FF78FF0000FF5CFFFFF0FF00A2
:1030700000FF5CFF000000000000000000000000F6
:103080000000000000000000000000000000000040
:103090000000000000000000000000000000000030
:1030A0000000000000000000000000000000000020
:1030B0000000000000000000000000000000000010
:1030C0000000000000000000000000000000000000
:1030D00000000000000000000000000000000000F0
:1030E00000000000000000000000040004000400D4
:1030F00004000000000011000400000004000000B3
:1031000000000000000000000000000000000000BF
:1031100000000000000000000000000000000000AF
:10312000000000000000000000000000000000009F
:10313000000000000000000000000000000000008F
:10314000000000000000000000000000000000007F
:10315000000000000000000000000000000000006F
:10316000000000000000000000000000000000005F
:10317000000000000000000000000000000000004F
:103180000000040000000000000000000200000039
:10319000000000000000000000000000000000002F
:1031A000000000000000000000000000000000001F
:1031B000000000000000000000000000000000000F
:1031C00000000000000000000000000000000000FF
:1031D00000000000000000000000000000000000EF
:1031E00000000000000000000000000000000000DF
:1031F00000000000000000000000000000000000CF
:1032000000000000000000000000000000000000BE
:1032100000000000000000000000000000000000AE
:10322000000000000000000000000000000000009E
:10323000000000000000000000000000000000008E
:10324000000000000000000000000000000000007E
:10325000000000000000000000000000000000006E
:10326000000000000000000000000000000000005E
:10327000000000000000000000000041000000000D
:1032800002000000000000000240000000400000BA
:10329000004000000040000090000000000000001E
:1032A000000000000000000000000000000000001E
:1032B000000000000000000000000000000000000E
:1032C000000000000040002000400000002000003E
:1032D00000000000000000000000004000000000AE
:1032E00000000000000000000000000000000000DE
:1032F00000000000000000000000000000000000CE
:1033000000000000000000040000000000000000B9
:10331000110000020000000000000000002000007A
:10332000000000000000000000000000000000009D
:10333000000000000000000000000000000000008D
:103340000000000000000000000400000000000079
:10335000000000000000000000000000000000006D
:10336000000000000000000000000000000000005D
:103370000000000000000200000900110000000928
:103380000000000400090000C00020001000200020
:103390000000000010001000100410400004402045
:1033A00004001000000000000010000000110000E8
:1033B00000000021000000000000000000000010DC
:1033C00000000000000000000000000000000004F9
:1033D00000000000000000000000000000000000ED
:1033E00000000000000000000000000000000000DD
:1033F00000000800000000000000050000000000C0
:1034000000000000000000000000100000000800A4
:1034100000000000000000000000000000000000AC
:10342000000000000000000000000000000000009C
:10343000000000000000000000000000000000008C
:10344000000000000000000000000000000000007C
:10345000000000000000000000000000000000006C
:10346000000000000000000000000000000000005C
:1034700000000000000000000000A000A005840083
:10348000A00000000800000008008200000000000A
:103490000000000500000000000000000000000027
:1034A000000000000000000000000000000000001C
:1034B000000000000000000000000000000000000C
:1034C00000000000000000000000000000000000FC
:1034D00000000000000000000000000000000000EC
:1034E00000000000000000000000000000000000DC
:1034F00000000000000000020000000000002100A9
:1035000000000000000000000000000000000000BB
:1035100000000000000000000000000000000000AB
:10352000000000000000000000000000000000009B
:10353000000000000000000000000000000000008B
:10354000000000000000000000000000000000007B
:10355000000000000000000000000000000000006B
:10356000000000000000000000000000000000005B
:1035700000000000000000001009A004200000006E
:103580000009840002000240000000000000040066
:1035900000000000000000000200202000040000E5
:1035A000C0020000000000091000024000201010BE
:1035B00084040810400440100000000000000000D7
:1035C00000000000000000000000000000000000FB
:1035D00000000000000000000000000000000000EB
:1035E00000000000000000000000000000000000DB
:1035F000000000000000000000002100100000009A
:1036000000000000000000000000000000000000BA
:1036100000000000000000000000000000000000AA
:103620000000000000000000000008000000000092
:10363000000000000000000000000000000000008A
:1036400000000000008400000000000000000000F6
:10365000000000000000000000000000000000006A
:10366000000000000000000000000000000000005A
:10367000000000000000000000000000001010002A
:10368000A010080000108400A0000000000000004E
:1036900000050000A00000000200A00000000000E3
:1036A0000000000000000000020000000000000018
:1036B000000000000000000000000000000000000A
:1036C00000000000000000000000000000000000FA
:1036D00000000000000000000000000000000000EA
:1036E000000000000000000000000000A00000003A
:1036F00000000000000000000000000000000000CA
:1037000000000000000000000000000000000000B9
:1037100000000000000000000000000000000000A9
:103720000000000000000000000000000000000099
:103730000000000000000000000000000000000089
:103740000000000000000000000000000000000079
:103750000000000000000000000000000000000069
:103760000000000000000000000000000000000059
:103770000000000000000000000000000000000049
:103780000000000000000000000000000000000039
:103790000000000000000000000000000000000029
:1037A0000000000000000000000000000000000019
:1037B0000000000000000000000000000000000009
:1037C00000000000000000000000000000000000F9
:1037D00000000000000000000000000000000000E9
:1037E00000000000000000000000000000000000D9
:1037F00000000000000000000000000000000000C9
:1038000000000000000000000000000000000000B8
:1038100000000000000000000000000000000000A8
:103820000000000000000000000000000000000098
:103830000000000000000000000000000000000088
:103840000000000000000000000000000000000078
:103850000000000000000000000000000000000068
:103860000000000000000000000000000000000058
:103870000000000000000000000000000000000048
:103880000000000000000000000000000000000038
:103890000000000000000000000000000000000028
:1038A0000000000000000000000000000000000018
:1038B0000000000000000000000000000000000008
:1038C00000000000000000000000000000000000F8
:1038D00000000000000000000000000000000000E8
:1038E00000000000000000000000000000000000D8
:1038F00000000000000000000000000000000000C8
:1039000000000000000000000000000000000000B7
:1039100000000000000000000000000000000000A7
:103920000000000000000000000000000000000097
:103930000000000000000000000000000000000087
:103940000000000000000000000000000000000077
:103950000000000000000000000000000000000067
:103960000000000000000000000000000000000057
:103970000000000000000000000000000000000047
:103980000000000000000000000000000000000037
:103990000000000000000000000000000000000027
:1039A0000000000000000000000000000000000017
:1039B0000000000000000000000000000000000007
:1039C00000000000000000000000000000000000F7
:1039D00000000000000000000000000000000000E7
:1039E00000000000000000000000000000000000D7
:1039F00000000000000000000000000000000000C7
:103A000000000000000000000000000000000000B6
:103A100000000000000000000000000000000000A6
:103A20000000000000000000000000000000000096
:103A30000000000000000000000000000000000086
:103A40000000000000000000000000000000000076
:103A50000000000000000000000000000000000066
:103A60000000000000000000000000000000000056
:103A70000000000000000000000000000000000046
:103A80000000000000000000000000000000000036
:103A90000000000000000000000000000000000026
:103AA0000000000000000000000000000000000016
:103AB0000000000000000000000000000000000006
:103AC00000000000000000000000000000000000F6
:103AD00000000000000000000000000000000000E6
:103AE00000000000000000000000000000000000D6
:103AF00000000000000000000000000000000000C6
:103B000000000000000000000000000000000000B5
:103B100000000000000000000000000000000000A5
:103B20000000000000000000000000000000000095
:103B30000000000000000000000000000000000085
:103B40000000000000000000000000000000000075
:103B50000000000000000000000000000000000065
:103B60000000000000000000000000000000000055
:103B70000000000000000000000000000000000045
:103B80000000000000000000000000000000000035
:103B90000000000000000000000000000000000025
:103BA0000000000000000000000000000000000015
:103BB0000000000000000000000000000000000005
:103BC00000000000000000000000000000000000F5
:103BD00000000000000000000000000000000000E5
:103BE00000000000000000000000000000000000D5
:103BF00000000000000000000000000000000000C5
:103C000000000000000000000000000000000000B4
:103C100000000000000000000000000000000000A4
:103C20000000000000000000000000000000000094
:103C30000000000000000000000000000000000084
:103C40000000000000000000000000000000000074
:103C50000000000000000000000000000000000064
:103C60000000000000000000000000000000000054
:103C70000000000000000000000000000000000044
:103C80000000000000000000000000000000000034
:103C90000000000000000000000000000000000024
:103CA0000000000000000000000000000000000014
:103CB0000000000000000000000000000000000004
:103CC00000000000000000000000000000000000F4
:103CD00000000000000000000000000000000000E4
:103CE00000000000000000000000000000000000D4
:103CF00000000000000000000000000000000000C4
:103D000000000000000000000000000000000000B3
:103D100000000000000000000000000000000000A3
:103D20000000000000000000000000000000000093
:103D30000000000000000000000000000000000083
:103D40000000000000000000000000000000000073
:103D50000000000000000000000000000000000063
:103D60000000000000000000000000000000000053
:103D70000000000000000000000000000000000043
:103D80000000000000000000000000000000000033
:103D900000000000000000004100000011000900C8
:103DA000800041008400210000000200000040006B
:103DB0000000000000000000000200000000000001
:103DC00000000400000000020000000011000000DC
:103DD000000000000000200400000000204000005F
:103DE0000000004000000040000000400040004093
:103DF00000000000000000000000000000000000C3
:103E000000000000000000000000000000000000B2
:103E100000000000000000000000000000000000A2
:103E2000000004000400040000000400040004007A
:103E300005000000000000000000008000000000FD
:103E400000000000000000000080000000000000F2
:103E500000000000000000000180000000000000E1
:103E60000000000000000000000000000000000052
:103E70000000000000000000000000000000000042
:103E80000000000000000000000000000000000032
:103E90000000000000000000000000008000800022
:103EA0004000800040000000000011000000000001
:103EB0000000800900000002000000000000000077
:103EC00000000000000000000001000000000000F1
:103ED00000000000000000000000000000C0000022
:103EE00000000000000000000000000000000000D2
:103EF00000000400000000000000000000000000BE
:103F000000000000000100000000000000000000B0
:103F10000000000000000000000000000000400061
:103F200040000100400001009000900000000000EF
:103F300000000000024000000090000000000000AF
:103F4000000000000000000000000002000000006F
:103F50000000000000000000004100000000000020
:103F60000000000000000010000000000000000041
:103F7000000000000000000000000000000004003D
:103F800000000000000000400000000000000000F1
:103F90000000000000000000000000000000000021
:103FA00000000000000000842100000000000990D3
:103FB0000000000000840209000000000000020070
:103FC00000000000000200002140400021400000ED
:103FD0000000100040000000400040000000000011
:103FE00000000000000000000000000000040000CD
:103FF0000000200000080000000000000000000099
:104000000000000000000000800000000000000030
:1040100000000000000000000000000000000000A0
:10402000000088000000C000000000000000000048
:104030000000C000000000009140000000000041AE
:1040400001000000000000800000000000000000EF
:104050000000000000110000000400000005000046
:104060000000000000000000000000000000000050
:1040700000000000000000800000000000000000C0
:104080000000000000000000000020000000000010
:104090000000000000000000000000000000000020
:1040A00000000000040000C0042000000020000206
:1040B00000200000820002008000000000001000CC
:1040C000400040001000000010000000000241010C
:1040D000100000000000000041000000000000008F
:1040E00010000000000000000300000000010000BC
:1040F0000000000000000300100010000001040098
:10410000000000002000000000000001000000008E
:10411000000000000000000000000000000000009F
:104120000000000000000340001185800000A0C1D5
:1041300000A1008008004000020040000000824111
:1041400000001100112108008200000010200080F2
:104150008402C000C0008200000084001000000043
:10416000C0000100000000000000840500000040C5
:1041700000000000000000000000014100000002FB
:104180000100840082000000C000C0000040000068
:10419000000000000000000000000000000000001F
:1041A00000000000000000000020210009000200C3
:1041B00000C00088000008040000404041000040AA
:1041C000004000002100000000000002000020105C
:1041D0000000410000000000000005000000000099
:1041E000000000004100000000000000001000007E
:1041F00000000000100000000000000000000000AF
:104200002100004004000400040000001000000031
:10421000000000000000000000000000000000009E
:10422000000000000000000000008400000000000A
:104230000000A00000000010000000000100A0002D
:10424000A0800000000000000000100000800000BE
:10425000000000000000000000000000000000005E
:104260008800000000000000002000000000008026
:10427000000000000000000000000000000000003E
:10428000000000000000010001000100000000002B
:10429000000000000000000000000000000000001E
:1042A000000000000000000000000000800021006D
:1042B0000900008421C00000000000000000004050
:1042C00000008041A0000300A000090000004100A0
:1042D00000000002000010001000000000000000BC
:1042E00041000000830041000000000000000000C9
:1042F00000844100800000000000410002008300B3
:104300004100A101C00080000001000190000000F8
:1043100000010000000003000000009041000000C8
:104320000000000000000000000000000000044148
:104330008241C0110005884108008441000000004E
:104340000200020002C04040000004400040A00003
:104350000000100004A00800000082001000A0006F
:104360000000C00008040400C00084000000000039
:1043700000008205C000020000000000840001006F
:104380002000000020042100040000200020040080
:104390000000C010C000000000000000000000008D
:1043A000000000000000000000000000000000000D
:1043B000800308800880000380032080408900007B
:1043C000800300004000000300031100854000004E
:1043D00000030020000000000003000500000000B2
:1043E00000000000000000000900000080000080C4
:1043F00000000000110041000000000080000200E9
:10440000000002090008002004080000000040002D
:10441000000000008000000000000000000000001C
:10442000000000000000000000000000000000008C
:1044300000000491848400C0004088C191840191EF
:104440000090080184000100000004018400A00025
:104450000000000100010000000000010000000059
:1044600000000000000000000000C1000002100871
:1044700000080000A0004100010000000400080046
:1044800001000000C100000000010000A000A0A089
:10449000A1C000A00200C000000000000000000059
:1044A000000000000000000000000000000000000C
:1044B0000000000008008200880885C0820008848F
:1044C000A0C091C10000000000000100080082406F
:1044D0000440C100000000000100010000000000D5
:1044E00000000100000000000000000001000000CA
:1044F00000020100000000000000000000000000B9
:10450000000000000000000000820189000000019E
:10451000A000C000A000C000C000100010010000FA
:1045200000000000000001000000000000A00000EA
:1045300000000000000003400000000083000005B0
:1045400000009100038500000000110003008000BE
:104550000000008083040000000020000300000031
:104560000000040003000000000000000000020042
:104570000200080009000000000000000000000028
:104580000000000000000000000011800808090081
:1045900000030000000000000000000080008020F8
:1045A00000000000000000002000000000000000EB
:1045B00000000000000000000020008002000083D6
:1045C000000080030000800300000088008000835A
:1045D0000004000000000083002000000000000331
:1045E00000040000000000030000000000000000C4
:1045F0000011001100080011000000800000000000
:104600000080008000000000008000000002002107
:10461000A011000080000080000000800000000069
:10462000008000000000000000000000000000000A
:10463000000000000000000000000004001040889E
:1046400000090004C0080082200500A0004100C04D
:10465000001100400084004000050001000000003F
:104660000001000000000000000100000000000048
:10467000000000009000020100000040001000A0B7
:10468000008200820008000400040008000000000E
:104690000001110100081000820800A000080000BD
:1046A00000900082000000000000000000000000F8
:1046B00000000000000000000000000011081000D1
:1046C00082001040C1100800100004900100000892
:1046D0000000000001C00000000000020100000016
:1046E00000000100010000000000000000000000C8
:1046F000000000000000000100010000000000C0F8
:1047000000000000000000000000000000000002A7
:104710000105000000000808A0001000A010000122
:104720000000000000020000000000000000000087
:104730000000000000000000000000000000838076
:104740008300000080000380000000000080030060
:10475000000000002000031100050000000003001D
:104760000000000020000300000000000200000024
:104770000000000000000000001000080000000021
:104780000000000000000000000000000000000029
:1047900002000504040400000008000080000080FE
:1047A0000003000000000000000000000000000006
:1047B00000000000000000000000000000000000F9
:1047C00021000013000000000A0000130000000098
:1047D00000000000000000000A00001300000000BC
:1047E00000000000000000000000000000000000C9
:1047F000000000000000000011820013C200000051
:104800000000110000130000000000000000000084
:10481000000000820000C2008200110000130000AE
:10482000060000820000C200060000000000000038
:10483000000000000000000043C80000000000006D
:10484000000000FFFFFFC3C3FFFF0000FFFFF0F009
:10485000FFFFC3C3FFFFF0F0FFFF0000FFFFC3C374
:10486000FFFFC3C3FFFFC3C3FFFFC3C3FFFFC3C338
:10487000FFFF00000000000000000000000000003A
:1048800000800000000000000000000000000000A8
:1048900000000000006000000000000000000000B8
:1048A0000000000000000000000000000000000008
:1048B00000000000000000000000000000000000F8
:1048C0000000000000FFFFFFC3C3FFFFFFFFFFFF6B
:1048D000F0F0FFFFC3C3FFFFF0F0FFFFFFFFFFFF9C
:1048E000C3C3FFFFC3C3FFFFC3C3FFFFC3C3FFFFB8
:1048F000C3C3FFFF00000000000000000000000034
:104900000000008000000000000000000000000027
:104910000000000000000000000000000600000091
:104920000000000000000000000000000000000087
:1049300000000000000000080000008000000000EF
:104940000000000000000000000000000000000067
:104950000000000000000000000000000000000057
:104960000000000000000000000000000000000047
:104970000000000000000000000000000000000037
:104980000000000000000000000000000000000027
:104990000000000000000000000000000000000017
:1049A0000000000000000000000000000000000007
:1049B00000000000000000000000041008200000BB
:1049C0000000000000000000FFFFC3C3FFFFC3C3DF
:1049D000FFFF0F0FFFFFFF00FFFFC3C3FFFFFF003D
:1049E000FFFF0F0FFFFF9999FFFFFF00FFFFFF0081
:1049F000FFFFFF00000000FF0000000000000000BB
:104A0000000000000000000B00000000000000009B
:104A10000000000000000000000000000020000076
:104A20000000000000000000000000000000000086
:104A30000000000000000000000000000000000076
:104A400000000000000000000000FFFFC3C3FFFFE4
:104A5000C3C3FFFF0F0FFFFFFF00FFFFC3C3FFFF35
:104A6000FF00FFFF0F0FFFFF9999FFFFFF00FFFF00
:104A7000FF00FFFFFF00000000FF0000000000003B
:104A80000000000000000008000B00000000000013
:104A900000000000000000000000000000000020F6
:104AA00000600000000000000000000000000000A6
:104AB00000000000000000000000000000000000F6
:104AC00000000000000000000000000002C70140DC
:104AD00003A4494002C7014003A4494002C7016042
:104AE00000B4494002C701E003A44940024101006B
:104AF0000004494002410100000451400000000050
:104B000000000000008600CC03B00000000000861A
:104B10000060033000000086006000B0000000006C
:104B2000021C000000000086008003800000008658
:104B3000006C00B000050000000000000000000054
:104B40000009090000000000000000000000000053
:104B500000000000000050501000000000000000A5
:104B60000000CFFFFFFF0000000000000000000079
:104B70000000000000000000000000000000000035
:104B80000000000000000000000000000000000025
:104B9000000000001C3CCFEF0000000000000000FF
:104BA000000000000000000040000000002800009D
:104BB00000000000FF3CFF000000000000000000BB
:104BC00000000020000001000000000000000000C4
:104BD000B030A0000404043C10001000000C141CB1
:104BE00000000000CFEFFFEF000000008000000099
:104BF00000000000000000000000000000000000B5
:104C000000000000000000000000000000000000A4
:104C10000000000000001C1CCFEF0000000080001E
:104C20000000000000000000000040000000000044
:104C30000000000000003C3C0000000000000000FC
:104C40000000000000000000000000000000000064
:104C50000000FFF3FF00002DFFFFFF38FF1000FFF3
:104C60005CFF000000000000000000000000DF000A
:104C7000DFFF000000000000000000000000000056
:104C80000000000000000000000000100010000004
:104C90000000000000000000000000000000000014
:104CA0000000000000000000000000000200020000
:104CB00005000000000000000000000000000000EF
:104CC00000000000000000000000000000000000E4
:104CD00000000000FF30FF00002DFFFFFF38FF1035
:104CE00000FF5CFF0000000000000000000000006A
:104CF000100010FF00000000000000000000000095
:104D000000000000000000000000000000000000A3
:104D10000000000000000000000000000000000093
:104D20000000000000000000000000000000000083
:104D300000000000000000000000800000000000F3
:104D40000000000000000000000000000000000063
:104D50000000000000000400000000200800100017
:104D600004009000080000020400000000000000A1
:104D70000000000000000000000000000000000033
:104D8000000000000000000000000004000000C05F
:104D90000000001000000000000000000000000003
:104DA00000000010001000000000000000000000E3
:104DB00000000000000000000000000000000000F3
:104DC0000040000000000040000000000000000063
:104DD000000000000000000002000000028000004F
:104DE000010000002100010000800000040000001C
:104DF00000000000000000000400000000000000AF
:104E0000000004000000000000000000008000001E
:104E10000000000000000000000000000000000092
:104E20000000000000000000000000000000000082
:104E30000000000000000000004000000000000032
:104E40000000000000000000000000000000000062
:104E500000000000000000000000009000000004BE
:104E60000000800080028000002000020002800814
:104E700080000000000100000008000100000004A4
:104E80000000000000000000000000010000000120
:104E90000000000000000000000000C00000000052
:104EA0000000000000000000000000000000000002
:104EB00000000000000000000000000000000000F2
:104EC00000000000000000000000000000000000E2
:104ED00000000000000000000000000000000000D2
:104EE000008000002000088008000080008000C1D1
:104EF0001080100000000008000000800004000086
:104F00000080000000000000000000000020000001
:104F10000020000000000000000000000000000071
:104F20000000000000000000000000000000000081
:104F30000000000000000000000000400000000031
:104F400000000000000000000040004000000000E1
:104F50000000000000000000000000000000001140
:104F6000000200C1200000A1000182018200800037
:104F700000028008808200840084000000208401F8
:104F80000000842000A000040004000400002001B0
:104F900010400001040000000000000000000000BC
:104FA0008000800080000000000000000000000081
:104FB00000000000000000000001000000000000F0
:104FC0000000000000000000002000200020002061
:104FD00000000000000000000000000000000000D1
:104FE0000820000000202005022000200502050006
:104FF000044100C010801000880000110000000073
:105000002120000021800000088000800080000036
:10501000012000000020000000000000000000004F
:1050200000000400042104000000000000008400CF
:1050300082000000000000000000004000000003AB
:1050400000000021000000000000008000800080BF
:1050500000800000000000000000000000000000D0
:1050600000000804000400001091800110000301FA
:1050700010C01100050209091009400010000000CD
:10508000000121200090080010A00304000100018D
:105090000000000400000004000000000000000008
:1050A000040000008000000011000000000000006B
:1050B00005000000000000000000000000000000EB
:1050C000410000000000000000000000000000009F
:1050D00000000000000000000000000000000000D0
:1050E00000000000C0898880020000044020010008
:1050F000C020010000000080008809880100000035
:1051000000000040088000218800000000800804A2
:105110000004000000800000008084000000000007
:10512000000001000000400000000000000000003E
:10513000000000000000000000000000000000006F
:10514000000000000000000000000000000000005F
:1051500084000000000000000000000000000000CB
:105160000000000000000000040021204188000130
:1051700089080300000304100300840810000220C3
:1051800000010004108200C005C0050041001004A9
:1051900000001000002000000000000100020001DB
:1051A0000001800100000000050000000002040072
:1051B00080000000040004000001000100008001E4
:1051C0000001800000010001000004000021000136
:1051D00000000400000000000000000000000004C7
:1051E00000000000000000000821004004840000CE
:1051F000002002A00002002001090000058509002E
:105200000080000800851100000000000000000080
:105210000080000000000080000000000004000486
:10522000002000204020000300000000002100803A
:105230000100040000008300C10000020002C00061
:10524000020200024000000200020000010000A073
:10525000022000000100000000000000000000002B
:1052600000000000000000000000002021840884ED
:1052700000000041910000400984C00321A00810F3
:1052800008000204022040080090000000908304FF
:105290000000080000402090200400000090000062
:1052A000000009000000000404400000090000A004
:1052B00009900000000004820002000000000000CD
:1052C0000002000000000000410000000020022059
:1052D0000200000000C000400000000000000000CC
:1052E0000000000000000000000000000880000036
:1052F0000000000000900400000000004182000057
:10530000000000000080008003800000000000001A
:1053100004000000000000000800118000000011DF
:10532000000008000000000008000100000000006C
:1053300000000000000000000100008000000000EC
:10534000000000800000000000000000000000805D
:1053500000910009000000000000000000000000B3
:10536000000000000000000000000000000002211A
:1053700009910802094103891184C0080309888042
:10538000088088804100408280050240034000027E
:1053900020A041C141900209800420040808800235
:1053A0000041088810908083200400800080000065
:1053B000808380049080000080030084100000003F
:1053C0000003000040000305000300000003030089
:1053D0008803C180008000008203410000800080BB
:1053E00000000000000000000000000000000000BD
:1053F0000021C084009000C14182A01183C1000837
:105400000402858484C0009001C14002C090000560
:10541000040385850104000401000400C1000000AC
:105420000285C0840004010488052091904000C0DA
:105430000000880540910502000088A12041A100DC
:1054400000200001A0000100000000910090004039
:10545000004089914040A09000008901A0880290FE
:1054600000C000000000000000000000000000007C
:105470000000040002A0A00102A1C0000382C1C17B
:1054800082C0C0018800050084840085010201A05B
:1054900001822000C1000210840400000088000482
:1054A0000000000002050402848204019000210033
:1054B00001C000000400900001000300A0010000F2
:1054C0002100C100000000000000010000000000F9
:1054D00000000100900090844000C1009000A08472
:1054E000A088C1C000000000000000000000000013
:1054F00000000000821184008240C00509051000F0
:1055000010208980101020008500820040C040805B
:10551000201120800404A0001005C18402000400B2
:10552000040410000202C105840082808011000082
:1055300009000380000080050000090083000011BD
:10554000000009000300000000000000030000004C
:105550000000000003008005000080008300800040
:1055600000000080838000000000000000000000B8
:1055700000000000000041080002824002100941C2
:1055800080C004208283008288021009000389847D
:1055900000910008A0830303002004020905414094
:1055A000000400910504020300C1850590050080F8
:1055B0000009808080030000008000098080800353
:1055C000000000098000800300000080008000834C
:1055D0000000000000000003000000008080C08385
:1055E000000000800000C0830000000000000000F8
:1055F00000000000000000000088002110080005E5
:1056000001040411A0A185830040C1110090848988
:105610008908A0038804030901108410000800050C
:105620000011000200C000080002004140A0080371
:1056300000040091A0409089000000048491A00221
:10564000900100A02001A0C0902100C0000400042F
:105650000005000040008200000100909090404052
:1056600089C10088A040A0A089C1000000000000FE
:105670000000000000000000000010A011408200A7
:1056800010408391C184A0010402104010008200E8
:10569000A08811A041850201110082A04140C001F3
:1056A000C0000000004000000000A1031108C1007C
:1056B000024040019090000004040000A1A19090DD
:1056C000020011C0A1012190C000202001000100B2
:1056D0000000000001400000000000009101409027
:1056E000400190008941A090A001900000000000BE
:1056F0000000000000000000000000009000020315
:1057000040418380830205400409038080800004B7
:105710000004000083004108040991000241054093
:1057200009101100040010891008410002830508C7
:1057300002091080800300800500808000000320A3
:1057400000808000A0800303408000000000030070
:1057500040050000000003000005050000000310E4
:10576000808080218000038800800021800000006C
:1057700000000000000000000000000000000A50CF
:105780000013C200000006600013C20021810A005D
:1057900000130000000012420013C20000840A50EF
:1057A0000013C200810012420013C20000000A5020
:1057B0000013C20042810A000013000081000000B3
:1057C0000A000013000000000A000013000081001E
:1057D00000000000000000000000000000000000C9
:1057E0000A00001300000000810000130000000008
:1057F00000000000000000000000000000000000A9
:10580000B030BF3F7F007FFF081C0A5F5C555C55CE
:10581000000000000400FFFF15143F3C0C0C0F0FAC
:1058200000FF2DFF003FFFFF0000141404040404D8
:1058300000FFFCFF00CFFFFF0F0F0F0F00000F0F47
:10584000000000003C3C00000F0F000000FF0000C3
:105850000F0F000000FF0000FFFF00000F0F00000F
:10586000FFFF0000FFFF000055550000FFFF000094
:10587000555500000000000000000000000000007E
:10588000000010301F3F200020FF003C00FF000000
:105890005C55000000000000FBFF1014303C081CA9
:1058A0000A5F00FF2DFF0003FFFF000F141F040419
:1058B00004FF00FF0CFF000CFFFF0F0F0F0F000095
:1058C0000F0F000000003C3C00000F0F000000FF25
:1058D00000000F0F000000FF0000000000000F0F8D
:1058E000000000000000000000005555000000000E
:1058F00000005555000000000000000000000000FE
:1059000000000000FF003D3DAAAAF0F3BEBEF33048
:10591000FF3CB2B200000000F0FFF0FFBEBEFA5044
:10592000FFAAF03C003800300C080808F282F000B2
:105930003000300000BA00300C0C0800FF000000FE
:10594000FF0000000000FF000000FF000000FF005B
:105950000000FF0000003C3C0000AAAA0000F0F09C
:105960000000AAAA0000AAAA0000FFFF0000AAAA3D
:1059700000000000FFFF0000000000000000000029
:10598000000000000000FF003838AAAAF030828230
:10599000F330C300B2B200000000F4FFF0FF1414B3
:1059A000FA5000AAF03C002800000C00000082829F
:1059B0000000BAAA30000000000008000800FF0044
:1059C0000000FF0000000000FF000000FF000000DA
:1059D000FF000000FF0000003C3C0000AAAA0000FD
:1059E000F0F00000AAAA0000AAAA0000000000002F
:1059F000AAAA0000FFFFFFFF000000000000000057
:105A000000000000000000000086005C03A0000011
:105A10000586009C038900800086004003A9008061
:105A20000586029C03B900800086004C03A000009C
:105A3000008600EC039000000086004C03A00000EC
:105A400002C6018003844940000002C7018003842C
:105A5000494002C701800384494002C7016000B485
:105A6000494002C7016000B4494002C70180038475
:105A7000494002C70180038441400000000000004B
:105A800000000000000000000000C2C082001010F2
:105A90001030AAACAAAC0D0F7DFFC0C08000000082
:105AA0000000FF00F0F0000000008282800000286B
:105AB0000A2A00000000750075FF828080801010A7
:105AC000103000000000000000000000000008008E
:105AD00000000000020000001400000000000000B0
:105AE00000000000000000000000000004000000B2
:105AF0000000300000000000000030000000000046
:105B00000000000000000000000000000000000095
:105B100000000030AAAC00000800280080008000CF
:105B200000140C1CFF007878020202038000800041
:105B30000000000000000000450045FF820000005A
:105B400000000030000028000000000300000000FA
:105B50000800040004000200000000000000000033
:105B600000008000000000000000000000000400B1
:105B70000000000000000C00000000000000000019
:105B80000000000000000000000000000000FF3CDA
:105B9000FF0000FF5CFFAAAAAA0015553FFFFFAC5B
:105BA000FF000035FFFFFFFFFB0800000000FF3A89
:105BB000FF0000CFFFFF0000000000000000FFFF1B
:105BC00030F0005FFFFF0000C00001000100000096
:105BD0000500000000000000008200000028000016
:105BE00000000000000000000100000000000000B4
:105BF0000000000000003000000000000C00000069
:105C00000000000000000000000000000000000094
:105C1000FFF0FF0000FF5CFFACACAC0010003000F8
:105C2000FFACFF000035FFFF0000FB080000000094
:105C3000FF3AFF00000CFFFF000000000000000022
:105C4000FFFF30000050FFFF0000000000000000D8
:105C5000000000000000040400000000000000003C
:105C60000000000000000000000000000000000034
:105C700000005000000000000000800080000000D4
:105C80000000000000000000000000000000000014
:105C900000000000000004000000000041000000BF
:105CA00000000000050000000000000000000000EF
:105CB00000000000000000000000000000000000E4
:105CC0004000000000001100000000200000000063
:105CD00000000000000000200000002000880000FC
:105CE00000000000000000000400000000000000B0
:105CF00000000000000000000000000000000000A4
:105D00000000000000000000000000000000000093
:105D1000000000000000040000000000000000007F
:105D200000000000A00000000000000010000010B3
:105D30000000000000000000000020000000000043
:105D40000000000000000000000000000000000053
:105D50000000004000000000000000000000000003
:105D6000000000000000000000000000000900002A
:105D70000000000000000000000000000000000023
:105D8000000000000000000000040000000000000F
:105D90000000000000000000000000900000000271
:105DA00000000000000000000000000000000000F3
:105DB000000000000000000000000000000000845F
:105DC00000000000000000000000000000000000D3
:105DD00000000000000000000000000000000000C3
:105DE00000000000000004000000000000000000AF
:105DF00000000000000000000000000000000000A3
:105E00000000000000000000000000000000000092
:105E10000000000000000000000000090000000079
:105E20000000A000000000000000000000000009C9
:105E30000000000900000000000000000000000059
:105E40000000000000000000000000000000000052
:105E50000000002000000000000000000000000022
:105E60000000000000000000000000000000000032
:105E70000000000000000000000000000000000022
:105E80000000000000000000000000000000000012
:105E900000000000000000000000000011000000F1
:105EA00004080000000000000500000000000000E1
:105EB000008200000010000400000000000000004C
:105EC00000000000000000000000000000000000D2
:105ED0000000000000000000000000004000000082
:105EE00000000000000000000000000000000000B2
:105EF00000000000000000000000000000000000A2
:105F00000000000000000000000000000000000091
:105F100000000000000000000000000088090000F0
:105F20000821824110201005082182009000000005
:105F30008420844110000010A000900000000800A0
:105F4000880902000000C00088090000000000006D
:105F50000011002100000002000200000000000407
:105F60000000000000000000000000000000000031
:105F70000000000000000000000000000000000021
:105F80000000000000000000000000000000000011
:105F90000000000000000000000000000000000001
:105FA0000000000000080000008420820082000041
:105FB00011000000000000000904000400000000BF
:105FC000008210820000000000000090000000002D
:105FD00000000000000000000000000000000000C1
:105FE00000000000000000000000000000000000B1
:105FF00000000000000000000000000000000000A1
:106000000000000000000000000000000000000090
:106010000000004000000000000000000000000040
:1060200000000021000200080211900000000000A2
:10603000200090098200004110000041000084000F
:10604000A000C0118200200282000011A040820046
:10605000A00010000000000000000011000000007F
:106060000000000000000000000000000000000030
:106070000000000000000000000000000000000020
:106080000000000000000000000000000000000010
:1060900020000000000000000000000000000000E0
:1060A000000010000000000000000000000000825E
:1060B000040000000000210011000900000003049A
:1060C0002000089003000000000000000000000015
:1060D00000000000000000000000000000000000C0
:1060E00000000000000000000000000000000000B0
:1060F00000000000000000000000000000000000A0
:10610000000000000000000000000000000000008F
:10611000000000000000000000000000000000007F
:1061200000000000822000210809C00800000008CB
:10613000A005A000A040902100000000000900037D
:106140001004A000002100008400000000000200F4
:106150000000022000000000A0000000000000007D
:10616000000000000000002100000000000000000E
:10617000000000000000000000000000000000001F
:10618000000000000000000000000000000000000F
:1061900000000000000000000000000000000000FF
:1061A00000000000000000400000000009000000A6
:1061B0000084028241000000200000402000000016
:1061C0000310410000000000000000000304002054
:1061D00000000000000000000000000000000000BF
:1061E000000000000040000000000000000000006F
:1061F000004000000000000000000000000000005F
:10620000000000000000000000000000000000008E
:10621000000000000000000000000000000000007E
:1062200000000000000000000003040084200005BE
:10623000040010000020C0000000000000008841A1
:1062400010008400000002210000840000002004EF
:106250000800100008408400080000409011000071
:10626000000000000000000000000000000000002E
:10627000000000000000000010000000000000000E
:10628000000000000000000000000000000090007E
:10629000900000000000000000000000000000006E
:1062A00000000000000000000000000000000000EE
:1062B00000000000000000000000000000000000DE
:1062C00000000000000000000000000000000000CE
:1062D00000000000000000000000000000000000BE
:1062E00000000000000000000000000000000000AE
:1062F000000000000000000000000000000000009E
:10630000000000000000000000000000000000008D
:10631000000000000000000000000000000000007D
:10632000000000000000000000000000000000006D
:10633000000000000000000000000000000000005D
:10634000000000000000000000000000000000004D
:10635000000000000000000000000000000000003D
:10636000000000000000000000000000000000002D
:10637000000000000000000000000000000000001D
:10638000000000000000000000000000000000000D
:1063900000000000000000000000000000000000FD
:1063A00000000000000000000000000000000000ED
:1063B00000000000000000000000000000000000DD
:1063C00000000000000000000000000000000000CD
:1063D00000000000000000000000000000000000BD
:1063E00000000000000000000000000000000000AD
:1063F000000000000000000000000000000000009D
:10640000000000000000000000000000000000008C
:10641000000000000000000000000000000000007C
:10642000000000000000000000000000000000006C
:10643000000000000000000000000000000000005C
:10644000000000000000000000000000000000004C
:10645000000000000000000000000000000000003C
:10646000000000000000000000000000000000002C
:10647000000000000000000000000000000000001C
:10648000000000000000000000000000000000000C
:1064900000000000000000000000000000000000FC
:1064A00000000000000000000000000000000000EC
:1064B00000000000000000000000000000000000DC
:1064C00000000000000000000000000000000000CC
:1064D00000000000000000000000000000000000BC
:1064E00000000000000000000000000000000000AC
:1064F000000000000000000000000000000000009C
:10650000000000000000000000000000000000008B
:10651000000000000000000000000000000000007B
:10652000000000000000000000000000000000006B
:10653000000000000000000000000000000000005B
:10654000000000000000000000000000000000004B
:10655000000000000000000000000000000000003B
:10656000000000000000000000000000000000002B
:10657000000000000000000000000000000000001B
:10658000000000000000000000000000000000000B
:1065900000000000000000000000000000000000FB
:1065A00000000000000000000000000000000000EB
:1065B00000000000000000000000000000000000DB
:1065C00000000000000000000000000000000000CB
:1065D00000000000000000000000000000000000BB
:1065E00000000000000000000000000000000000AB
:1065F000000000000000000000000000000000009B
:10660000000000000000000000000000000000008A
:10661000000000000000000000000000000000007A
:10662000000000000000000000000000000000006A
:10663000000000000000000000000000000000005A
:10664000000000000000000000000000000000004A
:10665000000000000000000000000000000000003A
:10666000000000000000000000000000000000002A
:10667000000000000000000000000000000000001A
:10668000000000000000000000000000000000000A
:1066900000000000000000000000000000000000FA
:1066A00000000000000000000000000000000000EA
:1066B00000000000000000000000000000000000DA
:1066C00000000000000000000000000000000000CA
:1066D00000000000000000000000000000000000BA
:1066E00000000000000000000000000000000000AA
:1066F000000000000000000000000000000000009A
:106700000000000000000000000000000000000089
:106710000000000000000000000000000000000079
:106720000000000000000000000000000000000069
:106730000000000000000000000000000000000059
:106740000000000000000000000000000000000049
:106750000000000000000000000000000000000039
:106760000000000000000000000000000000000029
:106770000000000000000000000000000000000019
:106780000000000000000000000000000000000009
:1067900000000000000000000000000000000000F9
:1067A00000000000000000000000000000000000E9
:1067B00000000000000000000000000000000000D9
:1067C00000000000000000000000000000000000C9
:1067D00000000000000000000000000000000000B9
:1067E00000000000000000000000000000000000A9
:1067F0000000000000000000000000000000000099
:106800000000000000000000000000000000000088
:106810000000000000000000000000000000000078
:106820000000000000000000000000000000000068
:106830000000000000000000000000000000000058
:106840000000000000000000000000000000000048
:106850000000000000000000000000000000000038
:106860000000000000000000000000000000000028
:106870000000000000000000000000000000000018
:106880000000000000000000000000000000000008
:1068900000000000000000000000000000000000F8
:1068A00000000000000000000000000000000000E8
:1068B00000000000000000000000000000000000D8
:1068C000000000000000A040A00008200000080018
:1068D0000900A0000308020000000001800080A160
:1068E000008400010000040180000001000000019C
:1068F0000000000000000000000000000000000098
:106900000000000000000000000000100000000077
:106910000000000000000000000000000000000077
:106920000000000000000000000000000000000067
:106930000000000000000000000000000000000057
:1069400000000000000000092180210001800000FB
:10695000010000000300008202000000202010005F
:106960004020000000200000002020000020000047
:1069700004200000000000000000000000100000E3
:1069800000210000000000000000000000000000E6
:1069900000000000000000000000000000090020CE
:1069A00000200020000000000000000000000000A7
:1069B00000000009000000000000000000000000CE
:1069C00000000000000000000008000900418000F5
:1069D0000000C00000820000008380000000000072
:1069E00000010000000100000000000000000000A5
:1069F000000100000001000100010005000000008E
:106A000000000000000000C00000000000000000C6
:106A10000000000000000000000000000000000076
:106A20000000000000000000000000000000000165
:106A30000000000000000000000000000000000056
:106A4000000000000000000000000080000400883A
:106A500020000000110000000000004020030000A2
:106A60000000000800000008000000000000000016
:106A7000000000080000000800040004008400007A
:106A80000000000000000000000000000000000006
:106A900000000000000000000000000000000000F6
:106AA00000000009000000000000000000000000DD
:106AB00000040000000000000000000000000000D2
:106AC000000000000000000000000009040882052A
:106AD00080050200004082210040050000080809EE
:106AE00041401001000000000000042009C088207F
:106AF000058400002100A12021A00000004010001A
:106B00000320410000000000000000000000000021
:106B10000000001000000000000200000000000063
:106B20000000000000000000000000000000000065
:106B30000000200000000000000000000000000035
:106B4000000000000000000000000000000800003D
:106B5000208420841100008021200080000000801B
:106B600008200800910400000000000000800000E0
:106B700020800000100000002080000000000000C5
:106B80000000008000000000000000000000000085
:106B900000000000000000000000000000000000F5
:106BA00000000000000000000000000000000000E5
:106BB00000000000010000000000000000000000D4
:106BC00000000000000000000000000000000000C5
:106BD00000002001200110020001000400019010BB
:106BE0000201880003414101200010002100410101
:106BF0000501200120042000000000010000000029
:106C00000000000000000000000000000000000084
:106C10000000000000000000000000000000000074
:106C20000000000000000000000000000000000064
:106C30000000000000000000000000000000000054
:106C40000000000000000040000000000000000004
:106C500000000000A1040104C180000800800408B5
:106C600040800040102084C0002000008900000304
:106C70000004C004000482800120000082020000A1
:106C800000000000000000050000000000000000FF
:106C9000000000000000100000100000000088004C
:106CA00000000000000000000000000000000000E4
:106CB00000000000000000000000000000000000D4
:106CC00000000000000000000000000000000000C4
:106CD0000000808800002004A004080000020500D5
:106CE000051004110010C110410808000020912077
:106CF0000484209020001000100010200988020158
:106D000041C000201020002000840088008800007E
:106D100000880000000000000000000000000000EB
:106D20000000000000000000000000000000000063
:106D30000000000000000000000000000000000053
:106D40000000000000000000000000000000000043
:106D5000000000004000000005802180000000804D
:106D600000000000A10800004000048010000000A6
:106D70002080000001000111884000000180000017
:106D8000C0080000008000800080000500000000B6
:106D900000000000000000000000000000000000F3
:106DA00000000000000000000000000000000000E3
:106DB00000000000000000000000000000000000D3
:106DC00000000000000000000000000000000000C3
:106DD000000000000000009000002004200508C012
:106DE000821021000208048421A088844101080146
:106DF00040A00884090020C00020080410040502F7
:106E000010A00000100000200090002000040040AE
:106E10000040000000000000000000000000000032
:106E20000000000000000000000000000000000062
:106E30000000000000000000000000000000000052
:106E40000000000000000000000000000000000042
:106E5000000000000000000002000005038009841B
:106E6000884111000000012001108410082004084E
:106E70000002012100040005C1000000108000A0F4
:106E800000C1C100004000001000000000000880A8
:106E900000000000000000000000000000000000F2
:106EA00000000000000000110000000000000000D1
:106EB00000000000000000000000000000000000D2
:106EC00000000000000000000000000000000000C2
:106ED0000040000000000000000008052108020238
:106EE00089088990A0C08940201141888540898205
:106EF0000802919085404190092002A08584A0114C
:106F00001184849085C0848809C002090008841116
:106F1000400500000000000000000000000000002C
:106F20000000000000000000000000000000000061
:106F30000000000000000000000000000000000051
:106F40000000000000000000000000000000000041
:106F50000000000000000000000000000101A0018E
:106F6000000089010483A085C18300080083110407
:106F700005C001884003098500C12021910309C192
:106F8000052000C008C1110983C1000301A002A1AE
:106F9000A00200100000000000000000000000003F
:106FA00000000000000000000000000000000000E1
:106FB00000000000000000000000000000000000D1
:106FC00000000000000000000000000000000000C1
:106FD0000000000000000000000000000000890028
:106FE0000820034189000301C182110082052001AC
:106FF0000902080182050401C1A0410083110400B7
:10700000A1820441858205018504A1844111840384
:107010000983020802400000000000000000000098
:107020000000000000000000000000000000000060
:107030000000000000000000000000000000000050
:10704000000000000000010000000000000000003F
:107050000000000000000000000000000000000030
:107060001000020085C190102109C0809010898510
:107070000809888002208205C020C000C0111005C8
:107080008941C083C040C009C0024011901088856A
:10709000044190C008088982000000000000000040
:1070A00000000000000000000000000000000000E0
:1070B00000000000000000000000000000000000D0
:1070C00000000000000000000900000000000000B7
:1070D00000000000000000000000000000000000B0
:1070E000000003A0000509C0024009028011210828
:1070F0009083098380200909090309891010202140
:107100008483828400200811910209C10084A02197
:10711000A00310410084C10908890000000000009C
:10712000000000000000000000000000000000005F
:10713000000000000000000000000000000000004F
:10714000000000000000000000000000000000003F
:10715000000000000000000000000000000000002F
:1071600000000000011100900084000201C110081D
:107170008388840301C008C00902008901C0008817
:10718000C1A1850521100010880210A00110000483
:1071900011A1851101C0C009A002A00200000000D9
:1071A00000000000000000000000000000000000DF
:1071B00000000000000000000000000000000000CF
:1071C00000000000000000000000000000000000BF
:1071D00000000000000000000000000000000000AF
:1071E00000000000000001020084010000200904EA
:1071F0008920A011A008C10905050385118283001B
:1072000088400401112009080200820102408340E5
:1072100005410405C102050902091100A1C00000D1
:10722000000000000000000000000000000000005E
:10723000000000000000000000000000000000004E
:10724000000000000000000000000004000000003A
:10725000000000000000000000000000000000002E
:10726000000000000000000021A1080209020380C4
:107270000304050908892080038304820890910093
:10728000030010A0890991002080040911210880C1
:10729000038084C0820911804102208808114100C6
:1072A00000000000000000000000000000000000DE
:1072B00000000000000000000000000000000000CE
:1072C000000000000000000000000000008000003E
:1072D00000000000000000000000000000000000AE
:1072E0000000000000000000000000880000C20054
:1072F000060012420013C2000A0012420013C2002C
:10730000110012420013C200000012420013C2001A
:10731000210012420013C20000840A500013C20070
:1073200082000000000000000000000000000000DB
:10733000000000000000000000000000000000004D
:1073400000000000000000000000000000500000ED
:10735000C20000000000000000000000000000006B
:107360000000000000000000000000006F6FFC0C37
:107370002D2D2D2DFF003C006C3C6C3C3C363C36EA
:107380006F092C083C3F24266F602C202424000029
:10739000060600002D2D2D00FF003C0024002400D7
:1073A0002400240000000000000000000000000095
:1073B00000000000000000000000000000000000CD
:1073C00000000000000000000000000000000000BD
:1073D00000000000000000000000000000000000AD
:1073E00000000000000000000000000000006060DD
:1073F000FC0CFF996600F60634046C3C00003C3639
:107400000000FF003C003C302420FF003C002F2403
:107410000F003E063C003C3C3C00F60634042F0FB7
:1074200024002F0F240000000000000000000000D6
:10743000000000000000000000000000000000004C
:10744000000000000000000000000000000000003C
:10745000000000000000000000000000000000002C
:10746000000000000000000000000000000000001C
:10747000000000000000000000000000000000000C
:1074800000000000000000000000000000000000FC
:1074900000000000000000000000000000000000EC
:1074A00000000000000000000000000000000000DC
:1074B00000000000000000000000000000000000CC
:1074C00000000000000000000000000000000000BC
:1074D00000000000000000000000000000000000AC
:1074E000000000000000000000000000000000009C
:1074F00000007076797F6060F9F936F036FF34F479
:1075000037F734F437F7F0FF3C66C07EFC7E60FC52
:107510006FFC101010FF00000066786678FF68F8B6
:107520006EFE2424242F002400240000000000000C
:10753000000000000000000000000000000000004B
:10754000000000000000000000000000000000003B
:107550000000000000000000FFFF0000000000002D
:10756000000000000000000000000000000000001B
:10757000000000001016191F24BD24BD3600360F70
:1075800004C407C704C407C7F0003C66C042FC42FD
:10759000600C6F0C10101010303030767800789935
:1075A00008980E9E0000000F0024F0F40000000078
:1075B00000000000000000000000000000000000CB
:1075C00000000000000000000000000000000000BB
:1075D00000000000000000000000FFFF00000000AD
:1075E000000000000000000000000000000000009B
:1075F0000000000000000086007CA0B800050586A1
:1076000000DC03A90080058602DC03A900000586D2
:10761000025C03A900800086004C03A000000586E0
:10762000025C03A900000086008C038000000000BB
:10763000000000000000000000000000000000004A
:10764000000000000000000000000000000000003A
:1076500000000000000000000000001C000000000E
:10766000000000000000000000000000000000001A
:1076700000000000000000000000000014BE5F5F7A
:10768000EFECE3E017171717ACACFF0FFC05FCF5A8
:1076900000000000000000000A08080800000000C8
:1076A0000A0A080004550000FFEA00EAFD00FDFF99
:1076B00000000000000000000000000000000000CA
:1076C00000000000000000000000000000000000BA
:1076D00000000000000000000000000000000000AA
:1076E000000000000000000000000000000000009A
:1076F000000000000000000000000000000014BEB8
:107700000A0A2F2C232000C33CFFACACF0000C0570
:107710000CF5B0A0300000000C5D0A000000000075
:107720000C5D0800080004040000FF2A002A010084
:1077300001FF000000000000000000000000000049
:107740000000000000000000000000000000000039
:107750000000000000000000000000000000000029
:107760000000000000000000000000000000000019
:107770000000000000000000000000000000000009
:107780001717C3FFFB10FB101E0F1E0FF4E0F4E0F1
:107790002C3CAFFFFFFCF0F00F0F2F7FFFFC3C3CB9
:1077A000005CFFFFFFFCF0F000FF2DFFFFF00F007B
:1077B00001FFFDFF000000000000000000000000CD
:1077C00000000000000000000000000000000000B9
:1077D00000000000000000000000000000000000A9
:1077E0000000000000000000000000000000000099
:1077F0000000000000000000000000000000000089
:1078000000001717003CFB10000000001E0FF4E002
:10781000000000100050F3F0F0F00F0F2F7F3F3CFE
:107820003C3C005CFFFFF3F0F0F000FF2DFFFBF8A5
:107830000B080100FD000000000000000000000037
:107840000000000000000000000000000000000038
:107850000000000000000000000000000000000028
:107860000000000000000000000000000000000018
:107870000000000000000000000000000000000008
:107880000300000040000000400000001100000064
:107890000000040040000000210000000000000083
:1078A00000000000000011020000000000000000C5
:1078B00000000000000000000000000000000000C8
:1078C0000000000000000000000000210003001183
:1078D0000011000000C00000004000000000000097
:1078E0000000000000000000000000000000000098
:1078F0000000000000000000000000000000000088
:107900000000000000000000000000000000000077
:107910000010040004000100000082000000A0002C
:107920000000040000000040008000000000000093
:107930000000000000000000004000000000000007
:10794000000000000000004000000000009000A0C7
:1079500000A000A000410040004000000000000026
:107960000000000000000000000000000000000017
:107970000000000000000000000000000000000007
:1079800000000000000000000002000100000000F4
:107990000082000000000000000000000000000164
:1079A0000001000100000000000000410001000192
:1079B00000010001000000000000000000000000C5
:1079C0000000000000C000000000000000000000F7
:1079D0008001000002010000000000000000000023
:1079E0000000000000000000000000000000000097
:1079F0000000000000000000000000000000000087
:107A000000000000000000000000008000020000F4
:107A10000003000000000000000000000011000052
:107A200000200020002000000000000000C0002016
:107A300082200020822000000000000000000200E0
:107A40000000000000000000000000000000000036
:107A50000000080200000008000000000000000014
:107A60000000000000000000000000000000000016
:107A70000000000000000000000000000000000006
:107A8000000000000000000000202121092000105B
:107A90000000020080100082000140C100A0080127
:107AA00084C00000840080A1000000908004824017
:107AB0000000050000C005004102000200020000B5
:107AC0000000000000000000000000000020000096
:107AD0000000000008000000000800000000000096
:107AE000000004000084000000000000000000000E
:107AF0000000000000200000000000000000000066
:107B000000000000000000000000008090A09089AC
:107B100000001010021004000400002001200009E1
:107B200008204100002041204020C0008200400386
:107B300003C1840908000841001000800080008013
:107B400000000009004100000005000000000000E6
:107B500000000000000001000000008000000000A4
:107B60000000000000000000000000000000000015
:107B70000000000000000000000000000000000005
:107B800000000000000000000000000000010800EC
:107B9000118400002000800080004000900041001F
:107BA0001000400004000482040091004000000026
:107BB00000000201000000000001000000000000C1
:107BC00002000000000000000000000000000000B3
:107BD0000000000000008001002000108010000064
:107BE0000000000000010000000000000000000094
:107BF0000000000000000000000000000000000085
:107C00000000000000000000000000000000002054
:107C1000000000050000000040004000000540009A
:107C2000000000000100012101000100040001002A
:107C30000000C000014000000009A0020003000095
:107C40000000A0000000000000000000080000008C
:107C50000000000000000800082000800080048070
:107C6000000000004002004000000000840000000E
:107C70000000000000000000000000000000000004
:107C800000000000000000000000000000000000F4
:107C900080020002212000A04001820041200285D4
:107CA000000010008000000000A08000050004001B
:107CB000008402844104824141C0040041200082CA
:107CC000000000A010000002000000000000000002
:107CD000000040C000004100400000000090004053
:107CE0000008000000000000008800000000000004
:107CF0000000000000000000000000000000000084
:107D00000000000000000000000000000000000073
:107D1000000004800883008000000120040004208B
:107D200084209003840004119000A0084020842047
:107D3000020084418421100403C0100091101089B6
:107D40009021900010008400C0A11000820000006B
:107D50000000000000000000000010000000000013
:107D60000000008000000000000000000000000093
:107D70000000000000000000000000000000000003
:107D800000000000000000000000000000000000F3
:107D90000000000000880020002003201184110052
:107DA00000008910000010A00300000021881104C9
:107DB0000084004010C040C0038402400000411015
:107DC000030000880000000000000090000000C0D8
:107DD0000000008200000000000000000000000021
:107DE0000000000100000000000040400200000010
:107DF0000000000000000000000000000000000083
:107E00000000000000001100000000000000000061
:107E100000000000000000000080008000A00000C2
:107E200000000000400000008800100082050021D2
:107E300000000009000000000100A0000180000017
:107E4000000000000000000000050000000000002D
:107E500000000000A0000000000000000041080039
:107E600000000000002000000000000000000100F1
:107E700000000000840084000000000000000000FA
:107E800000000000000000000000040000000000EE
:107E9000000000000000000000034080400000805F
:107EA0000083C000C108008000830080C003008000
:107EB0000003C12040000080000380214100000039
:107EC0008803808003000000000300200000000001
:107ED00000000000000000000000000000000000A2
:107EE0000000008000008900008000000000000009
:107EF0000000000000000000000000000000000082
:107F00000000000000000000000000000000000071
:107F100000000000000000000000C09140C000A070
:107F200000C000058308A02000C0900584C004C0E4
:107F3000000800C12188009000C00001040000007A
:107F4000000089A102C001C0000200010001000080
:107F50000000000000000000000000000000000021
:107F600000000000008240881004000200000000B1
:107F70000000000000000000000000000000000001
:107F800000000000000000000000000000000000F1
:107F9000000000000000000000000000A000C00081
:107FA000820011C08800C008200021C08300C000EA
:107FB000C00241080201A0208800918288000220AE
:107FC0000400090090014084C002418900000000C3
:107FD00000000100000000000000000000000000A0
:107FE0000000000000008800830091C083C00000F2
:107FF0000000000000000000000000000000000081
:108000000000000000000000000000000000000070
:10801000000000000000010000000000000000045B
:108020008000000083C000200000000003A1104178
:108030000000000083C100100000000003C0000029
:10804000030000008300800280000080830800009D
:10805000000000000300000000000000000000001D
:10806000000000000000000000104000210083100C
:108070000000000000000000000000000000000000
:1080800000000000000000000000000000000000F0
:1080900000000000000000002000000000000000C0
:1080A00002408000808000030000808008080003F8
:1080B0000000804080000083000000008320000357
:1080C0000000008000A18003008080000800C083C1
:1080D000004000000000000300000000000000005D
:1080E0000000000000000000000000000080000010
:1080F0008080000000800000000000000000000000
:10810000000000000000000000000000000000006F
:10811000000000000000000000000000000000005F
:1081200000000005A0A040A0A00900C0080804208D
:10813000080900C002C0A082A003009084A020888B
:10814000009100A000C000840491000402C0A18836
:108150008941000100000000000100000000000053
:10816000000000000000000000000000008810C0B7
:10817000080802820000001000100000000000004B
:1081800000000000000000000000000000000000EF
:1081900000000000000000000000000000000000DF
:1081A000000000008941C0828200C08203010800F3
:1081B0001001A0C0A102C040020090C0899190A00F
:1081C0000200C08201010000000000C0A101C090B7
:1081D00020019020010000000100000000000000CC
:1081E0000000000000000000000000000000828984
:1081F00084000800020800000000000000000000E9
:10820000000000000000000000000000000000006E
:10821000000000000000000000000000000000005E
:1082200000000000000003A100850500808083029B
:108230000000002100000382030080000080031082
:1082400000000011808003400000000000000302D5
:108250000080802180000300000540000000000035
:10826000000000000000000000000000000000000E
:108270008008000000418080000000000000000035
:1082800000000000000000000000000000000000EE
:1082900000000000000000000000000000000000DE
:1082A00000000000000000000A0000130000118818
:1082B00012000013000082001200001300000000F2
:1082C00021000013000000820000000000000000F8
:1082D0000600001300000081000000000000000004
:1082E000000000000000000000000000000000008E
:1082F00000008200001300000000000000000000E9
:10830000000000000000000000000000000000006D
:10831000000000000000000000000000000000005D
:108320000000000000000000000000000F0F00002F
:108330003C3C0000FFFF000000FF000000FF0000C9
:108340000F0F0000FFFF000000FF0000FFFF000014
:1083500000FF0000FFFF0000555500000F0F000058
:108360003C3C000000000000000000000000000095
:1083700000000000000000000000000000000000FD
:1083800000000000000000000000000000000000ED
:1083900000000000000000000000000000000000DD
:1083A00000000000000000000000000000000F0FAF
:1083B00000003C3C00000000000000FF000000FF47
:1083C00000000F0F00000000000000FF0000000090
:1083D000000000FF000000000000555500000F0FD6
:1083E00000003C3C00000000000000000000000015
:1083F000000000000000000000000000000000007D
:10840000000000000000000000000000000000006C
:10841000000000000000000000000000000000005C
:108420000000000000000000000000000000FFFF4E
:108430000000AAAA0000F0F00000FFFF0000F0F02A
:1084400000003C3C0000FF000000FFFF0000FF00B8
:108450000000F0F00000AAAA0000FFFF0000FF00EB
:1084600000005555FFFF0000000000000000000064
:1084700000000000000000000000000000000F00ED
:1084800000000000000000000000000000000000EC
:1084900000000000000000000000000000000000DC
:1084A00000000000000000000000000000000000CC
:1084B00000000000AAAA0000F0F000000000000088
:1084C000F0F000003C3C0000FF0000000000000055
:1084D000FF000000F0F00000AAAA00000000000069
:1084E000FF0000005555FFFF0000000000000000E5
:1084F00000000000000000000000000000000F0F5E
:10850000000000000000000000000000000000006B
:10851000000000000000000000000000000000005B
:10852000000000000000000000000000000000004B
:10853000000002C701000384494002C70180038490
:10854000494002C701800384494002C701000384F7
:10855000494002C7016000B4494002C701000384DA
:1085600049400241010000044140000000000000B9
:10857000000000000000000000000000000000807B
:10858000030000A00086006000B0000000000000B2
:1085900000000000000000000000000000000000DB
:1085A00000000000000000000000000000000000CB
:1085B000000000002020202000140014FF00ACACBC
:1085C000DF00DFFFF0F03CAA10DFFFFF7530303036
:1085D000050505C700000000FCFFFFFFF4F01400D4
:1085E0000000003C0000000000000000000000004F
:1085F0000000000000000000000000000000A200D9
:10860000F300303C101400000000FFF0FFF0000009
:10861000000000000000000000000000000000005A
:10862000000000000000000000000000000000004A
:10863000000001000000FF20202000140F1FFF0099
:10864000AAAA100010FFF0F03C3C10DF000055001B
:108650000000000000C300000000FCFFFDFD14004E
:1086600014000505053D00000000000000000000AA
:1086700000000000000000000000000000000000FA
:10868000A20000000000101400000000FFF0FFF046
:1086900000000000000000000000000000000000DA
:1086A00000000000000000000000000000000000CA
:1086B0000000002000000000EAC0AA00000F282FE0
:1086C000FF0FF40401FDFFFFAAFFAA0C3F3C555524
:1086D0007C3C50000404040400000000FFFFDFFFA6
:1086E0007C50505000280F2F0000000000000000B8
:1086F000000000000000000000000000000000007A
:108700000000F000AA000F0C55140000000000004B
:108710000000000000000000000000000000000059
:108720000000000000000000000000000000000049
:1087300000000000000000000200C0C000000000B7
:108740002828FB0BF00001FD0000AAF3AA00303C32
:10875000555550005000040404FF00000000FFFFC6
:10876000FFFF3C000000002800280000000000007F
:1087700000000000000000000000000000000000F9
:1087800000000000C00082000000000000000000A7
:1087900000000000000000000000000000000000D9
:1087A00000000000000000000000000000000000C9
:1087B00000000000000000000000000000000000B9
:1087C00000000000000000000000000000000000A9
:1087D0000000000000000000000000000000000099
:1087E0000000000000000000000000000000000089
:1087F0000000000000000000000000000000000079
:108800000000000000000000000000000000000068
:108810000000000000000000000000000000000058
:108820000000000000000000000000000000000048
:108830000000000000000000000000000000040034
:108840000200914184200500000020002000030068
:1088500011000000040021000000200020000000A2
:1088600002000000080003000000030000000000F8
:1088700004000000200000000000000000000000D4
:1088800000000000000000000000000000000000E8
:1088900000000000000000000000000000050001D2
:1088A00000000000000000000005000300050001BA
:1088B00000000000000000010000000000000000B7
:1088C0000000010002C0028090000000C100010011
:1088D0000000000090000100000000000100010005
:1088E000000001000000A1000000000000000000E6
:1088F0000000000000000141000000000000000036
:108900000000000000000000000000000000000067
:1089100000000000000000000000000000000082D5
:1089200000020000000000000000008200840082BD
:108930000004000000000000001000000000000023
:108940000000000000000000020000010000000123
:108950000001800000000401000000000000000091
:1089600008100401040080000400000000000088DA
:1089700000A0800000008001000500000800000049
:10898000804100C0000184040004110400000000C4
:1089900000000020000000000000000100100000A6
:1089A000042003000000000000000000000100009F
:1089B00000000000000000000000000000000000B7
:1089C0000000000000100000000001000020000076
:1089D00082040004021104000520000000000000D1
:1089E0000020000000400400040900000000000016
:1089F0000400040010090000200404C00009010064
:108A0000040002C000000004028000800080000911
:108A100000200420008000000000000000200080F2
:108A20000000018082000000000000000000000241
:108A30000000000000000000000000000000000036
:108A40000000000000000000000802010584000092
:108A50000002050041022001000100010021000088
:108A60000040052003400040008205408082001045
:108A70000010410000C0108800840002C1100000F6
:108A8000000200000040000000000002000400009E
:108A90000000000000000040000000000020000076
:108AA0004001400100000001000000000000000043
:108AB0000000002000004000000000000000000056
:108AC000000000000000000000000000A1400000C5
:108AD0000000000000000040A10400040004008425
:108AE00000000000840000000000100040030800A7
:108AF0000000000040000000000000000000020034
:108B00000000000000000080000000000000900055
:108B10000000000000000000000000000000004114
:108B20000000010401040000000400000000000037
:108B30000000000000000000010000000000000034
:108B40000000000000000000000090001000020083
:108B500000010000000000A00020001000901000A4
:108B600021002000000005010000101180400020BD
:108B70004120000000000040050041001085004039
:108B800040000000210000401041000041000204AC
:108B90000090004010000000000000414002000171
:108BA0000040000300118000890121010000000045
:108BB00000000000000080018000000000000000B4
:108BC00000000000000000000000000002000000A3
:108BD00001000040A000000000000080C000000074
:108BE000000000100000820000040000104002801D
:108BF000C08010850010000008000005000000087B
:108C000000000100000000000011C0C00000A00032
:108C100001800000100000000000A0009008C1A129
:108C2000100800801082C0A0401120020020000027
:108C3000840000400000000020022000000000002E
:108C400000000000002000000000000000004000C4
:108C50000000892104004100100000000000218470
:108C60000200108408C14084009021C00000000070
:108C70001040004000001088008421880800000097
:108C8000100000842100050000100000000000001A
:108C90000000410000000888008820400000008893
:108CA0001088000000002000402000840000200008
:108CB000000000000500210000000000000020006E
:108CC00000000000000000000000000000000000A4
:108CD00084008400022000039000010000000021B5
:108CE000000001001000A1040000000000000021AD
:108CF0000000000010080000C00000008400000018
:108D0000000000000000C000100000800000000013
:108D1000000000000000000001000000040000034B
:108D200000030100000000418900018000000000F4
:108D3000A100000000000000000000000000000092
:108D40000100000000000000000000000000000022
:108D50000000908810A12110004004000020200194
:108D60002002410041C010100020001000882004A3
:108D70000083000000C020A0042003000800411070
:108D800000844100000000002001030000000000FA
:108D90000040000000000000000000010000000092
:108DA0000082000041011008A0404001001109416B
:108DB0000220802000000000000000008000000071
:108DC00080008000000000000000000000000000A3
:108DD0000000000002000040000000800000008051
:108DE00001200180C0000000100000000000000011
:108DF00010C1000400100005000083000000000006
:108E000002000000C00000000809C10200000000CC
:108E100000008480000000030000000582041010A0
:108E200000000000C0030202118021A10304848419
:108E3000008400804080000000008200820020004A
:108E40000000400040000000000082000000000020
:108E500000000000000000809100A08000000303DB
:108E600000A01008C002200885A1082140090203C3
:108E700003200009080900008500808000800000B0
:108E800000000000000000038011402000020000EC
:108E9000000021000000000000020208000441035D
:108EA00000000000080000009103001009100910E4
:108EB000918300C000910411000000000000000038
:108EC0000203000200400208000000000000000051
:108ED0000000000000000000C00809C0C11090049C
:108EE00001A140C1C110820540821009829101A0F8
:108EF00001010101000001000040841010880008F9
:108F000000000000000000000001C000010100009E
:108F100000008800C1000000000000000000000008
:108F20000100000000000100000085018201000135
:108F3000000108890084108800A0000000000000E3
:108F4000000001010001000100000000000000001D
:108F500000000000000000000000A00110000282DC
:108F60001085A10189000400C011020008C0088812
:108F700088C101000000004001004000C000400026
:108F800090C100000000000000000000010000107F
:108F900001000000000000000000000040001082FE
:108FA000110088040000000000C000009000C1080B
:108FB0008904830182018484048883820000000084
:108FC000000000000000018201100100000000000C
:108FD0000000000000000000000000008008800089
:108FE0000000008520202100110009C021004185DA
:108FF00084C011C020004000110041000011800019
:1090000000000091000000000000000000000200CD
:1090100040001010000000000000000400000200EA
:1090200082809000080009000200110041008400C5
:109030009080081189090909880040C083800000D8
:10904000000000000000090002804010030005003D
:109050000000000000000000000000000000000010
:109060000000108000800820809000080008200583
:1090700080020405C01000204005000283080000A3
:10908000000000000000000000000000000002845A
:1090900005404009909000000000000000800000A2
:1090A000200200084010001000000000080000002E
:1090B00010C100900989918309090040C008848388
:1090C0000000000000000000110800400009020339
:1090D0000000000000000000000000000000000090
:1090E00000A0A0828208A08200A108090404C01187
:1090F0000102C089A04088830001010100019001A4
:1091000000001040884000900000000000000000B7
:10911000010901A00188900900A00004001000824C
:10912000000001000000010100000082009000909A
:10913000C010019100850185918900008400A10083
:10914000888900000000000000000000000100000D
:10915000000100000000000000000000000000000E
:109160000000C004C000C00004820801048940005F
:10917000081082038405080109C000400090000126
:1091800000008200040002008800000000000000CF
:10919000000001A000040101000000000000000028
:1091A0000000000082098588840005080000000195
:1091B0000008000000010109010000000991A0045D
:1091C000A000028800000000000000000100010271
:1091D000000000000000000000000000000000008F
:1091E0000000000080088000000000808040001027
:1091F00000108080831010104140410000000008E2
:1092000000100000800000000000000000000000CE
:1092100000000000400000000921000000000000E4
:10922000000000000000848802009110400000004F
:1092300000410090000002020541050902008391EF
:1092400011880404048000000000000000000300F6
:1092500040080202110000000000000000000000B1
:109260000000000000000000001300000082000069
:109270000013C200215000500013C2000000000083
:109280000000C200210006000013000000000000E2
:1092900000000000000000810000C200000000008B
:1092A000001300000000000000000000C2004200A7
:1092B000410000130000000000820013C200000003
:1092C00021500013C20000600000000000000000F8
:1092D00000600000C20082000000000000000000EA
:1092E000000000000000000000000000000000007E
:1092F000000000007E7E6E663D093C009D0C0C0C5B
:10930000000000003F2F3F0F0000000000000000A1
:109310000000000000000000FFFFF0F00F003C3CE8
:10932000000000000000000000000F000F000CFF14
:109330000C0C0000000000000000181800000000E5
:10934000000006000404CF004646000000000000B4
:109350000000040C060F3434F6000000000000008A
:1093600000000000000000000000000000000000FD
:109370000000000000006E666E660909000099009A
:109380000000000000002F2F0F0F00000000000061
:1093900000000000000000000000FFFFF0F00F00E0
:1093A0003C3C000000000000000000003F3C0F00BB
:1093B0000C0C0C0C00000000000000000800000075
:1093C000030C0A060F000C0C000000000000000057
:1093D00000000000040C000000000000000000007D
:1093E000000000000000000000000000000000007D
:1093F000000000000000000000000000000000006D
:10940000000000000000000000000000000000005C
:10941000000000000000000000000000000000004C
:10942000000000000000000000000000000000003C
:10943000000000000000000000000000000000002C
:10944000000000000000000000000000000000001C
:10945000000000000000000000000000000000000C
:1094600000000000000000000000000000000000FC
:1094700000000000000000C000C3F4F4F4FC303031
:1094800030B9003C90BC00180090203CFFFF000069
:109490000000000000000000000000000000626EFC
:1094A000FCFFFFFF00F000000000000000000000D3
:1094B000C0C0C0FFF000FC3C000000000066006679
:1094C000005600000000000000600024C0F042666A
:1094D0000000000000000000066604243C306660C6
:1094E000000000000000000000000000000000007C
:1094F000000000000000000000C00000F0F0F0FCE0
:109500000000009900009090001800902020FFFFBC
:10951000000000000000000000000000000000004B
:10952000626E0003000000F0000000000000000078
:109530000000000000FF00003C3C0000000000664E
:109540000C6E006604040040F0B06060242400004B
:1095500000000000000000000000000004240000E3
:1095600000000000000000000000000000000000FB
:109570000000008600E000B0000000860A90008035
:109580000000008600EC0080000000000A100000CF
:109590000000008600E003800000000000000000E2
:1095A000000000860A7C00B00000008600E0003069
:1095B000000000000086007000B00000008600601F
:1095C000039000000086047C00920000080604DC82
:1095D0000382001000000000000000000800041CCE
:1095E00000020010000000800100000000000000E8
:1095F000000000000000000000007D7DA8A0A0A0E9
:10960000000C141C000000000C1CFFFF00000000F8
:10961000000000003F30AAAAFFFF000F000000007A
:109620000000000000000000A8F8ADFD00000000F0
:109630000010F3FF00000000FFFF0000000000002A
:1096400000000000000200000000040EFFFEFFFF0B
:10965000FFFFFFFF0000000000000000000000000E
:1096600000000000000000000020000000000000DA
:109670000000000000008000000000807D7D2800C8
:10968000000000001414F0003C000014FFFF000074
:109690000000000000003C3CFA0A0000000F00003F
:1096A0000000000000000000000008580D5D0000F0
:1096B00000000000FFFF0000C0003FFF00000000AE
:1096C0000000000000000002000000000000FFFF9A
:1096D000FEFFFFFFFFFF0000000000000000000091
:1096E0000000000000000000000000000000020078
:1096F000000000000000000000000000000000204A
:10970000BCA0000000043C3C00000000555D7D7DD5
:109710000000000000000000FABE50BE0F0F003C29
:109720000000000000000000000000000000000039
:109730000000000000000000000000000000000029
:109740000000000000000000000000000000000019
:109750000000DF0020000A000900000000000000F7
:1097600000000000000000000000400000000000B9
:1097700000000000000000000000000000010000E8
:1097800000003C0000000004000400000001555DE2
:10979000555D0000000000000000FA1450140F0F87
:1097A000003C00000000000000000000000000007D
:1097B00000000000000000000000000000000000A9
:1097C0000000008000000000000000000000000019
:1097D000C0000030FF00000005000C000000000089
:1097E0000000000000000000000000000000000079
:1097F0000000000000000000000000001100000058
:10980000000000002100000000000000090000002E
:1098100011000000000004000400040010002100FA
:1098200004002000880000000800820004001100ED
:10983000040004000000020000008200000000009C
:109840000000110000000000000000000402000001
:109850000000000200000000000000000000000006
:1098600000000000000000000000000000000000F8
:1098700000000000000000000000000000000000E8
:109880000000000090000000000000000000000048
:109890000000000000000000C100040400000100FE
:1098A0000000010001000300000001002100000091
:1098B00000000000910000000000000040210000B6
:1098C00000200000000000000000000000000080F8
:1098D0000000000000800000000000000000000008
:1098E0000000000000000000000000000000000078
:1098F0000000000000000000000000000000000068
:109900000000000000001100000000000000000046
:109910000000000000000001800100018000110033
:10992000000982000000A000081080A0881121001A
:10993000000000000001000000008820080008006E
:1099400000C0002000000000000080008000000037
:1099500000000400000000000400000000010001FD
:10996000210100840000040000000000000000004D
:1099700000000000000000000002000000000000E5
:1099800000000000000000000000000000000000D7
:1099900000400000000000000008042000200441F6
:1099A000821100C0030000210500058020412190A4
:1099B00000410020002000200000000040000020A6
:1099C00004410000008000000400004120214021EB
:1099D0009000400000000000000004000000002093
:1099E0000020002000000000000000000000000037
:1099F00000000000000000000000008000000000E7
:109A00000000000000000000000000000002100044
:109A100000001002000000000000000200840000AE
:109A2000100010000000090000000000004100824A
:109A3000801000C0000000040020800400000040EE
:109A400000000040000000A00000108800824000DC
:109A5000000040044120002100008021410000203E
:109A600000200000000000010001000100000000D3
:109A70000020400000000001000100010000000083
:109A80000000000000001010000082008800C020CC
:109A900000008411100000100010C0110008002107
:109AA0000011C01000021000002182000010009080
:109AB0000021088220000000C08000800880C000D3
:109AC0008400080020C10000020000000400000023
:109AD0004104000403020004000200040240C00428
:109AE000828000910000C00000020002000200001D
:109AF00000000080010000000002000200020000DF
:109B000000000000000000000000000011880000BC
:109B1000008403002100100040000000030010003A
:109B200000840090008410014140214011A008826F
:109B3000A0100010801105010040000004002184E5
:109B40004000030040001000000083880001000274
:109B500010020082008200904082418210000000CA
:109B60000040000120000000009000000000000004
:109B700008000000002000000000000000000000BD
:109B80000000000000000000000000210000820032
:109B9000C005000510100010100003218400C00053
:109BA00000000005000084211020008084000000D7
:109BB00001050300000008840004108000008900F3
:109BC000A011012100000110A010000040418220DE
:109BD00088800280C0408200100008000000100051
:109BE000004000800020100500001000C040000070
:109BF00000000000000000800000000000000000E5
:109C000000000000000000000000000010A00000A4
:109C1000030000200000040000000300000000001A
:109C200000100000004000000500041000000200C9
:109C30000002410082042000081041028000040458
:109C40008340A00400201000101008000000000253
:109C5000880209020000108800008000008880044B
:109C600040008201030100010301200110010000F6
:109C700000001000000000010901000000010000C8
:109C80000000000000000000000000000000840050
:109C900010200010C004880500008802100288000F
:109CA000100084400408000340004004010000004C
:109CB0000100400000410980000089800000200070
:109CC00088002002040000000000000000000000E6
:109CD0002000402100200004100000000204C00009
:109CE0000800910002402002080200020002C002A7
:109CF00000000000000000000002080200008402D2
:109D00000000000000000000000000000000000053
:109D10000000000004000090008403000500110012
:109D20000000100041000000008810000520001015
:109D3000008208000088210102018082801041A079
:109D4000000008401000008221000004219010044F
:109D500000000088000080008000000400C10000B6
:109D6000000089880000000100820000000000005F
:109D700008000040000000904000000000000000CB
:109D800000000000000000000000000000000000D3
:109D900000008200000090000000000000000000B1
:109DA000001082418400C00088210240C000108061
:109DB000C00000000040840000200010200008C007
:109DC00000058400008010400041820000008400F3
:109DD0001010000010211041040004000009C0040C
:109DE000000040400800A00310400803A000A000AD
:109DF00000000840008000000000010000008240D8
:109E0000000010030000000000000000000000003F
:109E10000000000000000000000000000000000042
:109E20000000000008000000000020008080020008
:109E3000820000000000800000800000C0C180415E
:109E40001109200220A04004A1C01102000300005B
:109E5000C0000040000000038000820000000003FA
:109E60000900000000210003000000000041000381
:109E700041002085008000030020000000008003D6
:109E800000050000050000030000000000020000C3
:109E900000000000000000000000000000000000C2
:109EA0000000000000000100000000000100084068
:109EB00002A011820000008884049088000441827E
:109EC00008840004010241090103C11101A000013D
:109ED000040011000000000090A11082A1C000A0A9
:109EE000000101000000200000010000000000004F
:109EF00000090010C0C00004000900C0001000A04C
:109F0000100100000000000000010000000000003F
:109F10000000000000000000000000000000000041
:109F20000000000000000000000000000100000030
:109F300008000200080000C04000880810019009D5
:109F40004000C085C0888201820084040903852105
:109F500000200000010001000000C0018200040494
:109F600005A010002001100091001000A000A0002A
:109F7000830140014000A00011000000000000002B
:109F80000100000100020008018300000000000041
:109F900001000000000000000000000000000000C0
:109FA0000000000000000000000020000500050087
:109FB00010008009000080000080000900808008F7
:109FC0000082C10084020089820511028380100290
:109FD00020110000000008000300000080200000A5
:109FE000038003028000004183000305800080009D
:109FF0008000830580208000800003200000050091
:10A00000000003000002000005800391000005002D
:10A01000000003000000000000000000000000003D
:10A020000000000000000000000000000002000826
:10A030001020000800800000808000000000000068
:10A040000080000000410000800920021010004044
:10A05000C040030900000000000800030000408029
:10A06000008000C000038000002100000003008089
:10A0700000800085008300000000208300030000B2
:10A080000041000000038000000009000003000000
:10A09000000000410003000000000000000000007C
:10A0A00000000000000000000000000000000001AF
:10A0B000000001000000004002400808000000000D
:10A0C000401008020020008808A00888C110000085
:10A0D0000489830904210008008400410003000072
:10A0E000000884C00804A0C1820000000000000134
:10A0F0000002000400A0200300A000842010001132
:10A100000000C00082000001820000000000000189
:10A11000000000000000000100000000000000003E
:10A12000000000000000000000000000000000002F
:10A1300000000001000000004000080010000002C4
:10A1400082000204C0101100000000C000000140A5
:10A15000831005C14100110000C000000000010093
:10A16000000091910400A00002A001010010000075
:10A17000002001000002000000C091408200820126
:10A18000C0040102000000000000838840888200B3
:10A19000C0000100000000000000000000000000FE
:10A1A00000000000000000000000000000000000AF
:10A1B0000000000000080004000080418000000052
:10A1C0000080840003808480210000104089020404
:10A1D0002080A000C08202051000000000000000E6
:10A1E0000800000003108000000089000310000038
:10A1F0002100000003200080052000800380030070
:10A2000000100000030000004100000083808080F7
:10A2100000000000030041000000000000000000FA
:10A22000000000000000000000000000000000002E
:10A23000000000000000000000000000000000130B
:10A240000000000006000013C20000000A00001316
:10A25000C200000012000013C200008200000000D3
:10A2600000000000000000000013000000000000DB
:10A270000000C200410000000000000000000000DB
:10A280000013000000000000000000000000218218
:10A290000013C20011810000000000000000000057
:10A2A00000000000000000000000000000000000AE
:10A2B0000000000000000000000005F53F3F000026
:10A2C00000000000000005F53F3F0000000000080E
:10A2D00000080000140000000F1F000514153C3C8E
:10A2E0003C3C000000FF000000003C3C000000FF80
:10A2F00000000F0F00000F0F00000F0F000000FF05
:10A30000000000FF000000FF00000F0F00000F0F13
:10A310000000FFFF0000FFFF000000FF000000FF43
:10A32000000000000000000000000000000000002D
:10A3300000000000000000000000000005F53030C3
:10A34000000000000000000005F5303000000000B3
:10A3500000000000000000000000001400001414C1
:10A360003C3C3C3C000000FF000000003C3C000086
:10A3700000FF00000F0F00000F0F00000F0F000084
:10A3800000FF000000FF000000FF00000F0F0000B2
:10A390000F0F0000000000000000000000FF0000A0
:10A3A00000FF0000000000000000000000000000AE
:10A3B0000000000000000000000000000000FCFCA5
:10A3C0000C0C000000000000000000000000000075
:10A3D00000000800000010100000BAAA0000BCA095
:10A3E0003C003C3C0000FF0000000000FFFF0000BC
:10A3F000FF0000003C3C0000FF0000003C3C00006F
:10A40000FFFF0000F0F00000FFFF0000FF00000071
:10A41000F0F00000FF000000FF0000003C3C0000E6
:10A420000F0FFFFF00000000000000000000000010
:10A43000000000000000000000000000000000001C
:10A44000AFA0AFA00000000000000000000000006E
:10A4500000000000080000000000000030000000C4
:10A46000000000003C3C0000FF0000000000000075
:10A470000000FF0000003C3C0000FF0000003C3CEE
:10A48000000000000000F0F0000000000000FF00ED
:10A490000000F0F00000FF000000FF0000003C3C66
:10A4A00000000F0FFFFF0000000000000000000090
:10A4B000000000000000000000000000000000009C
:10A4C0000000000800000086008000800000008678
:10A4D00000E0038000050086007003A000000086F5
:10A4E00000F00380000002C6016000B44940000093
:10A4F00002C7018000844940A2C7517000B449409E
:10A5000002C7016000B4494002C70180008449408D
:10A5100002C7016000B44940A2CF012C03B44940F6
:10A520000241010000044140000000000000000062
:10A53000000000000000000000000000000000001B
:10A54000000000000000000000A000000400040063
:10A55000F5A03C3CFFFF000F0000000000000004DD
:10A56000AAACFCFF5555000F00000000003C003C69
:10A570000000BC00A000000400FF0000000000007C
:10A58000000000000000C0000000F0F80028000FEC
:10A59000282F000000000000000050FF00300000E5
:10A5A00000000000000000000000000000000000AB
:10A5B000000000000000000000000000000000009B
:10A5C000000000000000000000000000000000008B
:10A5D0000000F0F0BE140000000F000000000000BA
:10A5E0000000AAAC0C005555000F00000000053D0E
:10A5F000003C0000A000A0000004000400000000D7
:10A600000000000000000000C0000000F0F800287A
:10A61000000F282F00000000000000005050003004
:10A62000000000000000000000000000000000002A
:10A63000000000000000000000000000000000001A
:10A64000000000000000000000000000000000000A
:10A6500004000400E8FFE83C00FF0C0CF0F0AEAA98
:10A66000F5FD0F0FF0F400140F0F003C0000000088
:10A67000000000000000FF0020000404040F0000A0
:10A6800000000000000400000000000400003C3C4A
:10A69000000005003D3CFF0000000000000000003D
:10A6A00000000000000000000000000000000000AA
:10A6B000000000000000000000000000000000009A
:10A6C0000000000000000000000000000000A000EA
:10A6D000000000000000E8C3E80000FF0C0C0000D0
:10A6E000AAAA557D0000F0F000000F0F003C00000A
:10A6F0000000000000000000200020000000000F0B
:10A7000000000000000000000000000000000080C9
:10A71000FC3CF00005003D3CFF080808000000007C
:10A720000000000000000000000000000000000029
:10A7300000000000000000000040000004000420B1
:10A740000200100200000040040021000400040088
:10A7500002008420800084200000000020000440CB
:10A760000900040000400000090002022000080067
:10A77000210000020000080000002000000020402E
:10A7800004000000002000000000000020900000F5
:10A790000000000000400040000000000000000039
:10A7A00000000000000000000000000000000000A9
:10A7B0000000000000000000000000800000000019
:10A7C0000180010001800000000001000000010084
:10A7D0000000010005801000058000000000C0009E
:10A7E00000800000000000800000000001800000E8
:10A7F00001000000008000000100000000000000D7
:10A8000000000000000000800000000000000100C7
:10A810000000000000000000000000000000000038
:10A820000000000000000000000000000000000028
:10A830000000000000000000000000000000A00078
:10A840001000000100000000000100000000800076
:10A850008001000200008021000190210000000022
:10A860008000C0048000A0010000820121000000DF
:10A8700084004020800180018400800800C0200105
:10A880000082040085018000800080018001800139
:10A890000040032091118000000080008000000033
:10A8A00020002000200000044004000402000000FA
:10A8B0000400000000000000000000000000000094
:10A8C000100001000008000084000040A00000000B
:10A8D000100020020080001004A0000805A0C01095
:10A8E00000002000218020002104002121400010D0
:10A8F0000000410005902040204021212000000060
:10A900000140000001032020200020002020202002
:10A9100020409091908020A0204000212000200025
:10A920000040014001000100008001800080010022
:10A930000000000000000000000000000000000017
:10A94000001000000000108440000000030002100E
:10A9500020C10020050080050040802100089021D2
:10A960000085854003000204000400000000A0846C
:10A9700000400240C008890110912010800241204F
:10A980000000000000110000030010040811000482
:10A990004100A10080820020101000000000020091
:10A9A0000000000000000000000000040004118806
:10A9B0000000000000000000000000000000000097
:10A9C0000000000000008200000001000000000004
:10A9D00084000008008000000484008004A00011AE
:10A9E00005A0000810008211850000808200001080
:10A9F0000300C08085100400042000400041044191
:10AA000008800000001000400000000500001182D6
:10AA100000090002020002000080008084000000A3
:10AA20000100000900000000000000040000000018
:10AA30000000000000000000000000000000000016
:10AA400000000000004083008400000000000000BF
:10AA500021002140000080204100020000008411FC
:10AA60002000840103008400410041412000410096
:10AA700003204104000020080208C1108002104099
:10AA8000040090200000000020402004412000002D
:10AA900004000400040000008200800000000000A8
:10AAA000000420000000000400000000000000007E
:10AAB0000000000000000000000000000000000096
:10AAC000000000000000C08002000500100000002F
:10AAD0000000000000001003040900110210000033
:10AAE0000520C0000508000010000004C00401009B
:10AAF0000000044100880203C0100008204140907B
:10AB00000080210008A0000000000189110520C17B
:10AB10000209912189000100002041042020100039
:10AB20008820828088000000008000000000104023
:10AB30000000000000000000000000000000000015
:10AB400000000000000000000400000000000811E8
:10AB50000002008405000090100000000000008347
:10AB60000000C0100000842000C000000320200866
:10AB70001000050021014110104000404120000854
:10AB80000500008420C0100500001102408410C19F
:10AB900080000400410441C0410000400520100035
:10ABA000800010004000000140011000400010042F
:10ABB0001000000000010000000000000000000084
:10ABC0000000000000000000000000030000000082
:10ABD00001A00003000000100010000000000000B1
:10ABE00000020000050000100591A00000201010D8
:10ABF000C1108420C00000400011000000850080CA
:10AC000040110000000000000010000000400100A2
:10AC1000102008008308000000080400A0000000C5
:10AC2000000004000000010000400140000001009D
:10AC30000000000000000210000000000000000002
:10AC40000000000000000000000000000000000004
:10AC50001000108400008010400000080010040064
:10AC600000209010090004210004840920402000E5
:10AC70000004040021C041900000000821001008D9
:10AC800002C111100000108200021020000080900C
:10AC90000090210204110020034000020004100073
:10ACA00020820002090200900000000221900000B2
:10ACB0000800000200020000000000020000000086
:10ACC0000000000000000000000000000000C000C4
:10ACD00020041000000000000205C0400010000029
:10ACE000000000804005020001A002000520048051
:10ACF0000004020400200000000900200008900069
:10AD0000000010048883C000000088910204000045
:10AD100002008400828000900080000020892000D2
:10AD200002091004908004800000A00088911000A7
:10AD30000000C000828000800000000090800004BD
:10AD40000000000000000000000000000000000003
:10AD50002040004021880888208400400004211001
:10AD600000830802850900058300200000004000E0
:10AD70008003040240030041000380021002000926
:10AD80008011A14080100400008380000084040929
:10AD90000000800380040089844180830284118440
:10ADA0002040800300098082008880030004400264
:10ADB000001080034104004100208003800405103E
:10ADC0000000000000000000000000000000000083
:10ADD00000000140008821890109000200400005AF
:10ADE000004100038888C09000000940A1880088C5
:10ADF000002084A141830004000310000801000129
:10AE00009000908984A140C0000800038490A0882D
:10AE100090020000909184A1028890A0900510A15A
:10AE2000A040010190C10008408900409001040148
:10AE3000000000009001000100010001900190015C
:10AE40000000000000000000000000000000000002
:10AE50000000000085010801200090051101840018
:10AE6000A1088340048991880441010840018400BD
:10AE70000500C1C0000000C00009010004009000EE
:10AE800089210200A10008C1C10091C1880140C010
:10AE90001100210500008800A00541009105040073
:10AEA0000801410001C1908210012188099102002E
:10AEB000A0C10100A1010100000101000101000089
:10AEC000010100A0010100000000000000000000DE
:10AED00000000000000011038805080002919002A4
:10AEE000C0000580200080830240882110908910D6
:10AEF0004100900020800000048008C010089000ED
:10AF0000110005820400A0038004900003030010D8
:10AF100020089000838300000405A0041000038330
:10AF200080058004840003830005410410848303AA
:10AF30008000030410000303080009041000030349
:10AF40000000400402800305000000000000000033
:10AF5000000000000000000011400010091108026C
:10AF60000908094000214040409000058020411020
:10AF700000218089809080820984050880028210E7
:10AF800008000088212100400009009121000003F1
:10AF900080000011A1829183000080008011831045
:10AFA000800380800011A088808380C00011091177
:10AFB00000838010009121910083800400112140C2
:10AFC0000003C185000440C0808300000000000031
:10AFD000000000000000000000000000822188083E
:10AFE0000091000108009000000001049091048885
:10AFF000000100118803A0848888000311A00221A9
:10B0000090A10082004000020021008890212000D1
:10B0100000918200020910089021000082C00841BE
:10B02000040090918204020310419083A011C0217A
:10B0300082100009104000410104C009A000000175
:10B040000101C001820200A0010390830000000002
:10B050000000000000000000000000008200040169
:10B060000200100002014001C00140A088009110C0
:10B0700001000411100000880400C0880110019034
:10B080000101000000000002000101A08284840090
:10B09000020010008304A1004001A100000083020F
:10B0A000900002000900090284014101002183206F
:10B0B00004000401C10001020100000001010100BF
:10B0C0000000000001000108010001000100000073
:10B0D00000000000000000000000000000008000F0
:10B0E00000050041000000050005002000000921C6
:10B0F00010800904888900050085800980001000FF
:10B10000200009212000400211C02110400084804D
:10B1100010090900000083000400804011000000B5
:10B12000830010000000910083820908A110419063
:10B130008300880000401100032004000002111069
:10B1400003001100100011000380400002001100F4
:10B1500000000000000000000000000000000000EF
:10B160000A000013000006000000000000000000BC
:10B1700000500013C2000A0000000013000021006C
:10B1800000500000C200000000000000C2000000EB
:10B190000A480013040000480A480013040021482C
:10B1A00000008148001304002148004800130400F7
:10B1B00021480A4800130400004800480000040029
:10B1C00000480048000004000048414800130440C3
:10B1D000210000000000000000000000000000004E
:10B1E000000000000000E724E724000000003F3FCB
:10B1F0006F60663C663C3C000F0F00000000BFB96A
:10B200002F296FBD6F240F003C3C76306600000F85
:10B2100000000FF0F00FCCCCFFFF3CC3FF000FF09D
:10B22000FFFF00003CC3FFFF0FF0FFFFCC33FFC365
:10B230000FF0FFFFA55AFF99CC33FFC33CC3FF00BB
:10B24000CC333CFF33CC000F33CC003CCC330FFF6E
:10B2500033CC0303000000000000000000000000E9
:10B2600000000000000000003F3F0303000000005A
:10B2700030306F600FFF0F003C000F0F0000000028
:10B28000B6B0262009BD09240F003C3C763066008C
:10B29000000F00000F0FF0F03333C3C3C33CFFFFB8
:10B2A000F00F00FF0000C33C00FFF00F00FFCC33A5
:10B2B000FFC3F00F00FFA55AFF99CC33FFC3C33C77
:10B2C000FFFFCC333CFF33CC000F33CC003CCC33FE
:10B2D0000FFF33CC0303000000000000000000005B
:10B2E000000000000000000000000000000000005E
:10B2F000000000000000000000000000000000004E
:10B30000000000000000000000000000000000003D
:10B31000000000000000000000000000000000002D
:10B32000000000000000000000000000000000001D
:10B33000000000000000000000000000000000000D
:10B3400000000000000000000000000000000000FD
:10B3500000000000000000000000000000000000ED
:10B360000000000000000000E7E730F3666600FF21
:10B37000607EF97E3C3C666600FF7878FFFF00F057
:10B3800000000000000000009FFF2CBCFFFF00F049
:10B390003C00FCF020FF3CFFF00F0FF0BDBD5AA5B4
:10B3A000F3F3AAAAFFFF0FF00000F3F3CC33F3F39B
:10B3B000CC33F3F3CC33FF669966FF3CCC33FFFF0D
:10B3C0000FF0F3F3CC33FFFF0FF0C0C033CCF3F337
:10B3D000CC33FFFF0FF0FFFF0FF000000000000074
:10B3E00000000000000000000000242430F33C3C7A
:10B3F000F0F06018F91800FFF0F090F63C3C000007
:10B4000000F0000000000000020000602CBC000002
:10B4100000F00000F0F020FF20FFF00F0FF0BDBDA6
:10B420005AA5F3F3AAAA0F0FF00F0000F3F3CC33E1
:10B43000F3F3CC33F3F3CC33FF666699FF3CCC33A4
:10B440000F0FF00FF3F3CC330F0FF00FC0C033CC5E
:10B45000F3F3CC330F0FF00FFFFF0FF000000000ED
:10B46000000000000000000000000000008600E076
:10B47000038800000086006000B8008001860A9CF6
:10B4800000800000008600200090008000860A7C7A
:10B4900000B000000086007000B00000028601F6D7
:10B4A0003B8908A3C586CAF63B8908A30000C58668
:10B4B000CAF63B8908A3C586CA96388908A3C586FB
:10B4C000CAF63B8908A3C586CA7638B908A3C50061
:10B4D000CA16380908A3C586CA763B395040000011
:10B4E0000000000000000000000000000000ACAC04
:10B4F000FF005555000FFCEBC0EB000000000028DA
:10B50000000000100010A0A0A0A0000F000F00007D
:10B5100000005C5C0FFF000000003C3C3DFFFDFDB7
:10B52000BF10FFFF0C0C3E34FFAFFFFF000F000009
:10B53000FFF57C2CFFFF0C0C000000002020001009
:10B54000FFF3BA8A00FF0C0C0000000000003C3C36
:10B5500000000000000000000000000005000000E6
:10B5600000000000000000000000000000000000DB
:10B570003C3CFA0A5555000FFC28C028000000008A
:10B580000000000000000000BCBCACAC000FFCFFE1
:10B59000000000005C5C00F0000000003C3C3D3C12
:10B5A0000808BF1000000C0C3E3450000000000FD3
:10B5B00000000A007C2C00000C0CA00000002020E1
:10B5C00000000C00BA8A00FF0C0C000000000050C4
:10B5D0003C7C0000000000000000000000000504AA
:10B5E0003C3C0000000000000000000000000000E3
:10B5F0000000FF00F0F03C3C000FEBFC28FC0ABE12
:10B600005FBE5000000000100010787878780A02C1
:10B610000A00000000000000000000000000555576
:10B6200000FFAF3FA03F3C3C000FFDD5BC9400FFA6
:10B630000C0C0000FCBEFC820F0F003C5000000010
:10B64000000000007878FF553C3C000F000000002F
:10B6500003030000000000000000000000000000E4
:10B6600000000000000000000000000000000000DA
:10B6700000000000AAAA3C3C3C3C000FEBC028C0E4
:10B680000A145F140000000000000000FF55AA002B
:10B690000A000A000000E320000000000000000093
:10B6A0000F0F3C3CAF30A0303C3C000FE9C1A880FC
:10B6B00000FF0C0C0000C0BEC0820F0F003C000059
:10B6C0000000000400047878AA003C3C000F000051
:10B6D00000000F0F0C0C0000000000000000000034
:10B6E000000000000000000000000000000000005A
:10B6F00000000000000020040400410404000000D9
:10B70000040004002100000091001100110000401D
:10B7100021000420042000008000000004202010EC
:10B7200040088400841040000020402011002000C8
:10B730000000112084C0000000020002000400008C
:10B7400084000002000200000002000500038041A6
:10B7500000000000000200000000000000000000E7
:10B7600000000000000000000000000000000000D9
:10B7700000000000000000000100000000000000C8
:10B7800000000100010000000000020000000000B5
:10B7900000800000010001800000400000040080E3
:10B7A00000000500410008000100828001800010B7
:10B7B00000000000000004000000008000A1000064
:10B7C00004000200008000802000008000840084CB
:10B7D0004084000020000000000000000000000085
:10B7E0000000000000000000000000000000000059
:10B7F0000000000000000000000000000400000045
:10B8000000000000210021000001800000008000F5
:10B8100040000008000080020002000102008000D9
:10B8200000910001000000820401000000000000FF
:10B830000000000000000000000000C00020002008
:10B8400000200020000100000000000100000000B6
:10B850000000000100000001000100010000008460
:10B8600000000000000000000000000000000000D8
:10B8700000000000000000000000000000000000C8
:10B880000000000000000000000000204008000050
:10B8900040000100A0000000048000800040A100E2
:10B8A00004000020C040A00004100120000000009F
:10B8B00000002021200000000000A0000000008007
:10B8C0000080008000800002880900200002000043
:10B8D00000000000040204000004A00400040000B2
:10B8E0000000000000000000000000000000000058
:10B8F00000000000000000000000000000008000C8
:10B90000000085008000400005000020002000A00D
:10B9100000C0000202000008000000000800000053
:10B92000002083028000850004C000000001110097
:10B930002100000000014101401100200000000032
:10B940002140000000401140800000000200000083
:10B95000200040021001200000014101000102000E
:10B960004100000003000008000000020000000089
:10B9700000000000000000000000000000000000C7
:10B980000400000004110410001000410090821017
:10B9900000000002000001004002040584000102D2
:10B9A00010000000048008004000020300050202AD
:10B9B0000041104110001002042010200890C00027
:10B9C0000000008900038480008002210000110033
:10B9D00010000100C1800004110090040004000464
:10B9E0000100000082000000000000000080000054
:10B9F0000000000000000000000000000000000047
:10BA000000008440A0002040202089002000000089
:10BA100085000000000100000040040200091183BD
:10BA20008000110110A000820483030002012000A5
:10BA3000A0000400890080002020000020000000F9
:10BA4000008800000000099004000400000010A01D
:10BA50000800000510900000000400000000000035
:10BA600009002000000000000000000000000000AD
:10BA70000000004000000000000000000000000086
:10BA8000000000002100050005000180040089007D
:10BA9000000004000000000200110080008000028D
:10BAA0008820080000020000020011100000014080
:10BAB00000000800010004000400908084000011D0
:10BAC00000000009000000200000000010400000FD
:10BAD0000000000000400000000000000000000422
:10BAE0000040000010000000000000000000000006
:10BAF0000400000000000000000000000000000042
:10BB0000000000000000040080010000200080858B
:10BB1000800203A080024102000041C0211008C041
:10BB20000040008804830000100010C000030000E3
:10BB3000058200000000008204000400008900C0AB
:10BB40000501000000C0000000000000000200022B
:10BB50000400002004000000000841000000210053
:10BB60000000000010002100000000000000800024
:10BB70000000800000000000000000000000000045
:10BB8000000000000000000090102020A000010232
:10BB900004040400000020000421840004210000AB
:10BBA000000200801000C01000001000000008908B
:10BBB000C0110010840200004040090009009020DC
:10BBC00000219002101100100000C000C000008091
:10BBD000C0809100C0001100840988008820840082
:10BBE000002100000021080000219000000000203A
:10BBF000100010004000C000000000000000000025
:10BC00000000000000000000000000001000030021
:10BC1000100000C020402088000000002100218486
:10BC200000824188800000080200040004A011C0C6
:10BC300002820000048211009100C108200000006F
:10BC400000821102410020020002000000400000BA
:10BC500000000900002020200920C0200020001042
:10BC6000000000200000008408042104000000906F
:10BC7000004000040000000000000001000000007F
:10BC80000000000000000000000000000000101193
:10BC900000000000000000000100000000000000A3
:10BCA000000000000000022100000000000002006F
:10BCB0000000000000000200000004000400C000BA
:10BCC00000002000008000000080008000000000D4
:10BCD0000000000000210080008000C002840000FD
:10BCE00000910004820000000000000010800000AD
:10BCF0000000000000000000000000000004000040
:10BD000000000000000000000000000000000282AF
:10BD10000010038811052020000583A003080803F4
:10BD20000440200000000083000080800089008320
:10BD30000080A1C100800003808080A0000000037B
:10BD400000800900000500030040A0000080000002
:10BD500080830000A100008400039000A00000C1C7
:10BD60000203A010031141400002000921404103D9
:10BD700000000000000000000000000000000000C3
:10BD800000000000000000000000000000000000B3
:10BD900001410089880200A0080484841003000087
:10BDA0000401890001000000000390C02088000801
:10BDB000000900402188004000918420208800A0D4
:10BDC00000050008A04000A0C0A12021040400023A
:10BDD00000000409A0841108001000012108C08897
:10BDE00000020101110100000100000182000101B7
:10BDF0000000000000000000000000000000000043
:10BE00000000000000000000000000000000000032
:10BE100000000400C0824040400040008420110027
:10BE2000002000000000000001C00001840090001C
:10BE3000910488018404100021A1080088002000DA
:10BE4000914005000800400021A004000484040083
:10BE50000508000003908400109089002000200055
:10BE60002082210000000182000201000100000088
:10BE700000090000000000000100010000000000B7
:10BE800001000101000000000000000000000000AF
:10BE900000000000C005C00041880005A1080500A1
:10BEA000A041200004020000000003800003800085
:10BEB0000000038000208000800083112104000026
:10BEC000000003800904800080008300004180009E
:10BED000000003800000A000000080000308800034
:10BEE00000000080830008001080414103004000F2
:10BEF000050009C02141410004002000200000008D
:10BF00000300210003090000000000000000000001
:10BF1000000000000000004000800210880541C1C0
:10BF2000800900200890000000000000000380004D
:10BF300000408080000300000080C008000300A0D3
:10BF40000080000000030083800000800003008068
:10BF500080808410000300000080908000410083F6
:10BF600000001105008000830202009041910583CA
:10BF7000000500851009A02100000000000000005D
:10BF800000000000000000000000000000000000B1
:10BF90000000000000000000000800C0088904A0A4
:10BFA000004004002011210200C000200010008584
:10BFB0000200020902100091000010080988002107
:10BFC000000240100200002100209084000400A123
:10BFD00000104004A0040405000000040504828849
:10BFE00090110008008800848403C121000300042C
:10BFF0000083008200100104200400000000000003
:10C000000000000000000000000000000000000030
:10C01000000000000000000000009083C0088200C3
:10C020008800080200840201030204028400040064
:10C030008800838421842001400883848200820058
:10C040000200838484000400C00041900500900039
:10C0500000908304C0008200C02000000120000086
:10C06000000000080101008800000090014001412B
:10C0700000000100000001020100000000000000BB
:10C0800000000000000000010000000000000000AF
:10C090000000000000000000000000001102808885
:10C0A0000505080005914120A02190801180000025
:10C0B000000000008380A00000408000838000001A
:10C0C0000005800083800800000000000300A0003D
:10C0D0000000000003C18000000500000000030311
:10C0E000090000000080031004800021000003808C
:10C0F000108411022000040041051000050000001A
:10C1000000090041000000000011000200000000D2
:10C11000000000000000000000000000000000001F
:10C120000013C200000000000013C2000000000065
:10C130000000000000000A000013000081000A0057
:10C1400000130000000006000013000000000000C3
:10C1500000130000000000000013000000000000B9
:10C160000000001300000000000000130000008128
:10C1700000500000C200420000000000C2000000A9
:10C18000000000000000000000500000C20000009D
:10C19000000000000000000000000000000000009F
:10C1A00000000808000014000404040F000C141C14
:10C1B000FFFF0000FFFFAAAAFFFFFF00FFFFF0F054
:10C1C000FFFF0000FFFFFF00FFFFFF00FFFFC3C3F3
:10C1D000FFFFFF00FFFFC3C3FFFF0000FFFFFF00E3
:10C1E0000000FFFFFF00FFFFFF00FFFFFF00FFFF5A
:10C1F000F0F00A0F080C00CF00450004000000001A
:10C200000C00000000000000000000000000000022
:10C21000000000000000000000000000000000001E
:10C220000000000000000000000004040404000CF2
:10C23000000CFFFF0000FFFFAAAAFFFFFF00FFFFA7
:10C24000F0F0FFFFFFFFFFFFFF00FFFFFF00FFFF1A
:10C25000C3C3FFFFFF00FFFFC3C3FFFFFFFFFFFFDD
:10C26000FF000000FFFFFF00FFFFFF00FFFFFF00D8
:10C27000FFFFF0F00000080C000000450004000083
:10C2800000000000000000000000000000000000AE
:10C29000000000000000000000000000000000009E
:10C2A000000000000800000010001000BA3030301C
:10C2B000FF20000000FFFFFFC3C3FFFFC3C3FFFF5A
:10C2C0000000FFFF0F0FFFFF0000FFFF0F0FFFFF3A
:10C2D000C3C3FFFFC3C3FFFFC3C3FFFF00FFFFFFD5
:10C2E0000000FFFF0000C3C3FFFFC3C3FFFFC3C3C2
:10C2F000FFFFFFFF0000A00030002028303C0000BE
:10C3000020000020000000000000AA00AE0C000089
:10C310000000A000F0F0000000000000000000009D
:10C320000000000000000800000000000000000005
:10C3300000002020000000FFFFFFC3C3FFFFC3C3B6
:10C34000FFFFFFFFFFFF0F0FFFFFFFFFFFFF0F0FBD
:10C35000FFFFC3C3FFFFC3C3FFFFC3C3FFFF00FF54
:10C36000FFFFFFFFFFFF0000C3C3FFFFC3C3FFFFCB
:10C37000C3C3FFFF00000000A0A030302028000051
:10C38000000020000020000000000000AA00AA0019
:10C3900000000000F050A0A000000000000000001D
:10C3A00000000000000000000086009000800000F7
:10C3B000008600900080000002C6016000B4494081
:10C3C00002C701E00384494002C701E003844940F9
:10C3D00002C701E00384494002C70180008449404C
:10C3E00002C7018000844940000002C701E000B498
:10C3F000494002C701C000B451400886047C00B225
:10C4000000100086007000B0000000000000000076
:10C4100000000000000C0000001000000000000000
:10C4200000000000000000000000FF080808141FC2
:10C43000000F0808000000000028000000000FFFA7
:10C440003535BABAFF0300FF0F0FFCC0AAAA555535
:10C45000000FAAAAFCC0C3C3CFCFFF000000053D58
:10C46000003CFF00200000000C5D00000000000008
:10C470000055C0D5000000000004001500000000B9
:10C480000000F3F300000000000F000F00000000A8
:10C49000000000000000000000000000000000009C
:10C4A000000000000000000000000000FF08080875
:10C4B000141F000F00000000000000000000000139
:10C4C00000F035358A8AFC0000FF0000F0F0EB2810
:10C4D0005555000FB2B2FF0000000C0CFFA0A0A049
:10C4E000053D003C20002000000000550000000039
:10C4F0000000005500550000000000000000000092
:10C5000000000001FFFF00000000141F000F0000EA
:10C51000000000000000000000000000000000001B
:10C520000000000000000000000000000000FFC04C
:10C53000C0C000000F0F0A00000000000000000053
:10C54000000000000000AAAAF0F00F0F0055FCBE8A
:10C55000FC820F0F003CFCFCC0C03C3C000FF28290
:10C56000F00014001F0FF8F0280000000C5D000020
:10C57000F0F40014202020FFFC30FC3000FF00FB12
:10C5800000000000000000000000000000000000AB
:10C59000000000000000000000000000000000009B
:10C5A000000000000000000000000000000000008B
:10C5B000FF000000003C0F3F0000000000040004EA
:10C5C0000000000000000000FF003C3C0F0F005581
:10C5D000C0BEC0820F0F003CEB28EB283C3C000F94
:10C5E000F282F00014001F0F000000000000005550
:10C5F0000000F0F00000000000FFFC30FC3000BF45
:10C6000000FF00000000000000000000000000002B
:10C61000000000000000000000000000000000001A
:10C62000000000000000000000000000000000000A
:10C630000000000004002100400000000000000095
:10C640000000210000000400210000C000000000E4
:10C650000000000000001100400000002000000069
:10C660002000040000002000000000004000000046
:10C67000000000000000002000C0110000000000C9
:10C68000002000000020000000000000000000006A
:10C69000000000200000000000000000000000007A
:10C6A000000000000000000000000000000000008A
:10C6B000000000000000000000000000000000007A
:10C6C000000000000000000000000000000000006A
:10C6D000000000000000000000000000000000005A
:10C6E0000000020000000000000000000000000048
:10C6F00000000000000000000000002000000020FA
:10C7000000000000000000008400000000000000A5
:10C710000000000000000000000000000000000019
:10C720000000000000000000000000000000000009
:10C7300000000000000000000000000000000000F9
:10C7400000000000000000000000000000000000E9
:10C7500000000000000000002000000000000000B9
:10C7600000000000000000000000000000000000C9
:10C7700000000000000000000000000000000000B9
:10C7800000000000000000000000000000000000A9
:10C790000000000000000000000000000088000011
:10C7A0000000000000000000000000000000000089
:10C7B0000000000000000000000000000000000079
:10C7C0000000000000000010000000000000000059
:10C7D000000000000010001040000000A000040055
:10C7E000000000000000000800000000040000003D
:10C7F0000000000000410041000000000000C009EE
:10C800000408000000000000000000090000000013
:10C8100000200020000000000000000000000000D8
:10C820000000000000000000000000000000000008
:10C8300000000000000000000000040000000000F4
:10C840000000050000000000090000A00400000036
:10C8500040000082100000000400000040001000B2
:10C860001000050011004100000000000000210040
:10C8700000000500000000000000000000000000B3
:10C8800005000500000011900000000000000800F5
:10C890001000080000001002000005000000000069
:10C8A0000000030000000200410000000000000042
:10C8B0000000000000000000000000000400000074
:10C8C0000000000802050208824102080041000041
:10C8D000000300020000C02100000000824100416E
:10C8E00000108402820090000009002184100008DA
:10C8F00082008200901000000000C02100000000B3
:10C9000000001000000200000005002010000003DD
:10C910008400A00084210000C0000000000000008E
:10C920000000000000000000000000000000000007
:10C9300000000000000000000000000000000000F7
:10C94000000000000002000002820300000000005E
:10C9500000004000000000004104410000004002CF
:10C960001000200400A000A0000409000440000002
:10C97000000000001004000400400040000400001B
:10C98000004000000004000000041004000000400B
:10C9900000000000008800000004002009000000E2
:10C9A000002000040004004000040000000000001B
:10C9B0000000000000000000000000000000000077
:10C9C0000011000000000000000000000000040052
:10C9D0000000022000000008000004009000400059
:10C9E00040112000024000080000C00402110004B1
:10C9F00000000003200000030003000000000220EC
:10CA000000000021400000002020900910000011CB
:10CA1000104000000000000020000000200820005E
:10CA20002000000000000000200090000000000036
:10CA300000000000000000000000000000000000F6
:10CA400000000000000000001000000000000000D6
:10CA5000000000000082000000000000050000004F
:10CA60000082000010000000001005C0000000005F
:10CA7000082000000000000000100000000000007E
:10CA800000000000000000000000000000000000A6
:10CA90000000000000000000000000000500000091
:10CAA0000000000000000000000000000000000086
:10CAB0000000000000000000000000000000000076
:10CAC00000000000000504400000400804000008C9
:10CAD0000003001100000002000000000000000040
:10CAE00008000021400002000011040000000011B5
:10CAF00000020000C000C000C00088000200002149
:10CB000084004003000084218400041104030020F9
:10CB10000000002110000000000300218421020019
:10CB2000C0000002900000000200000010000000A1
:10CB300000000000000000000000000000000000F5
:10CB400000000000000004000000000000000000E1
:10CB50000000000000000000200000000000009025
:10CB6000000000002000400020820000404009003A
:10CB700000000000000421900000090000400400B3
:10CB80002000410004000000000000080000002018
:10CB9000008810000000100010000000009011003C
:10CBA0000000000000020002000000000000000081
:10CBB0000000000000000000000000000000000075
:10CBC000000000000000000000000000000900005C
:10CBD0000040000802000008000000000000000003
:10CBE0008841000000000000000040030200042112
:10CBF00084008404040084000004002000208820B5
:10CC000000000405000004000000000900200008E6
:10CC100000020000100020002009000000000000B9
:10CC2000840000080000000800000004000000006C
:10CC300000000000000020002000000002000000B2
:10CC400000000000000000000000000000000000E4
:10CC500000000000000000000000000000000000D4
:10CC600000000000000000000000000000000000C4
:10CC700000000000000000000000000000000000B4
:10CC800000000000000000000000000000000000A4
:10CC90000000000000000000000000000000000094
:10CCA0000000000000000000000000000000000084
:10CCB0000000000000000000000000000000000074
:10CCC0000000000000000000000000000000000064
:10CCD0000000000000000000000000000000000054
:10CCE0000000000000000000000000000000000044
:10CCF0000000000000000000000000000000000034
:10CD00000000000000000000000000000000000023
:10CD10000000000000000000000000000000000013
:10CD20000000000000000000000000000000000003
:10CD300000000000000000000000000000000000F3
:10CD400000000000000000000000000000000000E3
:10CD500000000000000000000000000000000000D3
:10CD600000000000000000000000000000000000C3
:10CD700000000000000000000000000000000000B3
:10CD800000000000000000000000000000000000A3
:10CD90000000000000000000000000000000000093
:10CDA0000000000000000000000000000000000083
:10CDB0000000000000000000000000000000000073
:10CDC0000000000000000000000000000000000063
:10CDD0000000000000000000000000000000000053
:10CDE0000000000000000000000000000000000043
:10CDF0000000000000000000000000000000000033
:10CE00000000000000000000000000000000000022
:10CE10000000000000000000000000000000000012
:10CE20000000000000000000000000000000000002
:10CE300000000000000000000000000000000000F2
:10CE400000000000000000000000000000000000E2
:10CE500000000000000000000000000000000000D2
:10CE600000000000000000000000000000000000C2
:10CE700000000000000000000000000000000000B2
:10CE800000000000000000000000000000000000A2
:10CE90000000000000000000000000000000000092
:10CEA0000000000000000000000000000000000082
:10CEB0000000000000000000000000000000000072
:10CEC0000000000000000000000000000000000062
:10CED0000000000000000000000000000000000052
:10CEE0000000000000000000000000000000000042
:10CEF0000000000000000000000000000000000032
:10CF00000000000000000000000000000000000021
:10CF10000000000000000000000000000000000011
:10CF20000000000000000000000000000000000001
:10CF300000000000000000000000000000000000F1
:10CF400000000000000000000000000000000000E1
:10CF500000000000000000000000000000000000D1
:10CF600000000000000000000000000000000000C1
:10CF700000000000000000000000000000000000B1
:10CF800000000000000000000000000000000000A1
:10CF90000000000000000000000000000000000091
:10CFA0000000000000000000000000000000000081
:10CFB0000000000000000000000000000000000071
:10CFC0000000000000000000000000000000000061
:10CFD0000000000000000000000000000000000051
:10CFE0000000000000000000000000000000000041
:10CFF0000000000000000000000000000000000031
:10D000000000000000000000000000000000000020
:10D010000000000000000000000000000000000010
:10D020000000000000000000000000000000000000
:10D0300000000000000000000000000000000000F0
:10D0400000000000000000000000000000000000E0
:10D0500000000000000000000000000000000000D0
:10D0600000000000000000000000000000000000C0
:10D0700000000000000000000000000000000000B0
:10D0800000000000000000000000000000000000A0
:10D090000000000000000000000000000000000090
:10D0A0000000000000000000000000000000000080
:10D0B0000000000000000000000000000000000070
:10D0C0000000000000000000000000000000000060
:10D0D0000000000000000000000000000000000050
:10D0E0000000000000000000000000000000000040
:10D0F0000000000000000000000000000000000030
:10D10000000000000000000000000000000000001F
:10D11000000000000000000000000000000000000F
:10D1200000000000000000000000000000000000FF
:10D1300000000000000000000000000000000000EF
:10D1400000000000000000000000000000000000DF
:10D1500000000000000000000000000000000000CF
:10D1600000000000000000000000000000000000BF
:10D1700000000000000000000000000000000000AF
:10D18000000000000000000000000000000000009F
:10D19000000000000000000000000000000000008F
:10D1A000000000000000000000000000000000007F
:10D1B000000000000000000000000000000000006F
:10D1C000000000000000000000000000000000005F
:10D1D000000000000000000000000000000000004F
:10D1E000000000000000000000000000000000003F
:10D1F000000000000000000000000000000000002F
:10D20000000000000000000000000000000000001E
:10D21000000000000000000000000000000000000E
:10D2200000000000000000000000000000000000FE
:10D2300000000000000000000000000000000000EE
:10D2400000000000000000000000000000000000DE
:10D2500000000000000000000000000000000000CE
:10D2600000000000000000000000000000000000BE
:10D2700000000000000000000000000000000000AE
:10D28000000000000000000000000000000000009E
:10D29000000000000000000000000000000000008E
:10D2A000000000000000000000000000000000007E
:10D2B000000000000000000000000000000000006E
:10D2C000000000000000000000000000000000005E
:10D2D000000000000000000000000000000000004E
:10D2E000000000001100000000004100114000009B
:10D2F0001100042100000000000000A00000001048
:10D30000000040400008402080102020000900005C
:10D310008011400400000001000000010000000036
:10D32000204100C10000000000000000040100C115
:10D3300000018041800100010001000100010000A6
:10D34000000000C00000000000000000000000001D
:10D3500000000000000000000000000000000000CD
:10D3600000000000000000000000000000059080A8
:10D370000000000001A0000000000000C00000004C
:10D380000000002100800080908020000180008843
:10D390000000400200800000004000050040000046
:10D3A00000009084004000000000000000000040E9
:10D3B0000040004002C00204000400040004000415
:10D3C0000000000500000000000000000000000058
:10D3D000000000000000000000000000000000004D
:10D3E000000000000000000000000000000000003D
:10D3F000000000000000000000000000000000002D
:10D400000000000000000000000080000000000399
:10D410001085000000000000000000000004000073
:10D42000000000010000000000C000010001000039
:10D4300000000000000000410000000000000000AB
:10D4400000000000000000000000000000000000DC
:10D4500000000000000000000000000000000000CC
:10D46000000000000000000000000010001000009C
:10D47000000000000000000000000010001000107C
:10D4800000100000000000008800001010100000D4
:10D490000002010800000400040000080008000861
:10D4A00000080000004000000000000000200020F4
:10D4B000002100000000000000C00000000000008B
:10D4C000000000000000000000000000000000005C
:10D4D000000000000000000000000000000000004C
:10D4E000000000000000000000000000000000003C
:10D4F00000000000000000010000081040000000D3
:10D5000000002100000000A00008004000010040D1
:10D51000090100040088208280112000008400009E
:10D52000004000820082000000840582000000822A
:10D53000000000010001000000A182410000000085
:10D5400000001140000000000000009000000000FA
:10D550000000008810000000000000000000000033
:10D5600000000000000000000000000000000000BB
:10D5700000000000001000100040000001830000C7
:10D580000000000000000005000000000000002076
:10D5900000000020008010000100200401000000B5
:10D5A000000000000000000000000000000000007B
:10D5B00000000000002000200000000403C0000064
:10D5C00000000000008000000000000000000000DB
:10D5D000000000000000000000000000000000004B
:10D5E000000000000000000000000000000000003B
:10D5F00000000000000000000000024004000000E5
:10D600000000030000000200000000000000000015
:10D610000000000080014000000000004000000108
:10D6200000002000000000000000200000000000BA
:10D6300000000000000000001000000000000201D7
:10D6400000000000000000000000000000000000DA
:10D6500000000000000000002100000000000000A9
:10D6600000000000000000000000000000000000BA
:10D6700000000420000000200000000001800100E4
:10D68000000000000000000000000020C000C000FA
:10D6900000021009C0112002C10000020011211077
:10D6A0000040000000040004000000000000020030
:10D6B0000000000000210000000002002000002007
:10D6C00001401000400000030000C0000000000006
:10D6D0000000000200000000000000040004000040
:10D6E000000000200000000000000000000000001A
:10D6F000000000000000000000000000000000002A
:10D700000400000100000000000000000000000014
:10D71000090000000000000000001000008400006C
:10D720000301008400000000050000000000050067
:10D73000000090000000030410000300000400003B
:10D740000000004100000000000000000000000098
:10D7500000000000000000000000000000000000C9
:10D7600000000000000000000000000000000000B9
:10D770000000000000000000000000000000001099
:10D780000000010000100000000000000000000088
:10D7900000000000000000000000000000409000B9
:10D7A00000008240000000000000000000090000AE
:10D7B000000000002000000000800000000000C009
:10D7C0008400000000840000000000000000000051
:10D7D0000000000010000000000000000000000039
:10D7E0000000000000000000000000000000000039
:10D7F0000000000000000000000000000200000027
:10D80000020000000000000000000084000000088A
:10D810000000040004004000000090200090000080
:10D8200000400004020200900000200005000400F7
:10D83000000400020002000200001188000400043D
:10D840000000000400A002840000000000A000907E
:10D850000040000000040000000000000000000084
:10D8600000000000000000000000020000000000B6
:10D870004100000000000000000000000000000067
:10D88000400001080003000800080000000000003C
:10D890000000000002000021880000041141201156
:10D8A00008000004008010400000900520000000E7
:10D8B0000000000000000011840300000000008947
:10D8C0000080200900808800890000040000000812
:10D8D000040040000000000900009040000090405B
:10D8E000020202000000880088040200000000001C
:10D8F0000000000000000000000000000000000028
:10D900000000000000800080008000000000000097
:10D9100000000000000080002000000080030004E0
:10D9200088A008021141A0204103004100008000AE
:10D93000410000000000080010000000000000038B
:10D94000800903000000800300091100008000032B
:10D9500000090000000000000000000000000000BE
:10D9600000000000000000000000000000000000B7
:10D9700000000000000000000000000000000000A7
:10D98000000000000000000200024088004000008B
:10D9900000000000000000000200000000000491F0
:10D9A000880811030004000040010000000100008D
:10D9B0004000000000000000900001000000000096
:10D9C00000018201200000000489028300820020FF
:10D9D0000001000100000000000000000000000045
:10D9E0000000000000000000000000000000000037
:10D9F0000000000000000000000000000000000027
:10DA000000000000000000008400900140009085AC
:10DA100000A0000000000000000000000000000066
:10DA20001000409005009082000004820440000035
:10DA300000010000000000829000A000A14041C150
:10DA400000000008000001080101200102001190FF
:10DA500041C140004000A100410100000000000061
:10DA600000000000000000000000000000000000B6
:10DA700000000000000000000000010000000000A5
:10DA800000A00000000000000000000300050000EE
:10DA90000011000000000000000000000000000075
:10DAA00000008020A100210941C005004000418004
:10DAB00005000010000000000080000500002100AB
:10DAC00003890000008000002180030900408000DD
:10DAD000210083098000800021000309000000006C
:10DAE0000000000000000000000000000000000036
:10DAF0000000000005000000000000002000000001
:10DB00000000000000000000000000000080800015
:10DB10008000000000000000000000000000000085
:10DB200000000080400000050541A0210290002077
:10DB3000414100850000008000800080000000005E
:10DB400040890080000000000900008980030080F7
:10DB5000808010898003000000000009000300009D
:10DB600000000000000000000000000000000000B5
:10DB700000000000000000000000000000000000A5
:10DB80000000000000000000000000000000001085
:10DB90000840028200900000000000000000002009
:10DBA000004000400008010882A12004919001106B
:10DBB00000200040001000C00002000200020088A7
:10DBC00000880003001000000020000200C1088946
:10DBD000000440C009852091000000000001000100
:10DBE0000000000000000000000000000000000035
:10DBF0000000000000000000000000000000000025
:10DC00000000000000000000000000000000000014
:10DC100082820200A0000800000000000000000056
:10DC200000000000000000009008848221010840EC
:10DC3000000000080000000020009000900090000C
:10DC400082C184A0C00020200000018801200000C3
:10DC50000000838909008400202001880100000061
:10DC60000082000000000000000000000000000032
:10DC700000000000000000000000000000000000A4
:10DC80000000000000000000000000000000000094
:10DC90000000808000000000000000000000000084
:10DCA00000000000000000000000094020808921E1
:10DCB000A0004100058003032000000000000000D8
:10DCC00000000003000080008080000003800480CA
:10DCD0000000000003C004008000808003A1040055
:10DCE00000000080000000000000000000000000B4
:10DCF0000000000000000000000000000000000024
:10DD00000000000000000000000000000000000013
:10DD1000000000000A0000130000110000000000D5
:10DD2000000000000000000000000000008200135E
:10DD3000C200425000000000C200000000000000CD
:10DD40000000005000880000C20082000000004275
:10DD50000013C200420000420000C2000000004266
:10DD60000000C200005000000000000000000000A1
:10DD700000000000000000000000000000000000A3
:10DD80000000000000000000000000000000000093
:10DD90000000000000000000000000000000000083
:10DDA00000000000000000000000000000003F7EB6
:10DDB000037EFF000F0FFF30FF000800000000008F
:10DDC00000000000000000000000FF00FF00000055
:10DDD000FF000000FF000000FF000000FF00000047
:10DDE000FF000000FF000000000000000000000035
:10DDF0000000000000000000000000000000000023
:10DE00000000000000000000000000000000000012
:10DE10000000000000000000000000000000000002
:10DE200000000000000000000000000000000000F2
:10DE30003F42034200000F0FFF00FF0008000000F8
:10DE4000000000000000000000000000FF00FF00D4
:10DE50000000FF000000FF000000FF000000FF00C6
:10DE60000000FF000000FF000000000000000000B4
:10DE700000000000000000000000000000000000A2
:10DE80000000000000000000000000000000000092
:10DE90000000000000000000000000000000000082
:10DEA0000000000000000000000000000000000072
:10DEB0000000000000000000000000000000000062
:10DEC0000000000000000000000000000000000052
:10DED0000000000000000000000000000000000042
:10DEE0000000000000000000000000000000000032
:10DEF0000000000000000000000000000000000022
:10DF00000000000000000000000000000000000011
:10DF10000000000000000000000000000000000001
:10DF200000000000000000000000000000000000F1
:10DF30000000000008FEBFBFFFFF00F00000000C63
:10DF400000000000000000000000000000000000D1
:10DF5000000000FF0000000000FF000000FF0000C4
:10DF600000FF000000FF000000FFFFFFFF000000B7
:10DF700000000000000000000000000000000000A1
:10DF80000000000000000000000000000000000091
:10DF90000000000000000000000000000000000081
:10DFA0000000000000000000000000000000000071
:10DFB00000000000000008FE2020000000F000002B
:10DFC0000000000000300000000000000000000021
:10DFD0000000000000FF0000000000FF000000FF44
:10DFE000000000FF000000FF000000FFFFFFFF0037
:10DFF0000000000000000000000000000000000021
:10E000000000000000000000000000000000000010
:10E010000000000000000000000000000000000000
:10E02000008600E003800000000000000000000007
:10E030000086006000B0000001860A9C008000009D
:10E040000186007000B000000086006000B0000093
:10E050000086006C30B048030000C0C7C0EC30B090
:10E060004903C0C7C06C30B04903C0C7C06C30B0F2
:10E07000410300000000000000000000000000005C
:10E08000000000000000000000000000000001008F
:10E090000000000000000900000000000000000077
:10E0A0000000FFD7F1B000FF0C0C000000000000E2
:10E0B000000000000000020202FFF828000000003B
:10E0C00004FF00000000020202FF00000000000048
:10E0D0000000FFFF0008000000000000000000003A
:10E0E0001000FFFFF000F000035700550000000093
:10E0F0000000000000000000000000000000000020
:10E1000000000000000000000000000000000020EF
:10E1100000000000000000200000010000000000DE
:10E12000000000002800F1B000FF0C0C000000000F
:10E130000000000000000000000000FF2828000090
:10E140000000040400000000000000FF00000001C7
:10E1500080000000000800088000000000000000AF
:10E16000000010001000F000F828005500550000D5
:10E17000000000000000000000000000000000009F
:10E18000000000000000000000000000000000008F
:10E19000000000000200004000000000020000003B
:10E1A0000000000000003C3CF0F03C3C000F000090
:10E1B0000000000000000000000000000000BC3C67
:10E1C000000000000C5D00000000F000F000000006
:10E1D000000000000000000000001000FFFF000031
:10E1E0000000000000000000FFFF00080000200009
:10E1F00000000000202020FF0000000000000000C0
:10E20000000000000000000000000000000000000E
:10E2100000000000000000000000000000000000FE
:10E220000000000000000000FF00AAAA3C3C000F14
:10E2300000000000000000000000000000000000DE
:10E24000A00000000000005500000000F000F000F9
:10E25000000000000000000000000000100010009E
:10E26000000000000000000000000008000800009E
:10E27000000000000000000000FF0000000000009F
:10E28000000000000000000000000000000000008E
:10E29000000000000000000000000000000000007E
:10E2A00000000000110000000000000000048000D9
:10E2B00000C000000000001000000400000000008A
:10E2C0000400000000200004002102000000000003
:10E2D00000A020A040000000200200000001000279
:10E2E00004010000000080000001000000010001A6
:10E2F0000003000000000002000200020011000103
:10E3000000110000000300010000000300030005ED
:10E3100000020004000000000000000000000000F7
:10E32000000000000000000000000000000000806D
:10E33000200000410000000000000000000000007C
:10E340000000400000000080008000A001000000EC
:10E35000000000000000010000000080001000022A
:10E3600000800002000000004000000240000002A7
:10E370000002009000000000008000800080008209
:10E38000002000A0000000900002000300A0008414
:10E3900000820080008000000000000000000000FB
:10E3A000000000000000000000000000000000006D
:10E3B000000000000000000000000000000000005D
:10E3C000000000000000000000000000000000004D
:10E3D000000000000000000000000001000100003B
:10E3E00000000000000000C00000000000900000DD
:10E3F000000100000001000000000000000000001B
:10E400000001000100010001000100000000000007
:10E4100000000000000100010000000000000000FA
:10E4200000000000000000000000000000000000EC
:10E4300000000000000000000000000000000000DC
:10E4400000000000000000000000000000000000CC
:10E45000000000000000000000000000000200407A
:10E46000000000100000000000000000000000009C
:10E47000000000200000002000000000000000005C
:10E480000000002000020002000200200000000046
:10E490000000000000000004000200000000000076
:10E4A000000000000000000000000000000000006C
:10E4B0000000200020000000A0000000000000007C
:10E4C000000000400010000000000000A0008000DC
:10E4D000000100A000010003000140A000000000B6
:10E4E00000004000000000000010000000020000DA
:10E4F00000C0400000000300000004000001040010
:10E50000000000000500000000000040000008209E
:10E510000021080000004100000000000000000091
:10E5200000000000000000000000000000000000EB
:10E5300000000000010001000000210000000000B8
:10E5400000000003008082008200820000000500BD
:10E55000040000040021000200020002010000008B
:10E56000000000000100000000100000000000900A
:10E570000000000001210000000000000110000266
:10E5800001050008000000000000000010800000ED
:10E590000180008201000000000000000000000077
:10E5A000000000000000000000000000000000006B
:10E5B000000040000000000000001100000000000A
:10E5C00010000000000000000000000040000000FB
:10E5D00000000000000000004001000000000000FA
:10E5E000000040004000000000004000000000006B
:10E5F00000000000200000041001000100000401E0
:10E6000002000000200020000400050000000200BD
:10E6100000000000000000000000000000000000FA
:10E6200000000000000000000000000000000000EA
:10E6300000000000000000000000000000000000DA
:10E6400000000000000000000000000000000002C8
:10E650000000000000000002000000400010000068
:10E660000002000000000000100000000000000098
:10E6700000000000000000000080001000100000FA
:10E680000010010000000000000000000000000079
:10E690000100000000000000000000000000000079
:10E6A0000002000000000000000000000000000068
:10E6B00000000000000000000000800005000000D5
:10E6C000000004820000410009100000000000006A
:10E6D00000008500C1000001000080A0008800103B
:10E6E00000000000000000A000000000000000008A
:10E6F0008000000080008010C100802000A0002069
:10E700000010008402400000008410A000000000FF
:10E7100000C00201008200A080000500000000008F
:10E7200008000000000000000000000000000000E1
:10E7300000000000000000000000000020000005B4
:10E7400000000000000000000000000000050000C4
:10E7500004030000200004000020002140102003DA
:10E760000080C00000000000000000000003000066
:10E7700000000221000020002080200020800000F6
:10E780000080000000410180100000000000000037
:10E790000000000001100000000008000000000060
:10E7A0000000010000000000000000000000000068
:10E7B0000000000000000000400000900020000069
:10E7C00000000000000000000000000000A0100891
:10E7D000040041004008090010000482002000A04D
:10E7E000000000401102000200000004000000C010
:10E7F000000000C00000000040010000400000C018
:10E80000000000000000040210400400000240A0CC
:10E8100000000000000003400000400040004100F4
:10E8200000000002000000000000000200000000E4
:10E8300000000000000000000000000000000000D8
:10E8400000000000000000000000000000000000C8
:10E8500000800000000000800000000000000000B8
:10E860000000000002800000000000000000000026
:10E870000000000000000000000000040000000094
:10E880000000000000000000008000800100000087
:10E8900000000000000000000080000000000000F8
:10E8A0004000000000000000000000000000000028
:10E8B0000000000000000000000000000000000058
:10E8C0000000804120080041030300000000000018
:10E8D000000000000080000000001021A0110003D3
:10E8E00009A00083008000A0000000030000404158
:10E8F0002100000380002100030000000003090044
:10E900000005000000832040008000800083008517
:10E910000000008000830080088000A00083008049
:10E9200000000321008300410005000000004000BA
:10E9300000000000000000000000000000000000D7
:10E940000000000040000101000101000000000083
:10E95000000000000008002000900090214002A06C
:10E96000822000210083000200A000C000010400FA
:10E970000000000000012000000000000000000175
:10E980000100880000000083008988C000400083E7
:10E9900000C00002004000838210850200840283D0
:10E9A000002082C0000000830003000000A00000DF
:10E9B0000100000000000000000000000000000056
:10E9C0000000000000000000010001010100000043
:10E9D00000000000000000000020000000002000F7
:10E9E00002100400C1C00201200090000940000094
:10E9F0000000000001000000000000000100000015
:10EA0000000000000000010004002000A1008301BC
:10EA1000000100000000011188002000A0C08385D3
:10EA200020020400C000830000000100010001007A
:10EA300000000000000000C0000000000000000016
:10EA40000000000000000000410020000802100348
:10EA5000000000000000000005002100200540002B
:10EA600091000880C108A08080088000000003A1F8
:10EA7000000000000000030000000300000003008D
:10EA80000000000003100000030380218000A000AC
:10EA9000831000030000000003A009008000800034
:10EAA0008385800080000200830000002000210098
:10EAB00003020000000000000080000000000000D1
:10EAC0000000000000000000000000030020000221
:10EAD000030400000000000000000000800080002F
:10EAE000800010A1000203211120000080000020FE
:10EAF0000003008000800000000309800000008007
:10EB0000008300008000008003C1008300000080BB
:10EB10000082008300008000110500030041008096
:10EB20000080000300800000808000832105000534
:10EB30008021000300000000000000000000000031
:10EB400000000000000000000000000000000001C4
:10EB50000001010190000000000000000000C00062
:10EB6000080002000020820388A090210000040019
:10EB70008201000100040002000800A10020000240
:10EB8000000400210000088800C00120028300A0CA
:10EB9000000400A04083000008008300200100A0C2
:10EBA000000800A002A1000400C0200400830000AF
:10EBB00000009001020100000000000000000000C1
:10EBC0000000000000000000000000000000004005
:10EBD0000002000001000000000000000000000032
:10EBE000000001000000042185C09000C100402108
:10EBF000A0000800208801000000000000000100C3
:10EC000000000000000000000120012000000000C2
:10EC10008302C000830000008340028820010200BC
:10EC200083020400820000008300C0000200020092
:10EC3000018401C00001000000000000000000008D
:10EC400000000000000000000000000000000000C4
:10EC5000408021800303400000000000000000000D
:10EC60000800211110110300A18508C10303200031
:10EC700080A00041C10080000300040000050000E6
:10EC800003000000040000000000038004000000F6
:10EC9000000083808000100000000380008083213A
:10ECA000000083808000000041008300000080009D
:10ECB000200003801000022003000000000000007C
:10ECC0000000000000000000000000000000000044
:10ECD000000000000000C2000082000000000000F0
:10ECE0000000000000000000000000000013C2004F
:10ECF0000000000000000000000000000000000014
:10ED000000000000000000000000000000000013F0
:10ED1000C200008800000013000000000000001383
:10ED2000000081000000001300000000000000133C
:10ED30000000000081000013C2000000000000007D
:10ED400000000000000000000000000000000000C3
:10ED50000000000000305575000000FF00000000BA
:10ED60000000000000000F0F0000000000003C3D0C
:10ED70000404043C0F0F0F0F000000FF000000FF11
:10ED80000000FFFF00000F0F0000FFFF0000000069
:10ED900000FF000000FF00000F0F000000FF000058
:10EDA0000F0F000000FF00003C3C00003C3C000056
:10EDB0003C3C0000FFFF000F0C0C003C000F00006B
:10EDC0000000000000000000000000000000000043
:10EDD000000000000000003055750C0C0CFF000016
:10EDE00000000000000014001F0F000000000000E1
:10EDF00000050000003C0F0F0F0F000000FF000097
:10EE000000FF0000000000000F0F000000000000E5
:10EE1000000000FF000000FF00000F0F000000FFD7
:10EE200000000F0F000000FF00003C3C00003C3CD5
:10EE300000003C3C00000000000F0C0C003C000FE8
:10EE400000000000000000000000000000000000C2
:10EE50000000000000000000FF1010103C3C00000B
:10EE6000000000000000000000000000AAAE000C3E
:10EE7000BCA000003C202020F0F00000AAAA000066
:10EE8000F0F00000FFFF0000FFFF0000F0F00000C6
:10EE90000000F0F00000F0F00000FF000000FF00B4
:10EEA0000000FF000000FFFF00003C3C00003C3C75
:10EEB00000003C3C000000FFFFFFFF00F000FF00EF
:10EEC000F000000000000000000000000000000052
:10EED00000000000000000000000FF101010FC3CCB
:10EEE000F000000000000000000000000000AAAADE
:10EEF00000003C0000003C000000F0F00000AAAA66
:10EF00000000F0F000000000000000000000F0F041
:10EF100000000000F0F00000F0F00000FF00000032
:10EF2000FF000000FF000000000000003C3C00006B
:10EF30003C3C00003C3C000000FFFFFF0000F000F4
:10EF40000000F000000000000000000000000000D1
:10EF500000000000000000000000000000000010A1
:10EF600000000000000000000000000000860060BB
:10EF700000B00000008600B00080000002C6016002
:10EF800000B4494002C7016000B4494002C70160B3
:10EF900000B449400000A2C751F0A0144945024105
:10EFA00001800004494002C7012000B449400241E9
:10EFB000018000A4494002410180000441400884CE
:10EFC000047003B200100000000000000000000008
:10EFD0000000000000000000000000000000000031
:10EFE0000000000000000000000000000000000021
:10EFF000000000000000F000F0000F003F3C0000A7
:10F000000000000000000000000003570055000051
:10F01000000000000000000000000000003C0C0C9C
:10F02000AA00F000000F003C00FF000000000000FC
:10F03000FF00F0F000000000F0003C00000F0C0C9E
:10F0400000000000000000000000000008000000B8
:10F0500000000000000000000000000000000000B0
:10F0600000000000000000000000000000000000A0
:10F070000000000000000000FC3CF00000003C3CF0
:10F0800000000010000000000000000000550055C6
:10F090000000000080000000000000000000003CB4
:10F0A0000C0CAA00F000000F003C0AFF0A08000048
:10F0B00000000000000000000400F0003C00000F11
:10F0C0000C0C000000000000000000000000000028
:10F0D000010000000000000000000000000000002F
:10F0E0000000000000000000000000000000000020
:10F0F0000000F0F2008200000000F0F200823C3FCD
:10F100003C3CFFFBBEBE3000755500000000000017
:10F1100000000000000000000000000000000000EF
:10F12000000000003C00F000000F003C3C3EAA0044
:10F130000000000030303C00000F003CF0F0F00018
:10F14000003C000F00C3FFFF000000000040000073
:10F1500000000000000000000000000000000000AF
:10F16000000000000000000000000000000000009F
:10F1700000000000F0F0000000000000F0F00000CF
:10F18000000F0000FFFFBEBE00005555000000004C
:10F19000000000000000000000000000000000006F
:10F1A0000000000000003C00F000000F003C3C3C70
:10F1B00000000000000030303C00000F003C000068
:10F1C000F000003C000F00C3C3000000000000007E
:10F1D000000000000000000000000000000000002F
:10F1E00000000000000000004000040000000000DB
:10F1F000000000000000000000000000009000007F
:10F2000000000000000000000000000000000000FE
:10F2100000000000000000000000000020000000CE
:10F2200000000000000000000000000000000000DE
:10F2300000000000000000000000000000000000CE
:10F2400000000000000000000000000000000000BE
:10F2500000000000000000000000000000000000AE
:10F26000000000000000000000000000000000009E
:10F27000000000000000400000000000000000004E
:10F28000000000000000000000000000000000007E
:10F29000000000000000000000000000000000006E
:10F2A000000000000000000000000000000000005E
:10F2B000000000000000000000000000000000004E
:10F2C000000000000000000000000000000000003E
:10F2D000000000000000000000000000000000002E
:10F2E000000000000000000000000000000000001E
:10F2F000000000000000000000000000000000000E
:10F3000000000000000000000000000000000000FD
:10F3100000000000000000000000000000000008E5
:10F3200000000000000000000000000000000000DD
:10F3300000000000000000000000000000000000CD
:10F3400000000000000000000000000000000000BD
:10F3500000000000000000000000000000000000AD
:10F36000000000000000000000000000000000009D
:10F370000000000000000000000000080000000085
:10F38000000000000000001100000000000000006C
:10F39000000000000000000000000000000000006D
:10F3A000000000000000001100110000001100002A
:10F3B000000000000000000000000000000000004D
:10F3C000000000000000000000000000000000003D
:10F3D000000000000000000000000000000000002D
:10F3E000000000000000000000100000000000000D
:10F3F000000000000000000000000000000000000D
:10F4000000000000000000000000000000000000FC
:10F4100005000000000000000000000000000000E7
:10F4200000000000000000000000000000000000DC
:10F43000000000004100000000000000000000008B
:10F44000000000000000000000000000000000823A
:10F4500000000000000000000000000000000000AC
:10F46000000000000000000000000000000000009C
:10F470000000000000000000000000000000000389
:10F48000000000000000002100100010000000003B
:10F4900000031021C00000000000000000028400F2
:10F4A0000000000000080000000000000000000054
:10F4B000000000000000000000000000000000004C
:10F4C000000000000000000010000000000000002C
:10F4D000000000000000000000000000000000002C
:10F4E000000000000000000000000000000000001C
:10F4F00000000000040040000000000000000000C8
:10F5000000000000000041000000000000020000B8
:10F5100000000000000000002000000000000000CB
:10F520000000000000002000000000000200008831
:10F5300000000000000000000000000000000000CB
:10F5400000000000000000000000000000000000BB
:10F5500000000000000000000000000000000000AB
:10F56000000000000000000000000000000000009B
:10F57000000000000000000000000000000000008B
:10F58000000000000000000000000000000000007B
:10F59000000000000000000000000000000000006B
:10F5A000000000000000000000000000000000005B
:10F5B000000000000000000000000000000000004B
:10F5C000000000000000000000000000000000003B
:10F5D000000000000000000000000000000000002B
:10F5E000000000000000000000000000000000001B
:10F5F000000000000000000000000000000000000B
:10F6000000000000000000000000000000000000FA
:10F6100000000000000000000000000000000000EA
:10F6200000000000000000000000000000000000DA
:10F6300000000000000000000000000000000000CA
:10F6400000000000000000000000000000000000BA
:10F6500000000000000000000000000000000000AA
:10F66000000000000000000000000000000000009A
:10F67000000000000000000000000000000000008A
:10F6800000000000000000030008C000002100038B
:10F69000002100212008000000008400100000006C
:10F6A0000000000000000000000000000000C0009A
:10F6B0000000000000000000020000000000000048
:10F6C0000000C000000000000005840000000021D0
:10F6D000100000000000000000000000000000001A
:10F6E000000000000000000000000000000000001A
:10F6F0000000000000020000000000000000000008
:10F7000000000000000000000000000000000000F9
:10F710000000000040000082001000820090000005
:10F720004000000000040000000000000000000095
:10F7300000000000000000000000000000000000C9
:10F740000000000041000000000000000000000078
:10F750000000000000000000009000000000000019
:10F760000000000000000000000000000000000099
:10F770000000000000000000000000000000000089
:10F780000000000000000000000000000000000079
:10F790000000000000000000000000000000000069
:10F7A0000000000000000000000000000000000059
:10F7B0000000000000000000000000000000000049
:10F7C0000000000000000000000000000000000039
:10F7D0000000000000000000000000000000000029
:10F7E0000000000000000000000000000000000019
:10F7F0000000000000000000000000000000000009
:10F8000000000000000000000000000000000000F8
:10F8100000000000000000000000000000000000E8
:10F8200000000000000000000000000000000000D8
:10F8300000000000000000000000000000000000C8
:10F8400000000000000000000000000000000000B8
:10F8500000000000000000000000000000000000A8
:10F860000000000000000000000000000000000098
:10F870000000000000000000000000000000000088
:10F880000000000000000000000000000000000078
:10F890000000000000000000000000000000000068
:10F8A0000000000000000000000000000000000058
:10F8B0000000000000000000000000000000000048
:10F8C0000000000000000000000000000000000038
:10F8D0000000000000000000000000000000000028
:10F8E0000000000000000000000000000000000018
:10F8F0000000000000000000000000000000000008
:10F9000000000000000000000000000000000000F7
:10F9100000000000000000000000000000000000E7
:10F9200000000000000000000000000000000000D7
:10F9300000000000000000000000000000000000C7
:10F9400000000000000000000000000000000000B7
:10F9500000000000000000000000000000000000A7
:10F960000000000000000000000000000000000097
:10F970000000000000000000000000000000000087
:10F980000000000000000000000000000000000077
:10F990000000000000000000000000000000000067
:10F9A0000000000000000000000000000000000057
:10F9B0000000000000000000000000000000000047
:10F9C0000000000000000000000000000000000037
:10F9D0000000000000000000000000000000000027
:10F9E0000000000000000000000000000000000017
:10F9F0000000000000000000000000000000000007
:10FA000000000000000000000000000000000000F6
:10FA100000000000000000000000000000000000E6
:10FA200000000000000000000000000000000000D6
:10FA300000000000000000000000000000000000C6
:10FA400000000000000000000000000000000000B6
:10FA500000000000000000000000000000000000A6
:10FA60000000000000000000000000000000000096
:10FA70000000000000000000000000000000000086
:10FA80000000000000000000000000000000000076
:10FA90000000000000000000000000000000000066
:10FAA0000000000000000000000000000000000056
:10FAB0000000000000000000000000000000000046
:10FAC0000000000000000000000000000000000036
:10FAD0000000000000000000000000000000000026
:10FAE0000000000000000000000000000000000016
:10FAF0000000000000000000000000000000000006
:10FB000000000000000000000000000000000000F5
:10FB100000000000000000000000000000000000E5
:10FB200000000000000000000000000000000000D5
:10FB300000000000000000000000000000000000C5
:10FB400000000000000000000000000000000000B5
:10FB500000000000000000000000000000000000A5
:10FB60000000000000000000000000000000000095
:10FB70000000000000000000000000000000000085
:10FB80000000000000000000000000000000000075
:10FB90000000000000000000000000000000000065
:10FBA0000000000000000000000000000000000055
:10FBB0000000000000000000000000000000000045
:10FBC0000000000000000000000000000000000035
:10FBD0000000000000000000000000000000000025
:10FBE0000000000000000000000000000000000015
:10FBF0000000000000000000000000000000000005
:10FC000000000000000000000000000000000000F4
:10FC100000000000000000000000000000000000E4
:10FC200000000000000000000000000000000000D4
:10FC300000000000000000000000000000000000C4
:10FC400000000000000000000000000000000000B4
:10FC500000000000000000000000000000000000A4
:10FC60000000000000000000000000000000000094
:10FC70000000000000000000000000000000000084
:10FC80000000000000000000000000000000000074
:10FC90000000000000000000000000000000000064
:10FCA0000000000000000000000000000000000054
:10FCB0000000000000000000000000000000000044
:10FCC0000000000000000000000000000000000034
:10FCD0000000000000000000000000000000000024
:10FCE0000000000000000000000000000000000014
:10FCF0000000000000000000000000000000000004
:10FD000000000000000000000000000000000000F3
:10FD100000000000000000000000000000000000E3
:10FD200000000000000000000000000000000000D3
:10FD300000000000000000000000000000000000C3
:10FD400000000000000000000000000000000000B3
:10FD500000000000000000000000000000000000A3
:10FD60000000000000000000000000000000000093
:10FD70000000000000000000000000000000000083
:10FD80000000000000100000000000000000000063
:10FD90000000000000000000000000000000000063
:10FDA0000000000000000000000000000000000053
:10FDB0000000000000000000000000000000000043
:10FDC0000000000000000000000000000000000033
:10FDD0000000000000000000000000000000000023
:10FDE0000000000000000000000000000000000013
:10FDF0000000000000000000000000000000000003
:10FE000000000000000000000000000000000000F2
:10FE100000000000000000000000000000000000E2
:10FE200000000000000000000000000000000000D2
:10FE300000000000000000000000000000000000C2
:10FE400000000000000000000000000000000000B2
:10FE500000000000000000000000000000000000A2
:10FE60000000000000000000000000000000000092
:10FE70000000000000000000000000000000000082
:10FE80000000000000000000000000000000000072
:10FE90000000000000000000000000000000000062
:10FEA0000000000000000000000000000000000052
:10FEB0000000000000000000000000000000000042
:10FEC0000000000000000000000000000000000032
:10FED0000000000000000000000000000000000022
:10FEE0000000000000000000000000000000000012
:10FEF0000000000000000000000000000000000002
:10FF000000000000000000000000000000000000F1
:10FF100000000000000000000000000000000000E1
:10FF200000000000000000000000000000000000D1
:10FF300000000000000000000000000000000000C1
:10FF400000000000000000000000000000000000B1
:10FF500000000000000000000000000000000000A1
:10FF60000000000000000000000000000000000091
:10FF70000000000000000000000000000000000081
:10FF80000000000000000000000000000000000071
:10FF90000000000000000000000000000000000061
:10FFA0000000000000000000000000000000000051
:10FFB0000000000000000000000000000000000041
:10FFC0000000000000000000000000000000000031
:10FFD0000000000000000000000000000000000021
:10FFE0000000000000000000000000000000000011
:10FFF0000000000000000000000000000000000001
:020000040001F9
:1000000000000000000000000000000000000000F0
:1000100000000000000000000000000000000000E0
:1000200000000000000000000000000000000000D0
:1000300000000000000000000000000000000000C0
:1000400000000000000000000000000000000000B0
:1000500000000000000000000000000000000000A0
:100060000000000000000000000000000000000090
:100070000000000000000000000000000000000080
:100080000000000000000000000000000000000070
:100090000000000000000000000000000000000060
:1000A0000000000000000000000000000000000050
:1000B0000000000000000000000000000000000040
:1000C0000000000000000000000000000000000030
:1000D0000000000000000000000000000000000020
:1000E0000000000000000000000000000000000010
:1000F0000000000000000000000000000000000000
:1001000000000000000000000000000000000000EF
:1001100000000000000000000000FFFFFFFFFFFFE5
:10012000FFFFFFFFFFFFFFFFFFFFFFFFFFFFFFFFDF
:10013000FFFFFFFFFFFFFFFFFFFFFFFFFFFFFFFFCF
:10014000FFFFFFFFFFFFFFFFFFFFFFFFFFFFFFFFBF
:10015000FFFFFFFFFFFFFFFFFFFFFFFFFFFFFFFFAF
:10016000FFFFFFFFFFFFFFFFFFFFFFFFFFFFFFFF9F
:10017000FFFFFFFFFFFFFFFFFFFFFFFFFFFFFFFF8F
:10018000FFFFFFFFFFFFFFFFFFFFFFFFFFFFFFFF7F
:10019000FFFFFFFFFFFFFFFFFFFFFFFFFFFFFFFF6F
:1001A000FFFFFFFFFFFFFFFFFFFFFFFFFFFFFFFF5F
:1001B000FFFFFFFFFFFFFFFFFFFFFFFFFFFFFFFF4F
:1001C000FFFFFFFFFFFFFFFFFFFFFFFFFFFFFFFF3F
:1001D000FFFFFFFFFFFFFFFFFFFFFFFFFFFFFFFF2F
:1001E000FFFFFFFFFFFFFFFFFFFFFFFFFFFFFFFF1F
:1001F000FFFFFFFFFFFFFFFFFFFFFFFFFFFFFFFF0F
:10020000FFFFFFFFFFFFFFFFFFFFFFFFFFFFFFFFFE
:10021000FFFFFFFFFFFFFFFFFFFFFFFFFFFF0000EC
:1002200000000000000000000000000000000000CE
:1002300000000000000000000000000000000000BE
:1002400000000000000000000000000000000000AE
:10025000000000000000000000000000000000009E
:10026000000000000000000000000000000000008E
:10027000000000000000000000000000000000007E
:10028000000000000000000000000000000000006E
:10029000000000000000000000000000000000005E
:1002A000000000000000000000000000000000004E
:1002B000000000000000000000000000000000003E
:1002C000000000000000000000000000000000002E
:1002D000000000000000000000000000000000001E
:1002E000000000000000000000000000000000000E
:1002F00000000000000000000000000000000000FE
:1003000000000000000000000000000000000000ED
:1003100000000000000000000000000000000000DD
:1003200000000000000000000000000000000000CD
:1003300000000000000000000000000000000000BD
:1003400000000000000000000000000000000000AD
:10035000000000000000000000000000000000009D
:10036000000000000020000000200000000000004D
:10037000000000000000000000000000000000007D
:10038000000000000000000000000000000000006D
:10039000000000000000000000000000000000005D
:1003A000000000000000000000000000000000004D
:1003B000000000000000000000000000000000003D
:1003C000000000000000000000000000000000002D
:1003D000000000000000000000000000000000001D
:1003E000000000000000000000000000000000000D
:1003F00000000000000000000000000000000000FD
:1004000000000000000000000000000000000000EC
:1004100000000000000000000000000000000000DC
:1004200000000000000000000000000000000000CC
:100430000000000000001000080000001100000093
:10044000000003000500000003000000000002009F
:100450000000000000000400040000000400000090
:100460000000000004000000000004000000000084
:100470000200000000000000000004000000000076
:100480000000000000000000000004000000000068
:100490000000000000000000000004000000000058
:1004A000000000000000000000000000000000004C
:1004B000000000000000000000000000000000003C
:1004C000000000000000000000000000000000002C
:1004D000000000000000000000000000000000001C
:1004E000000000000000000000000000000000000C
:1004F00000000000000000000000000000000000FC
:1005000000000000000000000000000000000000EB
:1005100000000000000000000000000000000000DB
:100520000000000000000000000008000000004083
:1005300000000410000000000000000000000000A7
:1005400000000000000000000000000000000000AB
:100550000000000000000000000008000000000093
:100560000000001000000000000000C000000000BB
:10057000000000000000000000000000000000007B
:100580000000000008010000000000000000000062
:100590000000000000000000000000000801000052
:1005A0000000000000000000000000000100004109
:1005B0000000001001A0000000000020000000006A
:1005C0000000000900000000000900000000000019
:1005D00000000041000000000000000000000000DA
:1005E000000000000000000000000000000000000B
:1005F00000000000000000000000000000000010EB
:1006000000000000000001200000000000000000C9
:1006100000000000000000000000000000000120B9
:1006200000000000000000000000000000000000CA
:1006300000000000000000000900000000000000B1
:1006400000000000000000000000000000000000AA
:10065000000000000000000000000000000000009A
:10066000000000000000000000000000000000008A
:10067000000000000000000000000000000000007A
:10068000000000000000000000000000000000006A
:10069000000000000000000000000000000000005A
:1006A000000000000000000000000000000000004A
:1006B00000000000000000000040000000000000FA
:1006C000000000000000000000000000000000002A
:1006D000000000000000000000000000000000001A
:1006E000000000000000000000000000000000000A
:1006F00000000000000000000000000000000000FA
:1007000000000000000000000000000000000000E9
:1007100000000000000000000000000000000000D9
:1007200000000000000000000000000000000000C9
:1007300000000000100000000500000000000000A4
:1007400000000000000000000000000000000000A9
:100750000000000000000000000000000000000099
:100760000000000000000000000000000000100079
:100770000000000000000000000000001000000069
:100780004100000000000000000000000000000028
:100790004100100000000000000005000000000003
:1007A0000000000000000000000000000000000049
:1007B0000000000000000000000000000000000039
:1007C000000000000000C000000000000000000069
:1007D0000000000000000800000000000000000011
:1007E0000000000000000000000000000000000009
:1007F00000000000000000000000000000000000F9
:1008000000000000000000000000000000000000E8
:1008100000000000000000000000000000000000D8
:1008200000000000000000000000000000000000C8
:1008300000000000000000001100000000000000A7
:1008400000000000000000000000000000000000A8
:100850000000000000000000000000000000000098
:100860000000000000000000000000000000000088
:100870000000000000000000000000000000000078
:100880000000000000000000100000000000000058
:100890000000000000000000000000000000000058
:1008A0000000000041000000000000000000000007
:1008B0000000000000000000000000000000000038
:1008C0000000000000000000000000000000000028
:1008D0000000000000000000000000000000000018
:1008E0000000000000000000000000000000000008
:1008F00000000000000000000000000000000000F8
:1009000000000000000000000000000000000000E7
:1009100000000000000000000000000000000000D7
:1009200000000000000000000000000000000000C7
:100930000000000000000000000000200000000097
:1009400005000000000000000000000000000000A2
:100950000000000000000000000000000000000097
:100960000000000000000000000000000000000087
:100970000000000000000000000000000000000077
:100980000000000000000000000000000000000067
:100990000000100000000000000005000000000042
:1009A00000000000100000000000410000000000F6
:1009B00000000000000000000000000000800800AF
:1009C00000000000820000000000A0000000000005
:1009D000000000000000A000000000000000000077
:1009E0000000000000000000000000000000000007
:1009F00000000000000000000000000000000000F7
:100A000000000000000000000000000000000000E6
:100A100000000000000000000000000000000000D6
:100A200000000000080000000000000000000000BE
:100A300000000000000000000000000000000000B6
:100A400000000000000000000000000000000000A6
:100A50000000000000000000000000000000000096
:100A60000000000000000000000000000000000086
:100A70000000000000000000000000000000000076
:100A80000000000000000000000000000000000066
:100A90000000000000000000000000000000000056
:100AA0000000000000000000000000000000000046
:100AB0000000000000000000000000000000000036
:100AC00000000000000000A000000000000000A0E6
:100AD0000000000000000000000000000000000016
:100AE0000000000000000000000000000000000006
:100AF00000000000000000000000000000000000F6
:100B000000000000000000000000000000000000E5
:100B100000000000000000000000000000000000D5
:100B200000A0000000000000000000000000000025
:100B300000000000000000000002000000000000B3
:100B4000000001000000000000080000000000009C
:100B5000000800000000000000000000000000008D
:100B60000000000000000000000000000000000085
:100B70000000000000000000000000000000000075
:100B80000000000000000000000000000000000065
:100B90000000000000000000000000000000000055
:100BA000000000C000000000000000000000000085
:100BB0000000000001000000000000A00000000094
:100BC0000000000040000000000000800400000061
:100BD0000000008000000000000000000000000095
:100BE0000000000000000000000000000000000005
:100BF00000000000000000000000000000000000F5
:100C000000000000000000000000000000000000E4
:100C100000000000000000000000000000000200D2
:100C200000000000000000000000000000000000C4
:100C30000000000000002000000000000000000094
:100C4000000000000000002000000000200000085C
:100C50000000000020000000000000000000000074
:100C60000000000000000000000000000000000084
:100C70000000000000000000000000000000000074
:100C80000000000000000000000000000000000064
:100C90000000000000000000000000000000000054
:100CA0000002000002002000000000000000000020
:100CB00000000000000000000040000000000200F2
:100CC0000000000000000000000000000000010023
:100CD0000000000000000100000000000000000013
:100CE0000000000000000000000000000000000004
:100CF00000000000000000000000000000000000F4
:100D000000000000000000000000000000000000E3
:100D100000000000000000000000000000000000D3
:100D200000000001000000000100000000000000C1
:100D300000000000000000000000000100000000B2
:100D40000000000000000000000000200000000182
:100D50000000000000000000000000000000000093
:100D60000000000000000000000000000000000083
:100D70000000000000000000000000000000000073
:100D80000000000000000000000000400000000023
:100D90000000000000000000000000000000000053
:100DA00000000000008200000001000000000000C0
:100DB00000000000000000000000000000C0000073
:100DC0000001000000000000000000000000000022
:100DD0000002000000000000000800000000000009
:100DE0000000000000000000000000000000000003
:100DF00000000000000000000000000000000000F3
:100E000000000000000000000000000000000000E2
:100E100000000000000000000000000000000000D2
:100E200000000000000000000000000200000000C0
:100E300000000000000000000000000000000000B2
:100E400000000002000000000000000000000000A0
:100E50000000000043C800000000000043C800007C
:100E60000000000000000000000000000000000082
:100E70000000000000000000000000000000000072
:100E80000000000000000000000000000000000062
:100E90000000000000000000000000000000000052
:100EA000000000000000000000000000000043C837
:100EB0000000000000000000000000000000000032
:100EC00000000000000043C8000000000000000017
:100ED0000000000000000000000000000000000012
:100EE0000000000000000000000000000000000002
:100EF00000000000000000000000000000000000F2
:100F000000000000000000000000000000000000E1
:100F100000000000000000000000000000000000D1
:100F200000000000000000000000000000000000C1
:100F300000000000000000000000000000000000B1
:100F400000000000000000000000000000000000A1
:100F500000004008000001800000400800000180FF
:100F60000000000000000000000000000000000081
:100F70000000000000000000000000000000000071
:100F80000000000000000000000000000000000061
:100F90000000000000000000000000000000000051
:100FA00000000000000000000000000040080000F9
:100FB00001800000000000000000000000000000B0
:100FC0000000000040080000018000000000000058
:100FD0000000000000000000000000000000000011
:100FE0000000000000000000000000000000000001
:100FF00000000000000000000000000000000000F1
:1010000000000000000000000000000000000000E0
:1010100000000000000000000000000000000000D0
:1010200000000000000000000000000000000000C0
:1010300000000000000000000000000000000000B0
:1010400000000000000000000000000000000000A0
:101050000000000000000000061008600000000012
:101060000610086000000000000000000000000002
:101070000000000000000000000000000000000070
:101080000000000000000000000000000000000060
:101090000000000000000000000000000000000050
:1010A0000000000000000000000000000000000040
:1010B00000000610086000000000000000000000B2
:1010C00000000000000000000000061008600000A2
:1010D0000000000000000000000000000000000010
:1010E0000000000000000000000000000000000000
:1010F00000000000000000000000000000000000F0
:1011000000000000000000000000000000000000DF
:1011100000000000000000000000000000000000CF
:1011200000000000000000000000000000000000BF
:1011300000000000000000000000000000000000AF
:10114000000000000000000000000000000000009F
:10115000000000000000000000000000000000008F
:10116000000000000000000000000000000000007F
:10117000000000000000000000000000000000006F
:10118000000000000000000000000000000000005F
:10119000000000000000000000000000000000004F
:1011A000000000000000000000000000000000003F
:1011B000000000000000000000000000000000002F
:1011C000000000000000000000000000000000001F
:1011D00000000000000000000000000000000020EF
:1011E000301031400000002030103140000000007D
:1011F00000000000000000000000000000000000EF
:1012000000000000000000000000000000000000DE
:1012100000000000000000000000000000000000CE
:1012200000000000000000000000000000000000BE
:1012300000000000000000000020301031400000DD
:10124000000000000000000000000000000000009E
:1012500000203010314000000000000000000001BC
:1012600040000002800000014000000280000000F9
:10127000000000000000000000000000000000006E
:10128000000000000000000000000000000000005E
:10129000000000000000000000000000000000004E
:1012A000000000000000000000000000000000003E
:1012B000000000000000000000014000000280006B
:1012C000000000000000000000000000000000001E
:1012D000000140000002800000000000000000004B
:1012E000000090990900000000009099090000009A
:1012F00000000000000000000000000000000000EE
:1013000000000000000000000000000000000000DD
:1013100000000000000000000000000000000000CD
:1013200000000000000000000000000000000000BD
:10133000000000000000000000000000909909007B
:10134000000000000000000000000000000000009D
:10135000000000009099090000000000000000005B
:101360000000100000000000200011000400080030
:101370000000040004001100000000000000000054
:101380000000000011000000110004000200040031
:10139000030004000400040011000000110000001C
:1013A000000000000000000000000000000000003D
:1013B0000400000000000200040000000000000023
:1013C0000000000008000000110000000000020002
:1013D00004000800080004000400020000000000EF
:1013E00000000000010000000000010000000100FA
:1013F00001000000000000000000000000000000EC
:1014000000000000000000000000000000000100DB
:1014100000000000000000000000000000000000CC
:1014200000000000000000000000000000000000BC
:1014300000000000000000000000000000000000AC
:10144000000000000000000000000000000000009C
:10145000000000000000000000000000000000008C
:1014600000000000000000200009000180210000B1
:101470008000000100000001000100008000002148
:1014800000000001800000000000000000000001DA
:1014900000010001000100018000000000000000C8
:1014A00000000000000000C0000000000000000478
:1014B00000000000000000010000000000008004A7
:1014C000000000000000000000000000000000001C
:1014D000000000000000000000000000000000000C
:1014E0000001000000000000004090A000200484E3
:1014F00002100410004000100002824000090400A5
:1015000000C00021002004000400000000000000D2
:10151000004000040004000400044000000000003B
:1015200000000000000000000000000000000000BB
:10153000008000000000000000200000900000007B
:101540000280000000000000000000000000000019
:10155000000000000000000000000000000000008B
:101560000000000800000000000000080020000348
:1015700000040040001100100000004180A0800124
:10158000002000008002000000C0000000840084F1
:10159000008400000040000000110000000400046E
:1015A0000004000000000000000000000000000037
:1015B000000000000000000000000000000000002B
:1015C000000000000000000000000000000000001B
:1015D000000000000000000000000000000000000B
:1015E00000000000000000000000000010850080E6
:1015F00000842080008000080000000000820200BB
:1016000010080080000008800000000000000000BA
:101610000000000000000080000000C0000000800A
:1016200000800080000000000000000000000000BA
:1016300000000000000000000000000000000000AA
:10164000000000000000000000000000000000009A
:10165000000000000000000000000000000000008A
:10166000000000000000000000000000000010006A
:1016700000000500200010008400040000000000AD
:10168000A1010000A100000000000400040003000C
:101690000000000010000001100100010010000017
:1016A0000000000000000000000003000000000037
:1016B00000001000000000001000000000001000FA
:1016C00010001000050010000000000000000000E5
:1016D0000000000041008000000000000000000049
:1016E00000000000000000000000000000000000FA
:1016F000010000210000110008000505090000108C
:1017000000000202000004000000000501000100CA
:101710000021000000000000000400400040000024
:10172000C0000000000008000000000000000000F1
:1017300000000000000000000000000000000000A9
:1017400000000000C00000000000000000000000D9
:101750000000000000000000100000000000000079
:101760000000000000000000000000000000000079
:101770000000850804844100208440000501200009
:101780002110050410000388410404A004C0410096
:10179000048410A000C003C003000008200420102F
:1017A00021040004200000000200000000000300EB
:1017B00000000000000000000500210000C0100033
:1017C00041000500030000881020004000100300C5
:1017D00000004100000000000000000000000000C8
:1017E00000000000000000004100000000000000B8
:1017F0000000000004800000100001000100002033
:10180000C100000000800000000000000100010095
:1018100000000100000000000000000000800180C6
:101820000180008000800100000000000000000036
:1018300000000000000000000000000000000000A8
:101840000000000000000000000000000080000018
:101850000000000000000000000000000000000088
:101860000000000000000000000000000000000078
:10187000000000000000082004A0400000204100FB
:10188000002010008084001000C041A0040500204A
:1018900000200020000003C003840000100010405E
:1018A0001000000000000000000400040000000020
:1018B0000000030000000000000010000000100005
:1018C0000000000041008000000000000000000057
:1018D00041001000000003000000000000000000B4
:1018E00000000000000000000000000000000000F8
:1018F00000000000000000000080010501000080E1
:101900008200108008002005C02100210000C1A035
:10191000888000C10080A00000410000000000009D
:101920000080000000000000000000800080C00077
:101930000000000000000000000000000000840023
:10194000000000008400C00002000000C00084000D
:101950000000000000000000080000000000C000BF
:101960000000000000000000000000000000000077
:10197000000000000000000000008585001002113A
:101980004008098080102100114010000080800074
:1019900000000900000040800880000000000000F6
:1019A0000000898289414109029003030040000937
:1019B0000202000000000000000000000000000023
:1019C0000000000000008000C00000000000800057
:1019D0004000000000000000000000004000000087
:1019E00000002000000000000000000000000000D7
:1019F0000000000000000400800000008509C08590
:101A000001A0C1C01082208501C0000401880084AB
:101A100008A0008801C002020188018400000000C3
:101A200000000000908384A1010200080101000170
:101A300000000000000000000000000000000000A6
:101A4000000000000000000010000900000000007D
:101A50001000010000000000000000000000010074
:101A60000000000001000000000000000000000075
:101A700000000000000000000000C0000000850120
:101A800091A0A101C005A0019100908885040001EA
:101A90000100010201828391910009C0838300004B
:101AA000000000000000890009C08990038901003E
:101AB0000100000001000000000000000000000024
:101AC0000000000000000000000000000000000016
:101AD0000000000000000000000000000000000006
:101AE00001000100010000000000000000000000F3
:101AF00000000000000000000000000400000000E2
:101B0000C005100002090909092108000500830524
:101B1000400240000800038009094100850088A0B8
:101B2000000000000000000020110400408020A000
:101B3000200020000400030000000000000000005E
:101B4000000000000000000000080000000000008D
:101B50000000000000000000000000000000000085
:101B60000000200020000500090000000000000027
:101B70000000000000000000000000000000000065
:101B8000000008840010402010C104889111001149
:101B900010038008000800000009000200890020EE
:101BA0000091000000000000000089840091911065
:101BB0008483832000200021844000000000000076
:101BC0000000000000000000000000000080000095
:101BD0000000000000000000008000800000000005
:101BE00000000000000200020005000400000000E8
:101BF00000000000000000000000000000000000E5
:101C0000000000000104909105C101A101C1898477
:101C1000C0A001C1820000050000400100C0404199
:101C2000A0C1888200000000000000008308C040BE
:101C300089C0C009A101000100019001000000005D
:101C40000000000000000000000000000000001084
:101C500000A00088880400100002000800080000AE
:101C60000000000000000000000000000000000074
:101C700000000000000000000000000000000088DC
:101C800000000000000041829141C1A1A00590C167
:101C90008808080002408888408440014000C091C4
:101CA00008010001A0C000000000000000008388BF
:101CB00003838500C08900000001000000000000CF
:101CC000000000000000000000000088000000008C
:101CD000000000000000000000000088000000007C
:101CE00000000000000000000000000100000000F3
:101CF00000000000000000000000000000000000E4
:101D0000010000000000010083890482092082098B
:101D10000021809180110000008000000040000040
:101D200000C0800900020000000000000000000068
:101D30008380100489100289000000400002000026
:101D40000000000000000000000000000000000093
:101D5000000000000000000000000000000400007F
:101D60000000000000000000000000000040000231
:101D70000000000000000000000000000000000063
:101D80000000080000000900090000004013C20024
:101D9000110000000013C200000000000013C2A0E8
:101DA000218100000013000000600000000000001E
:101DB000000000000013C200420000000000C2004A
:101DC00006000000000000000000000000600000AD
:101DD000C2200000060000130000000000600000A8
:101DE000C200000000000000000000000000000031
:101DF00000000000000000000000000000000000E3
:101E0000000000000600001300000000FF3C04007A
:101E10000E3E08380000000024244242000000006A
:101E20007F7F6F6F000000000000000000000000D6
:101E300000000000FFFFFFFFFFDF24240000000080
:101E40000000000000000000000000000000000092
:101E50000000000000000000000000000000000082
:101E60000000000000000000000000000000000072
:101E70000000FF04FF000000000000000000000060
:101E80000000000000003F3F0F0F00000000FF3C7B
:101E900000003E3E3838000000000F00000F000038
:101EA00000007F7F6F6F00000000109010000000A6
:101EB000000000000000FF0FFF3F0000242400008E
:101EC00000006602020200000000000000000000A6
:101ED0000000000000000000000000000000000002
:101EE00000000000000000000000000000000000F2
:101EF00000000000040400000000000000000000DA
:101F000000000000000000000000000000000000D1
:101F100000000000000000000000000000000000C1
:101F200000000000000000000000000000000000B1
:101F300000000000000000000000000000000000A1
:101F40000000000000000000000000000000000091
:101F50000000000000000000000000000000000081
:101F60000000000000000000000000000000000071
:101F70000000000000000000000000000000000061
:101F80000000000000000000000000000000000051
:101F900000003C3C3C3C380838F84200420000035A
:101FA00099C000000000C30FC3000000000072FFD2
:101FB00033FF0000000000000000C3C3C3C376F677
:101FC00066666060007F0000F0F000000000000026
:101FD0000000000000000000000000000000000001
:101FE000000000000000000099999999000000008D
:101FF000000000000000000000FF00FF00000000E3
:1020000000000000000000000000000000000000D0
:1020100000000000243424243C0C3CFC42FF42FF1E
:10202000990300C000000000C30FC3FF00000000C0
:1020300000FF00FF00000000000000000000400062
:1020400000000000606000FF004030300000000031
:102050000000000000000000000000000000000080
:10206000000000000000000000009999999900000C
:102070000000000000000000000000FF40FF000022
:102080000000000000000000000000000000000050
:102090000000000000000586000000C0040000866B
:1020A000003000B20010A08600E00098001000860A
:1020B000002000A000800000000000000000A584B7
:1020C000006000B90000A0000A00000000A00000AD
:1020D00000000000000000000000001C00000005DF
:1020E000008600E003B000000086007400B000002D
:1020F00000000000000000000000000000000000E0
:1021000000000000000000000000000000000000CF
:10211000008600E001900000FFCF55CF3D3D3DFD22
:10212000FFFFA0A0FFFFFFFFFFFFFFFFF0F0F0F0B9
:10213000AAAAAAAA08007DFF000000000000000073
:10214000FFFFFFFF0F0F1F0F000000000000000047
:10215000000000000000000000000000000000007F
:1021600000000000000000000080000000000000EF
:1021700000800000000000000000000000000000DF
:10218000000000000000000000000000000000004F
:10219000000000000000C3C3C3C3AA000000383819
:1021A00038F8FFFFE3A0FFFFFFFBFFFFFFFEF0F0AB
:1021B000F0F082AAAAAA00007DFF00000000000043
:1021C00000003C3CFFFE0000140000000000000086
:1021D00000000000000000000000000000000000FF
:1021E00000000000000000000000000000000000EF
:1021F00000000000000000000000000000000000DF
:1022000000000000000000000000000000000000CE
:102210000000000000000000C3C3C3C3EFEF45EFA0
:102220005D5D5DFD00000000D555F555FF30303097
:1022300000000000ABAAABAF00C35F1C00000000B1
:1022400000000000FFFFFFF07FFFFFFF0000000025
:10225000000000000000000000000000000000007E
:10226000000000000000000000000000000000006E
:10227000000000000000000000000000000000005E
:10228000000000000000000000000000000000004E
:102290000000000000000000000000000000AA0094
:1022A0000000515151F1080808007555F555FF30EF
:1022B000303000000000ABAFABAF00005F5F00004C
:1022C000000000000000FFBEFFF07FFFFFFF0000E6
:1022D00000000000000000000000000000000000FE
:1022E00000000000000000000000000000000000EE
:1022F00000000000000000000000000000000000DE
:1023000000000000000000000000000000000000CD
:1023100000000000000000000000000000000000BD
:102320000000000000402000200004000404020817
:102330000400C00004000000900204000400020831
:102340000000000011000000000003000200000077
:10235000020004000200020000000000040021004E
:102360000000000000000400000000000000110058
:102370000000040004000000080002000000020049
:10238000020000000500000005000300000000003E
:1023900021000400040002000400040010000400F6
:1023A00004000000000000000100010001000080A6
:1023B00001800000050000000000418000000000D6
:1023C000008000000000000000000000000000008D
:1023D00000000000000000000000040000000000F9
:1023E00000000000000000000000000000000000ED
:1023F00000000000000000000000040000000000D9
:1024000000000000000000000000000000000000CC
:1024100000000000000000000000000000000100BB
:102420000000000000009000000000030801080008
:1024300002410001800400000000000000000000D4
:10244000000000000000000000000000000000008C
:102450000000040000000000000000000000000078
:102460000000000000C0000000000000001000207C
:1024700000000000000100000020800000010000BA
:1024800000008000000000000000000000010000CB
:1024900080000000000000000000000000000000BC
:1024A0000000050000000000110004000084051079
:1024B000010001C000200280000000410020040053
:1024C000000090000000001100000011000000005A
:1024D00000000000000000000000000008000000F4
:1024E00004000000000000000000000000000000E8
:1024F0000080000000000020000000804000000874
:1025000000000000040000000000000000000020A7
:1025100000000400000000000000000000000000B7
:1025200000000000000000000020000800108002F1
:1025300000110004004100000000000000008000C5
:1025400010A000000004400000040000000400048B
:10255000000000000000000000000000000000007B
:10256000000000000000000000000000000000204B
:102570000004000000000000000000000000000057
:10258000000000000000000000000000000000004B
:10259000000000000000000000000000000000003B
:1025A00000000000000000000000C01000A10000BA
:1025B0002080009010800020080000000000000033
:1025C00004000121000000000100820000000080E2
:1025D0001080000000008200C00000210000000008
:1025E00000000000000000001000000000000000DB
:1025F0000000088000000000C04000000000000053
:1026000000000000000000000000100000000000BA
:102610000000000000000000000000000000C000FA
:10262000000000000000000000000000000090001A
:1026300000002003842004002001040180000082A7
:1026400004011001000000000000020000010083EE
:10265000030000000008000010000010000000004F
:102660000000000000000000410003000000000026
:102670000000000000000900100010000001000030
:102680000041000008000000210041000000080097
:102690000300000000010000000010000000000026
:1026A000000000000000000000000000000000002A
:1026B0000500A000018209800100A1401104200052
:1026C000000085208404820000000000C000000497
:1026D000000400000000A000000000000000000056
:1026E00000000000000500410000000000000000A4
:1026F0000000000000000000A0000800000000042E
:10270000000000C000000000C00000000000000049
:102710000000000000000040000000000000000079
:10272000C0000000000000000000000000000000E9
:1027300021C010200020000108C02040210041409D
:102740000202100000020040000041880000030067
:102750000000000000004100000000200000000018
:102760001000000010000000000003000000000046
:1027700000000000000000000820000082000900A6
:1027800041000000000002000000000000001000F6
:10279000020000000000030005000000000000002F
:1027A0000000000000000000000002002100000006
:1027B000000010000180C000100400098500844062
:1027C00020A00100C000080000800021C00000001F
:1027D0000000000300000000000010001000902125
:1027E00084000000840000000000000000000000E1
:1027F0000000000000000000000000800000021146
:1028000000200000000088000820000000000000F8
:1028100000000000000000001000000000000000A8
:1028200000000000000000000000000000000000A8
:10283000C0000000000010000200000420840820F6
:10284000020010000084410000400801C100200087
:10285000209020000082000000C010000000100046
:102860000000000000000000009080000040000018
:102870000000000000000300000000000000000055
:1028800021400000000000000002100000000000D5
:102890000200000002000000000000000000000034
:1028A0000000000000000000000000000000000028
:1028B0000000000000000000830000000080010014
:1028C000008001000000000000008480C00420009F
:1028D0000100010011008400000000001000000051
:1028E00000000000000000000000000020000000C8
:1028F00000000000000000000000000000000000D8
:1029000000000080000000000000088000000000BF
:1029100000000000000001000000000000000000B6
:1029200000000000000000000000000000000000A7
:102930000000000000000000C003002003050800A4
:1029400000000080098000800000028083000000F9
:1029500000110941000300410000000000000000D8
:1029600000000000000000008000000000000000E7
:1029700000000000000000000000000010008000C7
:102980000000000000008000000000000000800047
:1029900000000000000085000000000000001100A1
:1029A000000000000000C000000000000000000067
:1029B00000000004001000040011C10108008201A1
:1029C0000900C00804048288008800100010C010AC
:1029D00000041000010000000001000000000000E1
:1029E00000000000000000000000080000000000DF
:1029F00000000000000000000000000000000100D6
:102A0000C000000000000000040000000000000002
:102A1000900000000000C000100000000000A000B6
:102A20000400000000008200A1000000000000007F
:102A30000000000000000000000000000100010094
:102A4000010001010805080188908200A1400800EA
:102A500005408801000000010000010100000001A4
:102A60000000000100000000000000000000000065
:102A70000000000000000000000000000000000056
:102A8000000000000000001100000000000800012C
:102A900001C00001000804004000A0001001000077
:102AA000000000000000000100000002000500001E
:102AB0000000000000000000000000000000100006
:102AC000110008000905A00283212000800509806B
:102AD000C1001080024040004104000009200000B5
:102AE00000200000002000000000000000000000A6
:102AF0000000000000400000000000000000000096
:102B0000000000000000001000200000000000880D
:102B10000540400004400480000080008000000563
:102B2000000000000000000000030000000000059D
:102B30000000000000000000000000000000000095
:102B400000A0081000C011A080008000C00080809C
:102B5000008004808080800000410204100900058C
:102B600080000000200000000000000000000000C5
:102B70000000000000000000000000000000000055
:102B80000000000000000000000000000000000045
:102B90008000000011001000000000800000000014
:102BA0000080000000000000000000000000008025
:102BB000008000000000000000000900000000008C
:102BC0000400004100000041018304101010854002
:102BD0001082C0020802820408820401000101017F
:102BE00000000800000001000000000000000000DC
:102BF00000000000000000000000000000000000D5
:102C000000000000000000000000100000000000B4
:102C10000000820000000000000000000008000228
:102C200000A00008000400C0008202A000C0000252
:102C3000000800100000000000000000000000007C
:102C4000000000000000000100010000028502A059
:102C500082008841000100A000400088012000A0FF
:102C60000001000000000002000000000000000061
:102C70000000000000000002000000000000000052
:102C8000000000000000000000080000000008082C
:102C9000C0908200040083000401040002000000D0
:102CA000000000000008000400000000000002C056
:102CB000080082001000000000000000000000007A
:102CC000000000000000000000050003000000906C
:102CD0000005000000C00021002000050080090060
:102CE000410003021100000000800000000000000D
:102CF00000000000000000000000000000000000D4
:102D000000000000000000000000000000000000C3
:102D10008000000000008000020004200410020077
:102D2000000400000000000000800000000000001F
:102D30000000800000008000000000000000000093
:102D4000000000000000000000000013C20000822C
:102D500000000013C200000000000013C200006069
:102D600000000000C200000000000000C2000000DF
:102D7000000000000000000000820000C20000000F
:102D8000000000000000000000000A500013C20014
:102D900000000A500013C20000820A004013000025
:102DA000000000000013000000000A0000130000F3
:102DB00000000000001300000600000000000000FA
:102DC0000000000000000000000000000000000003
:102DD00000000000000000000000000000000000F3
:102DE00000000C0C0CFF0C0C0CFF0000000000009D
:102DF00000000000000000000000000000000000D3
:102E000000000000000000000000000000000000C2
:102E100000000000000000000000000000000000B2
:102E200000000000000000000000000000000000A2
:102E30000000000000000000000000000000000092
:102E40000000000000000000000000000000000082
:102E5000002C002000000000000000000000000026
:102E6000000000000C0C0CFF0C0C0CFF000000001C
:102E70000000000000000000000000000000000052
:102E80000000000000000000000000000000000042
:102E90000000000000000000000000000000000032
:102EA0000002000000000000000000000000000020
:102EB0000000000000000000000000000000000012
:102EC0000000000000000000000000000000A0A0C2
:102ED000FF0AC300020200000000171417140000CC
:102EE000000028282828FCF03C00FCFC3C3C0000AA
:102EF00000000000000000000000000000000000D2
:102F000000000000000000000000000000000000C1
:102F100000000000000000000000000000000000B1
:102F200000000000010000000000000000000000A0
:102F30000000000000000000000000000000000091
:102F40000000000000000000000000000000000081
:102F5000A0A0FF0AC3C30202000000001714171448
:102F600000000000F8282828FCF03C00F0F00000E9
:102F70000000000000000000000000000000000051
:102F80000000000000000000000000000000000041
:102F90000000000000000000000000000000000031
:102FA0000000000000000000000000000000000021
:102FB0000000000000000000000000000000000011
:102FC0000000000000000000000000000001000000
:102FD0000000008604E000B00000A08650B0A0A071
:102FE0000005A08600F000B00085A0005210A008E7
:102FF0000005A0005010A000000500000000000027
:1030000000000000001C000080050000000000001F
:1030100000000000008600FC03B0840500A600FC50
:1030200003B08405018600E003B00080008600E064
:1030300000A00000008600E003B00400008600A0AD
:1030400000B00000000000000000000000000000D0
:1030500000000000000000000000FFFF2000000052
:10306000FFFDFFFF000000005F5F035F0000000046
:103070000000000000000000000000000000000050
:103080000000000000000000000000000000000040
:10309000000000000000000000000000000001002F
:1030A0000000000000000000000000000000000020
:1030B0000000000000000000000000FF00FF000012
:1030C0000002FFFFFFFF0000000000000000000002
:1030D000000000000000000000000028557D2000D6
:1030E0000000FFFFFFFD000000005F5F035F0000C6
:1030F00000000000000000000000000000000000D0
:1031000000000000000000000000000000000000BF
:1031100000000000000000000000000000000000AF
:10312000000000000000000040000000000000005F
:1031300000000000000000400000000000FF02FF4F
:10314000000000004000000000000000000000003F
:10315000000000000000000000000000000000006F
:1031600020108040505F3F3F000000000201080433
:10317000000000000000000000000000000000004F
:10318000000000000000000000000000000000003F
:10319000000000000000000000000000000000002F
:1031A000000000000000000000000000000000001F
:1031B000000000000000000000000000000000000F
:1031C00000000000000000000000000000000000FF
:1031D00000000000000000000000000000000000EF
:1031E000000008040201505F3030400000008040C1
:1031F000201000000000000000000000000000009F
:1032000000000000000000000000000000000000BE
:1032100000000000000000000000000000000000AE
:10322000000000000000000000000000000000009E
:10323000000000000000000000000020000000006E
:10324000000000000000000000000000000000007E
:10325000000000000000000000000000200011003D
:103260000300100000000000000000000210040035
:10327000000004000400000000002100090000001C
:103280001100020000000300000000001100000017
:103290000000000011000000000004000000000019
:1032A000000000000300000000000000000000001B
:1032B00000000000000000000900000000002100E4
:1032C00020000200040002000200000000000000D4
:1032D00002000000050021000400020000000000C0
:1032E00000000000000000000000000000000000DE
:1032F00000000000000000000000000000000000CE
:10330000000000009000000000000000000000002D
:1033100000000000000000000000000000000000AD
:103320000000200000000000000000000000080075
:103330000000000000000000000008000000000085
:10334000000000000000020000000000000000007B
:10335000000000000000000000000000000000006D
:103360000020000009A0000005000000050000008A
:1033700000000000000004004000000800000800F9
:10338000000000000000000000000000000020001D
:1033900000000000000000000001000900110441CD
:1033A00000C0000000000000000800000000000055
:1033B000000000000000000000000000000000010C
:1033C00002210000000000000000000000000000DA
:1033D00000000000000000000000000000000000ED
:1033E0000000000900090011002100400000001049
:1033F000002100410010001000400100008000008A
:103400000121000000000000000000000021002158
:1034100000000010001000100410000200C000881E
:10342000019000000000000000000000000000000B
:10343000000000000040004000400040000000008C
:1034400000100190000000000000000000000000DB
:10345000000000000000000000000000000000006C
:1034600000000000008400A00040000010A0000048
:10347000008800820090000000C040100010000092
:10348000001000100000000000000000000000001C
:103490000000058400000000000010000000002073
:1034A000001000100000000000000000008200007A
:1034B00000000000000000001100000002000000F9
:1034C00000000000000000000000000000000000FC
:1034D00000000000000000000000000000000000EC
:1034E00000000000000090419041880000000008AA
:1034F0004020100482114000000400200000000061
:103500000021009000000400C00000000000000046
:1035100000000000000000000000000000000000AB
:103520000080000000000000900008000000000083
:103530000000000308000200A00990000020000025
:10354000A000000008000000200000000000821120
:103550000000000000000000A0000400A0004000E7
:1035600000008800000000001090410005000004E9
:1035700005C0000000A00000410020001040200015
:1035800020002000020100010500100005001000CD
:103590000500000000000800088200004100000053
:1035A00010000500000000000000000000001000F6
:1035B00010000000000000000000000000000000FB
:1035C00000000000000000000000000000000000FB
:1035D00000000000000000000000000000000000EB
:1035E0000000000000C000000000004110001000BA
:1035F00082000000C000A040080000400800A000B9
:103600001000020020000808002010000000000048
:10361000000000210000000082000004C000001132
:103620000005000000000000000000000000000095
:10363000000000000000000000000000000000008A
:103640000000000000000000000000000000200456
:10365000000000000000000000000000000000006A
:1036600000000000080000000000000041040040CD
:103670000082008200C0000000002002080010004C
:103680000040000400000810000008401000000086
:1036900000000000080021004100000010001000A0
:1036A000000003080000080000000088000000007F
:1036B000000000000000410041000500090000007A
:1036C00000000000000010000000000000000000EA
:1036D00000000000000000000000000000000000EA
:1036E00000000000000000000000000000000000DA
:1036F000000000000000C021900000031000100036
:1037000000008420000000031003000000000000FF
:103710000000000084000000C00000000000000065
:103720000000000010000000000000000000000089
:1037300000000000000000009000000002110000E6
:1037400000000020822000000000000002001003A2
:1037500000000000000000110020840000000000B4
:103760000000000000000000000400000000200035
:103770002000410041000000000010101000000077
:1037800002C000000040210005048005100009016E
:1037900010000004000020004100080000000000AC
:1037A00000040300080041000000000000000000C9
:1037B00000001000000041000000050010000000A3
:1037C00000001000000000000000000000000000E9
:1037D00000000000200000000000000000000000C9
:1037E00000000000000000000000000000000000D9
:1037F0000000820084000000100008008440840063
:10380000A000A009842108110040C00004408800E5
:103810001040A0400000101188400041000000004E
:103820000403000000000000100000000000000081
:103830000000000000000000000000000000000088
:10384000A0000000000000000000000010000000C8
:1038500000000000000000000000200000008400C4
:103860000000001000000000000000000000004107
:103870000010A00000008300008083C1000003004E
:1038800080C183C1030083000040034100000300A6
:103890000091400000008300008083C1000003000D
:1038A00080C183C1030003000004034180000300C2
:1038B00000824000000000000000000000008000C6
:1038C00000000000000000000000000300000000F5
:1038D00000000000000000000000000000000000E8
:1038E00000000000000000000000000000000000D8
:1038F0000000000000000082838200C083C10082BB
:10390000018282C183C101901182000101011082F4
:10391000018282C001000282838200C083C10082D2
:10392000018282C183C101A0A1820000010108823D
:103930000182C0C101000000000000000000000082
:1039400082000000000000000082C00000010000B2
:103950000000000000000000000000000000000067
:103960000000000000000000000000000000000057
:1039700000000000000000008204A083008300001B
:10398000828283820083C082888303820083C10095
:103990008300838200830110820084820083000000
:1039A000828283820083C082C08303820083C1003D
:1039B000830083820083010200000000C000000039
:1039C00000010000010000000000410005010002AC
:1039D0000000010000000000008200000000000064
:1039E00000000000000000000000000000000000D7
:1039F00000000000000000000000000080C1008303
:103A00000004008002800083808041834191008314
:103A1000C11140000280008341000000008000834B
:103A2000000000800280008380800283088400837D
:103A3000C1004000028000834100000000008000BF
:103A4000000000030000040000000000C00041204E
:103A500000000002200000000000008000000000C4
:103A60000000000000000000000000000000000056
:103A70000000000000000000000000000002000044
:103A80008302800000000000838203C10008000060
:103A9000830200000000000003000000000200009C
:103AA0008302800000000000838203C10041000007
:103AB000830200000000000003000000000000007E
:103AC00000000300000000000000000000000005EE
:103AD00000000000000000000000000000000000E6
:103AE00000000000000000000000000000000000D6
:103AF00000000000000000000000000000000001C5
:103B000000828383C0000000008283C101C1008362
:103B10000082838300000000008405820000000111
:103B200000828383C0000000008283C101C1008243
:103B300000828383000000000084A1820000000056
:103B40000000000001000000000000000000000074
:103B50000000000000000000000000000000000065
:103B60000000000000000000000000000000000055
:103B70000000000000000000000000000000000045
:103B8000838301C001C1000082820182C183C0839E
:103B9000838200010183000082820008010110C1BC
:103BA000838301C001C1000082820182C183C0837E
:103BB000838300010183000082820008010102C1A9
:103BC0000000000001000083000000000000000071
:103BD00000000083000000C0000000000082000020
:103BE000C083000000000000000000000000000092
:103BF00000000000000000000000000000000000C5
:103C000000000283410002C1000000800480C183E3
:103C1000808302850203028300000080008041034C
:103C200000200283410002C1000000800480C183A3
:103C3000808302C0020302830000008000804103F1
:103C400000200000000002000083000000000000CF
:103C50000000000000A04100000000000000008003
:103C60000000808300000000000000000000000051
:103C70000000000000000000000000000000000044
:103C800000000000000000000000124200000000E0
:103C90000000124281480013C200124200000000DE
:103CA000000012420000000000001242000000006C
:103CB0000000124281480013C200124200000000BE
:103CC000000012420000000000000000004200005E
:103CD000000000001200810000130000120000002C
:103CE0000000000012420000000000000000000080
:103CF00000000000000000000000000000000000C4
:103D000000000000000000000000000000000000B3
:103D100000000000000000000000000000000000A3
:103D20000000000000000000000000000000000093
:103D30000000000000000000000000000000000083
:103D40000000000000000000000000000000000073
:103D50000000000000000000000000000000000063
:103D60000000000000000000000000000000000053
:103D70000000000000000000000000000000000043
:103D80000000000000000000000000000000000033
:103D90000000000000000000000000000000000023
:103DA0000000000000000000000000000000000013
:103DB0000000000000000000000000000000000003
:103DC00000000000000000000000000000000000F3
:103DD00000000000000000000000000000000000E3
:103DE00000000000000000000000000000000000D3
:103DF00000000000000000000000000000000000C3
:103E000000000000000000000000AEDE0000000026
:103E100000000000000000000000000000000000A2
:103E200000000000000000007B75AEDE0000000016
:103E30000000000000000000000000000000000082
:103E400000000000000000007B7500002EDE000076
:103E50000000000000000000000000000000000062
:103E6000000000000000000000007B740000000063
:103E70000000000000000000000000000000000042
:103E8000000000000000000000000000866FC0027B
:103E9000000000000000408C07000000000000004F
:103EA00030020000000000004003F661866FC0028F
:103EB000000000000000408C07000000000000002F
:103EC00030020000000000004003F6610000866E32
:103ED000C002000000000000408C0700000000004D
:103EE0000000300200000000000040037661000086
:103EF00000000000000000000000000000000000C2
:103F000000000000000000000000000000000000B1
:103F100000100441081000820810024080000001D7
:103F20000000000000000000100080001000884029
:103F30000200024082402100040000000000000056
:103F4000000000000000000000000000020000006F
:103F500000000000110005008000200080008000AB
:103F600085000400040004000000000003000000BD
:103F7000000000008000000000000400200000009D
:103F800003000400040004000000200002000400FC
:103F90000000000021408400000001800180020038
:103FA00000400000000000000000010008000100C7
:103FB0000200010088800580000000000000000071
:103FC00000000000000090000000A00000000000C1
:103FD0000000000004000400840020000100200014
:103FE00020000400010001000100000000000000AA
:103FF00000000000000020000000000000000000A1
:1040000000000000000000000000000000000100AF
:1040100001000220001000000010800200000200D9
:1040200000A0400000A000910590004000000000AA
:1040300000000002001100008201000000000000EA
:104040000010000000000000000000000000000060
:10405000000100C00000000000008000000400001B
:1040600000040021002000000020000100000000EA
:1040700000000021000400010004000520000000F1
:10408000200000000003000000000000000000000D
:1040900080000000008000100040C010400300219C
:1040A0000120004005000021822000210080000046
:1040B0000000A000008000900041031000000000FC
:1040C00000000000020000000000000002000000EC
:1040D000000000200000000000000000020000803E
:1040E0000000828000840090000000800004000234
:1040F00000100000008400800004908000A00100F7
:1041000000000100000000040000000000000000AA
:10411000001004000000020809C0A0052088808467
:104120002100210000402084000020000090204158
:104130000010009000040002804000200041008236
:10414000008408000000008800880000000800C00B
:10415000001000008000000000880008000002003D
:104160001000100000904100000000002000050039
:1041700000000000000010000001200000002000EE
:10418000800000008000000000000000000000002F
:1041900002018400000080A00000000002C00800AE
:1041A00040000020024104800000000004000000E4
:1041B00008C00080004100800080088000800090DE
:1041C000000084001000000000000000000000005B
:1041D0000000000000000400000000000000C0001B
:1041E0000000C00008000000000002000000000005
:1041F00000000000000000000000000401000000BA
:10420000010020000000200000000000000000006D
:1042100090008920040082000200051000109040E8
:1042200020410000000010000000110020001000DC
:104230000800209108000888004020008041080004
:104240001011020141000000000000000000090000
:1042500041004100000005000800000000000000CF
:1042600041000000000020010000000000000001EB
:1042700041000301000000000000020000000000F7
:104280001000000009000000000000001000000005
:1042900041020010001108010801882010C10040EF
:1042A0002083A1048200A000900000040000000010
:1042B000C00000009040010000000010000008C095
:1042C000000000C00002000000000000000200002A
:1042D00088110000000800000000001000008400A9
:1042E00000000000C000C00000040000C000A000EA
:1042F00000200000822000000000000001000000FB
:10430000000020001000001100000000000010005C
:1043100000000080001008A001201120418004004E
:1043200020204121032009041000A100042021883D
:1043300000C0040000000040A18821020805000020
:104340000010000400000004000041880200000486
:104350000000030000020010000005000804000037
:1043600000000000030004201000000000020020F4
:104370000200000041880500090003000000000061
:10438000000000001000020020000000200041009A
:1043900010020402410002844100000109000000F3
:1043A0000500018000C09080888300000200018029
:1043B0000000000501410005008010000000008899
:1043C000000000800000000000000000000000006D
:1043D00000800000000000000000100000001080BD
:1043E000000000000000000010800000000000003D
:1043F000C0200200000000000000000000000000DB
:104400000000001100000000000001000000010099
:10441000000000800080000000000000004000005C
:10442000000041049004081004001000210000C0A6
:104430004100210003904104090000840390100012
:10444000210100000200100000900204000000049E
:10445000000000C0008409008200080041000084C0
:10446000000000001000000021002140000020009A
:104470000000410000000000000000A0000000005B
:1044800000009090000000001000000000000000FC
:1044900000000000100021004100A1100401800074
:1044A0004000000000020480A0401100880082004B
:1044B00084041000820010000800100008001000A2
:1044C0000040104000000100000000000400000057
:1044D000000000008410004188210510C000000089
:1044E00000008400000000000010C0002090840044
:1044F0000100C000000000000000000000000000FB
:104500000000000002118200000010008400000082
:10451000000084000000000800000000400083024A
:1045200040008500A0008000080080008000890213
:10453000042082044009211020C00004098400A046
:104540000089040500888940029088A00489110927
:104550000408000420040000000002000000000025
:10456000000000000000000000000000C00000008B
:1045700000111111002002028000048084000080DC
:1045800000000000C000000000090009800409408C
:1045900000090009000808110003000000040000E1
:1045A0000083008088000008A00000000400C00014
:1045B000080090010500A1000190012102400002C5
:1045C0000883A01003820040C0210820C105010219
:1045D00000000001080000000200C000820000008E
:1045E0000000C0000800000000000000A000110052
:1045F000000000000000C001000188080110100444
:1046000000C00000020011000000000000010400D2
:104610000001000000000000010000010000000097
:1046200000000083A008030400C008821001820873
:104630008200820040A040900401000001910040EF
:104640000101000000000000010110094104914037
:1046500090110082014000A0000100000000000055
:104660000001000000000000000000000000000049
:10467000000000000100010001010101880010019B
:10468000880008110000000000000000000000C0C9
:104690000002010100000000000100000000010014
:1046A00000000100A0000808040083A08080000230
:1046B00000008005040082848404894109004020B0
:1046C0000491204110000900410040108988408475
:1046D0000241820240001004040404410000000072
:1046E00000000005000000000000001100000000B4
:1046F00000000000000008004000202041090000E8
:10470000802080000040000000000000000509003B
:10471000108004000920080041000808040000007F
:1047200040000000030000048000800083000000BF
:10473000080005008000102000211004918420084A
:104740008003C004084110000080A080108009414F
:104750008020828408891003000302042104008061
:1047600000000500808000800080200000800000A4
:1047700000000000000000000002000220092008E4
:1047800000800000020000800000000040800080E7
:104790001102000409040020050800040021901003
:1047A00000000000024000030010000084000083AD
:1047B00082000000010004004083000500404082A8
:1047C000010140000300010000044040A110A0824C
:1047D00000028809C1A0A1820100000001001000B0
:1047E000400800C000104008000800100104908834
:1047F00000000088008400040402000000010101A0
:1048000091000008041000080088008200200108C0
:104810000408000100000100020100010001000184
:104820008401080000000001000100A004C0101075
:104830000083000000100000004000880105000116
:1048400000040100000100000000000000820000E0
:104850000000830803400400A0A00108000100003C
:1048600001000000008200000000000000C0000005
:104870000000000000A0000000000000010000088F
:104880000001000008008820080010A0000000823D
:1048900000000000010000080000000000100111ED
:1048A00001000000000000C0000000008301A00023
:1048B0001000021000400000000000100985408830
:1048C00009020280400004400211090000000010AB
:1048D000000500009083C0820909020821800508B4
:1048E000042009000000008000000000000000809B
:1048F00000000000000000000000000000000900AF
:10490000110002030400800080800000800000008D
:1049100000800000000009000480080810000380E7
:104920000540410940000000000000001100830222
:1049300000000009008000000013C20042000000D7
:104940000013C2000000000000130000000000007F
:104950000000C20000000000001300000000820000
:1049600000130000000021840013C2001100008425
:104970000013C22000000000060000130000000029
:104980000A000013C200008200840013C22000004D
:1049900006600013C220820041000013C200000024
:1049A00000600000C200000000840000C20000009F
:1049B00006000013000000000000000000000000DE
:1049C0007F761F16FF1E991E3CFF0F660F660F664F
:1049D00000000000000000006FFC60FCBDBD6F091E
:1049E000FE6E9E0EFF0F663C0000000000000000FF
:1049F00000000000000000000000000000000000B7
:104A00000000FD000400FC0C00000000000000009D
:104A100000000000000000000000FF0000003C005B
:104A20003F00FF4EFF00FFCFFF00C3C3C3C300FF23
:104A3000FFFF0000FFFFC3C3FFFF000000000000F6
:104A4000000079701910661E001E3C000F66FF3CC6
:104A5000003C00000000000000006F0C600C2424EB
:104A60006F09F8689808000F663C0000000000001D
:104A70000000000000000000000000000000000036
:104A800000000000FD000400FF0000000000000026
:104A9000000000000000000000000000FC000C000E
:104AA0003C003000FF4EFF00FF0CFF00C3C3C3C338
:104AB00000FFFFFFFFFFFFFFC3C3FFFF0000000079
:104AC00000000000000000000000000000000000E6
:104AD00000000000000000000000000000000000D6
:104AE00000000000000000000000000000000000C6
:104AF00000000000000000000000000000000000B6
:104B000000000000000000000000000000000000A5
:104B10000000000000000000000000000000000095
:104B20000000000000000000000000000000000085
:104B30000000000000000000000000000000000075
:104B40000000000000002C2FECEF3C66FFF00F3659
:104B5000FF36FC06FCF6667EF6FEF0F6FCFE00C3B1
:104B60003CFFE4E4E4E4E0ECE3EF3CFF66F000004B
:104B70000000000000000000000000000000000035
:104B80000000000000000000003C006C0000FFFC82
:104B90000000000000000000000000000000000015
:104BA000303000F000C000FC0000000000040C0CDD
:104BB000FFFF0F0FFFFF0F0FFFFFC3C3FFFF00003B
:104BC00000000000000000002023E0E33C6600F04D
:104BD0000036F0360C060CF6003CF0FC00663C7E1D
:104BE00072727272003CC3FF202C232F3C0066F0CF
:104BF00000000000000000000000000000000000B5
:104C000000000000000000000000003C006C0000FC
:104C1000000C000000000000000000000000000088
:104C2000000000F000F0000000FF00302434000419
:104C30000004FFFF0F0FFFFF0F0FFFFFC3C3FFFFB6
:104C4000FFFF008650F0A0A00005A08600F000B392
:104C50000000008600E000B300000086007000B095
:104C60000005008600A000930000008600E003B36A
:104C70000400A08E00FC03B00400008600FC00903D
:104C800000050000008600E003B00400008600F08C
:104C900003B004000086009C00800005008600FC34
:104CA00003B00405008600F003B004000000000C0F
:104CB00000000000A248011C0004494002C7018016
:104CC00003844940000000000000000000000000D4
:104CD000FFFFFFFE000000000000000000000000D9
:104CE000FFFDFFFFFCFCEB283C550FFF0000000020
:104CF00000000000000000000000000000000000B4
:104D0000000C0F0C0000000000000000000000007C
:104D10000000000000003030F000000400EF000050
:104D20000000000000000000000000000000000083
:104D30000000000000000000000000000000FFFA7A
:104D40003C3814145555000000000000000000001D
:104D50000000FFDFFFFF0000000000000000000077
:104D60000000FFFFFFFEC0C0EB283C550F00000015
:104D70000000000000000000000000000100000032
:104D8000000000000F0F00000000000000000040C5
:104D90000000000000000000F000F000000400EF40
:104DA00000000000000000400000000000000000C3
:104DB00000000000000000000000000000000000F3
:104DC000000A00080C140F55000000002DFFBE0063
:104DD00000000000FFFF0000F000F82800000000C5
:104DE000C0C37D7D00000000AA00BA300000D22DB3
:104DF00000000000000000000000000000000000B3
:104E000000000000000000000000000000000000A2
:104E100000000000000000000000AC3C00000000AA
:104E200004FE000000000000000000000000000080
:104E30000000000000000000000000000000000072
:104E40000000FFFA3C38003C00FF000000002DFF8E
:104E5000140000000000FFEF0040F000F000000030
:104E60000000C0007D7D00000000AA00AA00D22D35
:104E70000000000000000000000000000000000032
:104E80000000000000000000000000000000000022
:104E9000000000000000000000000000AC3C00002A
:104EA000000004FE00000000000000000000000000
:104EB00000000000000000000000000000000000F2
:104EC00000000000000A0008101C505F84038410DA
:104ED0008420040000028200040000000020000082
:104EE00000400800880200000300804080000000AD
:104EF000898805000000000000000000000000009C
:104F00000000040004000000040000000000000095
:104F100000000000080003000000800000002000E6
:104F200020008400A0008400800000000001110027
:104F3000000000000400000020000001000100004B
:104F400004000400000000001100000011000382B2
:104F500005000584010000800300A000020000009D
:104F60000000008002200200020000000200020097
:104F700000004000000000000400000000000000ED
:104F8000020000000000000000000400000000001B
:104F9000000000000000000000000000020000000F
:104FA00001000100210005000400040000000020B1
:104FB00000009000000000000400010084040004D0
:104FC00004000000000010000000000000000000CD
:104FD000840184218821802100210000000000102C
:104FE0000001008400010040000809A10000091030
:104FF000008400880000000000002110000900204B
:10500000000200000000001000000000000000018D
:1050100000C0000000000001008800000010000136
:105020000091000500210000002100200000000187
:10503000002100000001000000000001000100014B
:10504000000500000000000002080000020000004F
:105050000200412005A004A004A00084000000007C
:10506000000000200020002000A000A1000400217A
:105070000011000000090010000000000080002066
:105080000088008000000000000800000000000010
:1050900000080000000000000008200000100000D0
:1050A0000008000400A000840000008400800000CC
:1050B000004000840000000200000000040400041E
:1050C000000400A0000000000000018000000100BA
:1050D000000001000821848484C1008500010000D3
:1050E0000420802000820020800120200200000097
:1050F0000000020402000000000000000020002068
:10510000001100000000001000000000000000007E
:1051100000200020000000C000000000000000008F
:105120000084411104000000000009200500000077
:1051300000208841000000000002000000088000FC
:10514000030000000000000000000000100000103C
:10515000000000000000C0A00510052082202004EF
:10516000004082800480080082800440C0800100EA
:10517000C04110009184010010001009100000A02F
:1051800000C10090001000000011080000000000A5
:1051900000008400048000000000001020000000D7
:1051A000A0000400C040000000000005C080844151
:1051B0000000C08002C000000000008000004080AD
:1051C00020008200024104208800C01002008800F4
:1051D00088844000000000000920102084219040B5
:1051E0000000050005000090000200000800028297
:1051F000000000012100000000001084100010C019
:1052000000110000C10003010000000000000000C8
:1052100000000300050089000000000000001000ED
:105220000000000041000000824004000400410032
:105230001000100000A00240020000002101080040
:105240004100008403000000058205000082410047
:10525000030080904188040000011080008905A0AF
:10526000048000000000001000000080000000002A
:10527000011090090020C000000000000041000063
:1052800000210004000820030010001000000000AE
:105290000000000000000000020000000000880084
:1052A00000000000000000000000020801000100F2
:1052B000000000000000000001800000000000026B
:1052C000000000001000000000000040000000008E
:1052D00000000000040000000100004004C10321A0
:1052E00008200402008910200404038480001004B4
:1052F00008102041000000200000808820080000E5
:105300000000002005100000001000200004000034
:105310000288080000A00000000005040000000052
:1053200000000300102000000382090200110000A9
:10533000000000A0020000C00000004000010000CA
:1053400080200200000841000000400005004000ED
:105350000020A00000000400001002014100012014
:1053600000A010800500102000808300840004400D
:105370000000C0A110A0100908800011202010809A
:10538000000010001000848000211003888090002D
:10539000840002000400000000000010C08900002A
:1053A00090000000000000A1000000110005002096
:1053B00082200011C02002050000C00010800008FB
:1053C00000004020C00008808840004004008800A1
:1053D0000009000010000000110400000320000973
:1053E000838584218400842185C004080900050088
:1053F00010830000109002000590000400901090AF
:105400001082000000A00000002002000020801098
:10541000080000880888212010C000000090891032
:10542000000000880082008400000000410041A0CC
:10543000214003000300000402002120000000417D
:105440002100000040900900080041000000000019
:10545000000040000000030100000204A14000051C
:105460008800042005A0050005A0404001000000C0
:105470002000004000000000C1000000008000008B
:105480000000000000000000080000800000008014
:1054900020800000000000000080000000000000EC
:1054A00002000000000000001000000000000000EA
:1054B000000000800021000000800000008000004B
:1054C00000C000000000011100000000000000000A
:1054D00000000000010000008840000001852091CC
:1054E00000902000880904201109C1A1214020401A
:1054F0000020200302C0200409028841008000002F
:105500008900008000000000000000000000890009
:105510000000000003080208000210200000000044
:1055200082000000000002000000800008008400EB
:10553000800089000000008811090341419180002A
:105540000800C00000000000000000000000000291
:105550004009804141110300000040000800A18281
:1055600021848904050289900909081108100101A4
:1055700001019001010088838508A010850300A027
:1055800088C040A000029082008800020002000053
:10559000C108400090000000000190000100A00040
:1055A000C000110000000000010000000400010024
:1055B0004000100010000000008900C1899100081F
:1055C00040880184C11000A000000000000000001D
:1055D00000010101400100000100C00000000400C2
:1055E0008383C085C1040802030890A1C10583011B
:1055F000009000050020011110101090042085007B
:105600000000000000010000000000840004000011
:105610000010000000100000010000080000000160
:105620000100010001900000000000000000009057
:10563000000008008400020040008300A0C09188A0
:1056400041C00400080008000488010000000000B8
:105650000100000001000003010009002000030018
:1056600009004001C008049082C1A1000583090916
:10567000A00205041020028408C10580054102C172
:10568000A00900000004004000050000000000091F
:1056900000000080002000800005210040820202FE
:1056A0000241020010004000400500000000000020
:1056B00000000000800000000000800440000400A2
:1056C0001080898004008900100002412000200021
:1056D00011002000090041000241090220001000D1
:1056E000850008008909888004048805C1A188090B
:1056F0008385090921090805402041091020848279
:105700000302202000000400008080000000000050
:1057100080000000000003001000000020100008BE
:1057200040028202008000804100800000000020D2
:105730000010000300080080000210040085409063
:1057400000910009800880800000808000800000B7
:1057500000000000000009020004090200200040CF
:10576000000800A000082020808220A00908909056
:105770001104858489099100000001010400018958
:105780000910091091C100C0841090A002A000006F
:105790000800A000A000080001000100880000012E
:1057A00000010100040000080008000204A000003D
:1057B000000100000000A0010008008400080208A9
:1057C00001400010A011888940020002088400886E
:1057D00000000000000000000001000101000201C3
:1057E00000A000900084000200890810830904884A
:1057F00000A00189004000038920108511010500E7
:105800000011000100000104011000100000000060
:1058100001000000000001000021840000000000E1
:10582000000001000000000000000008000100006E
:1058300000000000000000000000004100820000A5
:105840000082C1008840910084A0A00088058400E7
:105850000808001000010000000001C000A00101C4
:1058600000000001000000000008914010901000AE
:1058700004020211218404822089418009402020F1
:1058800020004183020904052000108002801100DD
:1058900000002000020002002000000200000000C2
:1058A00000402100210502110300000000C000207B
:1058B00000000000000000000000000000C0000028
:1058C000000000800900911110000900000080A074
:1058D000800900800080000400050000090002002B
:1058E00020080400001000400002000002A08520F3
:1058F00088100900000000130000818800000013D8
:10590000C2000000000000130000826000000013CD
:10591000C2000000000000000000000000000013B2
:10592000C20041000A00001300000000218400139F
:10593000C200000000000A000013000000000A502E
:105940000013C200006000000013C2000084004287
:105950000013C200000000000000000000000A0068
:105960000013C200000000000000000042000A50C6
:105970000013C2002100287D287DAAFF2D2DC4C759
:10598000F4F7550055FF037D3F7DFF553C0F00A008
:1059900005A5000000003C7D3F7F000000000000E6
:1059A000000000000000545EF4FE55FF0F3C0000B4
:1059B0000000000000000000000000001C1FDCDFF1
:1059C00000000000FF00FA0A0C000C0F0000303F3E
:1059D00000000000000000000000000000000000C7
:1059E0000020007F00FC003C000000003C3C00FF69
:1059F000B0BF303FFC3C55550505AFAF00552D2DD0
:105A0000040734370F3C0F3C03413F4100553C0F26
:105A100000A005A50000000000550F5F0000000079
:105A20000000000000000000040EA4AE55000F3C72
:105A30000000000000000000000000000000101343
:105A4000D0D300000000FF00FA0A00000F0F000092
:105A500000FF000000000000000000000000000047
:105A600000000020007F000C003C000000000F0F31
:105A70005555101F303F0C3C5555FEF45E54BEF397
:105A8000BE30FAFA0A0A787878787F757A703CFF27
:105A9000AAF000000000000000000000000000006C
:105AA00000000000000000000000FEF4AEA4F03C86
:105AB000AAFF00000000F0AAF0AA00000000000009
:105AC000000000000000000000000000FC0C0000CE
:105AD000FB001000000000000000000000000000BB
:105AE000FFFFFFFFFF000000FF00000000000000BC
:105AF000B2B2B2B2AAAAFF03FFFFF0B2AEA40E0484
:105B000082F382303F303F30FFAA55002F252A20F4
:105B10003C00AAF0000000000000000000000000AF
:105B20000000000000000000000000005E540E04B1
:105B3000F03CAA00000000003CFF3C000000000018
:105B40000000000000000000000000000000FF0056
:105B50000000FB0010000000000002000000000038
:105B6000000000040000FC0C0000FC00C00000006D
:105B70000000FF3CC300AAAAFC000000F0B20086AF
:105B800000E000B30000A08600F000B30000008633
:105B900000E000B30000008650F000B00005018670
:105BA000006000B00000A00050E0A03000050086BA
:105BB00000E003B30400008600FC03B0840500008D
:105BC000008600E003B00400008600FC03B08405FA
:105BD00000860090008000000086009C00908005F8
:105BE0000000000000000080008600F003B0040008
:105BF0000086006000B80000008600DC03A0000002
:105C0000000000000CFCF5F5FEBEFAAA0000000042
:105C100000000000F7F7A000000000003C7D3F7F7F
:105C200000000000000000000000FF00FFFF000077
:105C300000000000000000000000000000000080E4
:105C40000000000000000000000000000000000054
:105C50000080F000F00000005535F0003030000802
:105C600000FD000000000000000000000000000037
:105C700000000000000014D7CFCFAFFCA0FC34F42C
:105C800037F7000000000CFC0505FC3CF0000000AC
:105C900000000000000057F7000000000000005561
:105CA0000F5F00000000000000000000FF00000087
:105CB00000000000000000000000000000000000E4
:105CC00000000000000000000000000000000000D4
:105CD000000000003030F00000005535F000F0000A
:105CE000000800FD000000000000000000000000AF
:105CF000000000000000000014D70C0CAF0CA00C3A
:105D000004C407C7FFFFBA303C55FF0F0000000076
:105D10000000000017D7FCFF14FF1FFFFEFCBE3C75
:105D200000000000FFBCFFA0000000000000FF001A
:105D3000FFFF000000000000000000000000000065
:105D40000000000000000000000000000000000053
:105D5000000000000080F0F00000003C005CFF3F0D
:105D60000000000020000000000000000000000013
:105D7000000000000000000000007D7D05AFEF2066
:105D8000EF200C1C0F5FBA30BA303C55000F0000FA
:105D90000000000000003FFFD4D714141F1FFAF0CA
:105DA000AA0000000000BCBCA0A000000000000091
:105DB000FF000000000000000000000000000000E4
:105DC00000000000000000000000000000000000D3
:105DD000000000000000000030F03000003C005CDB
:105DE000C0000000000020000000000000000000D3
:105DF000000000000000000000000000282805AF9F
:105E0000EF2000000C080F0A04880088000004003E
:105E100021004000400020000000000000000000C1
:105E200000000400008200000400000008000000E0
:105E30000000040003044000020000000000110004
:105E4000020000000000000000002000000004002C
:105E5000002000000000000005000000000000001D
:105E60000000000000002082000004000300040085
:105E7000000002001100000000000000000000000F
:105E8000000003000000040000000000000090215A
:105E90009000900000002021A000000000000200FF
:105EA0000000000000000841000020090000000080
:105EB00000000400000000000200000000000000DC
:105EC00000000000040000000000000000000000CE
:105ED00000000000000000000000000000000000C2
:105EE0000041000000000000000000000000000071
:105EF00000000000020000000000000000000000A0
:105F000000000000000088000000880020C000029F
:105F1000000000104000000021202120000010009F
:105F20000000000000000000000000000000410030
:105F3000000041900000000004000000000000008C
:105F40000000200000000000000000C00000000071
:105F50000000000000000000000000000000000839
:105F60000000000000000000000000000000000031
:105F70000000000000000000000000000000000021
:105F8000000000000000000000000000000000030E
:105F90000003002120410000000002000011001158
:105FA0000011002000200003001100030000A041A8
:105FB00000110000001000000000000000000000C0
:105FC0000000001000000041000000000000000080
:105FD00000080000000800110000A00000000008F8
:105FE00000000000000800080000000000000000A1
:105FF0000008000000000000000000000000000099
:106000000000000000000000C000000000000000D0
:10601000050008C005081190050011400300052087
:1060200011C00088009000A00800050003C00040D7
:1060300041000320000040000000000000000800B4
:10604000210000000000030000000000000000002C
:10605000000000100000000011000000000000001F
:106060000000020000000900110000000000000014
:1060700000000000050000004000080000001100C2
:1060800000000900000000000800000011000000EE
:1060900041008805C005101182048211C041A02171
:1060A000C040020088090800000000090000084103
:1060B00000000000000000000000000000200000C0
:1060C0000800000500000000001100000000002092
:1060D00000000000200000009009900000008400F3
:1060E0000000000002090000000908000000820012
:1060F000000000000000001000000003820000000B
:1061000000004000000982208409901008008810D7
:106110008440A040038800081100008400C02100D2
:10612000009000004100000000000000000000C0DE
:106130000000000000000000008210A0100000001D
:106140000000000000000000080000000000000047
:10615000000000000000100000000000000020000F
:10616000000010000000000000000000000000001F
:10617000030000000000000000000000000003C059
:1061800000000000100000000000000411000000EA
:1061900000000002418200110411001100200200E1
:1061A0004021C000000500000005000000040010B0
:1061B000000084000408000000000010002000001F
:1061C00000000000A004000000000000080000081B
:1061D00000000000000000000000000000000000BF
:1061E000000000000000000010000000000000009F
:1061F00010000000000000000000000090000000FF
:1062000000000000000000000000821100200405D2
:1062100008110009900000090000030008820988A5
:106220000008000003000000004000000000080219
:10623000000000042100008200100090000009000E
:10624000100000000000000000000000000000003E
:106250000000000000080000000000000000000036
:106260000000000000000000000000000000090025
:106270000000000000000000000000000500000019
:10628000000000000000020000000000000000000C
:1062900000884100040000000000C0100010A011A0
:1062A0008402020882001000102040008409C00906
:1062B00000201000C0049021000900039000840019
:1062C0008400000000000021001040000000842134
:1062D000C021C000400000000221000000000000BA
:1062E0000000900000001000842008210009000038
:1062F00088090000C0008400C000A0000002001057
:10630000001188000021000000001009A009000011
:1063100000000010C0210800A040C0090200008851
:10632000002009040000200000000800000003888D
:1063300010C0000000000000050021200000000047
:1063400000900000000000000900000400000000B0
:106350000040001000000000009000080000000055
:1063600009004100004000000000000000000000A3
:1063700011000000004000000300000000000000C9
:1063800000000000000000000000210000000040AC
:106390000000200000000000000009000000880943
:1063A000844088118808C040100900008805000852
:1063B000000088108421000400000000A0200000DC
:1063C00000002040000000030000820020210000A7
:1063D000000000000041000000000000000000007C
:1063E000000000000000000000000000000010009D
:1063F000C0000000000010040000000300000009BD
:10640000000000000000000000000000000000008C
:10641000000000002000000300030009900000209D
:10642000000000000000000000000000000000006C
:10643000000000000000000000000000000000005C
:10644000000000000000000000000000000000004C
:10645000000000000000000000000000000000003C
:10646000000000000000000000000000000000002C
:10647000000000000000000000000000000000001C
:10648000000000000000000000000000000000000C
:1064900000000000000000000000000000000000FC
:1064A00000000000000000000000000000000000EC
:1064B00000000000000000000000000000000000DC
:1064C00000000000000000000000000000000000CC
:1064D00000000000000000000000000000000000BC
:1064E00000000000000000000000000000000000AC
:1064F000000000000000000000000000000000009C
:10650000000000000000000000000000000000008B
:10651000000000000000000000000000000000007B
:10652000000000000000000000000000000000006B
:10653000000000000000000000000000000000005B
:10654000000000000000000000000000000000004B
:10655000000000000000000000000000000000003B
:10656000000000000000000000000000000000002B
:10657000000000000000000000000000000000001B
:10658000000000000000000000000000000000000B
:1065900000000000000000000000000000000000FB
:1065A00000000000000000000000000000000000EB
:1065B00000000000000000000000000000000000DB
:1065C00000000000000000000000000000000000CB
:1065D00000000000000000000000000000000000BB
:1065E00000000000000000000000000000000000AB
:1065F000000000000000000000000000000000009B
:10660000000000000000000000000000000000008A
:10661000000000000000000000000000000000007A
:10662000000000000000000000000000000000006A
:10663000000000000000000000000000000000005A
:10664000000000000000000000000000000000004A
:10665000000000000000000000000000000000003A
:10666000000000000000000000000000000000002A
:10667000000000000000000000000000000000001A
:10668000000000000000000000000000000000000A
:1066900000000000000000000000000000000000FA
:1066A00000000000000000000000000000000000EA
:1066B00000000000000000000000000000000000DA
:1066C00000000000000000000000000000000000CA
:1066D00000000000000000000000000000000000BA
:1066E00000000000000000000000000000000000AA
:1066F000000000000000000000000000000000009A
:106700000000000000000000000000000000000089
:106710000000000000000000000000000000000079
:106720000000000000000000000000000000000069
:106730000000000000000000000000000000000059
:106740000000000000000000000000000000000049
:106750000000000000000000000000000000000039
:106760000000000000000000000000000000000029
:106770000000000000000000000000000000000019
:106780000000000000000000000000000000000009
:1067900000000000000000000000000000000000F9
:1067A00000000000000000000000000000000000E9
:1067B00000000000000000000000000000000000D9
:1067C00000000000000000000000000000000000C9
:1067D00000000000000000000000000000000000B9
:1067E00000000000000000000000000000000000A9
:1067F0000000000000000000000000000000000099
:106800000000000000000000000000000000000088
:106810000000000000000000000000000000000078
:106820000000000000000000000000000000000068
:106830000000000000000000000000000000000058
:106840000000000000000000000000000000000048
:106850000000000000000000000000000000000038
:106860000000000000000000000000000000000028
:106870000000000000000000000000000000000018
:106880000000000000000000000000000000000008
:1068900000000000000000000000000000000000F8
:1068A00000000000000000000000000000000000E8
:1068B00000000000000000000000000000000000D8
:1068C00000000000000000000000000000000000C8
:1068D00000000000000000000000000000000000B8
:1068E00000000000000000000000000000000000A8
:1068F0000000000000000000000000000000000098
:106900000000000000000000000000000000000087
:106910000000000000000000000000000000000077
:106920000000000000000000000000000000000067
:106930000000000000000000000000000000000057
:106940000000000000000000000000000000000047
:106950000000000000000000000000000000000037
:106960000000000000000000000000000000000027
:106970000000000000000000000000000000000017
:106980000000000000000000000000000000000007
:1069900000000000000000000000000000000000F7
:1069A00000000000000000000000000000000000E7
:1069B00000000000000000000000000000000000D7
:1069C00000000000000000000000000000000000C7
:1069D00000000000000000000000000000000000B7
:1069E00000000000000000000000000000000000A7
:1069F0000000000000000000000000000000000097
:106A00000000000000000000000000000000000086
:106A10000000000000000000000000000000000076
:106A20000000000000000000000000000000000066
:106A30000000000000000000044104A000100384D6
:106A40000001208203000000020000010000840514
:106A50000000000000000000800884080000022000
:106A600000000300040000000400030000002100F7
:106A700000000000000000000000110004000200FF
:106A800004000800000000000000040100011101E2
:106A900003010001000000200001000000000000D0
:106AA00000000400000000000000040000000020BE
:106AB0000000200100A000010002C0400000020010
:106AC000900000408300000400000000000200006D
:106AD00002C00000000000000000108011800200D1
:106AE0000280000000000000000000000000000024
:106AF0000000000000000000000000000000000096
:106B00000000000000000000020900000002000276
:106B1000900282020020000000800020000000009F
:106B200000000000000000000000900004000000D1
:106B300090000000000400000004000000010000BC
:106B40004000108200400005000010040002000018
:106B5000004010A10000000000A0109000200001E3
:106B60000001000100004020004000010000000082
:106B700000010002000200020000000000C000004E
:106B80000001000000000000000000010000000102
:106B90000000000000A0000300010001000200014D
:106BA00000010011000800010001000100010008BF
:106BB0000000000200A100200000000000000040D2
:106BC000C000000000000080008400000080A08859
:106BD0000000008001200000004100210102048823
:106BE000002000020008000001800090002000004A
:106BF000900000080080009000900000000200005B
:106C00000008000200000000001000000002002147
:106C1000000400000000200000A000200002000886
:106C20000002000200020000000200020002000256
:106C30000080000000800040008000000000000094
:106C40000884001008900000002003200520031194
:106C500021C005090210C1090001000805C000108B
:106C6000401000009001C021090009000020000030
:106C700000000002410000000000008400840800C1
:106C80000000000100080802000840080010001081
:106C90000200000008000000210000008000050143
:106CA0000020000000001000001080000000040020
:106CB000000020041000100000020040008220406C
:106CC00009A0000082080802000200C100800080C4
:106CD000000400000088100004A00008000000006C
:106CE000000001000000410805888809000000003C
:106CF0000000000000800000000000000000000014
:106D000000000000000200000080002101000000DF
:106D100000000100000000000000880000000400E6
:106D200000200080000000001000000004000000AF
:106D300001000000208001000400400000800000ED
:106D40000180000084012004020008858000040006
:106D5000040080A14100200020002141000000002B
:106D60000000050004201000880108210000100127
:106D7000009004034100050008000000000021000D
:106D800000000200000000000000080000000000F9
:106D900010010000000110001000000010100000A1
:106DA00000010000030110000000100010010000AD
:106DB0000300040000000001400010104102A00187
:106DC00000008000000008021010010210400408BA
:106DD00001401100204020092008200020A00002CE
:106DE00000080008000001801000042000A000003E
:106DF00000208811012000000000000010080000A1
:106E00000000001000000000001000100010000042
:106E1000000000020000000200000000000000006E
:106E2000000000020000000200000000100010023C
:106E30000000000001000000000201051010C080E9
:106E40000820001008210008092108821002100201
:106E50000204200000008084008280090920822131
:106E6000110003100384054002004110109108A195
:106E7000000003881188000000000000008400006A
:106E80000000410800004110000000C00000410067
:106E90002100000000000000000810000000410078
:106EA0002100000005000020008804000000100000
:106EB00041000000030009000000050000009002EE
:106EC00000828000024000828284000200000400F0
:106ED00000051100010800000400000010088400F3
:106EE00020C0A0001000000000800200000001206F
:106EF0000808000000000000000000100000000072
:106F00000000000000000000000000000000100071
:106F1000020000000000000000000000200000004F
:106F2000C00400000000000000800000000000001D
:106F300000000005004004000000000010000000F8
:106F400003004000201100910000030000040084B1
:106F5000088421841000108403C0090041000090BF
:106F600041400303001103000290100000200300C1
:106F70000801900800110484008400100000000043
:106F8000000000A0008400C0000000080000000015
:106F900000000000800000000000000080100000E1
:106FA0000800410021000000002000000000410016
:106FB0001000000000000400000000000000210894
:106FC000219020C0900011040208800400000010ED
:106FD0000000002110104141000040101004040086
:106FE00010000041820884080009010000080080A8
:106FF000040002081040A008010088000000000002
:10700000A0000000080000000000000000000000D8
:10701000000000000000400000000000100002001E
:107020000000000000000000000000000000000060
:1070300000050000000000000541820002218200DE
:1070400000050010010810050080010004800010F8
:10705000414108C104830203800900890508111019
:107060004021000010110810000000000000000086
:1070700000830502030500C100008500C1800000F7
:107080000320004000024008000000000000000053
:10709000000040030000004000000003000040002A
:1070A0000002000300000009090000830002A08024
:1070B00000000003000200000000000380A00800A0
:1070C00009004010004002400240218905A089C00B
:1070D00000040005C0A000C0034090100803000594
:1070E0000091010008000000000000000000000006
:1070F0000000020990C0C1910041000082C0A108B7
:1071000000C00000000000000001000000000000BE
:107110000000000001010000000100000001C000AB
:107120000100000000010000000000000089008252
:10713000032000000001000000000000009108850D
:107140000020002001018801000000000082A14011
:1071500003C000A083008904C089830000A001004F
:1071600000900101900008001100210108000902AF
:10717000100001009101C0848801C0208800A00097
:10718000090183C0000001000000000000000000B1
:1071900000000100000000000002000001000000EB
:1071A0000004000001000000000000000100880051
:1071B000C00020C0A1A0000000000000010082006B
:1071C000C0002008210340002010090040001001E9
:1071D0000304A00082C1400020A10320C00520803C
:1071E00004021011200920008200200083200300E7
:1071F00088801010100011408800900509C12120DE
:107200000300C02090820000400002004100000006
:10721000000000000300000009000000000003005F
:107220000000000000000300000000000500030053
:1072300000000000800003000000000000000300C8
:10724000001180000000830540008980100240008A
:1072500011094000A00088058589000285A121034D
:10726000031104118088848803890083001000883A
:1072700000000000008000800204C0844084830479
:1072800000800080048080001008001000020202CC
:1072900000000000000000090000000000000000E5
:1072A00000030080008200800083000000000000D6
:1072B00000030080800000840083000000000004C0
:1072C000000300000000C08000030991001109A123
:1072D0008903410200032021C04120909004C08412
:1072E000C1080002900802112109A002004000829A
:1072F000880800900002001000C000840810A10857
:1073000088020090A010A00488A0010100010000E4
:10731000000000000000000000000000000000006D
:10732000000000010008000800040021880000009F
:1073300000000001001008C0A0200089000000002B
:107340000000000100A0008210C00089010200902E
:10735000018584030189020805038588000000096E
:107360000020000400000021010001000040000492
:1073700000010020010100030000010083058811C5
:10738000C10109A082848800830188C00000000038
:1073900000000000000000000000000000000100EC
:1073A00000000000000001000000000000000102D9
:1073B00000840000000003408900A00004C00140D8
:1073C0000100000000001140844104008808018889
:1073D00000210082018809118885910190A109038B
:1073E000094121A10500080009030840080000C068
:1073F000008000100000401004401020080003C06E
:1074000082A082084000008989034020110000000A
:107410000000001000000000000400000000000058
:107420000300000000000000030000000004000052
:107430000380000005000000838084000004000039
:1074400003800400000400008300004000000200EC
:1074500003A0090202041100902021844120201081
:10746000000000000000000000000013C200110036
:1074700000000013C2000000000000000000000037
:107480000000001300000084000000130000210031
:1074900000000000000000000000000000000000EC
:1074A00000000000000000000000000000000000DC
:1074B000000000420000C2000000000000130000B5
:1074C0000000000000000000000012000013000097
:1074D000000000500000C20000000A500013C2006B
:1074E00000003F303F303CFF0F660010000000C03E
:1074F0000000000000007E0003000000000000000B
:107500000000FFFFFFFF000000C0E1C3E1C3000077
:1075100000000000000066FF0F3C00000000FFFFBD
:1075200000000000FFFF000066660000FFFF000093
:107530000F0F00000F0F0000FFFF0000FF00000012
:10754000FF000000FF000000FF0000003C3C0000C6
:10755000FFFF00003E383E389F061C04FF3F0F0F20
:10756000FF6CFF006F6F60603C000F660010000052
:107570000000000000000000420003000000800046
:1075800000000000FFFDFFDF000000C0E1C3E1C319
:10759000000000000000000066000F3C000000003A
:1075A000FFFF000000000000000066660000000011
:1075B00000000F0F00000F0F000000000000FF0090
:1075C0000000FF000000FF000000FF0000003C3C46
:1075D0000000000000003E380000FF003C00CF0F1C
:1075E0000F0FFF6CFF000000000000000000000013
:1075F000000000000000000000000000000000008B
:10760000000000000000000000000000000000007A
:10761000000000000000000000000000000000006A
:10762000000000000000000000000000000000005A
:10763000000000000000000000000000000000004A
:10764000000000000000000000000000000000003A
:10765000000000000000000000000000000000002A
:107660000000000000000000387AB9FB003CFF3C3D
:10767000C3C38181FF000E0000000000F3FF000F74
:1076800000000000907EF67EFF7FDFFF000002001A
:1076900000000000F000F0FF989EF8FEFF0F0000D1
:1076A000000000000000666600000000F0F000002E
:1076B0003C3C00003C3C0000FFFF0000F0F00000FC
:1076C00000FF000000FF0000FFFF000000FF0000BF
:1076D000FFFF000000FFFFFF99993437F4F7F3F341
:1076E00024E700109090001018182062A1E3F066C3
:1076F000F066C0C000813C000E003030F3F3F3FFB1
:107700000000000000009018F618FFFFFFFF0000C7
:107710000000000000003C663C66080E686EFFFF3B
:1077200000F0000000000000666600000000F0F0BD
:1077300000003C3C00003C3C000000000000F0F079
:10774000000000FF000000FF00000000000000FF3C
:1077500000000000000000FFFFFF99990407C4C764
:10776000303024E700100010001000100086006088
:1077700000B300000086007000B8000000860070B2
:1077800000B800A50086006000B0000005860A80F1
:1077900000880000008600A0009000800000020029
:1077A000000000800000000000044840000002418A
:1077B00001000004494002C7016000B44940A249E9
:1077C000011C0004494002C7018000844940024175
:1077D00001000004494002C7014003A4414005865E
:1077E000027C00B90080008600CC03A000000000ED
:1077F00000000CFCF5F500000000000FFF0F00007A
:1078000000003C3CBC3C000000003FFCCFF3050006
:107810000C0CF0F050C0050555555F00C30000008A
:107820000000000000000000000000000000000058
:107830000000000000000000000000000000400008
:107840000000000000000000FF0000000020007F9A
:1078500000000000000000000F0808080000000001
:107860000000000055FF1E1EEFECE3E03F3F14D781
:10787000000000000CFC050500000000553C553CD4
:10788000000000003C3C3C3C000000003FFCCFF30B
:107890000F0A0C0C000050C0050014145F004100DA
:1078A00000000000000000000000000000000000D8
:1078B00000000000000000000000000000000000C8
:1078C00000000000000000000000FC0C0000002090
:1078D000007F000000000000000000000000000C1D
:1078E000141C0000000000AA1E1E2F2C23200303DE
:1078F00014D7FFFFF828553C0FFF7DFD7D3D0000AC
:107900000000000000003F503F5F0000000000301A
:1079100000300082C0C03030A0A000000000000095
:10792000FF7F0000000000000000000000000000D9
:107930000000000000000000000000000000000047
:10794000000000000000000000000000F0F0000057
:10795000005C003C0000000000000000FFFCFF0095
:107960000F0F1FBF000000003CFF4D4DF8D0F8D0B6
:10797000043C05FFF828F828553C0F003CFC3C3C33
:1079800000000000000000003050305F00000000E8
:10799000FFF3FFF3C382C0C0303000F000800080EE
:1079A0000002FF7F00000000000000000000000057
:1079B00000000000000000000000000000000000C7
:1079C0000000000000000000000000000000F0A027
:1079D00000A0005C003C0000000000000000FFC0B0
:1079E000FF000F0F1FBF0000000000C34D4DF8D077
:1079F0000000003800FA00A0200482412004840026
:107A0000000080880400000002000400210800003B
:107A1000000020A003918001040000411120840196
:107A2000000021000000000004001184110000008B
:107A30000000110011A00000000011000000000073
:107A40000408000004000000000000000000000422
:107A50000200000000000000000000000000000024
:107A6000840080000000000011080900C108000027
:107A700000000000001000000000018503C0058028
:107A80004000000002000041000000050000000965
:107A9000000000000000820820040000048404802C
:107AA00004200000000000000000000000000000B2
:107AB00000000000000002000000000000000000C4
:107AC000040000800000000000000000000300002F
:107AD0000080020000000000000000000000000024
:107AE0000800040004000000000000800000028084
:107AF000000000000000A000000000400000004165
:107B000000012100000240000091000300A10000DC
:107B1000000100040004204002090001000500905B
:107B2000C011000100000000002000000000000063
:107B30000000000000000000000000C00000000085
:107B40000000000000000000000000000000000035
:107B50000000000000000000000000000000000025
:107B60000000000000000000000000000000000015
:107B70000000004000000000000000400080000005
:107B800090C00004000300800041A04000020002F9
:107B90000021004000C100800191018800040084A0
:107BA000000004040020000000000080000000002D
:107BB00000000000000000000000000000000008BD
:107BC00000000000001100000000000000000000A4
:107BD0000011000000000000000000000011000083
:107BE0000000000000000000000000000000000095
:107BF0000000000000800000004000000080002025
:107C0000200482410010091100900008008209C080
:107C100000C0008800008800800880088001800083
:107C2000A0214104008200208020212000200000AB
:107C30000084000000840000008200A00810000002
:107C400000000082000000840000000000004104E9
:107C50001100000000000082000000000000000091
:107C60000000000000000000000080000300800011
:107C70000083000020400090000000C000C000C051
:107C80008890858003C00000841000020080C0033B
:107C900090410005C00000002009208020852008B8
:107CA000020021A08280000000C1048000800088C2
:107CB0000000C00082000000000000000000100072
:107CC000000000001000000008000000000000009C
:107CD000C08000000000100010000800000010002C
:107CE00010000000000000008210C0002000000012
:107CF00004000004C02103008210000000102000D6
:107D00000000000000010201040000000000080063
:107D100041000000000009000800080040012100A7
:107D20001001000004002082200000000000040078
:107D300004000000030010401001000000000000DB
:107D400010000000000000004100000000000000E2
:107D5000000000000000000000000000080000001B
:107D6000000000000500110000000000A0008000DD
:107D700084008000030000010000000000000000FB
:107D80000200000000100004014001000000000992
:107D90001000004000090000000000020000010285
:107DA0000000A00800000100010001000000000028
:107DB00001000111000000008800004000000000E8
:107DC000A003080000000000000000000000000008
:107DD00000000000000000000000000000000000A3
:107DE000000000210000000000000000000005006D
:107DF0000400050004000000000200000000000074
:107E0000000000000000100000100020200500828B
:107E100000820084004010A00000098209A00040F8
:107E2000008403021008000003000340000408015E
:107E30000801410010000000009000000002050051
:107E4000000000000000000000000000000003002F
:107E50000000000000000000000000000000002002
:107E600002000200000000000000100009002100D4
:107E700009000400208302004040000240081084F2
:107E800010000304418340A084001000008082A001
:107E900000414002C040C00990000000C011902085
:107EA000088000000000108588048200108384A0F0
:107EB0000820C020C00500000000000000000000F5
:107EC00000000000100000000000000000000000A2
:107ED000C000400000000000400000001000C00092
:107EE00000099000001000000000000500000000E4
:107EF00020004000011011200011910902A08920EA
:107F00000100C00000040040051021020020009183
:107F10001001000000840000108800820082000030
:107F20000000008840840084900811100082410401
:107F30000020000041A004A0008220A000100282C6
:107F40000008008200000000100000000000410056
:107F5000009000001000000000000000000000A0E1
:107F60000000000008000004000000000300000002
:107F700000840000400000004000020000840084F3
:107F800000C000844008409040840382004100808B
:107F90000840A040000000000000A0000002000017
:107FA0008800204000410100000020830000000004
:107FB0000080008000000040010000000000000080
:107FC000020000800000000084000040000000006B
:107FD0000800000084000100000000000000000014
:107FE000000000000000000000040000000000008D
:107FF0000000000000000000000000000000004140
:108000000000880084000100010001000000C0029F
:108010008089409108101000000008000500000051
:108020000000000008002108004004401020080261
:10803000850905A021910080858003800000000053
:108040000000000000000000000000000000000030
:108050000000000000000000000000000000000020
:108060000000000000000000000000000000000010
:108070000000000000000000200811900802908914
:10808000032000400340041000038010040000009F
:1080900090208411001101210100900001000000D6
:1080A000000000000000A100118900830005910478
:1080B0008901A0C102C0000200888202A1C00002A2
:1080C0000000C000000000000000000000000000F0
:1080D00000000000000000000000000000000000A0
:1080E0000000000000000000000000000000000090
:1080F00000000000000000000000038508030109E3
:1081000088C001012001000000010001C001000041
:10811000000040080540C120030183000200052043
:108120008300000001000100000003002101049011
:1081300005000801A18404C1832090010400880087
:10814000021001000100010000000000000000001A
:10815000000000000000000000000000000000A07F
:10816000000100000000000000000000000000000E
:108170000000000000000000000000008300C08339
:1081800041889082890002C091012000200088006F
:10819000200021008921040008002009110082002C
:1081A0008580A000410010001000020085008904B5
:1081B00041000909890310002110A000004082003D
:1081C000820000804000400020000000000000000D
:1081D000000000000000000000000000000000009F
:1081E000000000400011000000000000001000002E
:1081F00000000000000000000000000000004040FF
:10820000118821412010210083882040200900008E
:108210000000800003410308210080C0211100827A
:108220004140008500030088009100A1008588413D
:10823000804002C005850288000505094020000035
:10824000000000008000008000000000000000002E
:10825000000000000000000000000000000000001E
:10826000000000000000000000000000000000000E
:1082700000000000000000000000000000000000FE
:10828000210500C11020034009C105C021880883D1
:10829000008000000090000300C1409084840888A2
:1082A0000090000300842021000500C000414040F0
:1082B00083409091200301850190A040052100A1F9
:1082C00000A0044008888802000400A000C000004C
:1082D000000000000000000000000000000000009E
:1082E000000000000000000000000000000000008E
:1082F000000000000000000000000000000000007E
:108300000000002088118240839001A10185008532
:108310000109000200C00085904189030209400163
:108320000082000000010001008800000000000041
:1083300000000089000300030004C101890210014C
:108340009002C0048890820140900000000100006B
:10835000000000000000000000000000000000001D
:1083600000000000010401040000000000A00084DF
:1083700000000000000000000000000000000000FD
:10838000000000008908052004890808018900030D
:1083900000010102000100000001002008A190037B
:1083A0004002030000050041004000000000000002
:1083B0000000000000904184050941808940C00907
:1083C000A0050280008480840021000000000020BD
:1083D000000000000000000000000000000000009D
:1083E0000000000000000880048002000900000076
:1083F000000000000000000000000000000000007D
:1084000000000000000010088209A01003410310C2
:10841000088404091180001000000021118400006C
:108420000013C20011000000000000000000000066
:1084300000000000000000000000C20082000000F8
:108440000013C2000A000000001300002181000098
:10845000000000000000000000000000000000001C
:10846000000000000000000000420000C200000008
:1084700000420000C20000000000000000000000F8
:1084800000000000000000000A500013C200068235
:1084900000840000C2001100000000000000000085
:1084A0000000C0000000000000000000FF553C0F6D
:1084B000000000000C3CCCFC000C000C0CFC5F5FCE
:1084C000500050F00000000000000000000000001C
:1084D000000000000000000000000000000000009C
:1084E000000000000000000000000002000000008A
:1084F000000000000000000000000000000000007C
:108500000000000000000000000030703F7F1700F6
:1085100017FF080D287D383D383D3C3C3C3C0000B1
:1085200000FF0000000014000000000000000055E3
:108530003C0F000000000030C0F0000C000C0CFCF0
:108540005050503050303C3C0A5F000000000000AA
:10855000000000000000000000000000000000001B
:10856000000000000000000000000000000000000B
:1085700000000000000000000000000000000000FB
:1085800000000000000000000000000030203F2F2D
:108590000F000FFF0C0C3C3C0000383D3C3C3C3CC9
:1085A000000000FF05055555000F00FF000000000A
:1085B000BFBA1F1A00000000CF3FF3FC2A00A00042
:1085C000200000000F000A0A00AA00F000000000CE
:1085D000500050000000000080DF80DF000000003D
:1085E000000000000000000000000000000000008B
:1085F000000000000000000000000000000000007B
:108600000000000000000000000000000000FF006B
:10861000F7F7AAAAFCF0FEEA7C68FFF03A3AFF00FE
:108620000000FFFF000005001414000A003C0000D9
:108630000000B5B0151000000000CF3FF3FC200093
:10864000A000000000000C0C0A0A003C00F0000032
:1086500000005FFF5FFF0000000080DF80DF0000A0
:10866000000000000000000000000000000000000A
:1086700000000000000000000000000000000000FA
:1086800000000000000000000000000000000000EA
:10869000FF002020AAAAC0F0D6C254400F003A3AE8
:1086A000FF000000000000000186007000B800001C
:1086B0000086006000B900800086006000B800807D
:1086C000A0865070A0B00085008600B00090000029
:1086D00000860080008000800086006000B00000FE
:1086E000000000000000000000000000000000008A
:1086F00000000000001C000080050000001C0000BD
:1087000080050000000000000000000000000000E4
:1087100000000086001C038000000586027C00B972
:10872000008002C6016000B44940F0000A0A00CF90
:1087300000EF000000000CFC5F5F000000003FFC49
:10874000CFF30000000000AA1E1E000000005F0022
:10875000C30005000C0C0303C38200000000CFC05F
:10876000CFC000000000000000000000000000007A
:1087700000000000000000000000000000000000F9
:1087800000000000000000000000000000000000E9
:1087900000000000753030300404040400000000C4
:1087A0003CFF4D4D000000002D2D2D2DF0000A0A3C
:1087B000000F002F000000000CFC505000000000D3
:1087C0003FFCCFF30000000000AA1E1E0F0ABEBE31
:1087D0005F0041000F0A0C0C030300820000000040
:1087E000C3C3C3C30000000000000000000000007D
:1087F0000000000000000000000000000000000079
:108800000000000000000000000000000000000068
:1088100000000000000055000000040404FF0000F8
:10882000000000C34D4D0000000000AA55FFAFBF7F
:10883000AABA00000004000000003C0F55FF000031
:10884000000000000000A02020203CFF550F000089
:1088500000000200FFFF070F030B3030A0A0000054
:108860000000000000000000000000000000000008
:1088700000000000000000000000000000000000F8
:1088800000000000000000000000000000000000E8
:108890000000000000000000280028000404040478
:1088A0000000000005F5FCFC0000000055553C3CB4
:1088B0000000000000000000000000003C0F550018
:1088C0000000000000000000800020203C00550F48
:1088D000020002000000FFF0040C0008303000F03D
:1088E0000000000000000000000000000000000088
:1088F0000000000000000000000000000000000078
:108900000000000000000000000000000000000067
:1089100000000000000000000000F8F0280004043F
:1089200004FF0000000005F50C0C000000000F0F14
:1089300000FF000000000000000000000000000038
:108940000000000000000000000000000000000027
:108950000000000000000000000000000000000017
:108960000000000000000000000000000000000007
:1089700000000000000000000000000000000000F7
:1089800000000000000000000000000000000000E7
:1089900000000000000000000000000000000000D7
:1089A00000000000000000000000000000000000C7
:1089B000000000008200020000002001040000000E
:1089C0000000000000001100A00584211100040037
:1089D0000400040004000400110000000400000072
:1089E0000000820000000000040000000000000001
:1089F0000000030000000200020002010200040067
:108A00000000000000001100000004000000000051
:108A1000000000000000040004000000200000002E
:108A20000000000000008000110104000000800030
:108A300000000200000003000100000000400000F0
:108A400000000003000000000004218404A00000D6
:108A500000000000000900000000900082000000FB
:108A600000000000210000040000040000000000DD
:108A7000000004000000000001008909014001001D
:108A800000000000000000000000000000000000E6
:108A900000000000000000000000000000000000D6
:108AA0000000000000000000200000040000A00002
:108AB000020300000100000080020002800005A007
:108AC0000090000004A0040000080000A040C121A4
:108AD0000000000200000002000000000000410051
:108AE0000008C0408240020000A000402000A0001A
:108AF0000000910000A0048900C000018004000073
:108B000080000000000100410000000100000001A1
:108B10000000000000000000000000000000000055
:108B20000000000000000000000000000000000045
:108B30000000000000000000000102100000020020
:108B40000008004100212120C110001000002190E8
:108B500004A00000004000000040000300000000EE
:108B600000080000029003808310001000800510B0
:108B70002100002004000000012000000008028005
:108B8000000002210008004000C000080040001062
:108B900004020000000000210000000004000000AA
:108BA0000000040800000020000000000000900801
:108BB0000010000800000020001000400040088263
:108BC0000020800011000010094000C000000000DB
:108BD000A00584210000000805080500020000002F
:108BE0004100000000000000001020000000001004
:108BF00000000504008800100002000000000004CE
:108C000000201100000200C00040004003020000EC
:108C1000000000080020000000100000008400C0D8
:108C200000000000008400100002000000020002AA
:108C3000000000000002C101110000830000008953
:108C4000000000001021000000210080000300004F
:108C50000000218405A00000000084000000001036
:108C60008200080000000010000000000100000069
:108C70000000100300800000000000000000000061
:108C800000000000000000000000000082800000E2
:108C90000000000000000080000000000000100044
:108CA0000000000000000000000000000000C00004
:108CB00000100011100000410240900984100000D3
:108CC000020020024101914020010001000021C169
:108CD00000000000A00590214100100010000001DC
:108CE0001000030041000000900082008201820019
:108CF00000000300A001900000001001000005200A
:108D00000000104008004100080000000000800042
:108D1000000000000000800000000000000011883A
:108D2000050000001000000000001000000000100E
:108D30000310000000000800000002010001000014
:108D40000300110800800040028500408440822119
:108D5000004000000000218404A0000900008200FF
:108D60000040000000000000A000200003080340B5
:108D70000300C000000021042000000001200000CA
:108D800000800000108000000200000000000000D1
:108D9000020010050800000010000008000000009C
:108DA0000009000000000000100010000000820018
:108DB000C000000000000009100000000140004059
:108DC00000000000000000C00488104005C0000042
:108DD0001020000000000000800584210010000029
:108DE0000300000000C000000800101010C00800C0
:108DF000038402400500080200200088108410004F
:108E00001100210000000300100010844108100030
:108E100000100890100400000000001000100084F2
:108E2000008400000010101000001000000000007E
:108E30000000410000A0100002001009880004009A
:108E4000210008820008000900000005888900034D
:108E500000000088000000000000208405A0902190
:108E600000000800002000098400000084030000C6
:108E7000000000000183000000000020000000004E
:108E800000000000000000000000000000000000E2
:108E90000000000000000009000000000000A00029
:108EA00000000000000010000008000000080000A2
:108EB00000088803020500001010000010042000C4
:108EC00000030000000000004088404000848484CB
:108ED000000000000000410841000090A011212185
:108EE000000011000090410010200084410041C0AA
:108EF000050180400040A1004104108420042004AA
:108F00001100108410841084000003012000000070
:108F10000310000003000200080000000000000031
:108F2000210000A000C000100084008400000000A8
:108F30000800000000000000050000000000100014
:108F40002102410021020500210200000004400826
:108F5000021000030000C00084000000820421848D
:108F600082A0000000000000081021000021C021A4
:108F70000205004002850480080000000100018015
:108F8000018000000011C000C0410000000200008C
:108F90000200084100000000010000000000000085
:108FA000C000C000000000009000000000000000B1
:108FB00000000000000000000000C00000000000F1
:108FC00010000000000000000000A0000000800071
:108FD000050000808080000082000000008000808A
:108FE000040000000000000000000000000000007D
:108FF0000000000000800980830000000040800223
:109000001102009000200288001100820000030578
:10901000000940094109000000000000000008218B
:1090200000900040408400000000000000000000AC
:1090300000000000000000000000000000008208A6
:10904000004100212110008000001000000000A05D
:10905000201000A00040880800C0058490908882FD
:1090600084A003880004000000000000000000004D
:109070000000000000000008028408A09010000317
:10908000A090008800850005001100110008000074
:1090900001A0040301A00003000000000000020082
:1090A0000303008420A10020000000000000000055
:1090B00000000000000000000000000000000000B0
:1090C00041010000000100010282C08401A004C02F
:1090D000C000C000100085000804C0008408100112
:1090E00008888400A0000283A00890008800A000E7
:1090F000000000C00001000009018500A100898571
:10910000C00040000200100582000400C00384007B
:1091100000000811C08810408289C000A000C00073
:10912000A000010101840101000400000000000012
:10913000000000000000000000000000000000002F
:10914000000000000090014100004000900040003D
:1091500010A0400005001100A000800980000080E0
:10916000801080008000800000850000000000006A
:10917000000000000000000800008303C10021007F
:109180000383800000000000002000000000802019
:1091900000000000808290800880800500090000A7
:1091A0000000000010211000052002000000000057
:1091B00000000000000000000000000000000000AF
:1091C00000000000090010002182080400110000C6
:1091D000000080000080000000800000008084808B
:1091E0000000000000808080C1800000008000003E
:1091F000050000000000000000000000000000006A
:109200000000000010800080048008000280000040
:109210004180108000800040009100C105200000C6
:10922000000000000000400800080008C110000015
:10923000000000000000000000000000000000002E
:10924000000000000000041000020921C00400001A
:1092500080000080008000A0A00204A0200200C0C6
:10926000880800040490000282028810A0200008F0
:109270000082014000900000000000000000900209
:1092800090C0820288A000C0C008C08440040010C2
:109290000404828401C000800005A009C008010503
:1092A000000000000000000001008401C001110165
:1092B00000000000000000000000000000000000AE
:1092C000000000000000000000000001000041005C
:1092D000000808C0048400108400000004404021FD
:1092E0008800A00008008888080120028800880003
:1092F0000001000000100008010000000000000054
:1093000082C0C000A09108888400C010900400C0F2
:109310008503111009001108008091848400100059
:10932000408202014008840040C00288C103C0019D
:10933000A10000000000000000000000000000008C
:1093400000000000000000000000010400410001D6
:1093500001009084840008029040800900030041CD
:109360008088000080008000008080050000800070
:109370008000000800000080008041000200110011
:1093800008008040800000038021801180000000E0
:109390000000C102200040002000008088910411DC
:1093A0009008898000200080800000804000052017
:1093B0008410050000000000000000000000000014
:1093C00000000000000000000000000008800541CF
:1093D0000902200000910000800000000000000051
:1093E00000000000820040130000000082410013D2
:1093F000C200425000000000000000000000000019
:109400000000000000000000C200414200500000C7
:10941000C20000000A00001300000000000000006D
:109420000000C2000A50000000000000000082009E
:109430000013000000000000000000000000000019
:1094400000000000000000000000000000000060BC
:109450000000C2000000000000000000000000004A
:1094600000000000000000000000000000000000FC
:1094700000000000000000000000000000003C0FA1
:109480003C0F000000000000000000000000000091
:10949000000000000000BF023C3C00000000000093
:1094A000FFFF00C0000000000000000000000000FE
:1094B0000F0F04040F3CFF660000000000000000D6
:1094C000000000000000000000000000000000009C
:1094D0006666FCFF66CF66FF00000000000000002B
:1094E000000000000000000000000000000000007C
:1094F000000000000000000000000000000000006C
:1095000066FF660000000000000000000000000090
:109510000000000000000000BF023C3C0000000012
:109520000000FF3F000000040000000000000000F9
:109530000000FF04FF040F3C006600000000000074
:10954000000000000000000000000000000000001B
:10955000000066660C00660C66000000000000005B
:1095600000000000000000000000000000000000FB
:1095700000000000000000000000000000000000EB
:1095800000000000000000000000000000000001DA
:109590000440000000000000000000000000000087
:1095A00000000000000000000000000000000000BB
:1095B00000000000000000000000000000000000AB
:1095C000000000000000000000000000000000009B
:1095D000000000000000000000000000000000008B
:1095E00000000000000000004000400000000000FB
:1095F000000000000000000000000000000000006B
:10960000000000000000000000000000000000005A
:1096100000000000FC06FCF600000000303000FFF7
:1096200000000000000042FFF2F2FFFFFFFF000019
:109630000000000000002030003066FFB4B40000DD
:10964000000000000000000000000000000000001A
:109650000000000000007C7C00FFFF3F6666000009
:1096600000000000000000000000400000000000BA
:1096700000000000000000000000000000000000EA
:1096800000000000000000000000000000000000DA
:109690000000000000000C060CF600000000303056
:1096A000666600000000000042FFF2F2F6FFF6FFDF
:1096B0000000000000000000001000300099B4B469
:1096C000000000000000000000000000000000009A
:1096D00000000000000000001C1C00FF0030666657
:1096E00000000000000000000086006000B0008064
:1096F00000A600E003F00400008600F4A1B0000022
:109700000086006000B000000000000000000000C3
:10971000A086006000B000000086007CA0B00005BC
:10972000018600200390000000000086006000B861
:1097300000800086006000B00000018600E003B0F9
:109740000000000000000000000000000000000019
:10975000000000000000000000000000001C0000ED
:1097600000000086006000B00000FFFF3F3FF0F007
:10977000F0F0FF00BA100C555555C003C0000000B2
:109780000055000000000F0F0F3F00000000000018
:1097900000005555000100000000FFFFF000555586
:1097A0000F0FFFFFC00000FF30FF0000FFFFBEFFF4
:1097B00000000000FFFFB01000000000BF0010001C
:1097C0000000000000000000000000000000000099
:1097D0000000000000000000000000000000000089
:1097E00000000000FFFF400050505F5FFFFF3F3F61
:1097F0003CA0F0A0FF00BA100C5555550003000026
:10980000000F003C000000000F0F0F3F00000000A1
:10981000000000000000000000400000FFFF00000A
:109820005555033FFFFFC00000FF30FF0000F3FF6E
:10983000B2FF00800000FFFFB01000000000000039
:109840000000000000000000000000000000000018
:109850000000000000000000000000000000000008
:10986000000000000000FFFFC3000CFC0CFC000027
:1098700000001F1F1FFFAAAAE828151515D5000014
:10988000F0F00000FFFF000000003C7D0C4D0000E8
:1098900000000000000000000B00F3F3F2F3F0F012
:1098A00028280F55FF3CFF3CFF200C5D0CFF0000FB
:1098B00000000040FFFF000000000000000000006A
:1098C000BCBCFFA000000000000000000000000081
:1098D0000000000000000000000000000000000088
:1098E0000000000000000000141400007D057DAFA2
:1098F00000400000141414FFAAAAE828151515D575
:109900000082F03000000C3C0000000000410C4DD3
:10991000000000000000000000000300FFFFFEFF49
:10992000FF0028280F55003C20202020005500551E
:10993000000000000000FBFB00C30000000000006E
:1099400002000000FF000000000000000000000016
:109950000000000000000000000000000000000007
:10996000000000000000000000001414000428059E
:1099700028AF0000401000408000000004000000FC
:1099800004A00200040020000000038800822100DF
:109990002100000004010000000011000400000488
:1099A0000400210000002100080002000000000067
:1099B0000000000002000400000000040000080095
:1099C00000001100040000000000048411000200E7
:1099D00000841100040004000000000000000400E6
:1099E000000004000000090000001004000008004E
:1099F0000500040000002100008010038200000028
:109A0000000000000100000000000000820084044B
:109A10000000000000000020000000000000000026
:109A2000000004000000040000002000010000000D
:109A30000000000200000000000000000000900094
:109A40000000000000000000000000000000000016
:109A50000000000000000000000000000000000006
:109A600000000000000000000200000001000000F3
:109A700001000000000000004090000089088040C4
:109A800000020090A090000000A000008200800072
:109A90008000800021044000000010080002050042
:109AA0002000000020000000A14000208000804035
:109AB00004200000040000C00000000000000001BD
:109AC000000000000000000000890000000000000D
:109AD0000000000100001101000000000000000073
:109AE0000000000000000000000000010000000075
:109AF00000000000000000000000010800110290BA
:109B0000028200800011110000100000000004110A
:109B100004000400040000210100401101854010F0
:109B20000000010000000100001020800000200063
:109B3000028001800000051000000000000000000D
:109B400000400000000000000000000800000000CD
:109B5000001000000020A000002000000000000015
:109B600000080000000000000000000000040000E9
:109B7000001000100400000000100008000209009E
:109B8000000300A000A10082090000000000000006
:109B90000008210000000000800800A00020000054
:109BA0000000418400040000004000008000000428
:109BB0000004004000040040000500000008000010
:109BC000000000C0000000840004009000000004B9
:109BD0000000030041000888002000100000000081
:109BE0000000004000000000000010080000080015
:109BF00005004000000000000000004090808480CC
:109C0000821008080000000400001000000300009B
:109C100000000000000000000000040800000080B8
:109C20000000020000000080040010828200020098
:109C30000000208008802080108020A0000000808C
:109C400000000011000400040020002010000000AB
:109C500000100000000000100000000000000000E4
:109C60000000000000008400000000001000000060
:109C7000080082004000000010008208A0A14100FE
:109C80000000210010410000080000821082000244
:109C9000020204001100100000000000100000008B
:109CA000090202820000000000000302100100010E
:109CB0008040040020031000000408881004000005
:109CC00000000900000000001000800000001000EB
:109CD0000000000000000000000000210000000162
:109CE0000000000000000000000000000200000072
:109CF00010000000004010001000000000000000F4
:109D000040082000100000824000000900031008F5
:109D1000008901110100000000000005020002009E
:109D2000004182000420C009000008050000020470
:109D3000844002038420030408008490A00010C023
:109D40000000080090090000001000004000000022
:109D500000000000000088001000000000A00000CB
:109D600000200000000000000000000000000000D3
:109D700000000000000000000000000000000200E1
:109D800000000502080000402108C1000900C108C8
:109D90000841800000000008000021200000400071
:109DA000050000A000C041C082002188C0A02100A1
:109DB000000405000201100008108040040408009F
:109DC000C104000000000888000000A0030000009B
:109DD00000841085002002201000000000002000F8
:109DE00000000084000000000000000000000000EF
:109DF000000010000000000003001000000005003B
:109E0000000010000880000084A02085200084004D
:109E10002021100440000000000802210080000002
:109E20000000C0104000000000000204C00020003C
:109E3000000010801000010400008404024082A190
:109E4000400520000000080008020009020300008D
:109E5000100000001040000901000003080000008D
:109E600000000000000000000000000000000000F2
:109E700000030000000000020800A00840001005D8
:109E80001010C0000005008241080008000010000A
:109E90000088408240820088000800080800000016
:109EA0004120094041400000000011840300098462
:109EB0002000038210200000828200400300000086
:109EC0008000100041000000008800844100000074
:109ED00002000000000000820000000010002100CD
:109EE0000000800000008020100000000000000042
:109EF000000000000900020000000900000000004E
:109F0000100000000000008200000080108000218E
:109F10000008000800001008000000000000000019
:109F20000005008002400240000000110403900977
:109F30000011010900000085000003000840000036
:109F4000000020000200080000000000080082005D
:109F500000000000000084000000000000008800F5
:109F60000000100004000000048000000000000059
:109F70000000000000000000001000000000004091
:109F800000000041004100101000030300411004D4
:109F900041030080098000800080028900A190A018
:109FA00002A000808000C18000801100A00090000D
:109FB0000500090500008310900203858505A14175
:109FC0000410408510A082000891000000000000ED
:109FD0000000000000000000400000000009000533
:109FE00000090041008000000080008000000000A7
:109FF0000000000000000000000000000020004100
:10A000000040000400000000000000000101900179
:10A010000001000000400004C0040240880210114A
:10A020000989000300888208104000400100C10037
:10A0300083000000000100000401880101A189A142
:10A0400041000000058382C111C0014000000000F2
:10A050008800000000000000000000000000000078
:10A06000000000000000004000C0000800080000E0
:10A0700000000000000000000000000000000000E0
:10A080000000000100000000A0000000000020000F
:10A0900088009000A0000188000001900000C1002D
:10A0A0001008890191108200400040884088090012
:10A0B000040041001101000001C0019101010000F4
:10A0C00089C103210985410089A005020308000018
:10A0D000000000000000000000000000010001007E
:10A0E0000000008800010090C0000400A000A00053
:10A0F0000000000000000000000000000000000060
:10A10000000000000000010000000000000000004E
:10A110004100410041000241400005024100411060
:10A12000412084C1A02020830004000080808000A2
:10A13000910085008500C110100002000521020277
:10A140000911850505C1A189C11020008540418202
:10A1500000000000000000050000110011000800D0
:10A1600008000000000000400000000000000000A7
:10A1700000000000000000000000000000000000DF
:10A180000000400005000800200000000000000062
:10A190000000030300910091058300000000090006
:10A1A0000000400500C00520842000000080000061
:10A1B00080800082402021A0000300050082101151
:10A1C00009400040004141410041419000858340E9
:10A1D000804000000080000000000000008000803F
:10A1E00000800080030000000000090000008000E3
:10A1F0000980008000000000000000000000000056
:10A2000000000000100000004100100000000000ED
:10A210000080008001C000A10004010904000800C2
:10A22000C0000000014088C108838891004088C0B8
:10A230009082884000030103008500A1008800117E
:10A240000140A0030088000401880041018504C08A
:10A250004005880500000008001000A000A00008CC
:10A2600000C0004002C0010000000000000000C06B
:10A2700010048284001000000000000000000000B4
:10A28000000000000000000000000000090000C005
:10A2900000100004008200000100000000400000E7
:10A2A00000100000000005089000A0010910400205
:10A2B0008804400040880001009000000040000039
:10A2C0000082010001001100088811401108840477
:10A2D0008900049041A0000001040100000000007A
:10A2E00000000002000000001102050082000800CA
:10A2F00084058400A000C08200000000000000006F
:10A30000000000000000000000000021000100002B
:10A310000000000000000000051011021003418041
:10A320000000000300110000A0400402C140A08012
:10A33000009080008000800000080085000400007C
:10A340000800100020004100020241008580A18029
:10A350008883840010802080000040800400020078
:10A3600002000000000900110000A000850041006B
:10A37000400080020000000000800000000000009B
:10A38000000000000000000000000000004100206C
:10A3900000000000000000000000000000000000BD
:10A3A000060000880000C200000011000013000039
:10A3B0000000820000130000810021844013C201CC
:10A3C00000810A500013C200000000880000C20093
:10A3D000410021840013C2000000000000000000C2
:10A3E000000000000000000000000000000000006D
:10A3F000000006000A0000130000004100000000F9
:10A4000000000000000000000000000000840000C8
:10A41000C200000000000000000000003C3C3C3F87
:10A42000FFFFFFFF000000000000000015973DBF88
:10A43000553CFF0F0000000000000000000000007D
:10A44000FFFF0000141F1F1F141F3C3F141F14FFA9
:10A450000C5D0F5F053D153D053D05FF000000004B
:10A460001E0F00000000000000000000000004FFBC
:10A470005555000000000000000000000000000032
:10A4800000000000000000000000000000000000CC
:10A4900000000000000000000000000000003C3C44
:10A4A0003C3F0404000500000000000000000183A0
:10A4B00029AB553C000F0000000000000000000028
:10A4C0000000FF1500FF000F000F14141414000FFC
:10A4D000000F0C0C0C0C05051515003C003C000091
:10A4E00000001E0F0000000000000000000000003F
:10A4F00004FF040400000000000000000000000051
:10A50000000000000000000000000000000000004B
:10A51000000000000000000000000000000000003B
:10A52000FFA0FF280010000000000000FFF8F8F86E
:10A53000BFB3BCB0AAFF3CF0000000000000000068
:10A540000000000000000000FFFF8080FF00FF30DF
:10A55000FFFF0030FF0CFF00FFFF003CFF0CFF007F
:10A560000000000000000000000000000000F9965C
:10A570009F962828302800000000000000000000FE
:10A5800000000000000000000000000000000000CB
:10A590000000FEFEFFFF0055005500000000000017
:10A5A0000000FF00FF000000000000000000FF2886
:10A5B00028288F838C80AA003CF000000000000057
:10A5C00000000000000000000400FFFF8080FF008A
:10A5D000FF30FFFF0030FF0CFF00FFFF0000FF0C0B
:10A5E000FF0000000000000000000000000000006C
:10A5F0009F969F96000000000000000000000000F1
:10A60000000000000000000000000000000000004A
:10A6100000000000AEFEFFFF0C0C00000000000078
:10A620000000000000860A6000B90080A09E507CF7
:10A63000A0B0A085008600E00383000000860080B3
:10A6400003800000008600EC03B20080008600EC6E
:10A6500003B000000086006C00B00000008600AC73
:10A660000390000000000086006000B0000000863B
:10A67000006000B000800086006000B0000000862E
:10A680000020039000000000000000000000000017
:10A690000000000000000000001C00000000008618
:10A6A000006000B00000000000005D5D5DFF000084
:10A6B000000000000000B4B4FFAA033F577FFEFE75
:10A6C000FE02ABBF033F00000000FFFF0E4F000083
:10A6D000000005FF0CFF20000000000000003C3CD3
:10A6E000FF001717FF17000000000000CF0F0F0F2B
:10A6F0000000000000005535FFFC000000000000D5
:10A70000FFFF003000FF30FF0000000000000000ED
:10A710000000000000000000000000000000000039
:10A720000000000000000030000000000C0C0CFFD6
:10A730000000000000000000B4B45500033F022AEE
:10A740000202FE020115033F0000000000000E4F50
:10A750000000000005FF0CFF00000000800000006A
:10A76000ACACAFA0171700170000000000000C0FE2
:10A770000F0F0000000000005535000C0000000025
:10A780000000FFFF003000FF30FF0000000000006D
:10A7900000000000000000000000000000000000B9
:10A7A0000000000000003000003000000000AAFAA5
:10A7B000EBAAFEFCFAF000000000F330BEBE0F0F63
:10A7C0001717FF57AB03FF353535000000000C5F4E
:10A7D000FC5F0000000000000000000000FF00001F
:10A7E0000F0FC3C3B2FF3C7D0C4D00000000000002
:10A7F0000000000000000000000000000000000059
:10A8000000000000BAB0BA303C3D7D7D0000000081
:10A810000000000000000000000000000000000038
:10A820000000000000000000000000000000000028
:10A83000AAFAAAAABE3CAA0000000000F330828255
:10A8400000FF14D7FC54A800003535350000000087
:10A850000C50FC500000000000000000000000FF51
:10A8600000000F550000F00000410C4D00000000FA
:10A8700000000000000000000000000000000000D8
:10A88000000000000000B0B03030000500050000FE
:10A8900000000000000000000000000000000000B8
:10A8A000000000000000000000000000000000099F
:10A8B0000000000000000940002000000008200007
:10A8C000000002002100200080000088000011002C
:10A8D00084000000200000000000020000000400CE
:10A8E000820002000200000020008000A0000000A2
:10A8F00088000040020004010088000000100000F1
:10A9000004000000000004A000000000000000207F
:10A910000000000020000400000000000000000013
:10A9200011000000000020000000001000000010D6
:10A93000002000000000000000A000008400208033
:10A9400000000000020000000100200000000000E4
:10A9500000002100000000000000000001000000D5
:10A960000000410001009000000000000200030010
:10A970000000030000800100004000000000000013
:10A9800000050000000000040400000000000000BA
:10A9900000800000000004000400000000008200AD
:10A9A00000040000000000000000000000000000A3
:10A9B000000000000000000280000000000800010C
:10A9C0000008000000000082008300000001000871
:10A9D00080000000800000008040000002020000B3
:10A9E0000000000000000000000000110010000442
:10A9F000000400C0004000008804800000C0800403
:10AA000000048000000000000000000000010001C0
:10AA10000000000000000000000000000000000036
:10AA200080000000000000000000000100000000A5
:10AA300000000000000000000008020200210000E9
:10AA400000400041A00504000003904000100010E9
:10AA50000010020290002008000020040000010005
:10AA60008800000000000008000000000040000016
:10AA7000008900A000000080A000098008000000FC
:10AA8000048000800400000020000000200000205E
:10AA90000020000000000000000000000000000096
:10AAA000000002100000000000000000000800008C
:10AAB0000000000000000002101003020288008263
:10AAC0000082000000020088001000000001000861
:10AAD000000200030000918400008020002000009C
:10AAE0000000000205080084C100050041000010BC
:10AAF00000000888000000004141110402401004D9
:10AB0000000400200000000000000300000000100E
:10AB10000000000000000000000000000000001025
:10AB2000000000000500000100000300000000001C
:10AB3000000000100004000410800000000000006D
:10AB40000000100082001000080000200800001023
:10AB5000000300000004840004080000048000805A
:10AB6000000088000000020020051009C000C0009D
:10AB70000000002100000000000000C00080010073
:10AB8000008000800080000082000000C000000003
:10AB900000000000000000000009000000000000AC
:10ABA0000000000000008400C04000000000000021
:10ABB00010000041001000800090800000000000A4
:10ABC00020400000210000000001084000000000BB
:10ABD000000080000000000400A003000491200099
:10ABE0002020100100000000020009900000100069
:10ABF0001100880020408004000000009041820481
:10AC0000A00520040201000400012121030000002E
:10AC10000000000000000000009102001000000091
:10AC200020001000000000000000000020000000D4
:10AC30000000410000002000090000002000040086
:10AC4000400320880003000000000004000500000D
:10AC50000020000220000000000800009005010410
:10AC6000000020840002000000000100C011000567
:10AC7000C00590091005000020800000000020C0E1
:10AC800020C0208400800204000000040084000032
:10AC90000200000000000000000000200000000092
:10ACA00000000000000000000000000000000000A4
:10ACB00000000000900084000100880000000400F3
:10ACC0000000110010000000000000840020088433
:10ACD00000A00000008800002000200080881100F3
:10ACE00020002000A04020A003C020008882108502
:10ACF00021002000100100000000050800C0000035
:10AD000002C002000004410000C021011004002024
:10AD1000000000004100104000000400800100011C
:10AD20000000008800001000000000000500000086
:10AD300040000000001000A00010000005000510F9
:10AD400000000000C0200221C000A003000000A0FD
:10AD50001041200300051005000001000103202020
:10AD6000000001000000200240030000020810085B
:10AD700000080000A0000440002000008400080437
:10AD800000000121100088001011000404040000DC
:10AD9000A0C0C00010111000C080002011001020C1
:10ADA0000020000000000000000000000000000083
:10ADB0000000000000000000000000000000000093
:10ADC0000000000000000082001000000000009061
:10ADD0000002000000012020022002000008000004
:10ADE0002010000121902004200403880088110015
:10ADF00000000090000041004184009021100200FA
:10AE0000A0210000800102C08000C1840304A04191
:10AE100080018001080021000040210000000000A6
:10AE20000000000000000000200000000000000002
:10AE3000040000002084000010001000200000101A
:10AE4000001000100004000020000000000000417D
:10AE50000241002100000040040004200100000025
:10AE6000840821030020000020042080000090417D
:10AE70000200002100000000C000C00010400204D9
:10AE80002000200400002004020020002000008098
:10AE900020202004200400000000C08000000000EA
:10AEA0000000000010000000000000001000000082
:10AEB0000000000000000000000001000000010090
:10AEC0000000000000000000800002000980000077
:10AED00002000000008000000000210000001109B5
:10AEE0008083408503030485001141800383400073
:10AEF0001100040041000010802040020002000008
:10AF0000808005000000000080830089020000802E
:10AF100000030009000000000000110021000000F3
:10AF20000580800005000480000000000000000093
:10AF300000000000200000004100000000000800A8
:10AF40000209000200030803A00010880500018820
:10AF50000082C040009000C000000000010000001E
:10AF60000000080400040090108988208208004036
:10AF70000110200800000004000110000100000082
:10AF80000888108400C0009000002083C0850282E1
:10AF90000040008900A100C000C0000020000100A6
:10AFA0000000A088C0C082C00004000000000000B3
:10AFB0000000000008004100000001000000000047
:10AFC0000000A100000100000000000000000000DF
:10AFD00000004000020002042101000100000008FE
:10AFE00000040000010400000101080108C08901FB
:10AFF000020408004000A100A1C0C00011400200EE
:10B000000290C000828441A0A10500000800100049
:10B01000090083A10800A000C100C109A00004002C
:10B020000200C00004008200881004A0000000009C
:10B03000000000000800880040002000010001001E
:10B0400000840000010000840004010000000000F2
:10B0500000000010A000C1008580904100020000A7
:10B06000000000411100418005081009C0100300D4
:10B0700085088800A0040900200020800804908032
:10B0800002080200002000002141030900008000A6
:10B090000000A100838980000000210003890000D6
:10B0A0008000000080048002000080808002000098
:10B0B0000000000000000000000000008000080008
:10B0C000020002800200200020000583400000836F
:10B0D00000021088808800000000000000800080CE
:10B0E00000800080800008840083000540A10420C7
:10B0F0000010808880A00082800040400020400036
:10B100000080100041800000800020090000000045
:10B1100000808000A08900830000000000890003F7
:10B12000008000000000000000400080A1888089AD
:10B13000000000000000000000000000008000800F
:10B140000008001000200040202000044040201093
:10B150004040402183A040210088000282C0008836
:10B1600000A000C000202090010204A0C090118324
:10B170000003848540A18841001140A000A100A1E6
:10B1800001A0000400820908C002C088C1A120A05B
:10B1900000000004048241850041000402A0908563
:10B1A000A0A1000800A00082002000C1A01040A1C2
:10B1B00088040000000000000000009000C000842F
:10B1C0000010000100010001000001000001010168
:10B1D000400100880008000000000021000000007D
:10B1E00000918200040008002000008800C001894E
:10B1F0000000080888904100404004858400100049
:10B20000100809040309030108400501C0200200D9
:10B21000410400008300A0908400A0028588A14022
:10B22000A00000040004000000000010C001100095
:10B230000400C00200000000000000000000000048
:10B2400000000040000000010001000001A000C15A
:10B2500000000000008000800000000000030020CB
:10B260000003000980000000000080410280058387
:10B270000290110040118500C10091800083000000
:10B280008040808088104102044089808240000014
:10B290000900A000000083410000910000008382AB
:10B2A00004808000000000000000000000800040DA
:10B2B000800080000000000000000000000000038B
:10B2C0000000000000000000000800100000020064
:10B2D0000583031010000A000013C20000000000E4
:10B2E0000013C2000A00000000000000000000423D
:10B2F0000000C20000000A500013C200000000005D
:10B300000000000006000000000000000000000037
:10B310000000C2000000000000000000C2000000A9
:10B320000A000013C200000000000000000000003E
:10B3300021000013000000000000000000000000D9
:10B3400000000000000000000000000000000000FD
:10B3500000000000C200820000000000FFFF00C0EB
:10B3600000000000000000000000000000000000DD
:10B37000FF270027F63C063C6F0F6E0C6F6E0C0C1F
:10B380000000000024243C00000000000000000039
:10B3900007070F0FFF00FF0000000F0F0000FF0066
:10B3A0000000FF000000FF0000000000000000009F
:10B3B00000000000000066660000000000000000C1
:10B3C0000000000000000000000000000000F7374F
:10B3D000F4346E660C000F04040400000000FF3F0C
:10B3E000000000000000000000000000000000005D
:10B3F000000027272727F6F606060C0C0C0C0F0C6E
:10B400000C0C000000002424242400000080000014
:10B41000000004040000FF00FF0000000F0F000008
:10B42000FF000000FF000000FF000000000000001F
:10B430000000000000000000E72400000000000001
:10B4400000000000000000000000000000000000FC
:10B45000C707C404000000000F0000000000000047
:10B4600000000000000000000000000000000000DC
:10B4700000000000000000000000000000000000CC
:10B4800000000000000000000000000000000000BC
:10B4900000000000000000000000000000000000AC
:10B4A000000000000000000000000000000000009C
:10B4B000000000000000000000000000000000008C
:10B4C000000000000000000000000000000000007C
:10B4D000000000000000000000000000000000006C
:10B4E00000000000000000000000992000000000A3
:10B4F00000000000000046CF76FF3C903CF60000C4
:10B50000FFFF00FFC0FF000000003C3C3CF02C2F80
:10B51000ECEFF0FF3C6600000000000000FF0000C0
:10B52000000000FF000000FF000000FFFFFFFF0021
:10B53000000000000000000000000000000000000B
:10B5400000000000000000000000000000000000FB
:10B5500000000000F0FF663C0030667600302434C6
:10B5600000000000000000000000000000200000BB
:10B570000000000000000000460076309090F6F6D3
:10B58000003CFFFF00FFC0FF0000000000000000C3
:10B590002023E0E3F0003C6600000000000000FF14
:10B5A0000000000000FF000000FF000000FFFFFFA0
:10B5B000FF0000000000000000000000000000008C
:10B5C000000000000000000000000000000000007B
:10B5D000000000000000F000663C000000000000D9
:10B5E0002424A08600D001B80005008600600090E9
:10B5F00000050086006000B000000086007C00B0FE
:10B6000000000086008C038000000086006000B807
:10B6100000000086006000B000800086007030B03E
:10B6200048030000C0C7C07030B04903C0C7C03075
:10B63000339041030086006000B000000086008067
:10B640000380000000000000000000000086006091
:10B6500000B000000000000000000000000000102A
:10B66000000000000000000005FF3DFF000000009A
:10B670003CFC3CFC14D70C0C20007FFF00000000B9
:10B68000D555C000EAEAFFC00FFF2D7D2000000065
:10B69000FF553C0F3AFF3A0F0000000038003C0015
:10B6A000553C0FFF000000000000FFFFFFFFFFFF01
:10B6B00000F000FF30FF0000000000000000FCFC74
:10B6C000FCAAC0FFD5D5000000000000000000006B
:10B6D000000058F85DFD00000000000000000000C0
:10B6E0000000000000000000000005053D3D0000D6
:10B6F000000000F0FFFF14D7CFCF20007FFF000035
:10B7000000001555C0002A2A3F0000F028780000EC
:10B71000000000553C0F3AF03A0080000000100095
:10B720000000553C0F000000300000C0FFFFFFF795
:10B73000FFFF000000FF30FF00000000800000005D
:10B740000C0C0CAA003F15150000000000000000C2
:10B750000000000008A80DAD00000000000000007F
:10B760000000000000000000FF28FF28000000008B
:10B77000FF00FF00000008080000000000000000BB
:10B780002A282A2800000000FCD4E8C01EBE0FFFB3
:10B79000282828000FFF553C00000000553C0FFFF3
:10B7A000B0B0A0A05C5C0FFF00000000FFFFFFFF37
:10B7B0000000FAAAAAAA3C3D7D7D0000000000001E
:10B7C0005C55EBEB282800FF3C3C0000000000002B
:10B7D0000000000000000CF5FCF500000000000077
:10B7E00000000000000000000000282828280000B9
:10B7F0000000FF00FC0C00AA000000000000000098
:10B8000000002028202800000000FF55AA0014B4E2
:10B8100000F0282828000F00553C00000000553C8F
:10B820000F00FF30FF005C5C00F000001400EFEF41
:10B830003FFF8000F8280000000500050000000020
:10B8400000005C55EBF028F0505F5C5C00000000ED
:10B8500000000000000000000C05FC0500000000D6
:10B8600000000000000000000000000000080008C8
:10B87000000004C0000004000008040804000400E4
:10B8800000000040000080000200200000001100C5
:10B890000000840000000402200084040000000076
:10B8A0001100000000900000040041200000000092
:10B8B0000400000404000000000400000000000078
:10B8C0000004000000000000000004000000000070
:10B8D0000400000004000000000000000000000060
:10B8E00000000000000000000000020000000080D6
:10B8F000008000030400000001000080010000003F
:10B900000000000000800000200000000100000591
:10B910000000100002000200018002000500040087
:10B920000400000000000000000000000080000093
:10B930000000000000800400000002000000000081
:10B9400000000000000000000000000000000000F7
:10B9500000000400000400000000000000000000DF
:10B9600000000000000000000000000400000000D3
:10B970000005000500050000000100010002800034
:10B98000000000000008000100002000000000008E
:10B9900000000000000000000000000000000000A7
:10B9A0000000000000020000000100000000000193
:10B9B00000C0000000000000800100000000000046
:10B9C0000000000000000000000100000000000076
:10B9D0000000000000000000000000000000000067
:10B9E0000000000000000000000000000000000057
:10B9F000000000880088008800100008000800008F
:10BA00000411040000410041004000000100000258
:10BA100000020000000000000202200020000000E0
:10BA20000000040000000080000000040009000085
:10BA3000000400000000000400002040000000009E
:10BA400000000000000000000011004000000000A5
:10BA500000000000000000000000000000000000E6
:10BA600000000000000000000000000000000000D6
:10BA700000000000000203001000050400000000A8
:10BA800003C0050100A011840000052000C088113A
:10BA9000000100108000804000001010110800001C
:10BAA00002000500000140A00010C002038402054E
:10BAB00000041021000000080000048410A000040D
:10BAC0000004020102A00001200420040001000083
:10BAD000000800001000000000000000000000004E
:10BAE0000000000000000000410000000000000213
:10BAF0000000100000000080C00000000083000073
:10BB00000000400340208400880000000085880079
:10BB100020200020C000400040854000A0004008D8
:10BB200010000811000500021000000002C084008F
:10BB300000A000C001A000000400100000001000E0
:10BB400090801080010411000004018001808404B1
:10BB500000000080000000000000000084000000E1
:10BB600000000000000000100010000000000000B5
:10BB700000000000C00500000000000002010200FB
:10BB80000200A000000005001000100000000001ED
:10BB900000000004809091010500000005001100E4
:10BBA0000000000008000000000000A000000000ED
:10BBB0000090002000008000000000000004200031
:10BBC00000048204020020882004A000A0002000BD
:10BBD000A000000000200000000000001000000095
:10BBE0000000000000002000000000000000040031
:10BBF0000000000000000000000000000000014004
:10BC00000120822104000002000010200000C0007A
:10BC100020080000108004112020C0000020000037
:10BC200008020000100000001000000000000000EA
:10BC300000200000000500002000000000000000BF
:10BC400001000000204010058900010021002100B2
:10BC50008300210000000000000000000000000040
:10BC600000000000000000000000000000000000D4
:10BC700000000000000000001000000000824100F1
:10BC800000040204008404000004808200200002FA
:10BC900000200900002020000200002000400008D1
:10BCA00000080010000104840885100141C0100044
:10BCB00000C0001000000820000400020000800006
:10BCC00000002005008202042000204010402000D7
:10BCD000200020000300000041004100000000009F
:10BCE000000000000008000000000000000000004C
:10BCF000000000000000000000000000090000003B
:10BD0000100000A0018000000000008010001089D9
:10BD1000008000800000C08501030000C080008317
:10BD2000C010000208800802010200020802400060
:10BD300010028220040000000080C0A0100000005B
:10BD40000202020001C0081101800100038002808C
:10BD5000011101000109080000000000A0210000FD
:10BD6000000010000000108000050000000000002E
:10BD70000000000000000000000000000000880239
:10BD80000082000800001000210241900282410060
:10BD900000C000200082000004100800080000001D
:10BDA000000000080420200000000008200002001D
:10BDB000030021200200058411C000200900008436
:10BDC0000000004000000000090000A08084000482
:10BDD00020040304030441052004000000081000AF
:10BDE000410000000008009000000000000000007A
:10BDF000000000000000000000000000000008003B
:10BE00000200000000000000000000000000000030
:10BE1000004000000480840000080104C0110000FC
:10BE200010040000C0000000000500000000002019
:10BE30000005000020000100000400000080000355
:10BE4000002000008403002100030000880020007F
:10BE500000800084008000800084018000008480D5
:10BE60008400C0000000008000000000000000000E
:10BE700000000000000000000000000000000000C2
:10BE80000000000020208940101020020803000953
:10BE90000020218200000400850000001105001030
:10BEA0008000030308008000408000008000002024
:10BEB0000008088000408000090800000000098098
:10BEC00000800080000000000500830000800083E7
:10BED0008009410000000003000940000000400507
:10BEE00000112021020902020002000220020000CB
:10BEF0000000000000000000000000000000000042
:10BF00000000000000008800050001010100012080
:10BF10000009009000020000A000A0000000000145
:10BF200000010800010001C002C000040000400838
:10BF30000084008800100000040000000000882039
:10BF40000104000200040000008809824188008882
:10BF500000058891009000900001000101000000A0
:10BF60000101820101010000000000000000010049
:10BF700000000000000000000000000000000000C1
:10BF8000000000000000000090004084020140001A
:10BF9000080010001000030000A0000001C0010014
:10BFA0000082000401C101000000000000000088C0
:10BFB00004008841A00803018900C0200400030197
:10BFC000910020010220410100009000200040402B
:10BFD000C100C000C00091009101000000000100FC
:10BFE0000101000000900185000100000000010037
:10BFF0000100000000000000000000000000000040
:10C00000000000000000000000000000C0098908D6
:10C010009109C0008309A12189094000030008801B
:10C02000030200800300050808000820000000004B
:10C0300000118000030200009010100000408000FA
:10C040001010400500048280A040000000000000A5
:10C050000080830080000000210003090000000030
:10C06000210003090200090005C0100500000000BE
:10C07000050020000000000000000000000000009B
:10C080000000000000000000000000008309001113
:10C0900002102002040090C109A100020080098062
:10C0A00000808000000811100510101100800000B1
:10C0B000008800800000008020A000008000009127
:10C0C00040400000808000801180800000000080DF
:10C0D000800000890000008080808089000300804B
:10C0E00000800089008308400082400240A009408F
:10C0F000000200020002000000000000000000003A
:10C100000000000000000000000000000000092105
:10C1100000C1010301A0050883110884880800C03C
:10C1200000040002080400000001000104000040B7
:10C13000A09082040002402090C08284020810086F
:10C14000000800A000A0820420C0A08440C000001D
:10C1500000840284A085880400880440048900A12A
:10C160000040000400A1A00900A100090110018302
:10C1700000010000000000000000000000000000BE
:10C1800000000000000000000000000000000000AF
:10C1900000050004000001C0850041409002C0106D
:10C1A00000000000000000000010018801000000F5
:10C1B000820408000800880084201084820020C0C7
:10C1C00000000000000000C08408A08400004004BB
:10C1D0000000048804909000900401880140000051
:10C1E0000002018801900000000001A00000000191
:10C1F000010000000001000000000000000000003D
:10C20000000000000000000000000000000000002E
:10C2100000002008110002002000890808800202A6
:10C220002180000000090010000020801080020919
:10C2300003008080800080110000881180000000D1
:10C240000080110000000000000080C100210041BA
:10C2500080800000800080000011008003830400C3
:10C260000000008003800400000000000800410579
:10C2700002020500000000050009000000000000A7
:10C2800000000000000000000000000000000000AE
:10C290000000000000420000C20041000A500013EC
:10C2A000C2008200820040130000000021840013BD
:10C2B000C200814100000000000000000A000013DD
:10C2C0000000000000000000000000004188001392
:10C2D000C2004100000000000000C2000084000015
:10C2E0000000C200000000000000C20000000000CA
:10C2F000000000000000000000000000000000003E
:10C30000000000000000000000000000000000002D
:10C31000000000000000FCF2F0F2FFFF28000040E7
:10C320003F7F555555550000000000000000053DB9
:10C330000F3F555D555D00000000AA55AA5500004D
:10C34000FFFF00FF00FF0000FFFFF00FF00F0000F5
:10C3500000000000000000000000000000FF00FFDF
:10C36000000000FF000000FF000000FF000000FFD1
:10C370007DFFFFFFFFFFFFFB000000003C3C3C395E
:10C3800000000000000000000000000000000000AD
:10C390000000000000000000F0F2F0F2FFFF00F0EB
:10C3A00000403F7F000F55550000000000000000D6
:10C3B00005050505000C141C00000000AA55AA552F
:10C3C000FFFF0000FF00FF00FFFF0000F00FF00F75
:10C3D000000000000000000000000000000000FF5E
:10C3E00000FF000000FF000000FF000000FF000051
:10C3F00000FFFDFFFFFFFFFFFFFF000000003C3CD0
:10C400003C3C0000000000000000000000000000B4
:10C4100000000000000000000000C3D3CBDB0F0FC2
:10C4200000FFFF00FCC0FFFF000000000000C0C0D4
:10C4300005F5FFFF0028FF00FFF0000000003C3C76
:10C440003C3CF00FF00FF0F00F0FF0F00F0F3C3C02
:10C45000C3C300000000AA003C0000000000000070
:10C46000FFFF0000FF000000FF000000FF000000D1
:10C4700000FFFFFFFFFFDDEEDDB7EE7B30000000C9
:10C48000AAFF00FF00000000000000000000000004
:10C49000000000000000000000000000C3D3C3D370
:10C4A0000F0F00FFFF003C00FCF00C00000000003C
:10C4B000CFCF05F5FFFF0028FF00FF0000000000C0
:10C4C000C3C3C3C3F00FF00FF0F00F0FF0F00F0F66
:10C4D0003C3CC3C300000000AA00AA00000000000A
:10C4E000000000000000FF000000FF000000FF004F
:10C4F000000000FFFFFF00000000DDDDEEEECFFFDB
:10C50000FFFFFFAAFF000000000000000000000085
:10C510000000000000000000000000000000A086F5
:10C52000507CA0B80085A09E503CA390A00500A61A
:10C5300000E003F004A0008600EC03B000000086D9
:10C54000006000B40840028601200394084002867F
:10C55000016000B41000A086503CA39000050000CC
:10C560000086007030B04803C0C7C07030B04903C7
:10C57000C0C7C07030B041030086006000B000004A
:10C5800000000000000000000000000000000000AB
:10C59000000000000000000000000000000000009B
:10C5A0000000000000010000FFFFC00000FF03FFCB
:10C5B00000000000FFFF232000000000000000003A
:10C5C00000558787550FFF3CFFFF0C0000FF03FF5E
:10C5D000000000000F0F5555FFFF140000FF03FF80
:10C5E0000000C33CF3FCFFFF7FFF00000000FDFCE8
:10C5F000F5F00000000000003555000000003C3C54
:10C600005555000000000000000000000000000080
:10C61000000000000000000000000000000000001A
:10C6200000000000000000410000FFFFC00000FF0C
:10C6300003FF00000000FFFF0300000000000000F7
:10C640000000AAFF8787550F003CFFFF0C0000FF8A
:10C6500003FF0000000000FF3C3CFFFF140000FF50
:10C6600003FF0000C33CF3FC00007FFF000000005C
:10C670007F3F5F0F00000000000035550000000004
:10C68000C3C3555900000000000000000000000076
:10C69000000000000000000000000000000000009A
:10C6A00000000000000000000F5F3F7FFC3CF82806
:10C6B0000C5D0D5D000000000000000000000000A7
:10C6C00000000000AF00A00000000000BCA8BCA05B
:10C6D0000C5D3C7D000000000C0C0C05F8F0F8F03F
:10C6E000003F557F0000CBFFCBCB77BBFFFF7EFF2A
:10C6F0007E7EFFFF75BA0000000000000000000011
:10C700000000000000000000000000000000000029
:10C710000000000000000000000000000000000019
:10C720000000000000000000000000553C7D2828AB
:10C7300028280C0C0D0D0000000000000000000077
:10C74000000000000000FF00000000000000A8A89A
:10C75000A0A00C0C0C0C000000000C0C0C053830D8
:10C760002800003C003C00003EFF3E3E77BBFFFF40
:10C77000E7EFE7F775BAFFFF0000000000000000D8
:10C7800000000000000000000000000000000000A9
:10C790000000000000000000000000000000000099
:10C7A0000000000000000000000420000000040061
:10C7B0000000040004A000000000100000040000BD
:10C7C0000002002100000011000000000000000035
:10C7D0000000001000100000000000000000002019
:10C7E0000000000041A00000000000000000410027
:10C7F00041000000000000000003000000002000D5
:10C800000000000000000000000000002000000008
:10C8100020000000000000000000000000000400F4
:10C8200000000000050000000020040000000400DB
:10C8300000000000000000000000000000000000F8
:10C840000000008000C00000C0A000000000000048
:10C850000400A00000004000A00000000000000054
:10C8600000000000000000000000000002090000BD
:10C870000000000000000000000000880000000030
:10C8800000000000000000000000000000000000A8
:10C890000000000000000000000000000000000098
:10C8A0000000000000000000000000000000000088
:10C8B0000000000000000000000000020000000076
:10C8C0000000000200000000000100000000000065
:10C8D0000000000000000000000000020000000056
:10C8E00000000002000000000001000100C0000084
:10C8F0000000000000000000000100010000000036
:10C900000000000000000000000000000000000027
:10C910000000000000000000000000000000000017
:10C920000000000000000000000000000000000007
:10C930000000001100100011000040000000000085
:10C9400000000002000000000008000800100000C5
:10C95000000000000402000000004000002100036D
:10C960000000000200410000000200100010000062
:10C970000000000000000021000000400004000052
:10C9800000000000000000000000000000000000A7
:10C990000000200000000000000000000000000077
:10C9A0000000000000000000000000000010001067
:10C9B00000000000000010000000000005000082E0
:10C9C00041000000210000000000001100110200E1
:10C9D0000800000000000000050000002100050024
:10C9E00000080800000008000000110000000440DA
:10C9F0000000008203000000000000012001002070
:10CA00000000000000000000008800000900000095
:10CA10000000000000000000000000000000000016
:10CA20000000000000000000000000000000000006
:10CA300009009003000000000000000084000000D6
:10CA4000C01000104000000282100000000800101A
:10CA500005000020000000000021000090000008F8
:10CA60000011000500030008004100020008000258
:10CA7000C182000000000000001100090002011046
:10CA8000008000000000000008000000000000001E
:10CA90000000000000410000000000000000000055
:10CAA0000000000000000000000000000000000086
:10CAB0004000000010004100000010004100200074
:10CAC000000041001040004040100000090000003C
:10CAD00000000000200020000000204000000000B6
:10CAE00003022000200800000000000000000000F9
:10CAF000000000000000002000000000000009000D
:10CB000000000000002000000004000000040000FD
:10CB10000000000000000000000000000000000015
:10CB20000000000000000000000000000000000005
:10CB3000000000000000000010001000000284004F
:10CB4000200000000000000000004000C000004085
:10CB500000000000000000110000C0000000000004
:10CB60000000400000000008020000000200000079
:10CB70000420200040000000002000000000000011
:10CB80000009040000000000000002210000200055
:10CB90000000200000002000000000000000000055
:10CBA0000000000000000000000000000000000085
:10CBB0000000000020000000000000000000000055
:10CBC000100000001000100000000000000000082D
:10CBD00000000000000000820000100000001000B3
:10CBE00041001000000000000000000000000000F4
:10CBF000000800004190000000000000000000005C
:10CC000000000000000000A000000000000000A0E4
:10CC10000000000000000000000000000000000014
:10CC200000000000000000000010000000000000F4
:10CC3000000000000000000000001000400010088C
:10CC400084088441840584089020C0100420840353
:10CC500000030021401004210040000008000800EB
:10CC60000010000800080040A0400800104100210A
:10CC70000000080000000000002100000003000088
:10CC8000000000050000000000000200000000217C
:10CC900008000000840000001000000000000000F8
:10CCA0001000100000000000000000000000000064
:10CCB0000000000000000000000000021000100052
:10CCC000100000201100100005000000000000000E
:10CCD000000020000000008200000000118400001D
:10CCE0000040040003004000100002084100000062
:10CCF0000000050000000000040811000000000012
:10CD00000000000000400000000000000090020051
:10CD10000000004000A00000000400100810000007
:10CD20000000000000000000000000000000000003
:10CD300000000000000000000000000000000000F3
:10CD400000000000000000002000000000000000C3
:10CD500000000000C0000200C0000000C000000091
:10CD60000020C00002009000000040020000040803
:10CD7000000400002000900040202000A0000000DF
:10CD8000040000000000000000000000000004009B
:10CD9000000000000000000000000000044000004F
:10CDA00000000000000084000000000000000000FF
:10CDB0000000000000000000000000000000000073
:10CDC00000008300008083C10000030080C183C194
:10CDD00003000300004003418000030000C1200065
:10CDE00000000000000000008000000000000000C3
:10CDF0000000000000030000000000000000000030
:10CE000000000000030080200000000008008041B6
:10CE100008000000000000800000090083000000FE
:10CE20000000000000000000000000000000000002
:10CE300000000000000000000000000000000000F2
:10CE400000000082838200C083C10082018282C10F
:10CE500083C101A00382000101010282018282C01C
:10CE6000010000000000000000008200000000003F
:10CE70000000C0A0840000010000000000000000CD
:10CE80000000000000000000A00100000000000001
:10CE90001001000000000000008200000000C1003E
:10CEA0000000000000000000000000000000000082
:10CEB0000000000000000000000000000000000072
:10CEC000000000008200A082008300008282838232
:10CED0000083C0820483C1830083C10082008382F7
:10CEE000008301020000400000000000000001007B
:10CEF000000000002000030100000000010000000D
:10CF0000000000080000000000000000C000000059
:10CF1000000000000190000000000000000000027E
:10CF200000010005010000000000000000000000FA
:10CF300000000000000000000000000000000000F1
:10CF400000000000000000008080008300000080DE
:10CF5000028000838080A18308900083C1000200CA
:10CF6000028000834180000080000000000000007B
:10CF70000400000000000300412000000002200027
:10CF8000000000000080000000000000000085217B
:10CF9000000000000000030000000000000000008E
:10CFA00000820002008341410000000000000000F8
:10CFB0000000000000000000000000000000000071
:10CFC000000000000000000000020000830280005A
:10CFD00000000000838203C1000300008302000000
:10CFE00000000000830000000000000000000000BE
:10CFF000000000000000000000050000200000000C
:10D000000000000000000000000000000000000020
:10D0100041880000000083000000000000000000C4
:10D02000000000A000000000000000000000000060
:10D0300000000000000000000000000000000000F0
:10D040000000000000000000000000010082838357
:10D05000C0000000008283C101C10082008283837E
:10D0600000000000008405820000000000000000B5
:10D0700000000000000000000000000000000100AF
:10D0800000000000000000000000000000000000A0
:10D090000000010300000000C100000000000000CB
:10D0A000000000000005000000000000000000007B
:10D0B0000000000000000000000000000000000070
:10D0C000000000000000000000000000838301C099
:10D0D00001C1000082820182C183C0838382010179
:10D0E0000183000082820002000140030000004032
:10D0F00000C10000000000000000000000820100EC
:10D1000000C00000000000000000A004000000209B
:10D1100000208202A00101000009008210880000A6
:10D1200000000000000000000000000000000000FF
:10D1300000000000000000000000000000000000EF
:10D14000000000000000000000000000000002835A
:10D15000410002C1000000800480C18380830285F9
:10D160002003028300000080008021038041000032
:10D17000418000C1000000000000000000000083AA
:10D18000020000000000000000000000000200009B
:10D190000000208000800010020000030080800852
:10D1A00000000000000000004105004100000000F8
:10D1B000000000000000000000000000000000006F
:10D1C000000000000000000000000000000000005F
:10D1D00000000000000012420000000000001242A7
:10D1E00081480013C20012420000000000001242F9
:10D1F000000000000000000000000000000012001D
:10D200008100001300001200000000000000000078
:10D210000000000000000000000021480013C200D0
:10D2200012420000000000000000000000000000AA
:10D23000124200000000000000000000000000009A
:10D2400000000000000000000000000000000000DE
:10D2500000000000000000000000000000000000CE
:10D2600000000000000000000000000000000000BE
:10D2700000000000000000000000000000000000AE
:10D28000000000000000000000000000000000009E
:10D29000000000000000000000000000000000008E
:10D2A000000000000000000000000000000000007E
:10D2B000000000000000000000000000000000006E
:10D2C000000000000000000000000000000000005E
:10D2D000000000000000000000000000000000004E
:10D2E000000000000000000000000000000000003E
:10D2F000000000000000000000000000000000002E
:10D30000000000000000000000000000000000001D
:10D31000000000000000000000000000000000000D
:10D3200000000000000000000000000000000000FD
:10D3300000000000000000000000000000000000ED
:10D3400000000000000000000000000000000000DD
:10D35000000000000000AEDE000000000000000041
:10D3600000000000000000000000000000000000BD
:10D37000000000007B752EDE0000000000000000B1
:10D38000000000000000000000000000000000009D
:10D39000000000007B740000AEDE00000000000012
:10D3A000000000000000000000000000000000007D
:10D3B000000000000000020000000000000000006B
:10D3C000000000000000000000000000000000005D
:10D3D0000000000000000000866FC0020000000096
:10D3E0000000408C07000000000000003002000038
:10D3F000000000004003F661866EC00200000000DD
:10D400000000408C07000000000000003002000017
:10D41000000000004003766100009667C002000033
:10D4200000000000408C010000000000000000002F
:10D4300000000000000000000000000000000000EC
:10D4400000000000000000000000000000000000DC
:10D450000000000000000000000000000084000048
:10D46000000000002100000000002100000000007A
:10D47000040004000420112004000000000000004B
:10D4800000000000800021000000040000200002D5
:10D49000002004000020090000210000001000C04E
:10D4A0000002000100000000110141A0040200017F
:10D4B0000000000004010000000000000000000067
:10D4C000000000000000000000000000000000005C
:10D4D000000000000000000000000000000000004C
:10D4E000000400000000A000900000000000000008
:10D4F000000004000400008082808800000000001A
:10D50000000000410000400000000000000000801A
:10D51000008404C100040480000400A00000000096
:10D5200000000080A04000050000004000000080D6
:10D5300000020000000000020000000000000000E7
:10D5400000000000000000000000040000000000D7
:10D5500000000000000000000000000000000000CB
:10D5600000000000000000000000000000000000BB
:10D57000000000000000002000000000000100008A
:10D58000000000000000000000000000800000001B
:10D5900000000000002000000000000000000080EB
:10D5A00000000000008400000002000100000000F4
:10D5B0000000000000020002000000000001000165
:10D5C000000100000000000000000000000000005A
:10D5D000000000000000000000000000000000004B
:10D5E000000000000000000000000000900040006B
:10D5F000000000000000000000800000000000208B
:10D6000000000000000000000000000000004000DA
:10D61000000000000000008000000000000000008A
:10D620000000000000000000000000800002000078
:10D630000000000000000080008000000000820266
:10D6400000020008000000000000000000000000D0
:10D65000000000100010001000100000000000008A
:10D660000000000000000008410000000000000071
:10D67000000000000000000009000001000021007F
:10D680000000400000018000800100000000020056
:10D690000000000000000000840100004000400085
:10D6A0002101000000000500000000000000000053
:10D6B00040000200000000000000000000A0000088
:10D6C0000000054000000000000000000000000015
:10D6D000000000000000000000000000000000004A
:10D6E000000000000000000000000000000000003A
:10D6F000C00000000000000000000000002000004A
:10D70000000000000100000240084040000000004E
:10D71000010000000000000000210502840001005B
:10D7200001000002000000000000000000000000F6
:10D730000000010001000010001000100041000076
:10D740000000000000800000000000000000000059
:10D7500000000000000000000000000000000000C9
:10D7600000000000000000000000000000000000B9
:10D770000000020000000000000000004000000067
:10D780000000212040000000000000000000000018
:10D790001000020011000000000000000000000066
:10D7A00041001000800000000000050000000200A1
:10D7B0000000000021000400000021000000000023
:10D7C0000000000000000000000000000000000059
:10D7D0000000000010001000100000000000000019
:10D7E00010000000410000000000000000000000E8
:10D7F0001000020000001000000002000000000005
:10D8000000000000C0400202200200000002C00030
:10D81000000288020241C000100000030000101145
:10D82000001120020011040200002000820000000C
:10D8300088110000000010000000000000008400BB
:10D8400000000000000000000000000000000000D8
:10D8500000000000000000000000000000000000C8
:10D8600000000003000000000000000000000000B5
:10D870000000100000000000000005000000000093
:10D88000030000000000410000000000090000004B
:10D8900000008000100000000000000000200000D8
:10D8A00000008582040041000000000000400300E9
:10D8B00005000001000000000000800000000000E2
:10D8C000050000000000000100C000000000001082
:10D8D0000000000000000000100000000000000038
:10D8E0000000000000000000000000000000000038
:10D8F0000000C00000000000040000000000000064
:10D900000000000000000000000000000000000017
:10D910000000000040030000000000000000008044
:10D920000000000040000100100000100000008016
:10D93000000000000002000500000000402100007F
:10D940000000000000000000000200008400000051
:10D9500000000000000000000000000000000000C7
:10D9600000000000000000000000000000050000B2
:10D97000000200000002090000000000000000009A
:10D9800000000000400000000400210040040002EC
:10D990000000000200002100020200011102030049
:10D9A00040200200050400901091101004000000B7
:10D9B00020020302024000000000210010000000CD
:10D9C00000000040000020100000000010000000D7
:10D9D0000010000000000000000000000000000037
:10D9E0000000000000000000000000000000000037
:10D9F0000000000000000000000000000000000027
:10DA00000203004088001021A00000000000200058
:10DA10002004881190008400400301100002C00916
:10DA2000000040020000881100048420C0000100B2
:10DA30000000008002C0028000008220820084205A
:10DA400004200000C00000000000000000000000F2
:10DA500002020000000000000000000000000000C2
:10DA60000000000082000000000010000000000024
:10DA7000C0000000000000000000000000000000E6
:10DA80000000000000000000000000800200C00054
:10DA900000800003000020000010000300000000D0
:10DAA00000000003008041850080000300000000AA
:10DAB00000C100004003000021000021000310000D
:10DAC00005050000000300000000000000038000C6
:10DAD0000000000300000000000000000000000043
:10DAE0000000000000000000000000000000000036
:10DAF0000000000000000000000000000000000026
:10DB00000000000000000000000000000004050408
:10DB10001190004000010000010000010001000020
:10DB20000000000000A100020040000420830084E7
:10DB300000880010000001C100C0010000C0000109
:10DB400001000000000000010000000000000001D2
:10DB50004000000000000000000000000000000085
:10DB600000000000000000000000000000000000B5
:10DB700000000000000000000000000000000000A5
:10DB80000000000000000000000000000000040091
:10DB900020009088C0C00000000000000100C0000C
:10DBA0008200400203029001C0008800A10004012D
:10DBB000200090A00300000000002000A000090049
:10DBC000C00002000400C1000000000000000100CD
:10DBD0000000000000000100000000400001000003
:10DBE0000000000000000000000000000000000035
:10DBF0000000000000000000000000000000000025
:10DC00000000000000000000000000000000000014
:10DC100000050000008000800000000005000300F7
:10DC200000000000800003000011800000000305D8
:10DC3000801000000000030300000000000000004E
:10DC40008341090000000000830000000000000084
:10DC50000300000005000000030000000080002019
:10DC600000000000000000000000000000000000B4
:10DC700000000000000000000000000000000000A4
:10DC80000000000000000000000000000000000094
:10DC900000000080800021800000000000A00080C3
:10DCA000000300000010410008030000008900800C
:10DCB000808300000021A08000830000000000009D
:10DCC00000000083000000000009008309000041FB
:10DCD00000000003000000A100000083000000001D
:10DCE0000000000000000000000000000000000034
:10DCF0000000000000000000000000000000000024
:10DD00000000000000000000000000000000000013
:10DD10000000000000048884820400A000C0000508
:10DD2000000400A100000001000000010000A0911B
:10DD3000828488050082A084038400C1000000C0A2
:10DD4000848404A0A00900A000A000040021000019
:10DD500000000000000100C000C0000402C100007B
:10DD600000000000000000000000000000000000B3
:10DD700000000000000000000000000000000000A3
:10DD80000000000000000000000000000000000093
:10DD90000000000000000491100004001088000042
:10DDA000010000000000830002008800C090859000
:10DDB000200040010082852084900000A0820000A5
:10DDC00001210000000100A001000000000000206F
:10DDD000010001000000000001000002000000003E
:10DDE0000000000000000000000000000000000033
:10DDF0000000000000000000000000000000000023
:10DE00000000000000000000000000000000000012
:10DE100000000000000000000010800080008080F2
:10DE200000001000000000000300080000050000D2
:10DE30008310000083210080839141000005008051
:10DE4000000003402100002100000300200000002A
:10DE500000800300200000020000030041000000D9
:10DE60000000020005000900410000000000000061
:10DE700000000000000000000000000000000000A2
:10DE80000000000000000000000000000000000092
:10DE9000000000000000000000002100001300004E
:10DEA0000000000000000000000000000000000072
:10DEB000000012000013000000410A0000130000DF
:10DEC00000820000000000000000000000000000D0
:10DED0000000000000000000000000000000000042
:10DEE0000000000000000000000000000000000032
:10DEF0000000000000000000000000000000000022
:10DF00000000000000000000000000000000000011
:10DF10000000000000000000000000000000000001
:10DF20000000000000FF00FFF0F0FFFF00FFFFFF18
:10DF3000F0F0FFFFF0F0FFFFF0F0FFFF00FFFFFF4A
:10DF4000F0F0FFFF000000FFFFFF9999FFFF00FFC7
:10DF5000FFFF00FFFFFF00FFFFFFF0F0FFFF00FFEC
:10DF6000FFFFF0F0FFFF00000000000000000000D5
:10DF700000000000000000000000000000000000A1
:10DF80000000000000000000000000000000000091
:10DF90000000000000000000000000000000000081
:10DFA00000000000000000FF00FFF0F0FFFF00FF96
:10DFB000FFFFF0F0FFFFF0F0FFFFF0F0FFFF00FFCA
:10DFC000FFFFF0F0FFFF000000FFFFFF9999FFFF48
:10DFD00000FFFFFF00FFFFFF00FFFFFFF0F0FFFF6C
:10DFE00000FFFFFFF0F0FFFF0000008000000000D6
:10DFF0000000000000000000000000000000000021
:10E000000000000000000000000000000000000010
:10E010000000000000000000000000000000000000
:10E0200000000000000000000000000000000000F0
:10E0300000000000000000000000000000000000E0
:10E0400000000000000000000000000000000000D0
:10E0500000000000000000000000000000000000C0
:10E0600000000000000000000000000000000000B0
:10E0700000000000000000000000000000000000A0
:10E080000000000000000000000000000000000090
:10E090000000000000000000000000000000000080
:10E0A00000000000000000000000FFFFC3C3FFFFEE
:10E0B000FF00FFFF9999FFFF0000FFFF0F0FFFFF19
:10E0C0000000FFFFC3C3FFFF00000000FFFFC3C34A
:10E0D000FFFF0000FFFF0F0FFFFFC3C3FFFF0000A4
:10E0E000FFFF0000FFFFC3C30000F0F000000000CE
:10E0F0000000000000000000000000000000000020
:10E10000000000000000000000000000000000000F
:10E1100000000000000000000000000000000000FF
:10E12000000000000000000000000000FFFFC3C36B
:10E13000FFFFFF00FFFF9999FFFFFFFFFFFF0F0F9A
:10E14000FFFFFFFFFFFFC3C3FFFFFFFF0000FFFF55
:10E15000C3C3FFFFFFFFFFFF0F0FFFFFC3C3FFFF9F
:10E16000FFFFFFFFFFFFFFFFC3C30000F0F0000051
:10E17000000000000000000000000000000000009F
:10E18000000000000000000000000000000000008F
:10E19000000000000000000000000000000000007F
:10E1A000000000000000008600800380000002C61E
:10E1B000016000B4494002C7016000B4494002C791
:10E1C00001200394494002C7012003944940000004
:10E1D00002C7016000B4494002C7016000B4494071
:10E1E000024101000004494002C7016000B45140EF
:10E1F000000000000000000000000000000000001F
:10E20000000000000000000000000000000000000E
:10E2100000000000000000000000000000000000FE
:10E220000000000000000000FFFFF7FF00000000FA
:10E230000000000000550454F000F0000000000051
:10E24000FFFF00A005FF00FFFFFF002800FF30FFD9
:10E25000000000000000000015D50000000000557F
:10E260000035000000000000000000000000000079
:10E270003FFF000000000000000000000000000060
:10E28000000000000000000000000000000000008E
:10E29000000000000000000000000000000000007E
:10E2A000000000000000000000000000200000004E
:10E2B000000800000000005504543C00F00000007D
:10E2C0000000FFFF00A005FF00FFFFFF002800FF88
:10E2D00030FF000000000000000015D50000000025
:10E2E00000550035000000000000000000000000A4
:10E2F000000000C00000000000000000000000005E
:10E30000000000000000000000000000000000000D
:10E3100000000000000000000000000000000000FD
:10E32000000000000000000000000000AA3AAAAAB5
:10E3300055555517000000000000000000000000C7
:10E340000C0C0C05FFBAAAAA143C1F3FBCBCA8A029
:10E350000C3C5D7D0000FF7D00280000555500004D
:10E3600000000002007F000000000000000000002C
:10E37000000000000000000000000000000000009D
:10E38000000000000000000000000000000000008D
:10E39000000000000000000000000000000000007D
:10E3A0000000000000000000000000000000AAAA19
:10E3B000AAAA5555555500000000000000000000B5
:10E3C00000000C0C0C053030000014141414A8A02C
:10E3D000A8A0003C003C0000000000000000505FCE
:10E3E000000000000002007F0000000000000000AC
:10E3F000000000000000000000000000000000001D
:10E40000000000000000000000000000000000000C
:10E4100000000000000000000000000000000000FC
:10E42000000000000000000088058000820000005D
:10E4300000000000200000009104910100218001F3
:10E4400080402001000020010000000100000000C9
:10E450000000000004001100000000000400400063
:10E460000004210400000005110400000000110058
:10E470000000000000000000040000000000000098
:10E48000000000000000000000000000200000006C
:10E490000000110000000000040000000000000067
:10E4A0000000000000000000000009902000210092
:10E4B000000000000000000000000480202000A0F8
:10E4C0002020028001040000010404000004000078
:10E4D0000000000000000000000400000000000038
:10E4E000900500800084000000840480000000008B
:10E4F000000000000000000000000000000000001C
:10E50000000000000000000000000000000000000B
:10E5100000000000000000000000000000000000FB
:10E5200000000000000000000000000000000000EB
:10E5300000000000000000000000000000000000DB
:10E5400000000000000000000000000000000000CB
:10E5500000000000000000000000000000C00000FB
:10E5600000000000000000000000000000000000AB
:10E57000000000000000000000000000000100009A
:10E58000000000000000000000000000000000008B
:10E590000000000100010000000000000000000079
:10E5A0000021000000210000001000000000000019
:10E5B000000000100000000000000000000000004B
:10E5C0000000000000000000000200000000000049
:10E5D000000000100000000000000000000000002B
:10E5E000000000000000000000000000000000002B
:10E5F00000000000001000000000000000000020EB
:10E60000000000000000000000000000000000000A
:10E6100000000000002000200000000000000000BA
:10E6200000000000000000000000000000000000EA
:10E63000020000C182000082000000000000000013
:10E64000800020A000890000000000000000000100
:10E650000000000500008001000000000000000034
:10E6600000000000A0010000000000040005000000
:10E67000200000000000000000000000000000007A
:10E68000000000000000000000000000000000008A
:10E690000000000000000000000000000200000078
:10E6A000000000000000000000000000000000006A
:10E6B0000000830084400300000000000000000010
:10E6C0000000040001000004000000000000000041
:10E6D000000400000084000020040000000084000A
:10E6E0000010000000002104C00000000080108421
:10E6F0000000010000000000C00000000000000059
:10E700000000000000000000000000000000000009
:10E7100000000000000000000000000000000100F8
:10E7200000000000000000000000000000001000D9
:10E73000410000000800020002000000000041004B
:10E740000300000000008000020020000000000024
:10E75000090004000900000010002000090000006A
:10E760001100050000000000000003002000000070
:10E770000900090000000000000000000000000087
:10E780000000000000000000100010000000100059
:10E79000000000000000090041000000000000012E
:10E7A0000000000000000000000000000000000069
:10E7B0000000000000000100000001000000000354
:10E7C0000000C00000000000040000000100000084
:10E7D0000000000001000000000000000100000037
:10E7E0000000000000000000000000000000010028
:10E7F000000088000000000000000000020000107F
:10E800000000000000000000000000000000000008
:10E8100000000000000000000000000000000000F8
:10E8200000400000000000000000000000000000A8
:10E83000000010000000000008002000004002015D
:10E8400005820500050003090000040041040008DA
:10E85000000000000510000000000000100000058E
:10E86000000000001002050000000000000400008D
:10E870000000410020000000000000000000000037
:10E880004100000000000000000000000000000047
:10E890000000000000000000100000000000100058
:10E8A0000000000000000000000000000000000068
:10E8B00000000000000000000000010001000080D6
:10E8C00001040003000000030008000001030080B1
:10E8D00000000000000000800000000000000000B8
:10E8E00000C000050005018000000000000000805D
:10E8F000C000000000001100000010000000000037
:10E900000000C00000000000000000000000000047
:10E910008400000000000000000000000000000073
:10E920000000000000000000000000000000008463
:10E93000000000080000100000000000200004009B
:10E940001000000000C0000209820000090003005E
:10E950002000030002C00304040011900020208264
:10E96000108820820000110020001082000010009A
:10E970000000000002041100000000000040000040
:10E9800000000200030000880000030000000000F7
:10E990000000000000000000000000000000000077
:10E9A00041000000000000820000009000A0000074
:10E9B0000000000000000000000000000000010056
:10E9C00000000000000000000080000000000000C7
:10E9D00000000100000000000080000000000000B6
:10E9E00001000000000000000000000001400000E5
:10E9F0000000000000000080000000000000000097
:10EA000000000000010000000000000010000000F5
:10EA100000000000000000000000000000000000F6
:10EA200000000000000000000000000000000000E6
:10EA300000000000000000000000000000000000D6
:10EA40004040008220100905000000000000000086
:10EA500008A0C009058541210285020821A105A061
:10EA6000030500C1208502A000000000000008008E
:10EA70000000850500110020200002020041000571
:10EA8000032000000000000000000000000005005E
:10EA90000000000000000000000000000000000076
:10EAA00000000000850009000000000000000000D8
:10EAB00000800000000000000000000000000000D6
:10EAC00000000101002100210120000000000000E1
:10EAD000000003880203820401908983C0A083C0E0
:10EAE000010800A182C000400041000000000000B9
:10EAF000010000000401000000010100010100000C
:10EB00000000000100000000000000000000820082
:10EB1000A000000000000000000000000000000055
:10EB2000000000000000850000000000000200A0BE
:10EB30000090000400000000000000000000000041
:10EB400000000000400189A021888220010000000F
:10EB500001020000C100820205880211010000903C
:10EB60000120000100000020014000010000000021
:10EB7000000001000000000001A001A10000000051
:10EB8000018200020100900020004000C00000004F
:10EB90000000000200000000000000000000000073
:10EBA000000000000000820010000288C0900000F9
:10EBB000000000000008000000000000000000004D
:10EBC000000000000000910820009005C000020035
:10EBD00020002000050010052000A1898389020083
:10EBE00003000502030920004100058511094100C9
:10EBF00005000002100000000000020005021100E4
:10EC000041004100058209210000800080000000D1
:10EC100000000000000000000000000000000000F4
:10EC2000000000000000000000058000008080005F
:10EC30000011000000000080000000000000000043
:10EC4000000000000000000002828041839021113A
:10EC5000000000000000000005850004030509C154
:10EC600000030003009000900005000203200090C4
:10EC700000400005000200410000050200410020A4
:10EC800000100502004109054002000000000000DC
:10EC900000000080008000800000000000000000F4
:10ECA00000000000000000000000008000000000E4
:10ECB00000800000000000000000000000000000D4
:10ECC00000000000000000000000012104408485D5
:10ECD000012000000000000000000004828520A048
:10ECE000008800A000000005A0410001A0A10003D1
:10ECF00000410001000000000000000000000000D2
:10ED000000010001000100000100010000000000FE
:10ED10000000000000020008004000A00000000009
:10ED200000000000000000000000000000100008CB
:10ED30000002008800000000000000000000000049
:10ED4000000000000000000000000000030103912B
:10ED5000018821400000000000000000212004C0C4
:10ED60004000C140010000000000000000C00100A0
:10ED7000010001000000010001010100000000C0CD
:10ED800001000100000001A000840000000000015B
:10ED90000000000000200002000000000000000051
:10EDA00000000000000000000000000000009000D3
:10EDB000C008900010C0C000040020000200000045
:10EDC00000000000000000000000000000008210B1
:10EDD00088081083408000000041002000000920C6
:10EDE000850583051080100020002100050021000A
:10EDF0000400200008000500200220202000000060
:10EE00002100040020030200090005030505050098
:10EE10000020000000000080000000000000000052
:10EE200000000000000000000000000000000000E2
:10EE300000200080000080800000800000000000B2
:10EE400000000000000000000000000000000000C2
:10EE500000410000C20000000000000000000000AF
:10EE60000A500013C200000082410013C2000000DB
:10EE700000410000C200000000000000000000008F
:10EE8000000000500000C200000000500000C2005E
:10EE900000000000000000000000810000130000DE
:10EEA0000000000000000000000000000000000062
:10EEB000000000000013000000000000000000003F
:10EEC0000000000000000000000000000000000042
:10EED00000003C3C3C3CFFFFFFDF00000000000066
:10EEE0000000141FD7DF5F435F7F141F3C3F00FF0C
:10EEF00014FF3C3D3CFF0C5D0F5F000F040E0C3C0B
:10EF00003C3C0000053D3D3D3C3D3C3D55355535C7
:10EF10007D0D7DFD000000000000000000000000ED
:10EF200000000000000000000000000000000000E1
:10EF300000000000000000000000000000000000D1
:10EF400000000000000000000000000000000000C1
:10EF5000000000003C3C3C350000000800000000C0
:10EF6000000000001410D7D05040507C141414142A
:10EF70000000141F000500050C0C0C0C000F040E03
:10EF8000000030000000003C003C00050C0D00308B
:10EF9000FF3F280828F800000000000000000000E3
:10EFA0000000000000000000000000000000000061
:10EFB0000000000000000000000000000000000051
:10EFC0000000000000000000000000000000000041
:10EFD000000000000000AAAA3AAA3E3C343C00000F
:10EFE00000003C00A0A0ACACAFA0BFBA3F30FFFF18
:10EFF000C000FFC0FF00FFFF0C00FFC0FF000000CB
:10F000000000FEFE04040000FFFF0000FF00FF0000
:10F010003CFCAAFAF5F5A0A00000000000000000EA
:10F0200000000000000000000000000000000000E0
:10F0300000000000000000000000000000000000D0
:10F0400000000000000000000000000000000000C0
:10F050000000000000000000AAAAAAAA3C3C3C3C18
:10F06000000000003C0000003C3CFF0015103F3059
:10F07000FFFFC000FFC0FF00FFFF0C00FFC0FF004C
:10F0800000000000000000000000FFFFF000FFF0A3
:10F09000FF003C0CAA0A3CF53CA000000000000068
:10F0A0000000000000000000000000000000000060
:10F0B0000000000000000000000000000000000050
:10F0C0000000000000000000000000000000000040
:10F0D000000000000000000000000086007C00B07E
:10F0E000000000000000000000800086009C0380FB
:10F0F0000000008600EC03B000000086006C00B049
:10F100000000010000000000000000000000000CF2
:10F11000000000000000001C0000000000860060ED
:10F1200000B00000008600E0039000000000000036
:10F1300000000000000000000000000000860060E9
:10F14000008000000086006000B0000000000000A9
:10F15000000000000000000000000000AA2882005B
:10F16000000F002D0000000000000000FFF53CB47F
:10F17000282FF8FF00000000551455D700000000AC
:10F18000000F050500000000000000000000000066
:10F19000000000000000000000000000000000006F
:10F1A00000000000000000000000FFFFBEFF0000A4
:10F1B0000000000000000000000000000000FFFF51
:10F1C000FFFF0C00AEAAFFFFFFFF000000000000E1
:10F1D0000000000000000000000000000000AAAADB
:10F1E0000000000F002D000000000000000000A043
:10F1F0003CB40007D0D70000000000000000000071
:10F2000000000505050500000000000000000000EA
:10F2100000000000000000000000000000000000EE
:10F22000000000000000000000000000FFFF3FFFA2
:10F2300000000000000000000000000000000000CE
:10F24000BFFFFFFF0C00ACA0FFF0FBF000000000D0
:10F2500000000000000000000000000000000000AE
:10F26000BF80BF800001000000000000000000001F
:10F27000FFF53E343C3C553CC0003000000000002F
:10F28000AA208A000000000000000000000000002A
:10F29000000000000000000000000000000000006E
:10F2A0000000000000000F0F4F0F000000000000E2
:10F2B000000000000000000000000000000000004E
:10F2C00000000000000028282828FFFFFFFC0000A5
:10F2D000000000000000000000000000000000002E
:10F2E00000000000000000000055000000000000C9
:10F2F0000000CBC10A000F0F550FC0003000000006
:10F300000000AA208A0000000000000000000000A9
:10F3100000000000000000000000000000000000ED
:10F3200000000000000000000F0FCF0F00000000E1
:10F3300000000000000000000000000000000000CD
:10F3400000000000000000000F002F28FFFFFFFC5E
:10F3500000000000000000000000000000000000AD
:10F36000000000000000000000000000000000009D
:10F37000000020000000000000000000000000006D
:10F38000000000000000000000000000000000007D
:10F39000000000000000000000000000000000006D
:10F3A000000000000000000021000000000000003C
:10F3B000000021000000000000000000000000002C
:10F3C000000020000000000000000000000000001D
:10F3D000000000000000000000000000000000002D
:10F3E000000000000000000000000000000000001D
:10F3F000000000000000000000000000000000000D
:10F4000000000000000000000000000000000000FC
:10F4100000000000000000000000000000000000EC
:10F4200000000000000000000000000000000000DC
:10F4300000000000000000000000000000000000CC
:10F4400000000000000000000000000000000000BC
:10F4500000000000000000000000000000000000AC
:10F46000000000000000000000000000000000009C
:10F47000000000000000000000000000000000008C
:10F48000000000000000000000000000000000007C
:10F49000000000000000000000000000000000006C
:10F4A000000000000000000000000000000000005C
:10F4B000000000000000000000000000000000004C
:10F4C000000000000000000000000000000000003C
:10F4D000000000000000000000000000000000002C
:10F4E000000000000000000000000000000000001C
:10F4F00000100000000000000000000000000000FC
:10F5000000000000000000000000000000000000FB
:10F5100000100000000000000000000000000000DB
:10F5200000000000000000000000000000000000DB
:10F5300000000010000000000000000000000000BB
:10F5400000000000000000000000000000000000BB
:10F55000000000100000000000000000000000009B
:10F56000000000000000000000000000000000009B
:10F57000000000000000000000000000000000008B
:10F580000000000000000000000000000000050076
:10F59000000000000000000000000000000000006B
:10F5A000000000000000000000000000000000005B
:10F5B000000000000000000000000000000000004B
:10F5C000000000000000000000000000000000003B
:10F5D000000000000000000000000000000000002B
:10F5E000000000000000000000000000000000001B
:10F5F000000000000000000000000000000000000B
:10F6000000000000000000000000000000000021D9
:10F6100000000000000000000000000000000000EA
:10F6200000000000000000000000000000000000DA
:10F6300000000000000000000000000000000000CA
:10F6400000000000000000000000000000000000BA
:10F650000000000000000000000000210000000089
:10F66000000000000000000000000000000000009A
:10F67000000000000000000000000000000000008A
:10F68000000000000000000000000000000000007A
:10F690000000000000000000110000000000000059
:10F6A0000000000000000000000041000000000019
:10F6B000000000000000000000000000000000004A
:10F6C000000000000000000000000000000000003A
:10F6D000000000000000000000000000000000002A
:10F6E000000000000000000000000000000000001A
:10F6F000000000000000000000000000000000000A
:10F7000000000000000000000000000000000000F9
:10F7100000000000000000000000000000000000E9
:10F7200000000000000000000000000000000000D9
:10F7300000000000000000000000000000000000C9
:10F7400000000000000000000000000000000000B9
:10F7500000000000000000000000000000000000A9
:10F760000000000000000000000000000000000099
:10F770000000000000000000000000000000000089
:10F780000000000000000000000000000000000079
:10F790000000000000000000000000000000000069
:10F7A0000000100000000000000003000000000046
:10F7B0000300000000000000000000000000000046
:10F7C0000000000000000000000000000000000039
:10F7D0000000000000000000000000000000000029
:10F7E0000000000000000000000000000000000811
:10F7F00000000000000000030000002100000000E5
:10F8000000000000000000008400840000080000E8
:10F81000000084210000000000000008002100001A
:10F8200000000000000000000000000000080008C8
:10F8300000000000000000000000000000000000C8
:10F84000C0000000000000000000000000000000F8
:10F850000000000000000000000310050000000090
:10F860000000000010000000000000000000000088
:10F870000000000000000000000000000000000088
:10F8800000004000202000000000000002000000F6
:10F89000000002000000000000000000000800005E
:10F8A000000800000000000400000000000000004C
:10F8B00000000000000000000082030000000000C3
:10F8C0000000000000000000000000000000000038
:10F8D0000000000000000000000000000000000028
:10F8E0000000000000000000000000000000000018
:10F8F0000000000000000000000000000000000008
:10F9000000000000000000000000000000000000F7
:10F9100000000000000000000000000000000000E7
:10F9200000000000000000000000000000000000D7
:10F9300000000000000000000000000000000000C7
:10F9400000000000000000000000000000000000B7
:10F9500000000000000000000000000000000000A7
:10F960000000000000000000000000000000000097
:10F970000000000000000000000000000000000087
:10F980000000000000000000000000000000000077
:10F990000000000000000000000000000000000067
:10F9A0000000000000000000000000000000000057
:10F9B0000000000000000000000000000000000047
:10F9C0000000000000000000050000000000000032
:10F9D0000000000000000000000000000000000027
:10F9E0000000000000000000000000000000000017
:10F9F0000000000000000000000000000000000007
:10FA000000000000000000000000000000000000F6
:10FA100000000000000000000000000000000000E6
:10FA200000000000000000000000000000000000D6
:10FA300000000000000000000000000000000000C6
:10FA400000000000000000000000000000000000B6
:10FA500000000000000000000000000000000000A6
:10FA60000000000000000000000000000000000096
:10FA70000000000000000000000000000000000086
:10FA80000000000000000000000000000000000076
:10FA90000000000000000000000000000000000066
:10FAA0000000000000000000000000000000000056
:10FAB00000000000000000000090000000000000B6
:10FAC0000000000000000000000001000000000035
:10FAD00000C0000000000000000000000000000066
:10FAE0000000000000000000000000000000000016
:10FAF0000000000000000000000000000000000006
:10FB000000000000000000000000000000000000F5
:10FB100000000000000000000000000000000000E5
:10FB200000000000000000000000000000000000D5
:10FB300000000000000000000000000000000000C5
:10FB40000000000000000000000000002000000095
:10FB50000000008000000000000000000000000025
:10FB60000000000000000000000000000000000095
:10FB70000000000000000000000000000000000085
:10FB80000000000000000000000000000000000075
:10FB90000000000000000000000000000000000065
:10FBA0000000000000000000000000000000000055
:10FBB0000000000000000000000000000000000045
:10FBC0000000000000000000000000000000000035
:10FBD0000000000000000000000000000000000025
:10FBE0000000000000000000000000000000000015
:10FBF0000000000000000000000000000000000005
:10FC000000000000000000000000000000000000F4
:10FC100000000000000000000000000000000000E4
:10FC200000000000000000000000000000000000D4
:10FC300000000000000000000000000000000000C4
:10FC400000000000000000000000000000000000B4
:10FC500000000000000000000000000000000000A4
:10FC60000000000000000000000000000000000094
:10FC70000000000000000000000000000000000084
:10FC80000000000000000000000000000000000074
:10FC90000000000000000000000000000000000064
:10FCA0000000000000000000000000000000000054
:10FCB0000000000000000000000000000000000044
:10FCC0000000000000000000000000000000000034
:10FCD0000000000000000000000000000000000024
:10FCE0000000000000000000000000000000000014
:10FCF0000000000000000000000000000000000004
:10FD000000000000000000000000000000000000F3
:10FD100000000000000000000000000000000000E3
:10FD200000000000000000000000000000000000D3
:10FD300000000000000000000000000000000000C3
:10FD400000000000000000000000000000000000B3
:10FD500000000000000000000000000000000000A3
:10FD60000000000000000000000000000000000093
:10FD70000000000000000000000000000000000083
:10FD80000000000000000000000000000000000073
:10FD90000000000000000000000000000000000063
:10FDA0000000000000000000000000000000000053
:10FDB0000000000000000000000000000000000043
:10FDC0000000000000000000000000000000000033
:10FDD0000000000000000000000000000000000023
:10FDE0000000000000000000000000000000000013
:10FDF0000000000000000000000000000000000003
:10FE000000000000000000000000000000000000F2
:10FE100000000000000000000000000000000000E2
:10FE200000000000000000000000000000000000D2
:10FE300000000000000000000000000000000000C2
:10FE400000000000000000000000000000000000B2
:10FE500000000000000000000000000000000000A2
:10FE60000000000000000000000000000000000092
:10FE70000000000000000000000000000000000082
:10FE80000000000000000000000000000000000072
:10FE90000000000000000000000000000000000062
:10FEA0000000000000000000000000000000000052
:10FEB0000000000000000000000000000000000042
:10FEC0000000000000000000000000000000000032
:10FED0000000000000000000000000000000000022
:10FEE0000000000000000000000000000000000012
:10FEF0000000000000000000000000000000000002
:10FF000000000000000000000000000000000000F1
:10FF100000000000000000000000000000000000E1
:10FF200000000000000000000000000000000000D1
:10FF300000000000000000000000000000000000C1
:10FF400000000000000000000000000000000000B1
:10FF500000000000000000000000000000000000A1
:10FF60000000000000000000000000000000000091
:10FF70000000000000000000000000000000000081
:10FF80000000000000000000000000000000000071
:10FF90000000000000000000000000000000000061
:10FFA0000000000000000000000000000000000051
:10FFB0000000000000000000000000000000000041
:10FFC0000000000000000000000000000000000031
:10FFD0000000000000000000000000000000000021
:10FFE0000000000000000000000000000000000011
:10FFF0000000000000000000000000000000000001
:020000040002F8
:1000000000000000000000000000000000000000F0
:1000100000000000000000000000000000000000E0
:1000200000000000000000000000000000000000D0
:1000300000000000000000000000000000000000C0
:1000400000000000000000000000000000000000B0
:1000500000000000000000000000000000000000A0
:100060000000000000000000000000000000000090
:100070000000000000000000000000000000000080
:100080000000000000000000000000000000000070
:100090000000000000000000000000000000000060
:1000A0000000000000000000000000000000000050
:1000B0000000000000000000000000000000000040
:1000C0000000000000000000000000000000000030
:1000D0000000000000000000000000000000000020
:1000E0000000000000000000000000000000000010
:1000F0000000000000000000000000000000000000
:1001000000000000000000000000000000000000EF
:1001100000000000000000000000000000000000DF
:1001200000000000000000000000000000000000CF
:1001300000000000000000000000000000000000BF
:1001400000000000000000000000000000000000AF
:10015000000001000000000000000000000000009E
:10016000000000000000002000000100000000006E
:10017000000000000000000000000000000000007F
:10018000000000000000000000000000000000006F
:10019000000000000000000000000000000000005F
:1001A000000000000000000000000000000000004F
:1001B000000000000000000000000000000000003F
:1001C00000000000000000000000000000000040EF
:1001D000000000000000000000000000000000001F
:1001E00000000000000000400000000002000000CD
:1001F00000000000000000000000000000000000FF
:1002000000000000000000000000000000000000EE
:1002100000000000000000000000000000000000DE
:1002200000000000000000000000000000000000CE
:1002300000000000000000000000000000000000BE
:1002400000000000000000000000000000000000AE
:100250000000000008000000000000000000000096
:100260000000000000000000000000000900000085
:10027000000000000000000000000000000000007E
:10028000000000000000000000000000000000006E
:10029000FFFFFFFFFFFFFFFFFFFFFFFFFFFFFFFF6E
:1002A000FFFFFFFFFFFFFFFFFFFFFFFFFFFFFFFF5E
:1002B000FFFFFFFFFFFFFFFFFFFFFFFFFFFFFFFF4E
:1002C000FFFFFFFFFFFFFFFFFFFFFFFFFFFFFFFF3E
:1002D000FFFFFFFFFFFFFFFFFFFFFFFFFFFFFFFF2E
:1002E000FFFFFFFFFFFFFFFFFFFFFFFFFFFFFFFF1E
:1002F000FFFFFFFFFFFFFFFFFFFFFFFFFFFFFFFF0E
:10030000FFFFFFFFFFFFFFFFFFFFFFFFFFFFFFFFFD
:10031000FFFFFFFFFFFFFFFFFFFFFFFFFFFFFFFFED
:10032000FFFFFFFFFFFFFFFFFFFFFFFFFFFFFFFFDD
:10033000FFFFFFFFFFFFFFFFFFFFFFFFFFFFFFFFCD
:10034000FFFFFFFFFFFFFFFFFFFFFFFFFFFFFFFFBD
:10035000FFFFFFFFFFFFFFFFFFFFFFFFFFFFFFFFAD
:10036000FFFFFFFFFFFFFFFFFFFFFFFFFFFFFFFF9D
:10037000FFFFFFFFFFFFFFFFFFFFFFFFFFFFFFFF8D
:10038000FFFFFFFFFFFFFFFFFFFFFFFFFFFFFFFF7D
:10039000FFFFFFFF00000000000000000000000061
:1003A000000000000000000000000000000000004D
:1003B000000000000000000000000000000000003D
:1003C000000000000000000000000000000000002D
:1003D000000000000000000000000000000000001D
:1003E000000000000000000000000000000000000D
:1003F00000000000000000000000000000000000FD
:1004000000000000000000000000000000000000EC
:1004100000000000000000000000000000000000DC
:1004200000000000000000000000000000000000CC
:1004300000000000000000000000000000000000BC
:1004400000000000000000000000000000000000AC
:10045000000000000000000000000000000000009C
:10046000000000000000000000000000000000008C
:10047000000000000000000000000000000000007C
:10048000000000000000000000000000000000006C
:10049000000000000000000000000000000000005C
:1004A000000000000000000000000000000000004C
:1004B000000000000000000000000000000000003C
:1004C000000000000000000000000000000000002C
:1004D00000000000000000000000002000000020DC
:1004E000000000000000000000000000000000000C
:1004F00000000000000000000000000000000000FC
:1005000000000000000000000000000000000000EB
:1005100000000000000000000000000000000000DB
:1005200000002500000000000000000000000000A6
:1005300000000000000000000000000000000000BB
:1005400000000000000000000000000000000000AB
:10055000000000000000000000000000000000009B
:10056000000000000000000000000000000000008B
:10057000000000000000000000000000000000007B
:10058000000000000000000000000000000000006B
:10059000000000000000000000000000000000005B
:1005A000000000000000000000000000000000004B
:1005B000000000000000000000000000200000001B
:1005C000000000000000000000000000000000002B
:1005D0000000000008000000000000000000000013
:1005E000000000000000000000000000000000000B
:1005F00000000000000000000000000000000000FB
:1006000008000000000000000000000000000000E2
:1006100000000000000000000000000000000000DA
:1006200000000000000000000000000000000000CA
:1006300000000000000000000000000000000000BA
:1006400000000000000000000000000000000000AA
:10065000000000000000000000000000000000009A
:100660000000000000000000020000000000000088
:10067000000000000000000000000000000000007A
:10068000000000000000000000000000000000006A
:10069000000000000000000000000000000000005A
:1006A000000000000000000000000000000000004A
:1006B000000000000000000000000000000000003A
:1006C000000000000000000000000000000000002A
:1006D000000000000000000000000000000000001A
:1006E000004000000000000003880000000000102F
:1006F00000000000000000000020000000000000DA
:1007000000000420002000000020040000000088F9
:100710000000000000000000000000000000402079
:100720000000001000100010001000100000000079
:100730000010001000100010001000000010000059
:100740000010001000100010001000100000000049
:100750000021001000100010001002100010000016
:1007600000100000001000100041001000100200F6
:1007700000000000001000090041001000410009C5
:1007800000000041011100100000001001210000D4
:1007900000090009004100090020001000000000CD
:1007A0000000000000000000000000040000000045
:1007B0000000000000000000000000000000000039
:1007C0000000000000000000000000000000000029
:1007D0000000000000000000000000000000000019
:1007E000000000A000000000000000000020000049
:1007F0000000000000000000000000000084000075
:1008000000040000000000000000000000400000A4
:10081000000000000000000000000000090000408F
:100820000000004000000000000000000000000088
:1008300000000000000000000000000000000000B8
:1008400000000000000000000000000000000000A8
:100850000000000000000000000000000000000098
:100860000000000000000000000000000000000088
:100870000000000000000000000000000000000078
:100880000000000000000000000000000000000068
:100890000040000000000000000000000000000018
:1008A0000000000000000000000000000000000048
:1008B0000000000000000000000000000000000038
:1008C0000000000000000000000000000000000028
:1008D000000000000000000000A00000000000C0B8
:1008E00000000000000000C00000000000A00000A8
:1008F0000000000000840000000000000000000074
:1009000000000004000000000000000000000000E3
:1009100000000000000000000400000000000000D3
:10092000000000A000000000000000001000000017
:1009300000000000000000000000000000000000B7
:100940000000001000000000000000000000000097
:100950000000000000000000000000000000000097
:100960000005000000000000000000001000000072
:100970000000000000000005001000100000001042
:100980000010000000000000000000000000000057
:100990000000000000000000000000000000000057
:1009A00000000000A000080000000000000000009F
:1009B0000000000000000000000000000000000037
:1009C0000000000000000000000000000000000027
:1009D0000000000000000000000000000000000017
:1009E0000000000000000000009000000000000077
:1009F00000000020002000000000000000000000B7
:100A000000000000000000000000000000000000E6
:100A100000000000000000000000000000000000D6
:100A200000000000000000000400001000020000B0
:100A300000000000000000000000000000000000B6
:100A400000000000000000000000000000000000A6
:100A50000000000000000000000000000000000096
:100A60000000000000000000000000000000000086
:100A70000000000000000000000000000000000076
:100A80000000000000000000000000000000000066
:100A90000000000000000000000000000000000056
:100AA0000000000000000000000000000000000046
:100AB0000000000000000000000000000000000036
:100AC0000000000000000000000000000000000026
:100AD0000000000000000000000000000000000016
:100AE000000000000000000000C000000000000046
:100AF00000000000000000000084000000840000EE
:100B000000000000000000000000000000000000E5
:100B100000000001000000000000001000000000C4
:100B2000001000C00000000000C000000000000035
:100B30004100000000000000000000000000000074
:100B400000000000000000000000000000000000A5
:100B50000000000000000000000000000000A000F5
:100B60000000000000000000000000000000000085
:100B70000000000000000000000000000000000075
:100B80000000000000000000000000001000000055
:100B90000000000000100000000000000000000045
:100BA0000005000000000000000000000000000040
:100BB0000000000000000000000000000000000035
:100BC0000000000000000000000000000000000025
:100BD0000000000000000000000000000000000015
:100BE0000000000000000000000000000000000005
:100BF00000000000000000000000000000000000F5
:100C000000000000000000000000000000000000E4
:100C100000000000000000000000000000000000D4
:100C200000000000000000000000000000000000C4
:100C300000000000000000000000000000000000B4
:100C400000000000000000000000000000000000A4
:100C50000000000000000000000000000000000094
:100C60000000000000000000000000000000000084
:100C70000000000000000000000000000000000074
:100C80000000000000000000000000000000000064
:100C900000000000000000000000000000000084D0
:100CA0000000000000000000000000000000000044
:100CB0000000000000000000000000000000000034
:100CC0000000000000000000000000000000000024
:100CD0000000000000000000000000000000000014
:100CE0000000000000000000000000000000000004
:100CF00000000000000000000000000000000000F4
:100D000000000000000000000000000000000000E3
:100D100000000000000000000000010000000000D2
:100D2000009001080000000000900000000000009A
:100D300000000000000000000000000000000000B3
:100D400000000000000000000000000000000000A3
:100D50000000000000000000000000000000000093
:100D60000000000000000000000000000000000083
:100D70000000000000000000000000000000000073
:100D80000000000000000000000000000000000063
:100D90000000000000000000000000001000000043
:100DA0000000000010000000000000000000000033
:100DB0000000000000000000000000000000000033
:100DC0000000000000000000000000000000000023
:100DD0000000000000000000000000000000000013
:100DE0000000000000000000000000000000000003
:100DF00000000000000000000000000000000000F3
:100E000000000000000000000000000000000000E2
:100E100000000000000000000000000000000020B2
:100E20000000000008000008000000002100000091
:100E300000000000000000000000000000000000B2
:100E400000000000000000000000000000000000A2
:100E50000000000000000000000000000000000092
:100E60000000000000000000000000000000000082
:100E70000000000000000000000000000000000072
:100E80000000000000000000000000000000000062
:100E90000000000000000000000000000000000052
:100EA0000000000000000000000000000000000042
:100EB0000000000000000000000000000000000032
:100EC0000000000000000000000000000000000022
:100ED0000000000000000000000000000000000012
:100EE0000000000000000000000000000000000002
:100EF00000000000000000000000000000000000F2
:100F000000400000000000000000000000000000A1
:100F100000000000000000000000000000000000D1
:100F200000000020000000010000000000000000A0
:100F300000000000000000000000000000000000B1
:100F400000000000000000000000000000000000A1
:100F50000000000000000000000000000000000091
:100F60000000000000000000000000000000000081
:100F70000000000000000000000000000000000071
:100F80000000000000000000000000000000000061
:100F90000000000000000000000000000000000051
:100FA000000000000000000000020000000000003F
:100FB0000000000000000000000000000000000031
:100FC0000000000000000000000000000000000021
:100FD0000000000000000000000000000000000011
:100FE0000000000000000000000000000000000001
:100FF00000000000000000000000000000000000F1
:1010000000000000000000000000000000000000E0
:1010100000000000000000000000000000000000D0
:1010200000000000000000000000000043C80000B5
:101030000000000043C800000000000000000000A5
:1010400000000000000000000000000000000000A0
:101050000000000000000000000000000000000090
:101060000000000000000000000000000000000080
:101070000000000000000000000000000000000070
:101080000000000000000000000000000000000060
:101090000000000000000000000000000000000050
:1010A0000000000000000000000000000000000040
:1010B0000000000000000000000000000000000030
:1010C0000000000000000000000000000000000020
:1010D0000000000000000000000000000000000010
:1010E0000000000000000000000000000000000000
:1010F00000000000000000000000000000000000F0
:1011000000000000000000000000000000000000DF
:1011100000000000000000000000000000000000CF
:1011200000000000000000000000400800000180F6
:101130000000000800000180000000000000000026
:10114000000000000000000000000000000000009F
:10115000000000000000000000000000000000008F
:10116000000000000000000000000000000000007F
:10117000000000000000000000000000000000006F
:10118000000000000000000000000000000000005F
:10119000000000000000000000000000000000004F
:1011A000000000000000000000000000000000003F
:1011B000000000000000000000000000000000002F
:1011C000000000000000000000000000000000001F
:1011D000000000000000000000000000000000000F
:1011E00000000000000000000000000000000000FF
:1011F00000000000000000000000000000000000EF
:1012000000000000000000000000000000000000DE
:1012100000000000000000000000000000000000CE
:1012200000000000000000000000000000000000BE
:1012300006100860000000000610082000000000F2
:10124000000000000000000000000000000000009E
:10125000000000000000000000000000000000008E
:10126000000000000000000000000000000000007E
:10127000000000000000000000000000000000006E
:10128000000000000000000000000000000000005E
:10129000000000000000000000000000000000004E
:1012A000000000000000000000000000000000003E
:1012B000000000000000000000000000000000002E
:1012C000000000000000000000000000000000001E
:1012D000000000000000000000000000000000000E
:1012E00000000000000000000000000000000000FE
:1012F00000000000000000000000000000000000EE
:1013000000000000000000000000000000000000DD
:1013100000000000000000000000000000000000CD
:1013200000000000000000000000000000000000BD
:1013300000000000000000000000000000000000AD
:10134000000000000000000000000000000000009D
:10135000000000000000000000000000000000008D
:10136000000000000000000000000000000000007D
:10137000000000000000000000000000000000006D
:10138000000000000000000000000000000000005D
:10139000000000000000000000000000000000004D
:1013A000000000000000000000000000000000003D
:1013B000000000000000002030103140000000203C
:1013C00000003140000000000000000000000000AC
:1013D000000000000000000000000000000000000D
:1013E00000000000000000000000000000000000FD
:1013F00000000000000000000000000000000000ED
:1014000000000000000000000000000000000000DC
:1014100000000000000000000000000000000000CC
:1014200000000000000000000000000000000000BC
:1014300000000000000000014000000280000001E8
:10144000400000000000000000000000000000005C
:10145000000000000000000000000000000000008C
:10146000000000000000000000000000000000007C
:10147000000000000000000000000000000000006C
:10148000000000000000000000000000000000005C
:10149000000000000000000000000000000000004C
:1014A000000000000000000000000000000000003C
:1014B00000000000000000000000909909000000FA
:1014C000000080890900000000000000000000000A
:1014D00000000000000000000010000000001100EB
:1014E00000000400000004001100000000000200E1
:1014F00000000000000000000000000010000000DC
:10150000200000000900040011000000000000009D
:10151000030040002000040000000200400004001E
:1015200008000000400004004000400000004000AF
:10153000030000000000110000000400000004008F
:10154000040010000200040000001100020000006E
:10155000000000000000000000000000000000008B
:101560000000000000000000000004000000000077
:10157000000000000000000000000000000001006A
:101580000000010000000000010000000000000059
:101590000000000001000100010000000100010046
:1015A0000000000004000100010001000100000033
:1015B0000100000000030000000000000000000027
:1015C0000000000001000000000000000000010019
:1015D0000000000000000000000000000002000009
:1015E00000000040000000000001000100100001A8
:1015F0000000081000000000000000000240000091
:101600009101000000000000001000000020000018
:101610000000800100A0C0000000800800C00001A0
:1016200000400000000021000000910000000020A8
:10163000802000C0000080410000000000008010F9
:1016400000200000000000000200000102C00001B4
:1016500000000000000000010020002000210480A4
:101660000410000000A10040000000400240020001
:10167000020200400440900000410400004101903B
:1016800000200408000000009000000090000210FC
:10169000002102000420000005100010208000003E
:1016A0000040001000000010002100104010021047
:1016B00000100490000000102004042104100420F5
:1016C0002021002100000020000002210002001063
:1016D000024000100009044100200090009000A08A
:1016E0000000000000000084000000000000000076
:1016F0000000001000200004000000400000000472
:101700000000001080000010008400100000001095
:1017100000A000100000000000A0000400000084F1
:101720000000004000020000000000020000000174
:101730000020009000100000000000840002000261
:10174000000200C100100010001000100010001076
:1017500004010084004000C00040002000A000847C
:101760000020000000000010000000000000000049
:101770000000000000000000000000000000000069
:101780000000000000000400000000000000000055
:101790000000000000000000000000000000000049
:1017A000C000000000000000000000000000000079
:1017B0000040008000000000000000000000000069
:1017C000000500000004000000000005000000000B
:1017D0000000012010100080000000800090000038
:1017E0000000008003000000100000001000000056
:1017F00021004100000000104100000005401000E1
:1018000000001000A0000000000010000000100008
:1018100000001000100100840000000000008000A3
:1018200003009001000020000000000004004001BF
:101830002100020010000000000000000000410034
:10184000000080000000200020882010A000100070
:101850001000400010000500080002000000040015
:1018600000001000000100008205000010000000D0
:101870008200000000000000000000000000108056
:1018800000000000C0002100000000000000002156
:10189000A00008000000000400000000A0210000DB
:1018A0004000820011040000C1000003000001009C
:1018B000010482000103C0001000000000100000BD
:1018C0008210000040418400010511210100210027
:1018D00009410000090000090000C021C1100800F2
:1018E000C1210005C00000080040090041000000BF
:1018F00000000000000000000000000000000004E4
:101900000000218400000084000000000000082086
:1019100000C000C0000000A040C000000000041093
:1019200000C00000000000110000000200002000C4
:101930000004008404000000410000844010030003
:1019400000004000008400000900000020A02000EA
:101950002000000800C040000010414000A00040EE
:1019600000A141840888082000A0000000000000B9
:101970000000000000000000000000000000000067
:101980000000000000000000000000000000000057
:1019900001800000000000000000000000000000C6
:1019A000010000000000000000080000000000002E
:1019B0000000000000000100000000000000010025
:1019C0000000000001000000000000000000010015
:1019D0000100010000800000010000000000000084
:1019E00000800010000000000080000000000000E7
:1019F0000000210000C000004100000021000000A4
:101A0000000000004184001041104100020000006D
:101A1000802080008010009000008084808400007E
:101A2000000000200084C1000001000900008010B7
:101A30000000000080008020000010000000000076
:101A4000000000C04084000040000000401020045E
:101A5000000400040000410800844002000000A0CF
:101A600000841000218404C00420411000A0000064
:101A700082000000000000000000A0020000000042
:101A800000008400A0100000000000000000010021
:101A90000000048004002002000500000400200073
:101AA00000000000108000100400820440A000002C
:101AB000200084000000040020800000C021A0005D
:101AC000C005A0008400C1001004C1100000C111B5
:101AD00001820080828000100085000001800000EB
:101AE00008050005000000210100018000008200BF
:101AF0004000800008000400000088002100000071
:101B000000000000000000000080080000800000CD
:101B100000008500040000000000000080000000BC
:101B2000000000000000000000000800800000002D
:101B3000000000000000000000000003000800009A
:101B400000000003000080000011000300000000FE
:101B50000000401000100010084000200010C010CD
:101B600000100000408008800000000008002000F5
:101B70000080010082000000000000000900010058
:101B8000000000000000000000000008010400C088
:101B900000020082831005A0000400000000100075
:101BA0000000000000000000000000000100C00074
:101BB000000000000090004020880020000100008C
:101BC000880000000001000010000000000100007B
:101BD00000000000000100010001010100014001BE
:101BE000100000010002898401080090000290901A
:101BF00001880008000000000000000082001000C2
:101C00004010C000010001000100010000000000C0
:101C100000000000080108008802C0A000A0000029
:101C200000000000000000000000000000000000B4
:101C30000100010000000000000000000000002082
:101C400040000820890000000000000001000000A2
:101C50000008010001000100009001010100C00026
:101C60000840C001080040010200020002C002005A
:101C70009100890005A000000000000000000000A5
:101C8000800000008004100008000500080000002B
:101C90000000000000008040800080008000000004
:101CA000000000000000000000000000000008002C
:101CB0000800080003000000000000000000000011
:101CC000000000000000030000000000000003000E
:101CD000000000001000030010004000102109085F
:101CE00000000000001180000008000000000080DB
:101CF0004002080041000800001100880040004038
:101D000000000080000000000009004000020040C8
:101D100000008000000000000010004000888010DB
:101D2000000040000800000000000000000000006B
:101D30000000090021000000000000000000000079
:101D400080008000084000000003000040400000C8
:101D500000031000001000000003401000200010DD
:101D6000084108000000050003000000000000001A
:101D700000800000800000000080009000C0001083
:101D800004C0000400400002004000000000000108
:101D90000000000008009000000040A1041010099D
:101DA00088839000010000002000900000000004E3
:101DB00000020000000001000800000040000000D8
:101DC00000001000100000000000400100000100B1
:101DD00000000001C100000100000001000100013D
:101DE00000010001019000080108000000028810B5
:101DF000A09000200002C088028202C00000000003
:101E00000000000000010000000000A00020009180
:101E1000000100000000000000000000828990889E
:101E2000080010020000008200000000000000888E
:101E30000000000000000011000100000000000090
:101E400000100000000001000082000001C001003D
:101E500000000000010001000082000000000000FE
:101E60000191010001000101010001000104820053
:101E700040004000108810048802C00002C000002A
:101E80000000000000000040000000000000000012
:101E90000003004100000000000000000000800579
:101EA00000008000000000000000000000000000B2
:101EB000000000000000000000C000400000000022
:101EC00000000080001100000300008000401000AE
:101ED000030000000040100003000080000000002C
:101EE00040000810104020000340020008001100CC
:101EF0008000000000008000800200088011008047
:101F000000000000000006000000000000000000CB
:101F1000000000000000420000000000000000007F
:101F200081000013C200210000000013C200000065
:101F300000000013C200000000000013C2000000F7
:101F4000000000000013C200000000000013C200E7
:101F50008200000000130000000000000000C2002A
:101F6000820000000000C220000000000113C20037
:101F7000000000000000000000000000401300000E
:101F80000000000000006666FF0000000000000086
:101F9000000000000000F3F3F3FF00000000000069
:101FA0000000000000003F3C0F00000000000000A7
:101FB0000000000000000000000000000000000021
:101FC000000000000000000000000000C3C3FFFF8D
:101FD0000F0F00003C3C00000F0F00000000FFFF4F
:101FE0000F0F00003C3C66669F9FFFFF0000666687
:101FF00000000000000000000000000000000000E1
:10200000000000000000000066666464000000003C
:102010000000000000000000F3F3F3FF00000000E8
:1020200000000000000000003F3C0F000000000026
:1020300000000000000000000000000000000000A0
:102040000000000000000000000000000000C3C30A
:10205000FFFF0F0F00003C3C00000F0F0000FFFFD0
:10206000FFFF0F0F00006066606606063C00300050
:1020700046660000000000000000000000000000B4
:102080000000000000000000000000000000000050
:102090000000000000000000000000000000000040
:1020A0000000000000000000000000000000000030
:1020B0000000000000000000000000000000000020
:1020C0000000000000000000000000000000000010
:1020D0000000000000000000000000000000000000
:1020E00000000000000000000000000000000000F0
:1020F00000000000000000000000000000000000E0
:1021000000000000000000000000000000000000CF
:1021100000000000000000000000000000000000BF
:1021200000000000000000000000000000000000AF
:10213000000000000000000000000000000000009F
:1021400000000000919118990000000000000000BC
:102150000000FFFFFF000000FFFF00003C3CFFFF0E
:1021600000000000FFFF000000FF663C063C9F8768
:10217000FFE7000000000000000000000000000079
:1021800000000000000000FFBFFF00000000000092
:102190000000000000000000000000000000060F2A
:1021A0000707000000000000000000000000000021
:1021B000000000000000000000000000000000001F
:1021C000000000000000101000810000000000006E
:1021D000FFFFFFFFFFFFFF000000000000003C3C8E
:1021E000FFFFFFFF00000000000000FF66660666BC
:1021F000000060600100000000000000000000001E
:10220000000000000000000000FFFFFF00860060EB
:1022100000B800000086006000B000000000000070
:10222000000000800086006000B00000A08600F082
:1022300001800000A08600F000B00000A0860070C1
:1022400000900000008600F0A0B000A00000A08672
:1022500000F000B00840A2C701F000B4494002C736
:1022600001E000B44940A2410110000451400018AF
:10227000000000002000088602E0009004000086B4
:10228000006000B0000000A6000000800400000014
:102290000000BCBFFCFF00000000000F00000000B9
:1022A000000000000000000000000000000008081E
:1022B00008007D7D7D780000000000000000000027
:1022C000000000FFFFFF0000000000000000000011
:1022D00000000000000000000000000000000000FE
:1022E00000000000000000000000000000000000EE
:1022F000000000000000000000000000FFFFFFFFE2
:102300002000200005FF05FF3CFF5F5F05F505F598
:1023100000000000000300030000000000140000A3
:1023200000000000000000000000000000000000AD
:10233000000000002828282D0000000000000000F8
:102340000000000000FFFFFF000000000000000090
:10235000000000000000000000000000000000007D
:10236000000000000000000000000000000000006D
:102370000000000000000000000000000000DFFF7F
:10238000DFFF2000000005FFC7FF3C00000000FF4A
:1023900000C3000000000000000000000000B4BE08
:1023A000FFFF0000000000000000DFFFFFFF000053
:1023B0000000FFFFFFFF00FF14EB00000000000023
:1023C000000000000000000000000000000000000D
:1023D00000000000FCF03C000000000000000000D5
:1023E000050505FF000000000000000000000000DF
:1023F00000000000000000000000000000000000DD
:1024000000000000BCA0A0A010000000AC00AC3C8C
:10241000000FEFEF000000000000000000000000CF
:10242000141400000000000000000000FFFFFFFF88
:1024300000000000FFFFF7FF0F0F0F0F000000006C
:10244000000000000000000000000000000000008C
:10245000000000000000FCF03C0000000000000054
:102460000000050505FF000000000000000000005E
:10247000000000000000000000000000000000005C
:10248000000080000000A0A0A0A010000000AC3C54
:10249000AC3C0000EFE0110003000000040002006B
:1024A00011000001110010002100030003000400CE
:1024B0002000200004000400200003000000C001F0
:1024C000030000000400040020000400200040007D
:1024D0008000040002010000000000000400000071
:1024E0000000000000002000400000000000040088
:1024F00000000000020011002101000004002190F2
:102500002000110011000300089082040200031053
:10251000200005000400040000000000000001008D
:1025200000000000000400000000000000000000A7
:102530000100010001000000010001000000000096
:102540000520000000000100010001000000010062
:102550000500040000000140000000000000010030
:102560000000000000000000010001000000000069
:10257000000000000000000000000020000001003A
:1025800000000100A00000000000010040800100E8
:102590000000010000000000010080022100000195
:1025A000A1211000A00080008000000000000000B9
:1025B0000004000003008000020021000000004031
:1025C00004000810000008000000020000000000E5
:1025D0008000400000000000020000C080000000F9
:1025E0001110802004000000200000A01100051040
:1025F000000000000401000000008200840084004C
:1026000004218420110000008008024104400500DC
:10261000801005A005A000200000020140800010ED
:10262000000810A001000500201004000020000098
:1026300000000480040900002000010000000020C8
:102640000000A010001004008210820001000000B1
:1026500000000420010000100000012000004000E4
:102660000000000004100410002001100010900071
:10267000000000208208000400200420031005212F
:10268000054105A005A000100000021005C0028051
:102690000009200000200000000002200540000189
:1026A00000100000001000A00000000080000000EA
:1026B0000090000000000000000000020000000088
:1026C00000000000009000900010000080008000DA
:1026D0000003000000400010000000020040000065
:1026E000000080C00010824010A1800000000004A3
:1026F0000004802002C00000000200000200001060
:1027000000C00020002000100090000200C08204E1
:10271000201000002020002100030004000200031C
:102720000802000082001000820400020000200065
:102730000000100000000000000090000400A00055
:10274000000090020000002000000000C000040013
:10275000200000200002000000000000000000C077
:1027600000000040040000000309010820000000F0
:10277000108000830288010000000080000001102A
:10278000000000030080008000000400000000053D
:1027900041050183840301058220840200008480B6
:1027A00084C0410008000000040003100801080074
:1027B0000820108810000000410084000000100074
:1027C00080A0000000900390000080000000000046
:1027D000080000010000090089842088100008001A
:1027E00080880000C09010000200414120100900C4
:1027F000C10104010400000000840800C0002100A1
:1028000005001084400188200800002080C0418419
:102810004001020040A08001020900C10000210027
:102820002100034000000000000001000090002093
:1028300000000080000000000000000021410000B6
:10284000C0002000C00000000000C04120000800BF
:102850000000000008208400A00010000100840097
:1028600000000410000041000000000084C00000CF
:102870000021042001080100000000000041414146
:10288000000000080010012040800200C080080005
:1028900008000140000001400420844000040000C2
:1028A00000000000002100002100000021000000C5
:1028B000204010041000414000400004000041008E
:1028C00000400000200005C010840000001000003F
:1028D000000000100084100204C0410004080984B4
:1028E000040000000000000020C01000000400A050
:1028F0000520410400880384100210110500030024
:10290000008202200084000100A004C0050400022F
:10291000400203A00004081020C000020302108837
:102920000840C18203C00040000000100000000009
:102930001000000200000000000000000000040081
:10294000C000000000002100100010009000900066
:102950000000000000000010000001000000010065
:102960000400010000080000000001110000000246
:102970000008008000A100000002000800400000E4
:102980000020000000800000004000000100000066
:102990000000010000008800002100030400000086
:1029A000000000004003C00000A10900000010006A
:1029B000002002A00000050080A008880000009010
:1029C000000220000000000000000482000000005F
:1029D00000851000080000000000000410850010B1
:1029E00020000300108200102120000010100010B1
:1029F00090000820C1000420C0C00920002002402F
:102A000010004140000200041100084100008090C5
:102A1000008400100011400008000000410000C0C8
:102A200040004082210900840000A10000008400D1
:102A300001000080010000000000200000000000F4
:102A40000000009001000010000082100100000052
:102A50000000000882000000000010000080000458
:102A600000001110000000100000108000000000A5
:102A70000200040000C0044011802100008000809A
:102A800001900000001000000005000000C00000E0
:102A90000400000000000084A1410041C0000000CB
:102AA00000008300011004040800000004009000EE
:102AB0008000210011002008050940820388900948
:102AC00005080008410400000000020000000000AA
:102AD0000500800000001008020380081109008032
:102AE00000000080000002108009820440100000F5
:102AF00020208010414008108000000000000000ED
:102B0000C00804020040080809030009080205087B
:102B100000808880A10000000003802004000000E5
:102B20008003400080830000000300418800000013
:102B30000800A000010000008904850185C000850F
:102B40000200000000000100100084008800000066
:102B50000000000010000000A100010002000000C1
:102B600000080008904000089100040005000000E3
:102B700000001100080020000100100000002000EB
:102B8000000091000100840100010000020091009A
:102B90000000C00882C0C10400880001C00000001D
:102BA000000010C10090C08800880001C000A10092
:102BB00000000100010000020101880104C01000B2
:102BC000820101A000C001010100004000000000DE
:102BD00000010010000001000000001000910089B9
:102BE000000101200000000000000000008800C07B
:102BF0000101000001100091009000000108000494
:102C000001110101021083A0880220C008102008D1
:102C1000200102008200840088A0A110400008006A
:102C2000080083004000402082A0830000000000D4
:102C3000000001010200040040001040040841802F
:102C4000020091090800000405400900000000404E
:102C5000000000100080021141004100028040028B
:102C600008024041208009111000101120000908BD
:102C7000040840040000400040040940101108000E
:102C800004A1208220108890101111910589210043
:102C9000098803408809000403008080039008002D
:102CA0000000000083208000030200008305000074
:102CB0000000000003050004004000080003048435
:102CC0000088409109410004000908110009000032
:102CD00000000800000000000000000000002009C3
:102CE000000802400808800010000000800005C0B5
:102CF00020091184C12000008910212040104009C2
:102D0000000021000800800009054105091120404C
:102D10000204200908C020210080800004008020D7
:102D2000008000110000000300008900820480037D
:102D3000800000004041000300C000A10005000920
:102D400000100005008400040000000001000000E5
:102D500090A0000201080002000000000000000036
:102D60008801000001012000200001004000200037
:102D70008411009000082089000011000001010862
:102D800001840800000000008200900000000000A4
:102D90009101C040010401A141890010028408048E
:102DA0008888881000020082008904000200100058
:102DB00008010882000200C0108900900000000095
:102DC00000001090C0820585A0C0000000820100B4
:102DD00000000000004000000000000000080001AA
:102DE00000000008008201000000000400840000D0
:102DF000000100A00088000101000000000001089F
:102E0000000000000010008800010000118803C0CD
:102E1000000100400088009000090090821110001D
:102E20001000C010010800880000001001000040E0
:102E30000000001001000008000000000000000871
:102E400000090000801000110990800002000404B5
:102E5000200011000000000000000000000000053C
:102E600000400000410008850805080000000041FE
:102E70000009001009800403020210000000100085
:102E8000090510050200400000000002100020C0EB
:102E900009851102050041910805040202000002A3
:102EA00080000000008003C00300000000800304D5
:102EB0000000000000000300050000020000810087
:102EC00000130000000081810013C2000000008296
:102ED0000000C200000000000013C200000000005B
:102EE0000013C200000000000013C20042000000F6
:102EF0000013C200000000000013C2000000000028
:102F000000000013C200000000000013C2000050C7
:102F100000000013C200000000000013C200000007
:102F2000000000130000210000000000C2000000AB
:102F300000000013C200000000000013C2000000E7
:102F4000000000000080000A0F0F0F0FFFFFCFDF0F
:102F5000FFFFFFFF00000040000000000000000035
:102F6000000000000000000003D73FD73535F0FF18
:102F7000000000000000000055FF0F3CF50CF5FCC0
:102F800000005C5CF0FFC34DFF4DFFFFFFFF000042
:102F900000000EAE5EFE0F550F550F550F553F3F0B
:102FA00005F5000000000000FFFF000000FF00002A
:102FB0000F0F0000FFFF000000FF000000FF0000F7
:102FC00000FF000000000000000AF0F0F0F0000038
:102FD0000C085F7FFFFF00000041000000000000C0
:102FE0000000000000000000000003143F1435350D
:102FF000000F000000000000000055000F3C050C11
:1030000005FC00005C5C000F004D3C4D1414D7D74C
:103010000000000004A454F43C003CFF3C003CFFD2
:10302000303005F5000000000000FFFF000000FF49
:1030300000000F0F00000000000000FF000000FF74
:10304000000000FF00000000FCFDFCFDBF103F3051
:10305000FBFFEBFFFFFFFFF3FF41FF00000000005D
:103060000000000000000000A00000007F7A7570E2
:103070003CF0FFAA00000000FEFCFAF03FFA30FA34
:10308000FFACF0AC0000F3BE30BE3CF0FFAA000085
:103090000000FF0000003C3CF0F0F3BEF382B2FF02
:1030A000B2C3FF0F3A3A00000000F0F00000FF004A
:1030B00000003C3C0000F0F00000F0F00000FF00D9
:1030C00000000000FFFF00000000FFFFFCFCFF000D
:1030D000FF0008002800FFFFFFF3FF41FF00000092
:1030E00000000000000000000000000000002F2A87
:1030F00025203CF000AA00000000BE3CAA003F0AC8
:10310000300A0FAC00AC0000F38230823CF000AA21
:1031100000000000FF303030AAAAFF0030BE30822D
:10312000B23CB200F0003A3A00000000F0F00000BB
:10313000FF0000003C3C0000F0F00000F0F0000058
:10314000FF000000FFFFFFFF008600600199000004
:10315000008600B40190000000000C140000000084
:10316000A08650F0A0B00005008650F000B000002E
:10317000A08600F000B30000A08650F000B000056B
:10318000A08600F000B300000000A08600F00093CD
:103190000000018650F0A0B00005A08600F000B34A
:1031A0000000A08600F000B30000008600800084CC
:1031B0004840A2C7017000B44940A2C751F0A0B472
:1031C0004945A2C701F000B4414000000000FFF5EE
:1031D000FFFFFEBEFFFFFBFFFFFF0000000000003F
:1031E00000000000000000010000000000000000DE
:1031F00000000000000000000000000000000000CF
:10320000000000000000FFFFFFFF000000000000C2
:1032100055FFFFFF0000000000000000FFFFFF550A
:103220000000000000000000FFFFFFFF00003AFF69
:103230003C005F000000000055555555000000009F
:103240000000000000000000FFFFFFFF0000000082
:1032500000300030FEBEFFFFD7FFC7FF00000000B8
:10326000000000000000000000000000000000005E
:10327000000000000000000000000000000000004E
:1032800000000000000000000000008000000000BE
:1032900000005555FF550000000000000000FFAA87
:1032A000FF0000000000000000000000008000009F
:1032B0003A003C000A0000000000555555D50000BA
:1032C000000000000000000000000000008000007E
:1032D000000000000000CFCF00003C38FFAF00002E
:1032E00000000000000000000000000000000000DE
:1032F0000000000000000000000000000000F0F0EE
:10330000F03C000000000000000000000000000091
:1033100000000000000000000000000000000000AD
:10332000000000003F3F7F3F0000000000503C7C59
:103330000A0C0F0F0000000000000000FFF7FFFE66
:10334000F4F01400FFFBFFFF00000000000000008D
:103350000000000000000000CFCF00003C3CFFFF59
:10336000000000000000000000000000000000005D
:10337000000000000000000000000000000000004D
:103380003C3CF03C00000000000000000000000099
:10339000000000000000000000000000000000002D
:1033A000000000000000000000000000000000001D
:1033B0003C3C0A0C00005555033F00000000FFFF95
:1033C000FFFFF0F00000FFFFFF7F000000000000A3
:1033D00000000000200020001120040004C00400B0
:1033E000000004002000110004000400020083001B
:1033F000040021000800000021001100110020003D
:103400001100210000101100000008000000000061
:1034100084400000080800000200040010002000A2
:1034200000000000080800C00800110008C00000EB
:1034300008000000088208000500090002000808D2
:10344000020821900800110808000408020020006A
:103450002101020004000200000020000000000022
:10346000000000000000000000000000000001005B
:1034700010000100900000000400000000000000A7
:10348000000000000000000000000000000000003C
:10349000000002000000000000000000000000002A
:1034A000000000000000000000000000000010000C
:1034B00008002100880004008400000010000000C3
:1034C000A000A00000002000000000000000080094
:1034D00000000210000000000000000000000800D2
:1034E000000000400000000000000200004000005A
:1034F00000408000848800000000000000000400FC
:10350000000000000000000000000000000080003B
:103510008020800080C000C000000000000000008B
:103520002100000000C000000000000000000900B1
:10353000000080000000841000004100091000001D
:1035400000002000001008A00000000000000000A3
:103550000000004000C18020000800400240040834
:1035600000419000020000209008900000400200FE
:10357000900000100800020000000400000000108D
:1035800000100000000000000000000020400000CB
:103590004010109008000800000090000011002169
:1035A000A02000200000002020000000000888006B
:1035B0000010042104090000030000002000900016
:1035C0000400200004000000900000200000000023
:1035D0000010002000800008089100900002000008
:1035E0001100000000004100000200000000001077
:1035F000030000000000000000900000118408009B
:1036000004002008004000840084000000840004BE
:103610000010000000000085008800000000008409
:1036200000080000000000880088000000000084FE
:1036300000040000000000880000000400A0000456
:103640000000009000C000020500000000080040DB
:103650004102204000020000800000108800A0000D
:1036600000008800C000A011820088020000100441
:103670000000200000110009C008000000008404C0
:1036800008049000000040028200000900020002CD
:103690004000C0020009000000080003000000090B
:1036A000100800000040000800050011C0211010A3
:1036B000A000000984028800000082210008001098
:1036C00004108405C00082109020842184081040DA
:1036D0000802A000080082C100001000000008C01D
:1036E000088210000300210000004190200020000B
:1036F000000008000300400090000000080000885F
:1037000000000300080421000800009000001000E1
:10371000000011000000000002040040040400004A
:1037200000000040000020820500000000000300AF
:1037300000C0000002000800808202400008080467
:1037400000002100080000C00084050000040804F7
:103750000210038410C000001000020100900085D8
:1037600088000000000000008400000084001000B9
:103770008200A000A000A000050005108800010044
:10378000A04108410800C021844110410000080008
:10379000000084008400C0001000C100101103006C
:1037A00000008409841182038400101110110000AC
:1037B00010400000A0009000C000401001808280F6
:1037C000A141821184000021A0008800900088009F
:1037D000A00082100200000010000000C00810418C
:1037E000884000C000C0000021002010020000003E
:1037F00009040000000000C041000000004000007B
:1038000041820000000241A0100000880000040076
:103810000004050400000000008200000010000009
:1038200005C000001000000400900000000000002F
:103830000902000040200400000041840002092029
:10384000100000C00002088420880000040041002D
:103850002188000020004100000000040200112027
:10386000004020C000410000900008000000000956
:103870000211000240040000102002208805000010
:1038800000000000022102100800000500030021D2
:10389000880000004002000810004021400004059C
:1038A00000000020000020000203C00000110041C1
:1038B00000418440040000004002400240024000F9
:1038C00000114100C0000005002100042010040385
:1038D000002000080000080000028400000300002F
:1038E0000080000004000882000041000010080071
:1038F00000000000000000000000000000000010B8
:1039000010840000000020080000001000002008C3
:10391000030008100008000010080000100021102B
:10392000100000000282000009080000088400C0A6
:1039300000000000000009000000000000000084FA
:10394000000010000300000000000300048408844D
:1039500010C003A021820000000000100010000031
:103960000084020102840000080000000000A0089A
:103970000000000000000800840008008200C00071
:103980009000000082000804A0000004A04008008D
:103990000200000010008840A0000840A0110800AC
:1039A000C04084400000830000008804A0000004A0
:1039B00008048400C009100000000000004110004D
:1039C000C000C00901008210104100400800100032
:1039D0000800000000030009000000008840000506
:1039E00082410011910800418200000083000080A4
:1039F00083C10000030080C183C1030003000011E4
:103A000003410000030080A1080000008300008043
:103A100083C10000030080C183C103000300004094
:103A200003410000030080A10800000000008300A3
:103A3000008083C10000030080C183C10300030034
:103A40000011034100000300808810000000830083
:103A5000008083C10000030080C183C10300030014
:103A60000010034180000300008402000082838272
:103A700000C083C10082018282C183C10190418262
:103A8000000001010082018202C1000000828382E5
:103A900000C083C10082018282C183C10190418242
:103AA000000001010082018202C1000000000082CA
:103AB000838200C083C10082018282C183C1014030
:103AC0004182000001010082018202C101000882DE
:103AD000838200C083C10082018282C183C101A0B0
:103AE000A182000101011082018282C105008200D1
:103AF000C08200830000828283820083C082888328
:103B000010830083C100830083820083011182003F
:103B1000C08200830000828283820083C082088387
:103B2000C0830083C10183008382008301110000F0
:103B30008200C08200830000828283820083C08270
:103B40002083C0820083C10183008382008301102F
:103B50008200848200830000828283820083C0828C
:103B60000283C0820083C10083008382008301023C
:103B700000008080008300400080028000838080FD
:103B80004083A0900083C100100002800083418820
:103B900000008080008300400080028000838080DD
:103BA000118383C00083C108100002800083410894
:103BB00000000000808000830008008002800083F5
:103BC00080801183A0910083C1084000028000839F
:103BD000410000000080008300000080028000831C
:103BE0008080918303C00083C10040000280008375
:103BF00041000002000083020000000000008382F8
:103C000003C1000300008302000000000000030065
:103C10000000000200008302000000000000838218
:103C200003C1000800008302000000000000030040
:103C300000000000000200008302000000004100BC
:103C4000838203C100030000830200000000000023
:103C500003000000000200008302000000000000DA
:103C6000838203C1001000008302000000000000F6
:103C700083000000000100828383000000000082B6
:103C800083C101C1008200828383000000000084A0
:103C90004182000000010082838300000000008256
:103CA00083C101C10083008283830000000000847F
:103CB0004182000000000001008283838200000036
:103CC000018283C141C10082008283830000000021
:103CD00000848982000000010082838300001000BC
:103CE000008283C101C10083008283830000000041
:103CF000008409820000838300000140000082826A
:103D00000182C183C083838300010183000082821A
:103D100000000101088883830000014000008282C6
:103D20000182C183C08383820001018300008282FB
:103D300000000101089000008383010001080000D9
:103D400082820182C183C0838383000101830000DA
:103D5000828200400101C004838300000111000041
:103D600082820182C183C0838383000101830000BA
:103D700082820088000110C0028308000240000017
:103D800000800480C18380830288210302830000B5
:103D90000080000010030040028308000240000081
:103DA00000800480C183808302912103028300008C
:103DB0000080000010030009000002834100020897
:103DC000000000800480C183808302C00803028356
:103DD0000000008000004003801102831100028473
:103DE000000000800480C183808302881003028366
:103DF0000000008000001003809000000000000020
:103E00001242000000000000124281480013C2006C
:103E100012420000000000001242000000000000FA
:103E20001242000000000000124281480013C2004C
:103E300012420000000000001242000000000000DA
:103E400000001242000000000000124281480013EE
:103E5000C2001242000000000000124200000000F8
:103E600000001242000000000000124281480013CE
:103E7000C2001242000000000000124200000000D8
:103E80000000000000000000000000000000000032
:103E90000000000000000000000000000000000022
:103EA0000000000000000000000000000000000012
:103EB0000000000000000000000000000000000002
:103EC00000000000000000000000000000000000F2
:103ED00000000000000000000000000000000000E2
:103EE00000000000000000000000000000000000D2
:103EF00000000000000000000000000000000000C2
:103F000000000000000000000000000000000000B1
:103F100000000000000000000000000000000000A1
:103F20000000000000000000000000000000000091
:103F30000000000000000000000000000000000081
:103F40000000000000000000000000000000000071
:103F50000000000000000000000000000000000061
:103F60000000000000000000000000000000000051
:103F70000000000000000000000000000000000041
:103F8000AEDE0000000000000000000000000000A5
:103F900000000000000000000000000000007B7531
:103FA000AEDE000000000000000000000000000085
:103FB00000000000000000000000000000007B7511
:103FC0000000AEDE00000000000000000000000065
:103FD00000000000000000000000000000000000E1
:103FE0007B75AEDE00000000000000000000000055
:103FF00000000000000000000000000000000000C1
:104000007B75866FC002000000000000408C070036
:10401000000000000000300200000000000040032B
:10402000F661866FC002000000000000408C0700AF
:10403000000000000000300200000000000040030B
:10404000F6610000866FC002000000000000408C96
:104050000700000000000000300200000000000027
:104060004003F661866FC002000000000000408C33
:104070000700000000000000300200000000000007
:104080004003F66104A004002000020102001100B8
:10409000004002000800000008001100000002407B
:1040A000110084040210040020000400020000003B
:1040B00080402100100000402000820140000000EC
:1040C000000004000000200404080420A0102000C8
:1040D00020002082004020000000032020C00000BB
:1040E0000240040000C00202090010080400090098
:1040F000048204402000080004000400021000C0F4
:1041000004080400A00008000000000001020100F3
:10411000000000800100000000000000000000001E
:104120000380000005800300000001000000010082
:104130000000208000000100008001000304010055
:1041400000000000010000000180010000000400E8
:1041500001000100090008000100080084000000BF
:10416000000091C11100A000A0890400018000009E
:104170000800A1000580000001000100010001000D
:104180008400058001001100082080008001A1004A
:104190000001000088000041008200008000000053
:1041A00080008001000080010088008204820040BD
:1041B000000000008201800080008000800020401C
:1041C000804000000000008400C0A00084000000C7
:1041D000800082008000A000820011048300800122
:1041E0001000002090210001080840080840400904
:1041F00041104002000000010010410220000000B8
:10420000104100000001100080C1834102410240C2
:104210000240900202400240201000108210020072
:104220000000102002400400200882008210C0001C
:104230000290002004200540020010090210040032
:1042400004882080000000000400000021100410F9
:104250000010041003030400050005000480201072
:104260002008041004800588020490000088009053
:10427000A1C00010058804000040900920800010B3
:10428000000020C00000A00220000408200200015D
:1042900000000000000208C00840000409020004F9
:1042A000000800000800024000000000002000405C
:1042B00000020000090000000088008800A0000043
:1042C000111002002002000000400400000020A0A5
:1042D0000908000009C000000284000000A040009E
:1042E000200000010082024004080040000000039A
:1042F0000910004140A0000400000011000000026D
:10430000000202820290842040018000809184801B
:1043100040020005000800000810C08002000041B3
:1043200000C0100000001000018088000000100094
:10433000001000100040840000020804000010007B
:1043400000100000010501802000000001000000B5
:1043500001410000001000110000200000110002C7
:104360000000000000080200898420820000A000F4
:1043700000880000A0C084090003000082400020E3
:10438000000000000100090002C0014020000240BE
:1043900002004100410002100800104002014108E3
:1043A0001000C0000000410021000500080080004E
:1043B000900041000000100005028300A0418240EF
:1043C0008500820002009008404108009000000033
:1043D000000020040000000009004141A12008085D
:1043E00020000302090410A0204180019040C1096F
:1043F000104010008591100203102002C1C000403F
:10440000000020210000100000000401080000004E
:1044100005000121840584111191004000800940AC
:104420001080040003000800004000002000080085
:1044300002000300080090111104A080020002C0D5
:104440000380102103000110028085C002040200D5
:1044500000000000118902080040000000C0028036
:1044600000900321A0C1008084080384044003A1BC
:1044700020C00889021102401185000001100400CB
:10448000848900211102C0030404100309400021A3
:1044900010412040200000C0210002100004000054
:1044A00020200800201005021102000020400040DA
:1044B0002104080400820300A0000304100011403E
:1044C000084102881184000805209040824000A025
:1044D0001010080800008201028200001000414014
:1044E000208820C0101040400984830805820240C3
:1044F00080880040032010014000C1C00208210252
:10450000111000902102002000841110410041048C
:10451000A0210020008400002010020001200000E3
:104520008200001100040011000300000010008848
:104530000891000000028400000011000000081033
:1045400000000084010000000091000020804180F4
:104550000000000000000000200400000000041023
:1045600000902000404000020102001010000040B6
:10457000018210100008008000080000402001099E
:1045800088880000A00000000080000000000000FB
:104590000291028800800000838800000002000071
:1045A0001010418402000004410021002108100085
:1045B00008821001210000008200820000000088B3
:1045C0000500419084019041404109C00408021156
:1045D000884100100800204000008005100980413B
:1045E000032190858001114188012003000089008A
:1045F00010100088020185200201000000900310C5
:1046000000000000210804000310410480C0049051
:10461000848820008001800480C108090021109155
:10462000100800008200091104002005820084C0E7
:104630000004000000402011000403401000881115
:10464000102120400800034002C0A1880800111179
:10465000854040C010212000C011000020840008C7
:104660000240400820202002002020208482824135
:104670000205020320058910028082200004C02068
:104680008408C00400208240C1049000C089040056
:10469000084105208541200402820404000090A006
:1046A00004C000002100100008004100918840086B
:1046B0001005048503100941029002C1408004885E
:1046C00040000310108000000200880082210804CE
:1046D000880005410221848405880889000083023E
:1046E000094002058340028010000400008003009E
:1046F0000000210040000011418500210984820052
:10470000100009004100C0400804000940040809E5
:10471000102085040308000482C0839080A10082D9
:1047200010A100C0000400004000009001002041E2
:104730004001004000408808100489C001041008AE
:10474000011101040111051084A0884085000809A9
:104750000385C0000090910403088440C11000004C
:10476000412184050891088990400002888400C096
:1047700005000000000000000004020884910040D1
:1047800004001100000001004100000010000000C2
:10479000030088014000010000908209C009400226
:1047A000C000C04108828311A0008400A000050061
:1047B00004001000C10085C0020100C011081102F0
:1047C000820011C010A0C100C000080011108500B7
:1047D000880808820840850211018411100584C1EF
:1047E000000002400300A1040500C041040004824F
:1047F00010C08808400108000800A021200004081B
:1048000008C000094088881108A010008405911193
:10481000100108400941C12182010002040004A0E6
:10482000110500100020808090900900880084000D
:1048300040100805840005008880410202000591AF
:1048400020214000109041008803091110002180B0
:10485000841111109180891085A108038284082099
:10486000A14100000021210005034000202180110A
:1048700004001085008080048000000200400000D9
:10488000808000A10082000000828000400004417E
:1048900041838440098020848990892040890810C0
:1048A000080003030080008020A0000800840004AA
:1048B00080880005100800098811110908208085EA
:1048C00040C11089080500094089800800200010B7
:1048D00009050005009000048802808241910011C2
:1048E00082020808000004058040808509020085D6
:1048F00008C102C0800800A0009008030003034024
:104900008410410488A00021000805A0008810112F
:1049100008041002C00491C008044011081020804F
:10492000848084800300A0108808C18500020010E4
:1049300000C0848500090111000284020004018383
:10494000041141842110001108A082840811000381
:1049500084C1900990C1000910C0A1C14010210478
:10496000A0C003C0900400000000A089088400A03B
:1049700088841008038404A19040000801C00089C5
:10498000018910C120400583000500820105004116
:10499000200000000001110040040010011011056A
:1049A00040088302858410C08390C08484001088EE
:1049B00082001000C0000010840582888201C008B7
:1049C00010001008A0C00300010500C00000011085
:1049D000884004C040840408C1C0A190088802092E
:1049E000A1090040000400030000A103890985C05B
:1049F0004010C09102418401081000400084000072
:104A0000000210001002A004A00009A040088300CA
:104A1000C1010191012100010040000101020003D8
:104A20000040401104C084000404A09000088000ED
:104A30000000800900100009000080A0000800208C
:104A40000080100082200408210008A005A00502B3
:104A50001000000380C18085808041C1084184A08E
:104A60008283C005200920110920000005C1080823
:104A7000851084008003002080408000000000003A
:104A800000000000800080800000802183800300FF
:104A9000200090200921108804080490042140116E
:104AA00040A0058080418010800880000000000048
:104AB00000000081000000000000000000820000F3
:104AC000C200000000000013C2000000000000004F
:104AD000C200004100000013C200000000000013EB
:104AE000C200826000000013C20042000000818109
:104AF0000013C200410000000013C20006000000C5
:104B00000000C2000A0000000013C20041000000C3
:104B100000000000000000000013C200008400003C
:104B20000013C200006000000013C2000A840000ED
:104B3000FFFF00FFFF000000000000000000000079
:104B400000003F3F3F3F0FFF0FFFC202C2020F0FA7
:104B500000006E6E7E66000000002F3F273FFF3C86
:104B6000FF3C7E3F660F3F033F033F03E7E7000044
:104B7000FFFF3E00F06C006C000000000F1E3C1EAA
:104B80000000000009091818000000003C3F000F59
:104B9000E0207070FF00FF00F6F606066F6FFC0C59
:104BA0003C0FFF66FCFC0C0C000000000000000045
:104BB000FFFF000000FFFF0000000000606C00002D
:104BC00000000000BFBFBF3F0FFF1FFFFEFEFE3E05
:104BD0000F0C00004E0C7E00000000002F0F240080
:104BE0002C2C00003C3C0C0CE7E724243F0324243D
:104BF0000000FFFF3E00006C006C000000000F1E74
:104C00003C1E0000000099000909000000003C3C27
:104C10000000E0204040FF10FF00FC0CFC0C606036
:104C2000FC0C3C0F00666F606F600000000000002D
:104C30000000000000000000000000000000000074
:104C40000000000000000000000000000000000064
:104C50000000000000000000000000000000000054
:104C60000000000000000000000000000000000044
:104C70000000000000000000000000000000000034
:104C80000000000000000000000000000000000024
:104C90000000000000000000000000000000000014
:104CA0000000000000000000000000000000000004
:104CB00000000000F00FF00F6666999900000000F8
:104CC000FF006F000101999900FF00FF0400000040
:104CD00000090808003C003C30F34242000000009C
:104CE00066F03C000000003CF0FCF6FE262FB6BF4C
:104CF0003C663C66000030000000606060660000BA
:104D0000000000660066000000000000000000FFD8
:104D100000FF00000000000000000000000042F35F
:104D20007EF3F0FF6C6CF0FF663CC4F4C7F760FFE5
:104D30007CFFFF7FFFFFF00FF00F66669999000080
:104D40000000C300430001009900FEFFFFFF0800C0
:104D50000800909998980000000000C342420000AB
:104D6000000066003C000000003C003C667E2029FC
:104D7000B0B900F0FFF00000100000000000006675
:104D80000000000000240066000000000000000099
:104D900000FF80FF00000000000000000000000095
:104DA00042307E30000F6C6CF000663C04340737F4
:104DB00060607C7CFFFFFFEF0286016000B4004072
:104DC0000086006000B800000086007400B000801B
:104DD000008600F000B0000500860070A0B0000062
:104DE000008600F0A0B80000008600F0A0B8000522
:104DF000A08600F000B300000000008600B401901F
:104E00000000A08650F0A0B00085A0865070A0B928
:104E10000005008600F0A0B000000586006000B824
:104E20000000A08600F000B30000A08600F000B3F0
:104E30000000A08650F0A0B000A5FFD710000055DC
:104E40002075F0FFF000FFFFFFFFFFFFBEBE140064
:104E500000002010804055FF3CFF000000005FFF75
:104E6000CFFFEAAAC00000FF00FFFF00FF002C00F8
:104E7000FF00AAAA0000550CFF000000FF3CBC3C4C
:104E8000555F5F5F00C000000404043C00000000A8
:104E90000F3C1E1EF0F0F0F0FFFFFFFFFFFFFFFFD3
:104EA0000000884400000000000000000000000036
:104EB0003C3C3C3CFFFFFFFF3C3FFFFFFFFF10007F
:104EC00000000000F0FFF0007FFFFFFFFFAFBEAE6D
:104ED000303000000000000045FFC0FF000000006F
:104EE0005FFFCFFFEAAAC00008FFAAFFFF20FF0074
:104EF000FFD3FF0000000000550C00000000FF3C45
:104F0000BC3C55555F5F004000000404043C0000B9
:104F100000000F3C1E1EF1F0F0F0F0FFC0CF0000CB
:104F20004000884400000000000000000000000075
:104F300000003C7C3C3CFABAAABA3C7DFFFFFFFF74
:104F40000C0C00200100F0F0F0F0000000103F3FDA
:104F50000F0F0DFFFFFF3C3CFE3C3C00FFFF00023B
:104F60000003577F5F5FFF05FA0000000000FF00AD
:104F7000BE00557D5F7F000F00040B1FFFFF000088
:104F8000FFBCBCBC0F0F0F0F000000003C0F550012
:104F90000000000005AF0CCF3C3C3C3CC33CF00F94
:104FA0000000000000FF0F0F00000000FFFFFFFFE8
:104FB00000000000FFFF7D5FFFFEFF7CF0F0F0F0DF
:104FC000FFFF5D0C00000000FFFFFFFF000000007E
:104FD0003C3C00000D0DFFFFFE3CFE3C3C00FFFF93
:104FE0000000000300000000FFF50A0040C300C3FA
:104FF00000000000003C0F3F000F000C01150115E0
:105000000000FFA0A0A00F0F2F0F0F0E0F0F3C00EE
:1050100055000000000005AF0CCF3C3C3CBCC33C3D
:10502000F00F0000000000FF0F0F00000000000064
:10503000008000000000FFF07D5FFF3CFF3C50FA65
:10504000F0F004008040040091A002100240020031
:10505000904010000010020102211000400080006A
:105060000241400000000400040020001000200065
:1050700020000000002020008400001040102000CC
:105080000208000020040420001184200400040011
:105090000400000020002000020020A004400400C2
:1050A0008440A0109110A01010100210200204A043
:1050B000040080000290020002100400080000407A
:1050C0000400890000001000200002000009008098
:1050D000000003800100900008400340000003002E
:1050E000080005C0010090000000900000000000D2
:1050F000010000000000000003000200000000109A
:10510000010000800000018001900020219001003A
:10511000010001000000010009000900080009A0C9
:105120000100038002001000110001009000918036
:10513000010003000800010000000180010082005E
:10514000008001000400804082000001820002090A
:10515000A1090000000000008001000080000000A4
:1051600000018000904000000000000000000000EE
:1051700000000000000080000000000082088500A0
:1051800000008088080000C0A00084009000840413
:10519000002080000000800889002100C000000974
:1051A0001120000088080000000180848041020175
:1051B00080000040800080000021020000000040CC
:1051C000000200000040001108C10309A0401120A6
:1051D00001C002C0C0200020000002020400020042
:1051E0009000040404101180C000A02004200021BD
:1051F000001000000420000010000010000011A0AA
:10520000020040000420040000002100054111407C
:105210002180401002094000040804009020410849
:10522000828800C0901103880008A008042002C0F2
:1052300001404009048002000200040283100009BA
:10524000008000800020008020400010000200103C
:10525000001000419040082000A0800080080084D9
:105260008340410400018000004109844140002046
:10527000000000008010002000A080410041800953
:1052800080110000800200000900000020030401DA
:10529000000080010002000000000000002020004B
:1052A000000200020088002088000220000811206F
:1052B00083090003804108088920000300050000DD
:1052C0002102001009A000A000C002C0028040100E
:1052D00002004000C0C0038810008208022010A114
:1052E0001000028208009040080900C01000001160
:1052F00000090000100902090000C00840C08282B5
:1053000020881008880040A08200840000001184DA
:105310000920821004200480824108020000A0803D
:105320008840908804002041008009210182108477
:10533000108210C0104020A0841104008220402060
:10534000080210002002C0040040A005914108009E
:10535000900010000201824002080040100010007E
:105360000801200020021000C19000008501080201
:1053700003040002028440000390A000401080401B
:1053800002018208900910821102008205A000002B
:1053900002A0A08810009020409011841020108856
:1053A00021108004900410000290030010400400BB
:1053B0009090100120419008208405021000040004
:1053C00004082000004010828040000041000000DE
:1053D0000100020000008808038001800010900096
:1053E000000000080000C000900002000000024021
:1053F00000008800000020000111000002000100F0
:1054000002802102048003C0010000100010080087
:10541000000001000500000004800100002100825E
:10542000001100004080408501099100100090119A
:1054300001001000004008C00280C000C000000051
:105440000100010010000200000004001000000034
:1054500000212008052008821000A00000A120885B
:10546000208408040404A00010010204820010003B
:1054700003409088800002000285414008A020007F
:1054800008A00083C0080400904141100040C105FD
:1054900085000000208804890410848340000800EF
:1054A000408210000008218404820304008410025A
:1054B000200420024184A00085000540858204C0AC
:1054C0000402020041024102830804002021042159
:1054D000102008C02080A00900040008022000401D
:1054E00084000809C00208410200000809092100DF
:1054F000A0090880020410008905A1081091040881
:1055000011039021884003A111100288100982A183
:105510002020102100000310C120030005201000EE
:10552000104000000002848284100100108090006E
:105530008490A0200080C010030402054080041065
:10554000412100080809009020200410C141218455
:10555000A1C00080040041C00084A1002100838418
:105560000240089000829101888803000810000022
:10557000204020000085100402104110030008C0E4
:1055800010840820104011400202000082410200F5
:10559000410210084140000080820421418289219B
:1055A0002020A0C0000420209105118980118021B5
:1055B0004140008241410800104010A00241028594
:1055C0000300201000C0200208C141C109054100AC
:1055D00020102010001010200020000920000000E2
:1055E000100001800000C040024010000000400098
:1055F0000800088000000040830001098840000086
:10560000000000000000888910800180080003C0AD
:1056100000001080010000800000200501A0200093
:1056200020A0008004090000008020080020202025
:1056300020A00080000000A010001080000089A0C1
:105640000020102000800000C008001088200020EA
:105650000004100000000009008088C1001010083C
:105660000810029000091100050002C00040080265
:10567000044100C00521908803100503000820891B
:1056800005004183200284900310414102C1C08083
:10569000C1030310A09000C188C1000000092100CF
:1056A000000410834083902084C010C0C000030019
:1056B000C000030000918005A005004100A00090FB
:1056C00008A00821418541C08282032120C0C10277
:1056D000114008024021000220052002021184022C
:1056E000010201A1010804000000010401040008F6
:1056F0000110040890834103830200A09090A00150
:1057000001080088000211880410040100C110097A
:105710001184850088C011A090A105200000008898
:1057200005C0409090C04140410510030084040032
:1057300000000300A0000882028410C10090000253
:1057400008020202010009200891C10200108983A9
:10575000108402C00308110120008200910008019A
:10576000082008028240A0001040050585A08200A4
:10577000C0108541058408004100830185040400B0
:10578000910841041100840005828900C1000800CD
:10579000A140A190C085080120840520A008000038
:1057A00041010420A1010000001101A100C100017C
:1057B000892085848502844088A011A10805040001
:1057C0001000C001C1100900112084830803900853
:1057D00020212002C0028382089010A011400108FD
:1057E0008008001004859000051111000521C041BA
:1057F0000902048085A0C0848804A00440058300B9
:105800002000028002808800890090802021900082
:1058100085102180052005858503C100C0210984EC
:105820000000A00483200521210440912141118220
:1058300004201080881185A09089200010C1C085A7
:10584000C0400408040308808800100385C1C1908B
:1058500091400590820940A0C1854009200940A1DE
:1058600020052090008540880385001005900005E4
:105870000041208400844184909002088008A0A008
:1058800000000008C10880A0801010A08004A0883B
:10589000A0050004008490840020044100A083A19E
:1058A000854100002020008280020920888408C0F1
:1058B000401041208002088503C080850204040056
:1058C0000590020902000080840503119090089061
:1058D0000411088910910402C0A083820821088362
:1058E000401140210191C0208310010300040104F4
:1058F0000011000101C0880804841184018882918C
:105900004110020800100809A004020901A0089132
:1059100040A14191000200040984040300910403A2
:10592000088585A0000000200004A082888585C02D
:105930000209A183C10202080010010408A09120FD
:10594000058811C1C0400102000484099188110931
:10595000201083A004824090A1082184100891C1E6
:105960000004010804109190908202004188C085D3
:10597000C10283C104100500A1914100C08203410E
:105980000910080482A0028885009103011003A079
:10599000030800C1908284C10488110941820588EE
:1059A000038584000911000004A041904102028295
:1059B0001090090588010100090010919091A184BF
:1059C0000140001001000010A000014085400005CA
:1059D0008240C005100004A084C009119002C0A13B
:1059E00009031141850110008890410089004100A0
:1059F00008840811080503808804050221048380B7
:105A0000A0C0C1908840028083040410210321A11A
:105A10008841904141210080C0A083040882908089
:105A2000A011A00888100591000085A0A021C00346
:105A30000080A000C0A008031000400982080208EE
:105A4000400010A110A105212100110908808580C6
:105A50000021849004A120214000830890898202C3
:105A6000851041A088A00220204100880000C200CB
:105A700000410000000000000000000000000000E5
:105A8000008281810013C2004181000000000000FB
:105A9000006000000000C200826000000013C2002D
:105AA000008400000013C2000600000082410013C1
:105AB000C20000500000001300000060000000134E
:105AC000C200008800000013000000000000001366
:105AD000C200424100000013C20082000000001317
:105AE0000000004800000013C20000000034000065
:105AF00003000300FFFF0100AF0FA000C7FFC3EBCF
:105B0000090000000505C505FFFFFFFF003C003C44
:105B1000550F7D3F00005555052D3D3DFFFFFFFF13
:105B20002AAAFFFF141FFFFF0F5F3F7F00000FFF38
:105B30005FFF3F3F3F3F0055FF55545EF4FE00BE00
:105B400040FE06000006FFFFFDF7003CFF3C00F0B2
:105B50000FFFFF00FFFF4D4D4D4D0C7DCF7D505F82
:105B6000505F3F3F05F53C3C00FF0A0A5F5F0000C5
:105B700000001714D714000001008F0F800000FFF1
:105B800000AA0A0A0A0A0505C5053FFF3FFF000CE7
:105B9000003C14143C3C00000555007D3C7D0F3C4E
:105BA0005F7D2A00FFFF141F141F00553C7D00007D
:105BB00000FF00FF0F0F3F0F3C0F3C0F040EA4AE81
:105BC0000000000090000090FFFF7FDF003CFF3CE2
:105BD00000F00FFF000000FF003CC3FF0C41CF416D
:105BE00030303F3F303005F50F0F555514BE14BE11
:105BF000FF00FF0200FF000000FF000083C3000061
:105C000000000080C300C300FFFFFFFF0000080882
:105C1000F000000000AA30FF000000000F003A3A38
:105C20003C000000FF00FF00FEFABEAAFFFFFFFFDE
:105C30000000FFFFF8F8FFFFFBF33FAF30AFBEBE41
:105C40001414000000000E000000F7FFFBFFFAFA3A
:105C50003F3024008100CFF33FFCF5F5A0A0F330E6
:105C6000EBEBF3EBF3283F303F30AAF0FF3CBEBE36
:105C7000F5A0FF00FF0000FF000000FF0000014151
:105C80000000F0F0F0D0C380C30000030000000863
:105C90000808F000000000AA300000000004000026
:105CA0003A3A3C000000FF55FF10FCF03C000000B9
:105CB00000020000FFFF0000FFFFBA303FA030A04D
:105CC000FA50FA500000000002000000FDFFFEFF45
:105CD0000A0A3F3000240081CFF33FFC7D287D2855
:105CE000F330282830EB3028FAFA0A0AAAF0003CF0
:105CF0001414F5A00086007400B000000086006057
:105D000000B000000086006000B00080008670F4E3
:105D100001E000A00086006000B80000008602706C
:105D2000A0B80000008600F0A0B80080008602F055
:105D3000A0B000800000008600B40188000000864A
:105D400000E000B30000A18650F0A0B000850086FE
:105D50000CE000B000800086503000B00000A0864B
:105D600000F000B30000008600E000B30000A08651
:105D700000F000B3000000000000C3C3C3C3000074
:105D8000200000000000FFFFFFFF0F8F8F8F00003B
:105D90000020FFFFFFFFF00000005C5C00F03C0013
:105DA00000005F5F0030505150500F0F0F0F000088
:105DB0000000000C3C3C0000BEBCBCBC0CFF3CFF27
:105DC0005AFFFF5ACFCF00410000330024000024C7
:105DD000000000005D5D5DFFAFAFA0A00F0F8F0F53
:105DE0003F30FAFA0F3CCACAFCEBFC2855550F0F9E
:105DF000FFFFF8280DFFFFFF00000040FFF7C3C3BF
:105E0000A000A00000070007AAAAFFFE0F8F8F8F37
:105E10000000000000A20020F00000005C5C000018
:105E20003C00000050500030505050505FDFDFDF2A
:105E300010005000000C000C0000BEBCBCBC00FFF9
:105E40003CFF5AFFFF5A0C0C0041000000332400B5
:105E50000024000000000C0C0CFFAFAFA0A00F0F3F
:105E60000F0F3F300A0A0F3CC3C3C0EBC02800FF2E
:105E70003C3CF828F82801FFFFFFFFFFFFFF000070
:105E800000400000C3C3FFFFFFFF2A002A2A0000D2
:105E90000700FAFAFFFAFF0FDF0FF0F000000C5DC9
:105EA000FFFFAA00AA000C5DFCFDF0FFF0F000F07F
:105EB00050F000FF30AAFF550C000000FF00FCC0AE
:105EC0003DFF3DFFF8F8AA28000000000000000098
:105ED0000005003D3F30AFAF0800FFFFF0F00F0FAF
:105EE00000010000FFB23CB2003CC3FF3F30AFAF47
:105EF0003C550FFF00000000CFF3CFF3000F004F21
:105F0000300000400000C3C3757D557DAA00AAAAD9
:105F100000000F00FBFBFFFAFF0FCF0FB0B0000037
:105F20000C5D0C5DAA00A000005500FFFFFFF0F023
:105F300010F050F0000030AA00550C000000F0F006
:105F4000FCC000FF00FFFF28AA280000000000009E
:105F50000000000000003F30A0A00000F7FFFF009D
:105F600000FF00000000C3B200B2171717173F3040
:105F7000A0A03C550F00000000003FFC3FFC2000AB
:105F800020C00300000204402100040000002102A0
:105F900000001100200020A040002000040011405B
:105FA000080204C0400000A00400030020A040003C
:105FB00009002088000000C020822000210000008D
:105FC000000000002000000020000000400004004D
:105FD0002000040005A0000002002090200011080D
:105FE000404000000588400000C020021100090068
:105FF00000080000041000000200020000000082FF
:106000000000000090000000020284000402A000D2
:10601000840090000003820002008800024100001A
:106020000000900000400000C0009000C000C000D0
:10603000000000000000000000000000A00082003E
:10604000000000000000002000000000000004002C
:106050008200880000000000000000000000000036
:10606000000000000000C02182000400C000000207
:106070000040C0000000900002000000000300008B
:10608000000010000000000041000000410011006D
:106090000000208800000000000000000000110047
:1060A0002100000000000000008800020000400005
:1060B0000000000000000090000000000000000050
:1060C000400000000000000000000000110000007F
:1060D000000000002000100010001000001041908F
:1060E00021004000000200100004410841000000AF
:1060F000008240C0000010000004100200080000F0
:10610000008403020020404000202000400920417C
:1061100002098200000900080008020000200009AE
:1061200002412041902000002000A0000400001047
:1061300000090000000000000000200040000000F6
:10614000000082410000200088008810000000004C
:10615000A0200000A00000082000900020104000B7
:1061600000000000822108000000400900004000FB
:1061700082000000A0410000002000000002000298
:1061800000000041004121A0030209000040082056
:106190001110082008000500032003900002414070
:1061A000034010000800200008000800090002A0B9
:1061B0000500090000001000110003002100410249
:1061C0000002090000900000100010000000030011
:1061D00021002120210041000500000002001100E3
:1061E000000000C0000000000008020000202100A4
:1061F000020011000390051020000440020240102C
:10620000218809A004400200022002410209A002E4
:106210000820A02008110800A002A0009000A00003
:106220001020C000002088090040000982090840B1
:106230000808080310000803821082030000100001
:10624000000010008400100000004000A000824107
:10625000A0110200A00200008810200004211020DC
:106260000000A0418841A0100010900082001000A2
:1062700040100805084108050011840284218205A8
:1062800020030010081084101021001010901084BA
:1062900000020800418420000000200011000900D5
:1062A0000004000003001004400040000200000051
:1062B00000881100000000900040000000040990D8
:1062C00004004090000000002000000000000000DA
:1062D000099000000020008400A02082112000907E
:1062E000092000A0000205A00890200008882000D6
:1062F0002010008800044100080000A0114002C0E6
:1063000011C0110021022100410011000808A00560
:106310009003840500000802081008118821080471
:1063200084118803840084000800A0000200840017
:10633000C00002002041100500000040000484005D
:1063400088008804044102001000204000009041B1
:1063500088049002020440081040040902404004EE
:106360009020900090112008020302030400020410
:10637000880240000805004000000440A040C01111
:10638000100208008400824120100021000500084E
:1063900000400020408800200000020002001000A1
:1063A00000002100000000880000080003004100F8
:1063B00003000500200000000300030003000000AC
:1063C000000000001002100005000200051000008F
:1063D0000000030000001088000000040500001009
:1063E0000000090000840000000000001000100000
:1063F00000C00900410002880300000005001040B1
:10640000081041000000030221084182080000003A
:106410000004080984008840021100200820A0110F
:106420004011004100009000080282000804901012
:10643000C0091000081000088409C020200090083E
:1064400084110800100008219009200510208411F3
:106450000000821110000203C000820090110011A0
:10646000000890008421904000004000A011900599
:10647000402188210005900900110000C02110056D
:1064800040081009A010A011402184000000101144
:106490004008000011000000000008840000030014
:1064A00000041000410010000040098408000500AD
:1064B00000001000090000000000030002000000BE
:1064C000000000C0410002001010000000000000A9
:1064D00000020000000000821000000008002100FF
:1064E000000000000000030000820000000000C067
:1064F00000004088000000200400090820C01100AE
:106500000000090010000084100000022100108427
:10651000210020C00000000090000021C009840379
:10652000880004210808000020001008C0090804A1
:106530001004884084030204C0098802000020007F
:10654000C004C021C0098800880010000040A021BC
:1065500082004004000004082009C000880388204D
:10656000040882030841100540100009040082025B
:10657000100000201000C041024082408404200925
:1065800082058804C004400282092000000510042E
:1065900000408203821100000000000000000000A3
:1065A00000000000000000000000000000000000EB
:1065B00000000000000000000000000000000000DB
:1065C00000000000000000000000000000000000CB
:1065D00000000000000000000000000000000000BB
:1065E00000000000000000000000000000000000AB
:1065F000000000000000000000000000000000009B
:10660000000000000000000000000000000000008A
:10661000000000000000000000000000000000007A
:10662000000000000000000000000000000000006A
:10663000000000000000000000000000000000005A
:10664000000000000000000000000000000000004A
:10665000000000000000000000000000000000003A
:10666000000000000000000000000000000000002A
:10667000000000000000000000000000000000001A
:10668000000000000000000000000000000000000A
:1066900000000000000000000000000000000000FA
:1066A00000000000000000000000000000000000EA
:1066B00000000000000000000000000000000000DA
:1066C00000000000000000000000000000000000CA
:1066D00000000000000000000000000000000000BA
:1066E00000000000000000000000000000000000AA
:1066F000000000000000000000000000000000009A
:106700000000000000000000000000000000000089
:106710000000000000000000000000000000000079
:106720000000000000000000000000000000000069
:106730000000000000000000000000000000000059
:106740000000000000000000000000000000000049
:106750000000000000000000000000000000000039
:106760000000000000000000000000000000000029
:106770000000000000000000000000000000000019
:106780000000000000000000000000000000000009
:1067900000000000000000000000000000000000F9
:1067A00000000000000000000000000000000000E9
:1067B00000000000000000000000000000000000D9
:1067C00000000000000000000000000000000000C9
:1067D00000000000000000000000000000000000B9
:1067E00000000000000000000000000000000000A9
:1067F0000000000000000000000000000000000099
:106800000000000000000000000000000000000088
:106810000000000000000000000000000000000078
:106820000000000000000000000000000000000068
:106830000000000000000000000000000000000058
:106840000000000000000000000000000000000048
:106850000000000000000000000000000000000038
:106860000000000000000000000000000000000028
:106870000000000000000000000000000000000018
:106880000000000000000000000000000000000008
:1068900000000000000000000000000000000000F8
:1068A00000000000000000000000000000000000E8
:1068B00000000000000000000000000000000000D8
:1068C00000000000000000000000000000000000C8
:1068D00000000000000000000000000000000000B8
:1068E00000000000000000000000000000000000A8
:1068F0000000000000000000000000000000000098
:106900000000000000000000000000000000000087
:106910000000000000000000000000000000000077
:106920000000000000000000000000000000000067
:106930000000000000000000000000000000000057
:106940000000000000000000000000000000000047
:106950000000000000000000000000000000000037
:106960000000000000000000000000000000000027
:106970000000000000000000000000000000000017
:106980000000000000000000000000000000000007
:1069900000000000000000000000000000000000F7
:1069A00000000000000000000000000000000000E7
:1069B00000000000000000000000000000000000D7
:1069C00000000000000000000000000000000000C7
:1069D00000000000000000000000000000000000B7
:1069E00000000000000000000000000000000000A7
:1069F0000000000000000000000000000000000097
:106A00000000000000000000000000000000000086
:106A10000000000000000000000000000000000076
:106A20000000000000000000000000000000000066
:106A30000000000000000000000000000000000056
:106A40000000000000000000000000000000000046
:106A50000000000000000000000000000000000036
:106A60000000000000000000000000000000000026
:106A70000000000000000000000000000000000016
:106A80000000000000000000000000000000000006
:106A900000000000000000000000000000000000F6
:106AA00000000000000000000000000000000000E6
:106AB00000000000000000000000000000000000D6
:106AC00000000000000000000000000000000000C6
:106AD00000000000000000000000000000000000B6
:106AE00000000000000000000000000000000000A6
:106AF0000000000000000000000000000000000096
:106B00000000000000000000000000000000000085
:106B10000000000000000000000000000000000075
:106B20000000000000000000000000000000000065
:106B30000000000000000000000000000000000055
:106B40000000000000000000000000000000000045
:106B50000000000000000000000000000000000035
:106B60000000000000000000000000000000000025
:106B70000000000000000000000000000000000015
:106B80000000000000000000000000000000000005
:106B900000000000000000000000000000000000F5
:106BA00000000000000000000000000000000340A2
:106BB000030802C003080204000020000411A041E1
:106BC0002041200902A08000840080C010A005910F
:106BD00000000200084120002100200009010200FD
:106BE000C0020221400140882000821020000000E5
:106BF00002000020100011100000000020400201DF
:106C0000020000014101A00920418402A140900935
:106C1000021184A02000040420020200040082412A
:106C200080002009200902110008030000C0204054
:106C3000A0000290911020892180200000210220D4
:106C400002C000C000C00002400040210200050058
:106C50000004000902040188000000000000040490
:106C600001032100010801040100C10021000140CD
:106C70000000010000200000000000000000008073
:106C80000940000000400240108801C0400002801E
:106C9000118882021121010200800185010001009A
:106CA00003C0100000C0058801900000000000042F
:106CB00004800201090900418040404100000000B9
:106CC00000020041000982098221008800A0000022
:106CD000000000000003000110010000000000841B
:106CE0000801000020008000200041004100000059
:106CF000800000C000000000000000000000000054
:106D000000008510800080008000A004A004100016
:106D100000C01008000084090082842100900090C7
:106D20000005024000010241108310100000000025
:106D300082000200834082880488209000C0C02125
:106D4000C0400088208804C003C003400000024106
:106D500000210210000000820040044000000000FA
:106D60000000000202000300020011000000000009
:106D70002000040800002000000000200010000097
:106D800000100000021004200200020040102180C8
:106D90008200001001C1000811A0200005889000A9
:106DA0000020A0200188002091A000200490040071
:106DB00000100310012102A08808022085410484EC
:106DC000118811908991000002850200802011082D
:106DD00000A00840030000010903210102090090FE
:106DE000219003411005100085848002C10409C16F
:106DF0009000054083100000100000A01002100851
:106E0000000000000200020080848000000082A1D7
:106E1000000002400201890840048804000880083C
:106E200004080900104002000089A040A001840964
:106E3000882004002190000801004080010004C067
:106E40009000081190000420000001080100028059
:106E50000080000000000000000400820804018897
:106E60000009000000880882000020001000208037
:106E70000004100000002000000082100800A000A4
:106E8000201000000000010000000400020090003B
:106E90001104001101000140108001804080008039
:106EA000048000008800900001002008218011204B
:106EB0004102404100100800000021401002100172
:106EC00020010221088305824105C10503A140A1DB
:106ED000034100001000000041020000A005200056
:106EE0002082050000001000104000008200040015
:106EF000A00100002000A010C1000000A0000200BE
:106F0000100000004000020003080241100082024D
:106F10000341A003A00402018300C0002008042054
:106F20000009C00983002000000082414102840161
:106F300000400810200208400000008200802190DC
:106F400011402140854002400200000402208208D6
:106F5000A00820A0A0410100080084411000408248
:106F60001000104010000004114082800010210029
:106F70008205030400000100110404000000400029
:106F8000C11010002000A0001011C00005902000CA
:106F90004188C0C01088038421200211104000C124
:106FA00021820084050840030002C00403C000855C
:106FB00003100084119010C100A10004001010887B
:106FC0000800C188A188910521401100A00421403A
:106FD000C1021088002100C02100000202010288C5
:106FE00010820888020940A000000003050210007A
:106FF00010004140101020A00300030105400000D4
:107000000002200009000284C04000C0100090412E
:1070100041100211A1089084100508011001101000
:10702000208220C11020A0208040082000888303F7
:10703000040005082108022041841000024041415B
:107040000100C0001004020902840011000005C004
:1070500000801020080000880800000008000008D8
:1070600003001000820021C008000000A040008042
:107070000800002100800000A108000000021000AC
:10708000000000020011000001004100000000109B
:1070900002A0000085400200030000842020004080
:1070A00000000103C12011800580200200000000C3
:1070B000021021000000000000909020002100003C
:1070C00000C0020090A02109A020204000C02100A3
:1070D000212010204185410803010584202010044F
:1070E000080009000205200010110002080005092F
:1070F00010011004000441044110419000C002003E
:107100001008000080C10400094004042008204049
:1071100000000082000010842008108820C0411068
:107120002004A040100241000308200941824000D1
:1071300080001089201040080308410900C0208405
:10714000108400C0C100031008C005801180A00099
:10715000020084C10880884000C000401011C000B7
:10716000000484118200118209101008820084102A
:107170000240204004000000100000200003000036
:1071800000000000000002400000000000001000AD
:1071900082840020020484002040109040400111AD
:1071A00008090105038488850000008204A0000509
:1071B00004100208402010030100000084080000B1
:1071C0000000000000002184400200040440A105EA
:1071D0008204020500C009A000840020800400C1D0
:1071E00082034105000821A1000909100583080850
:1071F0000208001141409021098909008980820319
:10720000A1020304A0000000038303200020212129
:1072100091212021054108208005021005038911D4
:107220008080058000000080082103418011A003B8
:10723000090310054105101021038403884104212E
:10724000900383028820C003010201011000C09155
:10725000419104890008008903090084880140A045
:1072600000A0840400049003000202A100A1008495
:107270000001900100009000058911410082210861
:1072800020001001010021000000A104C0840002C0
:1072900000A0020001008200010140002001000066
:1072A000C1002040C18400100204C10110C040028E
:1072B00005840000A00000000001C001C0004101E1
:1072C00001004000110003008500080408A009081F
:1072D0008584020903A003410209C0910584A1A08D
:1072E0000402C1004104A10184000300C1000200A6
:1072F0000285C000C00005000200200003830301D6
:107300002005A0000408404021010000200140A009
:10731000A0404008C00008829040840301028921F7
:10732000A0912001C00041A01100C100090000850A
:107330000308840410A184A109C191859105091055
:107340004120050810080884C1008405804084118C
:107350000880C1200903C00085C19088040940004D
:107360000583C1210509C0800541C100A105880030
:107370004003A1A00900204085000900890409C13B
:1073800088419109A00085A083A11041000021023D
:10739000C0A12088A18520048220418889411080D5
:1073A000050388020840000020800521A009A021D3
:1073B000020305800903C01089909090A088208363
:1073C000041110A083418489C120A005C102410499
:1073D00005824009050505850080888405050000B3
:1073E0000000418900098300800009A011C1410209
:1073F000800890890505088440214110210308A0D8
:10740000001100C0081180A000200310808500003A
:10741000108800A0058810100510032020C102204C
:1074200011002100058083850000082140880004A8
:107430001100800908A0C1828508004103108890CE
:10744000030409052011048810A10020042041052F
:107450000188011101882141830500A0A185A12097
:107460000200008200848885080204880003000965
:1074700000A120C1054101030040010000010020DE
:1074800000049091A08590C182A1008800038841EA
:107490000000014004040485018200880000010806
:1074A00011890010008201408505400421C1910925
:1074B000009090020485888588A020C10002000504
:1074C0004105000400020040C183891000C001880A
:1074D00091A00900C1401100888384C009909110D7
:1074E00004881001C04011018900A18402A1C000DC
:1074F00002088300A0100000048200000182000046
:1075000001A005100403040120C1000000040001D3
:10751000001000004000C001840104088200100136
:1075200084001108C008840101000000888904401B
:107530008300002084408504C0C10188820003A12B
:107540000241411183A184A1040108900501A00218
:107550009040A01020000500A00091C0882088095C
:10756000028941808341058441409141828911040F
:10757000021109009000410821409040030521803C
:107580000040100088C191418803C0A003104188C9
:10759000412000800000A011200883401180C10418
:1075A0004010830590002100030804400209209048
:1075B0000289200203008385208420211020C10835
:1075C000C1C0042010C18841099003032000A040DD
:1075D00020A020A082800A500013C20000414188F0
:1075E0000013C2000600410000130000000000006C
:1075F00000000000000000500000C20000000084F5
:107600000000C200410000810000C2002182110080
:107610000013C2008284000000000000000041004E
:10762000000000130000000000880013C200214188
:1076300000820013C200000082000013C20041005B
:1076400000000013C200000000000013C2001182FD
:107650000000000000002100C300C300080000007B
:10766000003C003CC3E7C3C3F7F7F70000009900F4
:1076700000000081FFFFFF0076466666FB9DFF99D4
:107680003CFF3C00FFFFEFFF78F0606003030F0F4B
:1076900006060606C3C3C3C300003C663C66FC0C7A
:1076A000FC0CFF000F0F66FF3C0F00000000000005
:1076B0000000FF3EFFFFF0FF000F0F0F0000FFF67E
:1076C000FFFFDF9DC78566FF3C0FFF2FFF240F8F55
:1076D0000F0FF63FF6306F3F603FC3FFC30F000050
:1076E0000000F0FC007CC3E7C3C3D3D3D300000089
:1076F000990000000080FFFFFF0076466666620486
:1077000066003CFF3C00FFFFCFFF60606060039BB2
:107710000F9F0606060000C300430000FF0F000F86
:107720006F6F606066663C3C66003C0F0000008046
:10773000FFFF0000FF3E3E3EF0FF000F3F0F3C000A
:10774000FFFFFFFF5E1C460466003C0F2F2F242422
:107750000F0F0F0F063F06306F3060300000000043
:107760000000000000000000000000000000000019
:107770000000000000000000000000000000000009
:1077800000000000000000000000000000000000F9
:1077900000000000000000000000000000000000E9
:1077A00000000000000000000000000000000000D9
:1077B00000000000000000000000000000000000C9
:1077C00000000000000000000000000000000000B9
:1077D00000000000000000000000000000000004A5
:1077E00000000000000F7E3C7E3C8080888000000E
:1077F000000C00340000C3C3C3C3343CFFFFFFFFD1
:1078000040BFFF00FF0006F600F03FFF00000099B8
:107810009999003C003C000000F0000C00000000C2
:1078200042FC7EFC3C66F0FFC2F2CEFEE730E7F39E
:10783000000000000000000000000000F9F09900C6
:10784000000093C3F0F0F4F091B5D3F7C07EFC7E56
:10785000C2C240C1FFFFFA5F07C737F77878787870
:10786000000000000000000F7E3CFE3C0200020011
:107870000000000C00300000C3C3F3D3343C343CA0
:10788000000040BFF300E70004F400F03FFF3FFFBB
:107890000000000000000004000000F0240C0000C4
:1078A000000042C07EC03C66F00002320E3E243032
:1078B00024F3010000000000000400000000F9F0C3
:1078C000F9F000000000F0F0F0F010345276C04201
:1078D000FC42808040C1CFCFFA5F04C434F400661C
:1078E00099FF008600F401B00085A0860274019023
:1078F0000005008602E001B000000086006000B8CC
:1079000000800086007400B0008000860C7400B017
:10791000000000867C6C00B00080A1865070A198A9
:10792000040500000086006000B30000008600E04F
:1079300000B3000000860C6C00B00080008600746C
:10794000A0B00085A08652B0A1980085A0860070E6
:107950000093000000865AF0A0B800A000860060E6
:1079600000B30000FFFEFFFF0000000C00EF00006E
:1079700000FF00FF00000000000F0000FFEFFFFF0E
:10798000BEBEBEBEFFFFFFFF000000000000000003
:10799000FFFFFFFFC000BEBE3075FFFF000000000C
:1079A000555500FF00000010000000000F3FFFFFD2
:1079B00014003C0028280000FF0000900006F000A2
:1079C00000000000C000FFFFFFFF3C3FFFFFAAAA2E
:1079D000F0F00000FFFF3F30FAFAAFFAFCFC008045
:1079E0000000D7D70000FFFDFFFF0000000C10FFD4
:1079F000101000FF10BF00000001000F0000FFEF9B
:107A0000FFFFBEBFBEBEFFAAFF8200000020000035
:107A10000000FFFFC3C3C00082820055FFFF0000CB
:107A200000005555003F0000005000000000003CE1
:107A3000FAFF00003C0028280000FF00900006002C
:107A4000F00000000000CF00FFA0A0A03C3F3C3FA2
:107A50003C3CFF000001FFFD3F300A0A5FF5FCFCE3
:107A6000000000005FFF00A0FFFF3C3C00000200A0
:107A70000000000055550C3C0000C300000000034E
:107A80000F0F0F0740004000FFFFFFFF0C4D0CCF12
:107A90000000000000030A0BFF7CFF50C040C00044
:107AA00000000000D700D7030000000000F4FF0C26
:107AB0005500000000005CFF00FF0000000000FF18
:107AC0000F0FFFFF00000F0F0F0FBCA0BCA0005551
:107AD0003C7D000000003C553C5500000000081CA7
:107AE000081C0000000014FF1FFFFFFF3C3C0000CB
:107AF00002000000300055553C3C0000C30000006F
:107B000000000F0F0F07C0004000FFFFFF3D0C4DAE
:107B10000CCF0000000000000000FF3CFF00FCFE56
:107B2000FCFF00000000140014030000000000FC33
:107B3000000C5500000000000CFF00FF00000000DA
:107B400000FF0F0FBFFF80000F0F0F4D3C003C00E8
:107B500000003C3C000000000F000FFF0000000090
:107B6000000028280000000014141F1FA004840037
:107B7000020210829041802183218409004080A16B
:107B80008040C1A1800088000001804100400000C9
:107B90004000000800200000040000000002000077
:107BA000200020000800210000002100000010003B
:107BB0000000410021908409200882002005A000D7
:107BC000040004A080000401000280000200830081
:107BD00004000000822104008000841002002100C3
:107BE0000000208800000000000000100400209128
:107BF000100000804109038202C0048840A0008078
:107C000002080280024010000200000810C000803C
:107C100090000000048500800000010300000000C7
:107C200000000000000084040000000010000000BC
:107C3000000000000000000021A00183210901884C
:107C40000540010001000400080804804000020013
:107C50000400010020000282204102000200000016
:107C600000000800040000000003000002002000E3
:107C700080030082400000010241044190218421E0
:107C800000008041828500001000000041A18000BA
:107C9000000000010090100000200085000200405C
:107CA00000000000000000000000000000000000D4
:107CB00000C0000000000000000090000000030071
:107CC000000000001000000000000801C00040009B
:107CD0000421000300022000214100008000000078
:107CE00000110005001000000000000000A000903E
:107CF00000A0202000210100000421C005C005A033
:107D000005A0000002C00340002100002000000880
:107D10000200000000400000010000800040000060
:107D200000800000000000000000000000000000D3
:107D3000000000000000000000000000040000211E
:107D400000000000401088002010001001100420E6
:107D500001000120002000000002048282000200D5
:107D600000000040004040A000200008000000117A
:107D7000002100002005A021C000A0410421844171
:107D800084218411A085824110840090000010207D
:107D90002000100000C000A0009000099000000822
:107DA0000408020000000000000140100000001064
:107DB00005204100000000A0000010000010040198
:107DC000000010000000000180012000040080017C
:107DD000000200000008008204010410821110104B
:107DE00000000000000000400084A1850010008415
:107DF0000082001021C0018405A005000584C19007
:107E0000218405822190404003A011000009000058
:107E100000802100000010000209200900C00400B9
:107E20002090018021412005000004400100001045
:107E3000A000C04100100000A000040300210010B9
:107E400001040041020000008804022004008909A6
:107E5000201000899009100000000020A1100502E8
:107E6000100040000408C00310088400200408002B
:107E70008841C000A00810029041840103412021E4
:107E800082019021854083211000054102002000DD
:107E900010001000200100000090900000902108C8
:107EA00002000090200020000000050004004000B7
:107EB0004100030002000000000003001100020066
:107EC00041000421000002C0201040000200000414
:107ED0000200110110820008024010880300030410
:107EE00020100800824000000204410000000884C5
:107EF0008800108241000800101020A02120882056
:107F000003040510058404830490000020A083006E
:107F100000210000000300400000000002000221D8
:107F200000A002090000C0000000000500000000E1
:107F300001000000000000000000000000008402BA
:107F40000000000003A0000005400403210201041A
:107F500000044100000803000010000300090000B5
:107F600020100041010003918200A0084010040885
:107F7000040502210021820584100208A02004C00B
:107F8000804084058411A00490218805108883898D
:107F90001000100003A01084104110C000080390CE
:107FA000080800080800210110010040000200003C
:107FB00002821000004003000300080000000500DA
:107FC00041C00310410005210001200000000020F5
:107FD0000010100810000884000005C004C0200034
:107FE00000821020030908209041001003820084C1
:107FF000101004102108051000A00300418205881C
:10800000831004A1058411A0058004C0058400002C
:1080100004208300C000C011C000088810218280A5
:10802000A0208280A0801000004002200883000968
:108030000241910220058420000000090041000057
:1080400000100020881000009082900405000800B5
:10805000008888410000000501001010C000C10226
:108060000105C020A088C002C0C002C008001000E6
:1080700020099003000000C0C0400011002108103A
:108080008483A04004C1A021889184400491A0056C
:10809000030041840200100810041084A00400882A
:1080A000000803001088200209004140022010004F
:1080B000201000000810000004041100000000005F
:1080C0000000400003004100090440200500400872
:1080D0000200080140402040410000A0A00420828E
:1080E0000204008220000040800200028201008819
:1080F00041200388008841040082030002A000C0E0
:10810000100805040580012021A0092003904120CA
:10811000038400210000010001000000100302415F
:108120000004008000000808008500000080008036
:1081300000000000000000004000000000030000FC
:1081400000210000000000000010000484840008EA
:1081500000834003000200000080000800030500C7
:1081600085004040004100000041400300080240FB
:10817000000002040420C000C0000202200020050C
:108180004000021020A1002089000320009102A0DD
:10819000A002091000820488089100C18002C10277
:1081A0000505054105852089008505A180408402DB
:1081B0008202008540044004000009020000000023
:1081C00000000000000000000000000000004085EA
:1081D00000020005088988030021902003A10021E6
:1081E0002120410080032121804182100440C002EF
:1081F00083204108400200808080048000800000CD
:108200000000000000004005009103A000A1C01183
:108210000084418403A1204090858303A003088447
:10822000400490A1002101030004A0C0002102919C
:10823000C140052000100100010000000000000006
:10824000000000000000000000000000040000002A
:108250000303001104C100082102100204210004DC
:10826000000000011000400008010800210100008A
:1082700008018401010100000008108400040004CA
:108280000000000000000000002188008983884071
:108290008940028909898288A0080184C141C000FF
:1082A000A001A085030003C0A00103C104040102D2
:1082B00002032001890002C0A100020420C10500C0
:1082C00000000000000000000000000000000000AE
:1082D00000002101859091050100409104890983E6
:1082E000021104012109C0A082C000100101001088
:1082F00000012105840304858241009001000100F2
:108300000090000000000000000009904140850935
:1083100005C08820C1908502C104088021800585A0
:108320000500A04003080509020005024020850061
:108330000400C10404402000C0C102008521C185A1
:10834000C00000000000000000000000000000006D
:10835000000000008541C0210502400383208341C5
:10836000900989408220880305098280418020038A
:108370004180200310882083C010820300882000E1
:10838000400002000000000000000000C0A00885BE
:10839000030284020200080000208340C18003A180
:1083A00005A0044141A10840A18403824182C0028A
:1083B00002C00505020080C1809041854041000255
:1083C0000020052000000000000000000000000068
:1083D00000000000000083048010A1028405050550
:1083E0002104040441108900008041808000821033
:1083F00003400305A1A088C00020038808020041B3
:108400000090049000C0800000000000000083C1C4
:10841000A089C088099002A000C0C00909A1A104D8
:1084200083410385014191058801858509A1C00427
:10843000C1A1048503C100C0820920840421010078
:108440000000000103010000000000000000000027
:108450000000000000000000050082014000040050
:10846000402005A1012088A141C00008018488A006
:1084700008C1000801400403839100080185012020
:10848000002188C1C141908220000000000000004E
:1084900089010582890089C1832141218305200149
:1084A000A102C1A1C1A1010084C109200140A00015
:1084B000850485010483A0408408A001820020A0D7
:1084C00001050183010001400000000000000000E0
:1084D0000000000000000040000103014120A04115
:1084E000A00484C1031100000410C1900211842172
:1084F000A1A001000001000101000020010120C035
:108500000090880000002001A00000000000000092
:1085100000000921892008219010A11120894084A0
:1085200000094080040208100803C1208503028569
:108530004105A180202000A08280808800050009DC
:1085400080031021418441020580000000000000EA
:108550000000000000000000008000402141C10038
:108560000883094083411090214120800384C1C1C8
:108570008382108003000008002010000291041084
:1085800002100300000000000008000000000000CE
:10859000000000410A500013C20082000A5000137C
:1085A000C2040088410000130000820082410013D1
:1085B000C200005000000000000000880A00001304
:1085C0000000420000000000000041000000000028
:1085D0000000000000000000000000000000820019
:1085E0000013C2000A5000000013C2000000410046
:1085F0004013C204420000000013C20012420000F7
:1086000000130000124200000000C2000000000041
:108610000000000000000000F70020207070000043
:108620000A00FFFF00FFD7D7C3C3F00FFFFF000012
:10863000000000000000000000000DFFFFFF000030
:108640000000000F0F0F3C3C3C3C0000C00000004D
:10865000000000000000000000000000000000001A
:1086600000000004000000013C0F55FF417DCFCF0A
:1086700055FF0F3C0000000000003C3C960000004D
:1086800001F1010130305500000000003FCFFCF344
:1086900000000000000000000000F700A000F05003
:1086A00000000000FFFFFFFFD4D70000F00FFFFF26
:1086B000088AAAAA0003000000C300000D00FFFF03
:1086C00000000000000F0F0F7D3CFC3C1555D555F8
:1086D000000000000000000000000000000000009A
:1086E000000000000000000000003C0F5500417D2C
:1086F0000C0C55000F3C0000000000003C3C9600B4
:10870000A5A5F2020202C0C0AA00000000003FCFEF
:10871000FCF3000000000000000000000000FFFF6C
:10872000FFFF75307530414141413C00FFFFACA077
:108730003C00FFFFFFF000FD00FF00005555010069
:10874000000000000040F3FFF3F5AAEBAAAA8ACBD1
:1087500080C10000000000000000000000000000D8
:1087600000000000EFFFEFFFFF0000003C3CAAAA62
:10877000FEAEF4A4C33CFFFF0000DF0F818100AA1E
:1087800060090000000024240A0582820000000025
:108790000FFFFF0F0000000000000000000082003B
:1087A000FFFFFF8A7F3A7530141410143C10FFFF4E
:1087B0003C003C007DFF7D7000FF00FF0000515534
:1087C0000000000000000000FFFFFFFFAAEBAAEB83
:1087D0008A8A808000000000000000000000000085
:1087E000000000000000EBFFFFFFFCFC0000F0F0C9
:1087F000FF005E0E5404FFFFC33C0000CF0F8181D9
:10880000005500006009C003E4270A05414100004B
:108810000000F0FFFFF00000000000000000A18653
:1088200050F401B00005010252F401B804050186BC
:1088300000E001B80000008600F4A1B0000000864E
:10884000026000B00000008600C001A000000086A9
:108850000C6000B0000000000000000000000000FC
:108860000000000000000000A0A650D0A1B8000544
:10887000A08600F000B30000050650A0A1900C6097
:10888000A08709E000B008000086006000B010007A
:1088900000860060A0B8000000000000000000207A
:1088A000FFFFFFFF004000008000FFFFFF04FF14F8
:1088B000FFFFFF0F00FF00FF3C003C000000000036
:1088C000AAFFF0F00C0000007D285500CBCBCBFFB9
:1088D0000000000000000000000000000000000098
:1088E00000000000000000000000BCA03C000000F0
:1088F0000000FFBEFF3CFF0C55005F5F5F5FFF2D78
:10890000FFAF000000003C3C3C3CFAFAFAFA3C3C69
:108910000F0FFEFE40407DFFBE0F00000000000074
:108920000000FFFFFFEF0040000080000000FF0498
:10893000FF14FFFFFF0F8A8A00007D003C0000004B
:108940000014BEFFF0F00C000000FDA8F5A0080820
:10895000083C0000000000000000000000000000D3
:10896000000000000000000000000000BCA03C006F
:1089700000000000BEBE3C3C000C5500CFFF0FFFC6
:10898000FF2DFFAF000000003C7C3C3C0A0A0A0AB5
:1089900000FF5555F2F270707D0FBEFF0000000021
:1089A00000000000040404040000000003000000B4
:1089B00000FF303000000000C3FFFFFFA0A0F5F56E
:1089C0000000000010101010FBFFFBFFFFFFFFBCBA
:1089D0000F55FF5500000000A3A303030000000093
:1089E0000000000000000000000000000000FFFF89
:1089F000FFFF5DFF5DFFBCA03C0005C7FFFF00005F
:108A00000000FCFE008200000000000000000000EA
:108A10000000CFCF14D7FEAEFAAA0000000000007D
:108A200000000000000004042C04000000A000006E
:108A3000000000FF000040C00000C3FFFFFFA0A037
:108A4000B4A000000030FF100010FBFFFBFFC3C309
:108A5000C3001F55FF550000000003A303030000DF
:108A60000000000000000000000000000000000006
:108A7000FF6FFF7F0CFF0CFFBCA03C000505FFFF54
:108A800000000000FFFF4141000000000000000066
:108A9000000000000C0C14D7FC0CF00000000000DB
:108AA00000000000000000000000000000000000C6
:108AB00000000000000000000000000000000000B6
:108AC00000000000000000000000000000000000A6
:108AD0000000000000000000000000000000000096
:108AE0000000000000000000000000000000000086
:108AF0000000000000000000000000000000000076
:108B00000000000000000000000000000000000065
:108B10000000000000000000000000000000000055
:108B200000000000000000000000822040018504D9
:108B3000214120102000040920000400040000004E
:108B400000000000210020000000880004088400CC
:108B50000040000020000482000004000400000027
:108B60002010100000000820020000000800200073
:108B7000100900000000040004000400200484091F
:108B800004091001000184010201040008A0000092
:108B90000000040009000000030000008001000044
:108BA0008401A0010082044004000420030000406E
:108BB00002C12082840040030488020000040004F3
:108BC0000400000004040400000088000402208067
:108BD00020000080000000000000000000000400F1
:108BE000000000000000000000050100000004007B
:108BF00000009188000000008300210001000409AA
:108C00001184018483040008052001400000014014
:108C10000040000001009000040004000000081063
:108C200004000240021000030080000000800841A0
:108C300005401009000100038000020000414100CE
:108C40000008000802A1020100000910000100054F
:108C500000410000001100000000000000000000C2
:108C6000000000000002000000200201900000C08F
:108C70000000081000000010800100000000000843
:108C8000099000000091002000088000C002904080
:108C900000011000800910008000004000080890CA
:108CA0008200004000412001000400000004000098
:108CB000008290880140020200080208004104A0DE
:108CC000C009A0A104890508034000000000044079
:108CD000008400C00000040800110405000000002A
:108CE0000000000000000000000000000140020041
:108CF0000000401040000821401004409000000097
:108D00009010002102000008001000A10400028061
:108D100002A00008000804C0000840000080008095
:108D2000011009030080A088C1400080000800C134
:108D3000020880C000048208404040400008000251
:108D400005080004000310A12005004010A0002029
:108D500010002000000910000009210000000000A0
:108D6000000000004190001000A000104100000031
:108D7000001000000001000000000000040804844E
:108D800090000400030010010040000800020021D0
:108D900082880010004010000020004000090300FD
:108DA0001190104000098201802082108203040388
:108DB0000408000202000090028089080080C0853B
:108DC000008000800080C0C0000201880080100088
:108DD00090801000010084C0000010C0C000C000DE
:108DE00000000000004108000000000082000003B5
:108DF000100000000000C002000010008200830488
:108E0000110004000100A000832000A00000100059
:108E100000A003008800909000000080A0C00084A3
:108E200000118800888000840204200003100420C0
:108E30001104018088051108822182090541210958
:108E400003000421808902000040020080214100CB
:108E50001000000000000421040088201000000021
:108E6000030002002000020000004100000040005A
:108E700004004100820000000000030040002000C8
:108E800000010000098220009000000904109010E9
:108E900010C084899085A0A0400002000900418490
:108EA000200008000501880100102040A000820079
:108EB0000008009003000301100821022040020274
:108EC0000040C0001040202000202040002010085A
:108ED0000000000010000403018400000484040466
:108EE0001010000000211020000010000040C00001
:108EF000900001000000030000009000100020001E
:108F00002000004082000000080011109002A00024
:108F100011000120052002400210C10400092004B4
:108F20002004000000100840024000919002201030
:108F30000910200010008803082002822004020487
:108F400091A01000C14000000320A0018840400211
:108F5000A00800000000410021A00020C000A011D6
:108F6000000100100000000000840010100021002B
:108F700000000300000005000802000000000500DA
:108F800003004008C0030800410241000000002126
:108F9000C10800820000A010A000A0082000080066
:108FA00041000520001008A02002020290C1408468
:108FB00009000808008841040384001001000180B2
:108FC00041804010000002892000008003400280A0
:108FD0000180218500001020000810001080020090
:108FE000050400408410000084000000C00002005E
:108FF0000800000000000000C000010000000000A8
:1090000000000003000041820000C00304000009CA
:10901000C00404111010A008040002080200080097
:109020000000000804800000000200002100081079
:1090300000000003110000040000001100000208FD
:109040000201A00940080500001000902021804086
:1090500002080005A005000805900020400020043B
:10906000000841200008008400C00000001000003B
:1090700000000910000000001000000000020000C5
:10908000408240000000408400C002001100000047
:10909000000840084084412011008008081020008A
:1090A00010000420100041842101110000104183B0
:1090B000808408400300104041C010101040A120DF
:1090C000C1000304204003820400C020040591A0D5
:1090D00020841040000210840091C004C080100061
:1090E00000900080008084800000000000000000EC
:1090F000000000000040000000000000040000002C
:1091000000000004000000030000900800000008B8
:109110000020408900808200080800020410A0009E
:109120002040000004040400401020400004820598
:10913000C04040100000040020900000000020000B
:1091400020004083034040858340808503A00805BC
:109150000911C0200090040202C100800000A0801C
:10916000000011059105C011102100000000000051
:1091700000000000000000000000000005000300E7
:10918000000000000300000000000000A10800A093
:1091900000400420100800039000090800000000AF
:1091A00002000000832080A0028811400203008892
:1091B0008500212009000002080808A00003A00083
:1091C000890241880005002101C08282400402A179
:1091D00090830190110990030082A00800A000C0B4
:1091E000028800A088098290838801400000000066
:1091F00000000000000000000000000000008900E6
:1092000000000000000001000000000008000390C2
:10921000008504820091000100001100000120007F
:109220009000A10000000805088485A14002C1202B
:1092300002A102209040029082840140059020907B
:10924000A14002A101858990880001009000820060
:109250004002094109000200090003908308000050
:109260000800880808008200C0088388C008000041
:1092700000000000000000000000000000001000DE
:1092800008000400C084000000000000000000008E
:1092900001020082012001840940088808408400FE
:1092A0000400000400010204C10002089108839137
:1092B00005218540A1418821A109400903408385FA
:1092C0008904C000051009001180A00310002000CF
:1092D0002002030305C0C103822082001100A09177
:1092E0000000000000000000101090000540A140A8
:1092F000000000000000000000000000000000006E
:1093000000098000000080800000000000000000D4
:109310000000088240A040082005050020002189A7
:10932000A14180410080002100401111840005040A
:10933000882091208400850403919141C1A08590EB
:10934000899040050341108090218985102008C034
:10935000048503000320A189850810A0800200A0D5
:10936000858500000000028000802190008800C0F8
:109370001088000000000000000000000000000055
:1093800000000000000000000000000000100008C5
:10939000002100031109C1208208092000A12091A9
:1093A000208400058080008000800000808880C0CC
:1093B00080A08583211000108082050308C0809062
:1093C00090058503A189108541A0400520A00108D2
:1093D00001848390904000840884A0038991C0C0D8
:1093E000C08441850090C000C084000201A108052E
:1093F0004084A020000000000000000000000000E9
:109400000000000000400040000800900000000143
:10941000000100012001000002010901C001000952
:10942000012001A1084182200088008440A02091F1
:10943000100310850903C19000A01040010520030E
:10944000C005090241A1401011212084880989002A
:1094500000020001C00005851190A1880940A08983
:1094600020200801C0080001000000000010852035
:1094700005C0100120C00000000000000000000036
:109480000000000000008290080082001008000028
:10949000000000000000000002A091112100030064
:1094A0000001009101000084C00002A08400C000FF
:1094B000000141004000218882048921C00111C0BF
:1094C0008310852004080908840102000200A00816
:1094D000410005080221400088C08541400585A162
:1094E0008083C0000002008003030000410002905E
:1094F00088030884C0028300000000000000000010
:109500000000000000000000800480000000808057
:1095100000000000000000000000890020209010E2
:10952000A0214121210540082080090005002000DC
:10953000A000114085030204A0408911050402081F
:109540002000A0910540829120008041002000056C
:1095500000C100410000C200005021840013C2007D
:10956000000000410000C2002100210000130000A3
:10957000420006600013C200828400000000000068
:109580000000000000000000000006004013000082
:109590000000000000000000000082000000001336
:1095A0000000810000000013C20000000A00001348
:1095B0000000210000000013000000000000000077
:1095C000C200000000000000C20000000000001304
:1095D000C20000003CCCC3CC04002400FF00FF0408
:1095E000000000000000FF0000006020303000009C
:1095F000000000003CFF3CFFFFFF7F3F0000000039
:10960000000000000000000000000000000000005A
:1096100000000000000000000000660FE7CFFF4ED2
:10962000C34E6C6CFF0F0000000000000000FFFF45
:10963000FFFF000000007F677E669F06BDBDFFFF45
:109640002F203C3C6666FFFF3E02663C0FFF000099
:109650000000FF00FF003CCCC3CC00000000000075
:10966000000000000F000000FF000000600030302C
:109670000000000000003CFF3C04F0F0303000002F
:1096800000000000000000000000000000000000DA
:10969000000000000000000000000000660FE7CF9F
:1096A0003C4E004E6C6CF0001800180C000080005E
:1096B00000000002000000003F033C009F0624243D
:1096C0002F202F20FF000F0F3E023E02663C0F00AE
:1096D000000000003C000C00000000000000000042
:1096E000000000000000000000000000000000007A
:1096F000000000000000000000000000000000006A
:109700000000000000000000000000000000000059
:109710000000000000000000000000000000000049
:109720000000000000000000000000000000000039
:109730000000000000000000000000000000000029
:109740000000000000000000000000000000000019
:10975000000000000000000000006666333CCBCB38
:1097600099CBF0007200C303818124BDA4BD000029
:1097700000000000000000000000660F663F9090AF
:1097800090F6000000000000000000000000000053
:1097900000000000000000000000000000000000C9
:1097A000000000007EC07EFCF6F6187E00FF3C3C08
:1097B000000000000000000000000000427E06F6ED
:1097C00060F97E7E00FF427EF0F0666666E466E445
:1097D000161F767F8181404000006F306666C3CCE3
:1097E000D3D300D3000042000000C3C30000000038
:1097F0000000000C00000000000000006600663C55
:10980000B4B4B4F600000000000000000000000046
:109810000000000000000000000000000000000048
:1098200000000000000042C042FC9090187E00FF43
:109830003C3C000010000000000000000000427EE0
:1098400006F660F918186666427E00FF3C3CF0E4BC
:10985000F0E410197079000040400000603000868C
:109860002C74A0B82080018600F401B00005A88601
:10987000007400B00085008600E001B000000086A2
:1098800000D401A000000000000000000000000063
:109890000000000000000086002003B0000000006F
:1098A0000000000000090000008600E000B3000096
:1098B000008600F0A0B00085018600A001B0000085
:1098C000008600E000B90000A086007000B900002A
:1098D000A0865070A0B90005A08650E0A0B0000599
:1098E000FFFFC3C34040FF4000000BFB0F000F0011
:1098F000F6FCF6FC0000141400000000966969965E
:109900003EFF0AFF5050505F0000000000000000C2
:109910000000000000000000010000010000000045
:1099200000000000000000000000FFFFFFFE00003C
:10993000000000000000005CA3FFFFFFFEF4000039
:1099400000003C783C780FFF3535F0F0FF00C3C3D2
:10995000C3C300000000FFFFFFF703010000282839
:109960002828FFFFC3C34040FF4000000BFB7F706F
:109970000F00F0F0FFFF00051414000000009669CE
:1099800069963E000A005C5C5C5F0000000000001D
:109990000000000000000000000000000000008047
:1099A000000000000000000000000000FFFCFFFEBF
:1099B0000000000000000000005CA3FFFEF4FEF4C5
:1099C00000080000F078F07800F03535AAAA3C3C99
:1099D000C3C3C1C300010002FFFFFFD703010000A2
:1099E0002AAA2A2A00030000F3F3FFFF00C00000A8
:1099F000FD7D7D7DFFFF003C0C0C00CB00000000D6
:109A0000A55A5AA53F3F3F383DFFFFFF0000000029
:109A10000000000000000000000000000000000046
:109A200020002F0F000000000000000000000004D4
:109A3000000000000000000000000C0CFFFF000010
:109A400000000000C3C3FEAEFC0C505F3F3FF0308F
:109A50003030033FD7D7FFBABABA00000000FFF09A
:109A6000FF000535F5F500030000F3F3FFFF0000EC
:109A700000007D7D7D7DFFFF427E0000000C000820
:109A800000005AA5A55A3F3F3F3000C3C3C30000A2
:109A900000000000000000000000000000000000C6
:109AA000000000000F0F0000000000000000000098
:109AB0000034000000000000000000000C5D0C5DA0
:109AC000000000000000C3C3FAAAF000505F30306D
:109AD00030303030033F1414FF303030000200804B
:109AE000FFF0FFB0053505052009041121004100F4
:109AF0001001100011001100040002008400000099
:109B000080000300400020010001830000010400E8
:109B100011002000210000002100040004002100A9
:109B2000000009000400400000000990000000C08F
:109B30002100090004000420801109002100020016
:109B40002000A0000000080020000000000020000D
:109B50008200040020080000A005000004000000AE
:109B600000000482000004001100008200080000D0
:109B700000000110010020000000000000000200B1
:109B80000000100000000003400200041000020466
:109B900000000000000200002000000000000000A3
:109BA000000000020000000090000000A000000083
:109BB0000000000000000004018008A00000000078
:109BC00001000500100000000400910000090000E1
:109BD0000200020000000080040021840000000058
:109BE00090030000000000000400000010110000BD
:109BF0000040008400080040000202000000000154
:109C00000811000800080009000000000011000110
:109C10000000000100000010000200000000000031
:109C200000000000000000000000000000C0000074
:109C300000000000000041008001800000100020B2
:109C400000080201900200100000800000000008DF
:109C5000800080410002000100000011A00500000A
:109C600000000000000100A0000000000002010848
:109C70008208008004200480828300830121000088
:109C8000004001080080000004880000000000047B
:109C900000080000000800000400000000000000B0
:109CA00000000010000000000000000000000000A4
:109CB00000100010001000108210024020100090D0
:109CC0000080A0200140041000210040200000007E
:109CD000002020200288002100409000000821C0C0
:109CE00000000041000000080021A000000000006A
:109CF00080C100848001000010080000800900007D
:109D00000040008500010000000000080000004045
:109D1000000108110305800200000000100041004E
:109D200000000510000000100800210000001000D5
:109D30000000000000000500000080004100040059
:109D40008800004041A008830300800900C08821EA
:109D500000000008808208828010001000000000CF
:109D60002001001000000008214000C000A000A059
:109D7000001040080041100800100180000302029A
:109D8000000300000040000284410000000084083D
:109D90000000100400020084109000100041200315
:109DA000001000002000080000000000000000007B
:109DB0000000000000008400880540001000000042
:109DC000A1050941840000111040C0051088101140
:109DD00040888208840020008200020000400004C5
:109DE0000008850488000800C00082820005000881
:109DF000840084021088080809C002022000410281
:109E00002008200008021100024000822082000089
:109E100010000221000010A0000403001000000048
:109E200002002100080000000000410000000200C4
:109E3000000000000000C10091000800100040A0D8
:109E400011000001840080009082828380C0100095
:109E50000302C00002008800210082040200008288
:109E600000200000A00810000802090041022100A3
:109E70002100030010000010C0411040091120040F
:109E8000204120802004001182210940C000C00030
:109E90000004200400880000000000A00020000052
:109EA0001000C00010000000C00000009000001072
:109EB0008800000000000000040004000000000012
:109EC00004218200A00821000400040003402000B7
:109ED0009104000304000000200400080380030034
:109EE000A0000000841021000009000010080000FC
:109EF0000800000400000208400041900500080826
:109F000010888802080008C000A00300008403A095
:109F10002000000000080488000041002000000428
:109F2000000000000010000200020000000000021B
:109F300021001000000000000000000004001100DB
:109F40000300100003008020040810008010A0040B
:109F50000240080040888088040103A000104100EE
:109F60009040080003000200210900C040021008D0
:109F70001000008200C0100241C0000000008408F0
:109F8000A0900121200084030000840000118408B7
:109F900088050008A0000000C100000000050010B6
:109FA00000030000000000000000000000000002AC
:109FB00000008421400000000400000000000000B8
:109FC0000000C0419000401120804100C0004000CE
:109FD00003A188088810010020000140100900201A
:109FE00004102082C00010090010008404008809B9
:109FF00002209003100082200809C008000000041D
:10A0000010202088080420044004020405040000F5
:10A01000020005000082000805900008000000040E
:10A020000004000000C003200000004010000000F9
:10A03000000000000000020041000000000003C01A
:10A040001000800091000200038404008200400898
:10A050000902038405C010000420004010211120D3
:10A0600008042091022000024009210010911108EB
:10A0700000000908201020A021000940410810021A
:10A08000C000850084048200C10008000403C000F1
:10A0900000208900080084000280C0001004000035
:10A0A000000010000000820000000000000000001E
:10A0B000000000000000C0000010000002000000CE
:10A0C0000005000004000400000300000100200857
:10A0D00000050000400088218500880082804084BF
:10A0E0000000C000214084000009830200004104F8
:10A0F0009000080010008800000082000283C080E9
:10A100000005101041110010892184400904084104
:10A11000C0A004C0000400200503410389020041DF
:10A120001005000900204120000000000000000090
:10A13000000000000000000000000000000000001F
:10A14000000000000000000000000300800021006B
:10A150008400000040008980000000020841800562
:10A1600011214000A00041002000020580841090D1
:10A170000340401000402002401000000500000095
:10A18000000000000901010108018401C101020170
:10A190000400918301850090000100018800A00067
:10A1A00000010101000000010000000000000000AB
:10A1B000000000000000000000000000000000009F
:10A1C000000000000000000000000000000082000D
:10A1D000080040000010A0A0040800880000010052
:10A1E0002001000090004100020000009103028560
:10A1F00001050002018908030088009000000000AA
:10A20000000000000400C0001100C0000401200193
:10A21000041082A005A0C188110003400100019034
:10A2200001010000000000880100010000000000A2
:10A23000000000000000000000000000000000001E
:10A240000000000000000004000000400000890041
:10A2500011A009019001A0012000092021419000D6
:10A2600002A18540C0000404400120008401C00117
:10A2700010C040918820C1018500410408102100D0
:10A28000C0004100200000002000A1002041800209
:10A290008008808080850503A100C002C191400034
:10A2A0001000054041042100090005411000000094
:10A2B000000000000000000000000000000000009E
:10A2C000000000000000000000000000000000008E
:10A2D000402188009040A1108040000020804182F1
:10A2E000020003410585A109808080048000804030
:10A2F000C1200500410841830502A000052141005D
:10A30000A00089004100A14090000005410303A086
:10A310000541009100C0839109208002800941031A
:10A3200002020005201002200220001100204040FF
:10A33000000000000000000000000000000000001D
:10A3400000000000000000000000000010000000FD
:10A35000800000400020040880850000808082800A
:10A360008080032100034120A1210088009103C0C7
:10A3700000080383809190A00510108200C02088FF
:10A380008811000000000000000021400010008241
:10A390000110002000A0000321080001400010006F
:10A3A0000101001100110011001100000000000067
:10A3B000210000000000000000000000000000007C
:10A3C000000000000000000000000000000001008C
:10A3D000000010000004001000118809000888081F
:10A3E000A0844010002100900089099004210004FD
:10A3F000010200900002109110840190008504C0B9
:10A40000018540A1000000000000000000A1000044
:10A41000004000A1C001C0401000A02003A1A0097D
:10A42000050003100000010000000000000000040F
:10A43000000101000000000000000000000000001A
:10A44000000000000000000000000000000000000C
:10A4500000000000000083002090000003040810AA
:10A4600008028200880400000182000200A00000AF
:10A470000090000000908220210300012002C00013
:10A480000300410088C00001000000000000050238
:10A490000041038020108303410041000000830538
:10A4A00009858209C0800200050403002000200005
:10A4B00003822021080000000000000000000000CE
:10A4C000000000000000000000000000000000008C
:10A4D0000000000000000000A00941004105A000AC
:10A4E00000038080000080A0411005C1208320006F
:10A4F00000210000000000004040204040400400D7
:10A500000540400390200900002000000040004169
:10A51000000000000000004800500000C200218838
:10A5200000000000000000000A000013000000000E
:10A5300000420000C2000000000000000000000017
:10A54000000000000000000000000000000000000B
:10A550000000000000130000000000000013C20013
:10A56000210041000013C200000000000013C200DF
:10A57000420000000000C200008800810000C2000C
:10A5800000000000000000000000000000000000CB
:10A5900000000303C0C000000F000000F00014140E
:10A5A000BEBEBEBE00DF1700171714000F0F2F200E
:10A5B0000F003DFF55553F7FFFFF000000000000EA
:10A5C000000000000000000000000000000000008B
:10A5D0000000000000000000000000003DFF05FF3B
:10A5E0000A3E5F7F0000000000000000AAAA8AAABD
:10A5F000FFFF3CFF000000001C1C3C1C3C3C3C3CA2
:10A600000C0F0C0F045514553CBEBCBE00000000DE
:10A61000000000000303C0C000000F000000F000B5
:10A62000101FB0BFBEBE00001700171714FF0F0F9A
:10A630002F200F003CFF55550303C3C3000000004B
:10A64000000000000000000000000000000000000A
:10A65000000000000000000000000000000005FFF6
:10A6600005FF003C557D00000000000000000000D8
:10A6700000000F0F3CFF00000000141414143D7D77
:10A680003D3D000F080F045514553C3C3C3C000078
:10A6900000000000000000000000FFFA0F0A0200A6
:10A6A00000000000000000004200F000F000000088
:10A6B0000000AFAFBEAAFAFACA0ABE141414000012
:10A6C000000000000000000000000000000000008A
:10A6D000000000000000000000000000000000007A
:10A6E00000000000FFF00F0000000000FFFF00FF6F
:10A6F000FBF8FBFB0000001400000000000000005D
:10A70000AA2AAA2805010505BEFCBE3CB0B0A0A03F
:10A7100000000000C300000000000700FFFA0F0A5D
:10A72000000000000000000000000200BFBFBEBE2D
:10A7300002000010AFAFBEAACA0ACA0ABEB4B4B4BF
:10A740000000000000000000000000000000000009
:10A7500000000000000000000000000000000000F9
:10A76000000000000000FF3CC30000000000FFFFED
:10A7700000FFFFFCFFFF00F00014000000000000DD
:10A780000000282828280505050582C08200F0B0B1
:10A79000A0A0000000000000C0C00186006000B85A
:10A7A00000000186507400B000000586006000B90A
:10A7B000000000860AE0019004000000021400007E
:10A7C0000080000000000000000000000000000009
:10A7D0000000000000000000000000000086006093
:10A7E00000B00000008600F0A08000050086009008
:10A7F000A3900085018600F0A0B00085A08650706F
:10A80000A0B000050086007400B0008500860260DC
:10A8100000B000000086006000B0000000000000F2
:10A82000AAEBAAEBFF30FF000100000000000100CE
:10A8300000000000000000005F5F4B5F00000000B0
:10A840000000000000000000000000000000000008
:10A8500000000000000000000000000000000000F8
:10A8600000000000000055001414414103C3783C6F
:10A870003C3C00000000000000003FFCCFF3000063
:10A88000000055554555FF55AA000C0C0F0FF0F070
:10A89000F0F00000FFFF00000000000000000000DA
:10A8A000000000C30ACB7530550000000000000016
:10A8B000000000000000000000000A0A0A1E00005C
:10A8C0000000000000000000000000000000000088
:10A8D0000000000000000000000000000000000078
:10A8E000000000000000000055001414414100C0A9
:10A8F0003C3C3C3C00040000000000003FFCCFF367
:10A900000000000055555555FFC33C0000080F0FCF
:10A91000AAAA3C0000000C0E00000000000000008D
:10A92000000000002828FF2F000000000010303039
:10A93000AFAF0005080000000000000000000000AC
:10A940000000000000000000000000000000000007
:10A9500000000000000000000000000000000000F7
:10A960000000000000000000000000000000FFFFE9
:10A97000FFFFAABAAA8A000002000000000000003F
:10A9800000060000000000000100FFFFF808555518
:10A9900055D7FFA800004141FFFF00000000000064
:10A9A0000000000000000000FF0F00000000000099
:10A9B0003030FFFF00050800003C000000000000F0
:10A9C0000000000000000000000000000000000087
:10A9D0000000000000000000000000000000000077
:10A9E0000000000000000000000000000000000067
:10A9F00000FF1E1EAAAAAAAA000000000000000074
:10AA0000000000040000000000000000F808F80842
:10AA1000555557D7FFA800000100FFFF00000000B8
:10AA20003030000F09A004000000020809C0020035
:10AA3000030100004010C008C00004020400000030
:10AA400004002000040004000000100011000400B5
:10AA5000000002000010090000002000000020009B
:10AA600004000400000020008400200100200000F9
:10AA700002A020C008080800050004A02100200151
:10AA80002000002004000500C000000011C00020CC
:10AA9000040000002009080041000000040000003C
:10AAA0000088008800A0002140000021000008006C
:10AAB0000000004000000180410010000080000004
:10AAC00000000000000000002000A0400100000085
:10AAD0000000000000000000000000000000000076
:10AAE0004000000010210000010404000120048047
:10AAF0000000000003020100A0009000010000001F
:10AB0000000204008280210000000200000000001A
:10AB100000800100000021900000040000000000FF
:10AB20000000000000000000409000A100080008A4
:10AB3000001000010010008280018011800190014E
:10AB400000000004004000C00082000300820002F8
:10AB500000000000000000020000000800000000EB
:10AB60000000000080A0800800C00010000000105D
:10AB700000000020050180009020000800008040B7
:10AB800000080000004000000003800104200001D4
:10AB90000020001000000001000000001100000073
:10ABA000000800008003000800019003040808A1C9
:10ABB00000A1001000402008002140021082104037
:10ABC0004108000000210090000000000082000405
:10ABD00000002010000000100000000040100000E5
:10ABE00004000000000008204021000000000000D8
:10ABF0000011000800A104204021048000C10010C1
:10AC00002080008000000090000040400420008868
:10AC1000002000800021000000042000000040030C
:10AC20000010000800031088001000020004000853
:10AC300002400000200200400002004000084040A6
:10AC4000800802020040000008A000100800410037
:10AC500000888000050000100000000000A008002F
:10AC600000000000210000000002000000000001C0
:10AC700000000000000100100000202020414000E2
:10AC8000110020101041000400100004001000000A
:10AC900000088004800400840821400080004010E7
:10ACA00040084100020810080008110300830080DA
:10ACB0001010008810002085000082A10000000014
:10ACC00003800285098000A0100000000000000041
:10ACD0000000000004100000000000000000100050
:10ACE000A00000000000C000000000000000000004
:10ACF00084200000200584044041000001C00004BD
:10AD00000100004101000084C004C02100000008CF
:10AD10000200000002800280840088C0A000082198
:10AD2000108590000000011000100090C008104035
:10AD300020010288210000004110200020001000A6
:10AD400008030211410090080500410000000010B6
:10AD50000800000000000020410000000000090081
:10AD6000008200080200020090008500110000022D
:10AD700000000009200080008000900002000940CF
:10AD800020002008000003008400020000000800EA
:10AD9000004000000900410011008200004103084A
:10ADA00010020010000002008000200010010002CC
:10ADB00000898808A00000000000002100000400B5
:10ADC000002010900008080240021009002108002D
:10ADD00000410000820400401088100000001000B4
:10ADE0000000002100000000000802000210000026
:10ADF0000088000010201100200020000200C10087
:10AE000004808300848000000200030241020021CC
:10AE1000000000821040400802004002040982C085
:10AE200010002000000000411110100800118808D7
:10AE300000004002020021821140100010080000B2
:10AE40001002000000A0030002202100000000000A
:10AE5000210004000000000000C000A00010410814
:10AE600000000000000000001000000000000200D0
:10AE7000000009000000030004100800088400001E
:10AE800004000400104020C0100000090210091145
:10AE900000821000101000C00308202020A000A095
:10AEA00000840510210400A00000004000400008BC
:10AEB0000000000008100103000000900000218441
:10AEC00084008405200000201000110310110000F0
:10AED000900000000000080000000010C00000000A
:10AEE0000000000000000000000000000000000062
:10AEF000010000000000000000031100002100001C
:10AF000084004040851040000403880000200102B6
:10AF10000002200004100000400000000190010029
:10AF200000088400000500100000104184000000AB
:10AF3000A000000008008400809004C0204004406D
:10AF4000218210401004204041100920000240835B
:10AF50000088000000000000020009040004000056
:10AF60000000000000840004030002000000000054
:10AF70004002000000000800000085C011008308A6
:10AF8000002003400040210820001100204004114F
:10AF9000A0410284820202090020028420021008DB
:10AFA0000411038810840801400488080484040004
:10AFB000820241820085000000021000000910801A
:10AFC0008820401088000510000000800004000365
:10AFD000200800000000C000000000040000200461
:10AFE00000040004840000000000C02110000000E4
:10AFF00040004000000000000010000020000000A1
:10B00000040000800008000000004000002100054E
:10B01000204010C00000020800204080892100006C
:10B020008203C02002092000200440800408010897
:10B03000210204820000040800118400030220059C
:10B04000210083A04091000408A0008589038904A1
:10B050002082098280C02091410200A0000080006F
:10B06000C000000000000000000000000000000020
:10B070000000000000C005080090008800000000EB
:10B080004100800000008000080091000080000066
:10B09000000084008000A18380A0A08204A0008022
:10B0A0000000020000800502052180414009842043
:10B0B00000104121400520030040001102200185BD
:10B0C000911001C0C110210290200940C08482A1CA
:10B0D00020C1000500210205110401210004020025
:10B0E000040011000000000000000000000000004B
:10B0F000000000000000008201A1000900C1000062
:10B1000000000000C00000008802854090200084FC
:10B11000000020000400880021040411050800211B
:10B120009010409011A00490200001010400000044
:10B130000401C00140010000010104000000000101
:10B1400008A10483C021851005000382050282A0A6
:10B1500041004103410083058202020004A0020174
:10B1600001000100000000000000000000000000DD
:10B1700000000000000000000001000000000004CA
:10B180000000000400010002000104089090400348
:10B1900020C1880008914002850000000184001150
:10B1A000010810119000A0088821018201110111ED
:10B1B00000118840A0881083830000000000000078
:10B1C000010083110385118390098821C00082103A
:10B1D0008200C11184218209830400000004808060
:10B1E0000005080004000900100000000000000035
:10B1F000000000000000000000000020000000002F
:10B2000000800000000000100000000300888000A3
:10B2100000100082110082414088850840082020EB
:10B220004008208580088000008000020509108504
:10B23000050220C121801105850590100000400005
:10B2400040002000A040004100C0A1032090411117
:10B250008082088984111184C08203831100C18017
:10B26000808000800000008000000080000000005E
:10B2700000000000000000000000000010000000BE
:10B2800080001000008000000400020000000000A8
:10B2900010808900008000000091411180A00820EA
:10B2A00080A08411C1200000098040000080840833
:10B2B0000005100211081089094000844102009025
:10B2C0000005004100118491040300414089009071
:10B2D000000310400120839000050385018300C016
:10B2E00040C08240A09000C000C0000204100000D6
:10B2F000000000000000000000000000000001004D
:10B300000400C00001000080900000000100020065
:10B310000088888882901082C010002000888221D6
:10B32000014108212190C0910208A08805201082C7
:10B3300002000001000000000090002100840420B1
:10B3400000A000A1009000910900041009018301F0
:10B3500085048400900091A0858221A105A08340EE
:10B36000000100000000004000400001000100005A
:10B3700000000000000000000000000000000000CD
:10B38000C0000440020040000080000400400000B3
:10B39000000082A111029000854101050084010195
:10B3A00000C19000C109880109008201880484005D
:10B3B0004011831089088200A000000201010000F2
:10B3C00000A0000000000001000083110205A01091
:10B3D0002040A185114100201109838404218209A4
:10B3E0002084000800000000008000000008001019
:10B3F000000000000000000000000000000000004D
:10B40000000000008080000080000080008000803C
:10B41000000000008340A0804000401021904008C0
:10B4200020100410110020210240A0008020008084
:10B4300000000088880021832003004108042108BF
:10B440001104414100000004002000000000000041
:10B45000C2001242000000000000000000000000D6
:10B46000C2001241000000000000006081000013D3
:10B4700000000000000000000000000000000000CC
:10B4800000000000000000000000000000000000BC
:10B490000013C200005081000013C20000600000D1
:10B4A0000013C200008200000013000000000A0028
:10B4B0000013C200000000000013C2000000810061
:10B4C0004013000000000000000000000000000029
:10B4D000000000000000FF0066667E6F1809000093
:10B4E000000000000000000000000000000000005C
:10B4F000000000000000000000000000000000004C
:10B50000000000000000000000000000000000003B
:10B51000000000000000000000000000000000002B
:10B52000FFFF2F24FFFFFF0F27FF273C3F306F6FE8
:10B5300000000000000000000F060F00FF18FF18B9
:10B54000FF6C000027E72724000000006E000C00BD
:10B550000000000000000000FF003C3C7E6F180966
:10B5600000000000000000000000000000000000DB
:10B5700000000000000000000000000000000000CB
:10B5800000000000000000000000000000000000BB
:10B5900000000000000000000000010000000000AA
:10B5A00000002F242F24FFFFFF0F27C327003F3069
:10B5B000606000000000000000000F000F00FF00AE
:10B5C000FF08FF6000002724272400000000FF0080
:10B5D000FF00000004000010000000000000000058
:10B5E0000000C20804000011886100000000000093
:10B5F000000000000000000000000000000000004B
:10B60000000000000000000000000000000000003A
:10B61000000000000000000000000000000000002A
:10B62000000000000000000000000000000000001A
:10B63000000000000000000000000000000000000A
:10B6400000000000000000000000000000000000FA
:10B6500000000000006600666060607C00FF00FF84
:10B66000D0F0F4F000000000000000000000000036
:10B670000000000000000000240024F00000000092
:10B680000000000000000000000000003CFC7EFE06
:10B6900000000000000000000000000000000000AA
:10B6A00000000000000000000000607CFFFFFC24A0
:10B6B000FCE7F0FF3636000000000000000040FF0D
:10B6C0007CFFF4F6F4F4401840997C7C7CFF00C0C9
:10B6D0000003606F6666006600420000003C00DF09
:10B6E00020FFF0F0F0F00000000000000000000C6F
:10B6F00000CF0000000000000000000000F000008B
:10B70000000000000000000000000000000000F049
:10B7100066F60000000000000000000000000000CD
:10B72000000000000000000000000000607C607C61
:10B73000C024C0E7000F3636000000000000000003
:10B7400040007C000000000040004081606060FF1D
:10B7500000C00003606066660086007000B80000EC
:10B760000186026000B8008005860A6000B900A06A
:10B770000086026000B00000008600E001900480B6
:10B7800000000000000000000000000000000000B9
:10B790000086026000B000000000A08650F0A0B05B
:10B7A0000005018600F0A3B00005008600F0A0B8F7
:10B7B0000005008600E000B30000008600F0A3B0A2
:10B7C0000005008600B0A0B0000500A60CE003F064
:10B7D000040000860A6000B00080FF00EF2000FF38
:10B7E00001BFAAAA2828800000005555400000FF8C
:10B7F00000FF000000003CBEBCBE0000000082BE96
:10B80000C0FC00000000000000000000000000007C
:10B810000000002000000000000000000000000008
:10B82000000000000000FFFFBEFFFEFF0000000060
:10B8300030B2B0B0FFBCBCBC0CFF5DFF0000FFFF2E
:10B84000FEFF820054545110000000000000000070
:10B85000303FF5F5000000003C3FFFFFFF00FF0018
:10B8600000FF00FF2AAA282800004A0055550000C2
:10B8700008FF09FF000000007DFFFDFF0000000041
:10B88000AAAAF0F000000000000000000000000084
:10B8900000000000000000000000000000000000A8
:10B8A0000000000000000500F7F7FFFFFEFF0000AA
:10B8B000000070F2F0F0FFA0A0A00C0C5D5D030092
:10B8C0007F7FFEFF0000404051100000000000009C
:10B8D0000000303F05050000000000030000BF1518
:10B8E000BA100CFCFCFC003C003CDFDFAA55FFFF5B
:10B8F000000000000200507D00000CFC0CFC000069
:10B900000000000000000000000000000000000037
:10B910000000000000005503004D00000000000082
:10B920000000000000000000F0E0E0E00000F5FD95
:10B9300000000000555F7D7FAAAAAAAA00000000AF
:10B94000F0F0E0C000F400FF000000000000000084
:10B95000000000005F5F287D000000000000000084
:10B96000BF15BA100C0CFC0C003C00FCFFFFFF00E4
:10B97000FFFF00C002000000D0FF00005C5CFCFC88
:10B9800000000000000000000000000000000000B7
:10B990000000000000000000553FFF4D00000000C7
:10B9A00000000000000000000000F0C0C0C0000067
:10B9B000F0FC00000000000F3C3FE8EBE82800002E
:10B9C0000000E0C0E0C000F400F40000000000004F
:10B9D0000000000000000A0A287D000000000000AE
:10B9E0000000040084008240040000000400040001
:10B9F0000005000084008000000411010211800095
:10BA0000040004000401040004008001800004011B
:10BA10000001000000002100000000000000020002
:10BA20000010000004100000031000102108210085
:10BA30004000110004018401800490000090200067
:10BA400000042000000020104100110080000000D0
:10BA50008000000004210420000000C00000040059
:10BA600000002100C10004001180A00000000000BF
:10BA70000000008400000400040000800004002096
:10BA800020000000900000200200000004040400D8
:10BA90000004000400000000081000410000000045
:10BAA0000000000000000000000090000000C00046
:10BAB000000040000000A120112010802141400022
:10BAC0000000008001000000900000000000400025
:10BAD00000000200000804822080000082000000B4
:10BAE000900000000400002000A0040804110002DF
:10BAF000000200020002000000200001000100839B
:10BB00000020000480000084040100000002802165
:10BB100000040020000000100000000000000000F1
:10BB200000000000000000C0000000000000000055
:10BB30000000000000000000800080000001800084
:10BB40000000000100030000000000900000000061
:10BB500000000000000000100001000000010000D3
:10BB6000000100000000000500C10021A121010228
:10BB700000110003004100100010049000040004B4
:10BB8000000400800080022100000120000300204A
:10BB900004840480008000210021001100000000C6
:10BBA0000000002100000400000000000008000068
:10BBB000000800000021000000200410040000081C
:10BBC000101000200040000840100010000000107D
:10BBD00000210000000000210000000200110020F0
:10BBE0000021004000000000004080020002894067
:10BBF0000041000000820000108300008005000466
:10BC0000000100000508410008000240000000009B
:10BC10000000000080200000001000000000000074
:10BC2000001000100000000000C00000000800002C
:10BC300000000000000000C0090009000400040129
:10BC400000118401000005020000000800001184BA
:10BC5000900080C00000108282081010C000880888
:10BC6000880010100001000040100008408010C142
:10BC700004A100A00000C0000000C02084082084AF
:10BC80008880000400000000000002000180000025
:10BC90000020000200002080000000000800A0003A
:10BCA000000000001003C000000000000000C00001
:10BCB00000000400000000000000C00000058341F7
:10BCC00001201008212000100005104184111000EF
:10BCD0000003100010001008A1000380032140059C
:10BCE00004000500000800400000C1090010100019
:10BCF00000A00289809020100500100000011100B2
:10BD0000100004200000100485001004002005002D
:10BD1000008800000004000120040021000002004F
:10BD20000000050000000000000005000900000000
:10BD300000000840100000000000000002000000A9
:10BD40000401040120010421400440002002058870
:10BD50000201030041002000000108019001800061
:10BD600000009000200002A0000008000082204097
:10BD7000000420109140020010020005000200049F
:10BD8000000000000080004100C1040500C0002048
:10BD9000000000100000008000200090C0840021FE
:10BDA00000000000000000410041200000000000F1
:10BDB00000000000000000008800400000000011AA
:10BDC00000210120A120890291A000410000001162
:10BDD0000002C00400000011000200200020022028
:10BDE000021000000200000000000011000000002E
:10BDF00000840200410002100008100808080082B8
:10BE000003820300100190A19083000010004108FC
:10BE100000A002011000108808100084000000003B
:10BE2000200000001088000000000000000000C09A
:10BE30000000000000001008008410080500050044
:10BE40000300210010024100000800000000000073
:10BE500020000041210009820000021005C01010DE
:10BE6000C14008820000000002000082008800003B
:10BE700008080808080982090909080000030021C8
:10BE8000022000211003840420042004A0000003E9
:10BE90000003000001408400900000090000000041
:10BEA0000000010000000000000000000000100081
:10BEB0000000000800000000000000000000000278
:10BEC00088000010840541880010000800058804DF
:10BED0000411C1080004C021C04100008800001006
:10BEE000C0110280101110000002011010080000A3
:10BEF000820000000008004090A020020000109086
:10BF0000200208020001000010044121080421045D
:10BF10002000820205820240032000010288008284
:10BF2000880004048040000000000908008200002E
:10BF300000000000000000000200090000000800EE
:10BF400003001100100002000401040000401082F0
:10BF500020020001000100821100100040000904CD
:10BF600004C0914020821120020000100004022031
:10BF700000000004004020088400040002000003C8
:10BF80000100000000848820000000004004000040
:10BF90000002000021400221018000000040010059
:10BFA00000000400018020038800000900800000D8
:10BFB0009000001000108800000000000000000049
:10BFC000000000000041000000000110400000805F
:10BFD00001088800004040088202000001000000C3
:10BFE0004080000002800000108001000400000476
:10BFF00000A00008000800000200A110A1108404A5
:10C0000020410002004011100011A0A104410005D0
:10C010001011C000000080000400008082809000A9
:10C0200003000520008480040411030000000000C8
:10C0300005000000000000000000000000000000FB
:10C0400000000000000000000000000000080240A6
:10C05000410800C041000000000040002008090520
:10C060000041000384088020A010402003838090BA
:10C0700002A009030010001005A000031101050132
:10C08000200100011000880108010000200801893A
:10C09000C00400040900C0008200000090020204F5
:10C0A0001102000400A1001082020004010000003F
:10C0B0000000000000000000000000000000000080
:10C0C000000000000000000000000000000000A1CF
:10C0D00004021104000800000000000090000000AD
:10C0E00001000001000020011001A0019101108257
:10C0F00010A1891100900489848900040020C008DF
:10C10000A0008983840001200108000101000301CF
:10C1100041000840C00808010804820084080401A6
:10C120001000880091C0020141021100C188000086
:10C1300000000000000000000000000000000000FF
:10C1400000000000000000000000000000000000EF
:10C1500008014004C0408304000000000000000506
:10C16000010001000100010005084000A108402174
:10C17000C00920052109850000020002000000001E
:10C18000400021200505C10040000480022002007B
:10C1900008104140858011A100408080004180004E
:10C1A00000118000000009801140A000100940002B
:10C1B000000000000000000000000000000000007F
:10C1C000000000000000000000000000000000006F
:10C1D0000000A004A084209190210009000000002C
:10C1E000000821000809100010099102A100058033
:10C1F000A105410903C140908403008000000011A3
:10C2000000002083081003A02008418000804080A7
:10C210000480020280209021841000840004002009
:10C2200000048009000989090010054000098840C0
:10C230000420000500200010004000000000000065
:10C2400000000000000000000000000000000000EE
:10C250000000000010100011901105830020002044
:10C2600041030041A0080011090940034111409019
:10C270000085820340C18402C102200308008000BF
:10C28000A000040001C0000100C109050010000267
:10C2900001080002010188000301020100400010B2
:10C2A000000500C184028203408200100001820068
:10C2B0001101000100000001000000010000000069
:10C2C000000000000000000000000000000000006E
:10C2D00000000000000000C1048508A00109000161
:10C2E0000000000000000801000000010100010240
:10C2F00001090084C041010910A005C00590008219
:10C30000A088104000A0010000C00001000800004B
:10C31000008200000100408484C1A000C0C09102DE
:10C3200009108300A10084080410A000A040A121EE
:10C33000C002040108080000000000000000000026
:10C3400000000000000000000000000000000000ED
:10C35000000000000090000010C002A0C000C1401A
:10C36000080020204000400000A00090008800004D
:10C37000084010058440400288A1A002040288A061
:10C3800001000100000001000800050202082180F0
:10C39000040041040021110000840003001000008B
:10C3A0001021C080400008008084000000000000D0
:10C3B000200202C109088200000000000000000005
:10C3C000000000000000000000000000000000006D
:10C3D0000000000000000000000083890321032109
:10C3E000208080000080000080000000000300002A
:10C3F00000008085800480850000030504C1C11011
:10C4000003C12000050003002000210000130000EC
:10C4100000000A500013C200000041004013C20097
:10C42000410012424013C200008111824013C20039
:10C43000000081814013C200008100000000000064
:10C4400006000000000000000000000000000000E6
:10C450000000000000000000000000004100001388
:10C46000C200000000000000C200000000810000C7
:10C47000C2000000110040130000000081004013C2
:10C480000000000000000000000000005F7F555524
:10C49000000000407D007DFF000000000000000063
:10C4A000FFFFFFFF8787AF053CFF2CEF0000000078
:10C4B0000F0F0F3C14D70CCFB4BEB4140000000013
:10C4C000AAAAAAAA000000000000000000000000C4
:10C4D0000000000000000000000000000000053D1A
:10C4E000FFFF030F3C00000000005D5D5DFF0000EA
:10C4F0000000007D027F000000003C0FFF557D7DA5
:10C50000033FAAFF2D2D043C3C3C000000005F7F50
:10C51000555500000000280028FF00000000000022
:10C5200000003C3EFFFFC3C3FF0000C304C7000080
:10C5300000000F0F3C3C14D714D7F0FFF0000000B0
:10C540000000AAC3F0C300000000000000000000CB
:10C5500000000000000000000000000000000000DB
:10C56000053D053D030F3C00000000000C0C0CFFD6
:10C5700000000000007D027F000000003C0F00551D
:10C580004141033F00552D2D043C043C00000000B8
:10C5900000C0000000000000FF807F00FDA8F5A0A3
:10C5A000F0F0F0FCFFFAFFFA0000000000000000CD
:10C5B000000000000000FFFFA0F5E1E1A0F5E1E1CF
:10C5C000000000000000000000000000000000006B
:10C5D000000000000000000000000000000000005B
:10C5E0000000FBBABABA1000000000000000000012
:10C5F0000000F0F0F0F03D3838387D287878FAFA0D
:10C600003F30FCC0EBEBAFA0FCFCC0C00B0800004F
:10C61000000000400000FF01FF00FF00FF00D58088
:10C62000F5A0F0B4F0BCFFFBFCF800000000000037
:10C630000000000000000000FFFF00FFC3C300FF78
:10C64000C3C3000000000000000000000000000064
:10C6500000000000000000000000000000000000DA
:10C660000000000051101010000000000000000049
:10C6700000000000F0F0EB283D3838387D282828ED
:10C680000A0A3F30FCC02828AFA00C0C00000B08A1
:10C690000000000000860CE003B80080018602F470
:10C6A00003908000008600B001E00000008E00B41E
:10C6B00001B02000008600BC01B8800000BE0094DC
:10C6C00001E0A000000000000000000000000000E9
:10C6D000000000000000000000000000000000005A
:10C6E00000000000000001860090A19900850086EE
:10C6F0000070A0B00005A018501CA000A00500A666
:10C7000000E003F9040000A600E003F30400018642
:10C71000006000B000000000000000FFAAFF000061
:10C72000000000FF01FDBE82AAAA00000000FCD4A8
:10C73000FCFC3C3C3CFFFCC0E8E8AAAAAAAAA0AFCB
:10C74000A3A30000000000000000000000000000A3
:10C7500000000000000000000000000000000000D9
:10C760000000000000000000BF3D0F0FF0F014BEFD
:10C77000FFFFBA30000000000000000000000000D1
:10C780000000000000000000AAAAAA30000030301B
:10C7900000000000FFFF68400000000014FFBEFF23
:10C7A0000000000000FF00FFF0F0F0F000000000CB
:10C7B000E8C0C0C00F0F0F0FE8E8E8E8AFA0C3C3A0
:10C7C00000FFC3C3000000000000000000000000E4
:10C7D0000000000000000000000000000000000059
:10C7E0000000000000000000000083010F0FF0F0C7
:10C7F000B4B4BA30BA3000000000000000000000FD
:10C8000000000030001000450000AAAAAA30505FC6
:10C81000000000000000FFFF2800000000000C8E58
:10C820004DCF0000000000000000F3F33030383D31
:10C83000383D00000000CF0CCFCF0200FFFF020800
:10C84000010420F72020ACACFC0C0000000000002C
:10C8500000000000000000000000000000000000D8
:10C860000000000000000000000000003028300040
:10C87000D080A303000000000000000000000000C2
:10C88000000000000000000000008000B4B4FE02C0
:10C890000C0D0F0F5555D55500000000000000008D
:10C8A0000C8E4DCF0000000000000000AAF3AA305B
:10C8B0000000FFFF000000000C0C0CCF0200020083
:10C8C0008020401020F7F7F7AAAAFF000000000020
:10C8D0000000000000000000000000000000000058
:10C8E0000000000000000000000000000000F3FF56
:10C8F000F3D7DF8FF35300000000000000000000BA
:10C900000000000000000000000000000000B4B4BF
:10C91000FC0000050F0F5F5FD5550000000004907C
:10C9200004000202040000001100040021002100A4
:10C930000000000004000000000008048001040062
:10C9400000000000000000000400040004000400D7
:10C9500000002100000040008401900080010000E0
:10C960000000000000000000110000000520000091
:10C9700040000200000000A00008A0018021040186
:10C98000030003000300031004001100020041A093
:10C9900040000000000021000001002100000020F4
:10C9A00002000000A0008400000000084000000019
:10C9B0004000000000000000000000000100041022
:10C9C00000002000000000000000000000009000B7
:10C9D00000000000020002000100114009000840B0
:10C9E0000000000000000000000000020000C00085
:10C9F00000000000000000000000000402201010F1
:10CA00000140020300030000000000000005C021F7
:10CA100040000000000000000000000200C0000014
:10CA200000800002008200A000A0000000000000C2
:10CA300000000002000000000002000200000000F0
:10CA40000000000000000000008200000000000064
:10CA500000000008001000000000000800000002B4
:10CA6000000800C0000000000000000000000000FE
:10CA700000000000000000000000000000000000B6
:10CA800000000000000000000000000200000000A4
:10CA90000000000000000000000000000000000096
:10CAA000000000000002A020001100110003A021DE
:10CAB000001000100008001100000010000000002D
:10CAC000000200000000000500110003001000102B
:10CAD0000008001000000000000800100000001016
:10CAE0000010000000000000000000000000001125
:10CAF0000041000000410000000800110008000093
:10CB00000010000200000000000000100000000003
:10CB10000000000800000000000000080000000005
:10CB200000080000000000000900092005000000C6
:10CB300008104108000000001000000841820000B9
:10CB4000054000000008008200080082100000007C
:10CB5000000000000008000000000010004000007D
:10CB6000000000000001000000C00088001000006C
:10CB700000000000048200080400410000000000E2
:10CB8000000000000500000111C00000050000C009
:10CB90001100030810001100000010000010050033
:10CBA000000010081010021000000400820584210B
:10CBB0000010821084000210820088081010020009
:10CBC000100010001000840900000800A009840073
:10CBD00000008400000000000000000000000009C8
:10CBE0000000000010000020000000000000000015
:10CBF000C000000010031000100000000000000042
:10CC00008400100000050000001084038400A000D0
:10CC10000008000090000200A009A0000000000031
:10CC2000A0090000C080A1001190000000100302C4
:10CC30000584000000000040410010841082008440
:10CC4000000000000300200002000000000000823D
:10CC50000088050000000000000000000000050042
:10CC600010004100000000900000000010002000B3
:10CC7000410020000000000000002000040000002F
:10CC80000000000011000900100220000000400018
:10CC900020000000090005000000200040004100C5
:10CCA00000000000050000000000200000118808BE
:10CCB000840000030009000000001009400010007B
:10CCC00000040000000000110010010020002000FE
:10CCD0000000002000100800C000A0000000840038
:10CCE0000000001100000000000000000000000033
:10CCF0000000000000000003000300090003100012
:10CD00009000100000000000000000000000000083
:10CD100000000005000000000000000000002000EE
:10CD2000000002009000000000000000000000C0B1
:10CD300000000310001000000300000000A000002D
:10CD400005002100000005000010000008000000A0
:10CD50000000000000000000000041200000000072
:10CD6000000000A000000000000000000000000023
:10CD7000000800A00008000000000000000000C043
:10CD8000000000000510000000000000000000008E
:10CD9000000000002100000000000000080800C0A2
:10CDA00000000000000800000000000080004108B2
:10CDB000C000C00210030000841104210000C0085C
:10CDC00000090800C0038408820008000011C000A8
:10CDD0000811C003100082419020C0008440020965
:10CDE000000082000000A000000000000000000021
:10CDF0000000000000000000000000000020001003
:10CE00000003C021A009C040C003041100000003BA
:10CE1000A000A000A003A0038403C010840500119B
:10CE200000000000A000C0100803C00000000811AE
:10CE300000050200001020000004000002000900AC
:10CE4000080820000904000041880000008200005A
:10CE50001100410010000300008411001000410087
:10CE60000000000000000000000000000010091099
:10CE7000000200000020400000000008000005083B
:10CE80002000020040000000080000004082101056
:10CE900020002102000021000000000000004100ED
:10CEA0000000410010000000000000000000000829
:10CEB000000021008409400400000211200000004D
:10CEC000200010000402100300040000000900000C
:10CED00088000000000002000004040400110000AB
:10CEE00088000000A00082059000000020000000E3
:10CEF000000000000000000000408400000000006E
:10CF00000000000000000000000000000000010020
:10CF100083404000000000000000000000020040CC
:10CF20000400880000000000000000004000000035
:10CF3000021000000004000000000000000080005B
:10CF400000000000000000000000000300000000DE
:10CF500000000000000000008300008083C100008A
:10CF6000030080C183C1030083000040034100002F
:10CF7000030000830800000000008300008083C1DC
:10CF80000000030080C183C103800300002103412E
:10CF9000000003008083050000008300008083C13F
:10CFA0000000030080C183C103000300001103419E
:10CFB0000000030080A0100000000000000000003E
:10CFC0008200000000000000008208000001000054
:10CFD00000000000000040000082838200C083C186
:10CFE0000082018282C183C189A0218200000101E7
:10CFF0000082018240C0410000000082838200C0A4
:10D0000083C10082018282C183C10108A182000123
:10D0100001010082018204C020000082838200C0DE
:10D0200083C10082018282C183C10110038200009A
:10D0300001010082018202C0030000008200002082
:10D04000000000000100000000004000210100403D
:10D05000000001000000000200208200A082008386
:10D060000000828283820083C082208385830083C4
:10D07000C101830083820083012000008200A0821E
:10D0800000830000828283820083C0820483108335
:10D090000083C10183008382008301028200A08299
:10D0A00000830000828283820083C0820483C18364
:10D0B0000083C10083008382008301200000000000
:10D0C0000000000000000400000000002000C1106B
:10D0D000000000210200000000800080000080802D
:10D0E00000830000008002800083808021834190C3
:10D0F0000083C11010000280008341800000000006
:10D100008080008300000080028000838080C183D3
:10D11000A0900083C1102000028000834100000025
:10D120008080008300000080028000838080A183D3
:10D1300008900083C100200002800083418000002D
:10D1400000000000000000000000000000000002DD
:10D1500000000800000000000000000000000002C5
:10D1600000008302000000000000838203C1002051
:10D1700000008302000000000000830000000000A7
:10D18000000200008302000000000000838203C14F
:10D190000003000083020000000000008300800004
:10D1A000000200008302800000000000838203C1AF
:10D1B0000003000083020000000000008300000064
:10D1C000000000000000000000000000000000005F
:10D1D000000100000100000000000000000000004D
:10D1E00000010082838320000000008283C101C10E
:10D1F000008200828383000000000084A1829000EE
:10D20000000000010082838320000000008283C1AF
:10D2100001C10082008283830000000000844182FB
:10D220002000000100828383C0000000008283C1CF
:10D2300001C1008200828383000000000084058217
:10D2400000000000002000C10000000000000000FD
:10D2500000000082000000A00000000000080000A4
:10D2600090C0838301000141000082820182C1835A
:10D27000C083838200010183000082820088000154
:10D2800088C00000838301000120000082820182A7
:10D29000C183C08383820001018300008282000079
:10D2A000010140028383010401C1000082820182E6
:10D2B000C183C08383820101018300008282000256
:10D2C000000120030000200000C100000000000059
:10D2D0000000000000A0110000000000000000009D
:10D2E00000000091028341000221000000800480C0
:10D2F000C183808302C0110302830000008000000C
:10D30000050300830000028341000220000000802A
:10D310000480C183808302C0110302830000008067
:10D320000000210380030283418002C100000080CD
:10D330000480C183808302A0200302830000008058
:10D3400000802103004100000000000000000000F8
:10D350000000000012008100001300001200000015
:10D360000000000000000000000000001242000069
:10D3700000000000124281480013C2001242000067
:10D3800000000000124200000000000000001242F5
:10D39000000000000000124281480013C200124247
:10D3A00000000000000012420000000000001242D5
:10D3B000000000000000124281480013C200124227
:10D3C0000000000000001242000000000000000009
:10D3D000000000000000000000000000000000004D
:10D3E000000000000000000000000000000000003D
:10D3F000000000000000000000000000000000002D
:10D40000000000000000000000000000000000001C
:10D41000000000000000000000000000000000000C
:10D4200000000000000000000000000000000000FC
:10D4300000000000000000000000000000000000EC
:10D4400000000000000000000000000000000000DC
:10D4500000000000000000000000000000000000CC
:10D4600000000000000000000000000000000000BC
:10D4700000000000000000000000000000000000AC
:10D48000000000000000000000000000000000009C
:10D49000000000000000000000000000000000008C
:10D4A000000000000000000000000000000000007C
:10D4B000000000000000000000000000000000006C
:10D4C0000000000000000000000000002EDE000050
:10D4D000000000000000000000000000000000004C
:10D4E000000000000000000000007B74AEDE0000C1
:10D4F000000000000000000000000000000000002C
:10D50000000000000000000000007B750000AEDE9F
:10D51000000000000000000000000000000000000B
:10D520000000000000000000000000007B75AEDE7F
:10D5300000000000000000000000000000000000EB
:10D540000000000000000000000000007B75866EF7
:10D55000C002000000000000408C07000000000036
:10D560000000300200000000000040037661866F7A
:10D57000C002000000000000408C07000000000016
:10D58000000030020000000000004003F6610000CF
:10D59000866FC002000000000000408C0700000001
:10D5A0000000000030020000000000004003F661AF
:10D5B000866FC002000000000000408C07000000E1
:10D5C0000000000030020000000000004003F6618F
:10D5D0000000200004000000200004021100A00050
:10D5E0000000040080008201000000000000000034
:10D5F000800020000000000004000400040000007F
:10D60000000104000200842000002000000000004F
:10D6100000000400040000000400400000000000BE
:10D620000000000000004000040004200401040089
:10D63000042000000000000004000420802080007E
:10D64000400000000000000004000400040000008E
:10D650000402000000000000A00000002080000084
:10D660000200000000002000020400008200000010
:10D670000000020001040000000500000005820017
:10D680000000000804000100058000000000000008
:10D690000000000001000100000001000000000087
:10D6A00000000000000000000000000001800320D6
:10D6B0000100C1800000040000000000008004831D
:10D6C0000400200000000000000000000000000036
:10D6D000000000800000000000830000000800003F
:10D6E00000000002000000000000000000000084B4
:10D6F0000008000000000000000000000000000022
:10D700000000000000000000000000000000000019
:10D710000000000000C00020000000200001000008
:10D7200000000000000000000000000000000000F9
:10D7300000000000000000000000000000000000E9
:10D7400000000020000300000000000800000000AE
:10D75000000000000000000004000040040000037E
:10D76000000000000000000000110002000000089E
:10D770000008000800000008000000000010000081
:10D780000000000000000000000000000000000099
:10D790000000000000000000008000110080002058
:10D7A0000000000000080010001000100000000041
:10D7B0000000000000000000000000000000000069
:10D7C00000000000008000200008000800000000A9
:10D7D00000000000000000000483000000020002BE
:10D7E00010010000C00040000000000000004108DF
:10D7F000000000000500020000000000110082008F
:10D8000091000000020080000000000000012100E3
:10D810000000000000000000000000000000000008
:10D820000000000000000008008400000300100059
:10D8300011008000800080018020000000000000B6
:10D84000030080000000000085002100000080002F
:10D850001100000000000000000000020000008035
:10D86000008000020000030001000008000000002A
:10D870000000004100001000010000000010000046
:10D88000210020000000010002000000000000084C
:10D890000000000000000000000500000000000083
:10D8A00000000000000084000000000000000041B3
:10D8B000000010410400040004200488000000005F
:10D8C0000000C0000400840000000400000000000C
:10D8D00040001000000000000000000000002000D8
:10D8E0000000210000000000000000000000100007
:10D8F00000000000020000002100000003002000E2
:10D9000000001100050002000400050000000000F6
:10D910000200000000000000000000000000000005
:10D92000000141000800100010001000200003005A
:10D9300000000000040000000001000000001000D2
:10D940000000000020000000000000004000000077
:10D95000000009001000000000001000000010028C
:10D960000008000000410020000000080000000046
:10D97000A000002010000320000800200000840008
:10D980000000100000000021041100001000000041
:10D990000000000000000000000000000000000087
:10D9A0000000002000000100400200000000000014
:10D9B0000000000040000002000000200000000005
:10D9C00090000000000000000000000000000000C7
:10D9D0000000000000000000000000000000000047
:10D9E00000400001210021400002050203820002E4
:10D9F00003000001000021A02000100020002000F2
:10DA000005001000000021C00000000000102000F0
:10DA10000000000000408000000000A01100800015
:10DA200000000000000041000000000003000500AD
:10DA3000000000001000410005000420100100203B
:10DA400000000000000000000500000000000000D1
:10DA50000000000800001000410000000000000865
:10DA6000000000800002001100800080008900009A
:10DA700000801000004000030000012100000100B0
:10DA80000109000000218400840000000000000063
:10DA9000A1000000000000A1100000000000000034
:10DAA0000200000000001000000000000000000064
:10DAB0000000000000008421002188000180002077
:10DAC00000800000000000000000840084000000CE
:10DAD000A000840800800000000010410000000049
:10DAE000000010102000410021022102000000006F
:10DAF00009020000210041001004418802080001D1
:10DB0000020010200582410000002100050485402C
:10DB100020002010001000000000109000040040C1
:10DB200000840590000000000210040002000000C4
:10DB30000300000005000000100810004100000074
:10DB400000900020040020002000000041000000A0
:10DB50000000000040004100000000000000000044
:10DB60000000002000000010000004A00090002031
:10DB70000008028000210021000900009040000000
:10DB800000040100000000000000000004210080EB
:10DB900020800100000000000010000000000004D0
:10DBA000000000000000000000000180C100010032
:10DBB0000000002100000000000000000000000044
:10DBC0000020000000030100000000000000000031
:10DBD0008800000000008400000000000000000039
:10DBE00000000000000000000082800005410000ED
:10DBF00000002040411000000000800003000000F1
:10DC00000083838940800080000300090000000039
:10DC10000003410900000000200020004100020034
:10DC200000000000000000000000000000000900EB
:10DC300000000000000000000000000000000000E4
:10DC400000000000200003000000000000000000B1
:10DC500000000000200000000000000000000000A4
:10DC600000002009000900211002009102880088AC
:10DC7000008800008901010100000000020000008E
:10DC800000000009044101C00020009100C100C053
:10DC900000C0000100010000000089009100820026
:10DCA0000000000000000000000000000000C000B4
:10DCB0002000000000000000000000000000000044
:10DCC0000000000000C0C102A00200A0000000008F
:10DCD00000000000000001008800000000000000BB
:10DCE0000000000001000000000001000400A0018D
:10DCF000A0040200890083004008A1000000000089
:10DD000001000105A00040000300A1010000000087
:10DD100001000101C00008002100A1010500400828
:10DD2000C100900000000000000000000000004062
:10DD300000000020000400000000000000000000BF
:10DD400000000000000002004000C00004020000CB
:10DD50000000000000000082000000C00000000081
:10DD6000008200000000000000C1000100008000EF
:10DD700080200400A121200040418080030900058B
:10DD800000002100030900008000A1000309000039
:10DD900000002100030900008000A1000309A00089
:10DDA0009180A104100200000000000000000000AB
:10DDB000000900000000000000000000000000005A
:10DDC00000000000000000000005800080000080CE
:10DDD0000000000000000000008000000080000043
:10DDE0000000008000080000000000C000050002E4
:10DDF00000808080020400050080050021A08005CD
:10DE0000000000000089808000800000008900037D
:10DE10000080008009890003008000800009000361
:10DE20000010000220210009000000000000000096
:10DE3000000000000480038000800000000000005B
:10DE400000000000000000000000000020008380AF
:10DE500000000000000000000000000003000000BF
:10DE6000000000000000000080004105004000416B
:10DE70002041A00290209102004084080004010982
:10DE8000049000C0000200110804004000A0C00976
:10DE9000002100028220830500050040000200C12D
:10DEA00000A1000300A0018904A0000200020002FA
:10DEB000000200000010012000022082000000008B
:10DEC000000000000000000000000000008405C009
:10DED0000240C0020000000000000000000000003E
:10DEE0000000A00000000000000020000000000171
:10DEF00000000000014000000000002000000000C1
:10DF000000000000080020C0A000020001880104F9
:10DF10000000000401880104000000000501C002A7
:10DF2000C0002182010101900000000000000000FB
:10DF300000000000000082208220C000A00000003D
:10DF40000000000000000000000000000000402170
:10DF5000A000A0000202000000000000000000007D
:10DF600000000000000000000100000001000000AF
:10DF70000100000000004080410000000000052179
:10DF8000100000000000800000800000800003807E
:10DF900004000000008003800400000000008320D3
:10DFA0000000000010800203400003004100000058
:10DFB00000000000000000008000008080000000E1
:10DFC0000000000000000000000000000000000051
:10DFD00080820000800000000000000000000000BF
:10DFE000000000000000000004004100400020008C
:10DFF00003001000030021000000000000000000EA
:10E00000000000000000000000410000C20000000D
:10E0100000410000C200000000410000C2000000FA
:10E0200000410000C20000880A00001300008100C7
:10E03000000000000000000000000A0000130000C3
:10E0400000000000000000000000000000000000D0
:10E05000000081000013000000000000000000002C
:10E0600000000A000013000006000000000000008D
:10E070004200000000000000000000FFFF0000FF61
:10E08000FF0000FFFF0000FFFF0000000000FF0096
:10E09000FF00FF000000FF000000FF000000FF0085
:10E0A00000003C3C0000FF0000000004000042C2F1
:10E0B00042CB000000000000000000000000000053
:10E0C0000000000000000000000000000000000050
:10E0D0000000000000000000000000000000000040
:10E0E0000000000000000000000000000000000030
:10E0F000000000003C3C0C2436F6360600FFFF0012
:10E1000000FFFF0000FFFF0000FFFF000000000015
:10E11000FF00FF00FF000000FF000000FF00000004
:10E12000FF0000003C3C0000FF0000000000000079
:10E13000DBC2DBCB0000000000000000000000009C
:10E1400000000000000000000000000000000000CF
:10E1500000000000000000000000000000000000BF
:10E1600000000000000000000000000000000000AF
:10E170000004000000003C3C002436063606000087
:10E18000000000000000000000000000000000008F
:10E19000000000000000000000000000000000007F
:10E1A000000000000000000000000000000000006F
:10E1B000000000000000000000000000000000005F
:10E1C000000000000000000000000000000000004F
:10E1D000000000000000000000000000000000003F
:10E1E000000000000000000000000000000000002F
:10E1F000000000000000000000000000000000001F
:10E20000F0F00F0F00FFFF00F00FF00F3C3C333336
:10E2100000000000000000FF000000FF000000FF01
:10E22000000000FF000000FF000000FFFFFFFF00F4
:10E23000000000000F0FCF0C0000000000000000E5
:10E2400000000000000000000000000000000000CE
:10E2500000000000000000000000000000000000BE
:10E2600000000000000000000000000000000000AE
:10E2700000000000000000000000084888C80000FE
:10E280000000F0F00F0F00FFFF00F00FF00F3C3C1C
:10E29000333300000000000000FF000000FF00001A
:10E2A00000FF000000FF000000FF000000FFFFFF74
:10E2B000FF00000000000F0FCF0C00000000000066
:10E2C000000000000000000000000000000000004E
:10E2D000000000000000000000000000000000003E
:10E2E000000000000000000000000000000000002E
:10E2F000000000000000000000000000004080C09E
:10E30000000000000286016000B40840028601603F
:10E3100000B442400086007C30B04803C0C7C07CD7
:10E3200030B04903C0C7C07C30B04903C0C7C07C0F
:10E3300030B04103008600E00190000000860060DC
:10E3400000B000000000008600E003B00000000004
:10E350000000000000000000000000000000008637
:10E360000080018000000000000000000000008626
:10E3700000E003B000000100000000000000000009
:10E380000C00000000000000000000C0A0C0000061
:10E3900000001717FF17F4E0F4E0AAAAAAAA0000E9
:10E3A0000000BEBC020000000000FF00CFC0030060
:10E3B000F3FFF0F0C3F000000000BA10BF1500003A
:10E3C0000000FF00FCC00000C35055030AC3A300B7
:10E3D000000000000000000000000000000000003D
:10E3E000717D714180C1BCFD000000000000000093
:10E3F000000000000000000000000000000000001D
:10E40000000000000000000000000000000000000C
:10E410000000000017170017FFEB1400BFBC83803B
:10E4200000000000FFFD434100000000FF00CFC0DE
:10E430000300F3FFF0F0C3F000000000FA00FF0556
:10E4400000000000FF00FCC00000C35F55F3FAC3EA
:10E45000A3FF00000000000000000000000000001A
:10E46000000071557155F0F0F0F000000000000060
:10E47000000000000000000000000000000000009C
:10E4800000000000000000000000FFFFFFFF03008D
:10E49000828200000000FFFF30FF0000000000004B
:10E4A0000000FF3F3C3C55553C5C00000000000074
:10E4B000000000000000FF00FF000000000000005E
:10E4C0003F3F0000000000000000000000000000CE
:10E4D000000000000000000000000000000000003C
:10E4E00000000000EB41E1E1B4A0B4F50000000041
:10E4F000000000000000000000000000000000001C
:10E50000000000000000000000000000FFFFFFFE10
:10E510000300828200000000000000CF0000000025
:10E520000000000000303C3C55553C5C0000000100
:10E530000000000000000000F330AAAA0000000064
:10E5400000000F3F0000000000000000000000007D
:10E5500000000000000000000000000000000000BB
:10E56000000000000000EB41C3C3F0A0F0F5000084
:10E57000000000000000000000000000000000009B
:10E58000000000000000000000000000000000008B
:10E59000840002000401400080000002840080002A
:10E5A000A0104000000000002000000021004000FA
:10E5B00040008400A00000000000000000001100E6
:10E5C0000000110021000000840011000000000084
:10E5D0000000000004000400000000002001000111
:10E5E00004000000040002000001000004410000DB
:10E5F00000000000000000000000110000200001E9
:10E600000000000004000000000000000000000006
:10E610000000020001000120010502000084020048
:10E6200040000200010000000000040000000000A3
:10E630000100010040044100000000000000000053
:10E6400000000000000000000000050000000000C5
:10E6500000000000040404000000000000000104A9
:10E660000004900000000000000000100000C0C086
:10E670000000000000000000040000000000008016
:10E68000002000000000000000000000000000006A
:10E690000000000100000000000100000000000078
:10E6A000000000000000000000000000000000006A
:10E6B0000000000000000001000000000000000059
:10E6C00000000000000000000000000080000000CA
:10E6D000000000C00000000000000000000000007A
:10E6E000000000000000000000000000000000002A
:10E6F000000000000000000000000000000000001A
:10E700000000000000000000000000000000000009
:10E710000000000000100003001000200010001096
:10E720000003002100000021001000000000001084
:10E73000000000100000000004400000000800106D
:10E740000000000000000010001000000021041173
:10E7500000000010000000000000000000000000A9
:10E760000010000000000000001100100000000078
:10E770000000000000100000001000000000000079
:10E780000010000000000000000000100000000069
:10E79000000000000008000880C000000409000814
:10E7A00000000000100000008010000002000010B7
:10E7B00000000000000800000082800080000000CF
:10E7C00040000008050800000000000000000000F4
:10E7D0000020000000000000000000000000000019
:10E7E00000840000050000000000000000000000A0
:10E7F00000C0000000000000000000000000000059
:10E80000800000000400000005000000000000007F
:10E81000000000000000000000084000000001208F
:10E82000C0001000000010000000400010000100B7
:10E8300000000000840010800000000020000200A2
:10E8400000000100C00010000000000000000000F7
:10E85000000000800000A000000000000000000098
:10E86000000000000000000000000000C0000000E8
:10E870001000000000000000000000000000100078
:10E8800000002000C00001000000000000000000A7
:10E8900000000000002100000000400020001000E7
:10E8A00010001000400004000000100000000000F4
:10E8B0004000000003001100100020008000020052
:10E8C00080000000000005000000000010000000B3
:10E8D000000000010000000080000000100009009E
:10E8E0001000000000000000000000000000000018
:10E8F0000000000000001000000000000000000008
:10E900000000000000000000000000000000000007
:10E9100000000000000000001000000001000000E6
:10E9200000000000000001000003000000000000E3
:10E930000000000000000000100010000100200096
:10E940000111200000000000000000000000000095
:10E950000000000000400000000004000000000073
:10E9600000000000000000000002000000000000A5
:10E970000000000000000000000000000000000097
:10E980000002000000000000000000000000000085
:10E990000000000000000000000000000000000077
:10E9A000030000A0400103A0050041820000000018
:10E9B00000004100000100000000410000000008CC
:10E9C00080080000000000A041840000000000005A
:10E9D00000004100000000000400000400000000EE
:10E9E00000000010000000A0000000000000000077
:10E9F0000000000000000000000000000000000017
:10EA000000000000000005100000000000000000F1
:10EA100000C000000000000000000000000000A096
:10EA2000000000000000012000008400C000100071
:10EA3000C0000000102100020000C000000510000E
:10EA40000000020000211000100000000008C000BB
:10EA50008400002110000000000011000080000070
:10EA600000000000C0000000840000000000000062
:10EA7000000000000000C0000008000000000000CE
:10EA80000000000000000000000000000000000086
:10EA9000000000000000840000008400000000006E
:10EAA0008400000220044020850002842000418868
:10EAB0000500008200821000410800000000008470
:10EAC0001000000010008900100109000500000876
:10EAD000000000400040000000000000008800002E
:10EAE0001000000000820000100000000000000084
:10EAF0000000000202000000000000000000000012
:10EB00000000020000000000100000008200000071
:10EB100010000000100000020000100000000000C3
:10EB200000000000000000000100020000000000E2
:10EB300000000000000000000000100000000000C5
:10EB40000000000000000000200000100000000095
:10EB50000000000000800000000000000000000035
:10EB600000000000000000000000000000000000A5
:10EB70000000000000000000000000000000000095
:10EB80000000000001000000000000000000200064
:10EB90000000000000000000000000000000000075
:10EBA00000000000000000080040040000000040D9
:10EBB0000510410000000004204005000000000096
:10EBC00000000000000080000904000000000000B8
:10EBD00000000000000000000000008000000808A5
:10EBE000094002020941000000000000000000008E
:10EBF0000000000000000000000000000000000015
:10EC000000000000110000000000000000000000F3
:10EC100000000000000000000000000000000000F4
:10EC200000000000000000000001020100000000E0
:10EC30000001A0010100000000010001000000002F
:10EC40000000000000000000900001010000000032
:10EC5000000000000000000000C000A0000200084A
:10EC60000191C18900080189000000000000000036
:10EC70000000000000000000000000000000000094
:10EC800000000000880000000000000000000000FC
:10EC900000000000000088000000000000000000EC
:10ECA000000000000000000000008200100003408F
:10ECB00082A000000001000001030001000001002B
:10ECC00001C10000000001000100020020008800D6
:10ECD000208800000100000000000000000000008B
:10ECE00000008201C1C00289110000000000000084
:10ECF0000000000000000000000000000000000014
:10ED000000000000A000100040028200000000008F
:10ED1000000000000000000000A000000000000053
:10ED20000000000000000000000000000020802122
:10ED3000A000A1210002001002001090002000217C
:10ED4000200003C002004100080020000011001054
:10ED5000000080044100100041000200000000009B
:10ED6000000000000402400002C189000000000011
:10ED70000000000000000000000000000003000090
:10ED80000000000000000000800080808000000083
:10ED90000000000000000000000000000000000073
:10EDA00000000000000000000000000000000080E3
:10EDB00000802020004100800091410200008080FE
:10EDC00000002120004100000000000000008080C1
:10EDD0000091118000000000000000000000000011
:10EDE00080000000000005C08084210240C00000B7
:10EDF00000000000000000000000000020000000F3
:10EE00000000000000000000008000000080008082
:10EE100000000000000000008000000000008000F2
:10EE200000000000000000000000000000000000E2
:10EE300020020008000300059002000201A000A0CB
:10EE400020020002002100A100000000000040009C
:10EE5000824000C1002002A000000000000000006D
:10EE600000001000040000000189888900820189E7
:10EE70000000000000000000000000000000010091
:10EE8000200000000000000000000010008400844A
:10EE900000020000000000000000820000000000EE
:10EEA000040000000000000000000000000000005E
:10EEB0000000A1210982C00088020300C0100200E6
:10EEC000C001A100A0820200A0000000000100011A
:10EED0000000828804048401110800000000000082
:10EEE00000000000000000000000C1850303830152
:10EEF000C1C000000000000000000000000000C0D1
:10EF0000000000000000000000000000009100026E
:10EF1000000000C00000000000000000000000C071
:10EF200000000000000000000000000000000000E1
:10EF300000000000401004000000008090000280EB
:10EF400000000011C00003408000000000000041EC
:10EF50000008000080838000800291800000000093
:10EF60000000000000000000000000000985090901
:10EF7000020241000000000000000000000000004C
:10EF80000080000000000000000000000000009170
:10EF90000080000000800000000000000000000071
:10EFA0000000000000000000000000000000000061
:10EFB0000000000000000A00001300000000000034
:10EFC0000000000000000000000000000000000041
:10EFD00000000000000006600013C20041000000B5
:10EFE000000000000000000000000000000021847C
:10EFF0000013C2000000000000000000000000003C
:10F0000000000000C200000000000000000000003E
:10F010004100001300040000000000000000000098
:10F0200000420013C2000A000000000000000000BF
:10F03000000000000000000000FFFF0000FFFF00D4
:10F0400000FFFF000FF00FF000FFFF0000FFFF00C8
:10F0500000000000000000003C3C00000F0F00001A
:10F0600000000000000000000000000000000000A0
:10F070000F4FFF7F5F5F7F5F000000000000000018
:10F080000000000000000000000000000000000080
:10F090000000000000000000000000000000000070
:10F0A0000000000000000000000000000000000060
:10F0B0000000000000000000000000FFFF0000FF53
:10F0C000FF0000FFFF000FF00FF000FFFF0000FF48
:10F0D000FF0000000000000000003C3C00000F0F9B
:10F0E0000000000000000000000000000000000020
:10F0F00000000F0FFFFF5F5F4F5F00000000000088
:10F1000000000000000000000000000000000000FF
:10F1100000000000000000000000000000000000EF
:10F1200000000000000000000000000000000000DF
:10F1300000000000000000000000000000FFFF00D1
:10F1400000FFFF0000FFFF0000FFFF0000FFFF00C7
:10F15000AA55AAAA00000000208010400000FF006D
:10F160000000FFFF000000000CCF0F0F00000000A8
:10F1700000000000FFFFFFFFFFFFFFFF0000000097
:10F18000000000000000000000000000000000007F
:10F19000000000000000000000000000000000006F
:10F1A000000000000000000000000000000000005F
:10F1B000000000000000000000000000000000FF50
:10F1C000FF0000FFFF0000FFFF0000FFFF0000FF47
:10F1D000FF00AA55AAAA00000000080204010000CE
:10F1E000FF0000000000000000000CCF0F0F000027
:10F1F0000000000000003E3C343CFF7F0020000087
:10F2000000000000000000000000000000000000FE
:10F2100000000000000000000000000000000000EE
:10F2200000000000000000000000000000000000DE
:10F2300000000000000000000000000000000000CE
:10F240000286016003940C400286016000B408400D
:10F250000286016000B4424000000000000000008F
:10F26000A882547CA3B200150000000000000080BA
:10F270000086006000B000000086002C03800000C3
:10F280000000000000000000000000000010A000CE
:10F29000000500000000000000000006006003B050
:10F2A00000000000000000000000A08E00FC00B084
:10F2B000000000000000000000000000000000004E
:10F2C0000000F078F07800000006EFE3AFA000FF48
:10F2D00055550404070400FF2C7C000000000000CA
:10F2E0000000F0F0BE3EFF00FCC000000000000087
:10F2F00000000000000000000000FCF8FCFC08FF1B
:10F30000FDFF000000000000000000000000000001
:10F3100000000000000000000000000000000000ED
:10F3200000000000000000000000000000000000DD
:10F3300000000000000000000000000000000000CD
:10F3400000000000FF7D0028000000902C20AFA0EE
:10F350000CCF4D4DF4F7F7F700FF2C7C00000000B8
:10F36000000000000000BEBEFF00FCC00000000066
:10F37000000000000000000000000000FCF8FCFCA1
:10F3800000FFFFFF00000000000000000000000080
:10F39000000000000000000000000000000000006D
:10F3A000000000020000000000000000000000005B
:10F3B000000000000000000000000000000000004D
:10F3C000000000000000000000005F5F00AA0000D5
:10F3D000000000000000000000000000000000002D
:10F3E00000000000000000000000000000440000D9
:10F3F0000000000000002008800200000000000063
:10F400001000FFFFFFFF00000000000000000000F0
:10F4100000000000000000000000000000000000EC
:10F4200000000000FF7F00C300000000000000009B
:10F4300000000000000000000000000000000000CC
:10F440000000000000000000000000005F5F2828AE
:10F4500000000000000000000000000000000000AC
:10F460000000000000000000000000000000008814
:10F470000000000000000000100440010000000037
:10F4800000001000383C3D3C00000000000000007F
:10F49000000000000000000000000000000000006C
:10F4A000000000000000FF3C00C30000000000005E
:10F4B000000000000000000000000000000000004C
:10F4C00000000000000000000000000000000090AC
:10F4D00021000000000000000400000020000000E7
:10F4E00020000000000000000000000000000000FC
:10F4F00004000000210000000000000000000000E7
:10F5000000000000000000000000000000000000FB
:10F5100000000000000000000000000000000000EB
:10F5200000000000000000000000000000000000DB
:10F5300000000000000000000000000000000000CB
:10F5400000000000000000000000000000000000BB
:10F5500000000400000000000000000000000000A7
:10F56000000000000000000000000000000000009B
:10F570000000000000000000000000000000000289
:10F58000000000000000000000000000000000007B
:10F590000000000000000000020000000000000069
:10F5A0000000000000000005000000000000000056
:10F5B000000000000000000000000000000000004B
:10F5C000000000000000000000000000000000003B
:10F5D000000000000000000000000000000000002B
:10F5E000000000000000000000000000000000001B
:10F5F000000000000000000000000000000000000B
:10F6000000000000000000000000000000000000FA
:10F6100000000000000000000000000000000000EA
:10F6200000000000000000000000000000000000DA
:10F6300000000000000000000000000000000000CA
:10F6400000000000000000000000000000000000BA
:10F6500000000000000000020000000000000000A8
:10F660000010000000000010000000000011000069
:10F670000000000200000000000000000000000088
:10F68000000800000008001000000000000000005A
:10F690000000000000000000040000000000000066
:10F6A0000000000000000000001000000000000842
:10F6B0000000000000000008000000000000000042
:10F6C000000000000000000000100000000000002A
:10F6D0000000000000100000000000000000080012
:10F6E000000000000000001000000000000000000A
:10F6F000000000000000000000000000000000000A
:10F700000000008200000000410000000000000036
:10F7100000000000000041000000000000000000A8
:10F7200000000000000000000000000000000000D9
:10F7300000000000000000000000000000000000C9
:10F7400000000000000000000000000000000000B9
:10F75000000000000000001000030000000000088E
:10F760000000000000000000000000000000000099
:10F770008400840000000000000000000000000081
:10F7800084000000C0000000000010000000000025
:10F790000021000000000000000300000000000045
:10F7A0000000000000000000000000000000000059
:10F7B0000000000000000000000000000000000049
:10F7C0000000000000000000000000000000000039
:10F7D0000000000000000000000000000000000029
:10F7E0000000000000000000000000000000000019
:10F7F0000000000000001100009000000200000066
:10F8000000000000000000001000000000000000E8
:10F8100000000000000000000000000000000000E8
:10F8200000001000000000000000000000000000C8
:10F8300000000000000000000000000000000000C8
:10F8400000000000000000000000000000000000B8
:10F8500000000000000000000000000000020000A6
:10F860000000000000000000000000000000000098
:10F870000000000000000000000000000000000088
:10F880000000000000000000000000000000000078
:10F890000000000000000000000000000000000068
:10F8A0000000000000000000000000000000000058
:10F8B0000000000000000000000000000000000048
:10F8C0000000000000000000000000000000000038
:10F8D0000000000000000000000000000000000028
:10F8E0000000000000000000000000000000000018
:10F8F0000000000000000000000000000000000008
:10F9000000000000000000000000000000000000F7
:10F9100000000000000000000000000000000000E7
:10F9200000000000000000000000000000000000D7
:10F9300000000000000000000000000000000000C7
:10F9400000000000000000000000000000000000B7
:10F950000000000000000000000000008400001112
:10F96000000000000000000000080000000000008F
:10F970000000000000210000000000000005000061
:10F980000000002100000000000010000000000046
:10F990000021000000000000000000210000000025
:10F9A0000000000000000000000000000000000057
:10F9B000000000000000000000030000000800003C
:10F9C0000000000000000000000000000000000037
:10F9D0000000000000000000000000000000000027
:10F9E0000000008400000000000000000000000093
:10F9F0000000090010000000000000000000008866
:10FA000000000200000000000000000000400000B4
:10FA100000000000000000000000001000000000D6
:10FA20000000000000100040000000000000000086
:10FA300000000000000000000000000000000000C6
:10FA400000000000000000000000000000000000B6
:10FA500000000000000000000000000000000000A6
:10FA6000000000008800000000000000000000000E
:10FA70000000000000000000000000000000000086
:10FA80000000000000000000000000000000000076
:10FA90000000000000000000000000000000000066
:10FAA0000000000000000000000000000000000056
:10FAB0000000000000000000000000000000000046
:10FAC0000000000000000000000000000000000036
:10FAD0000000000000000000000000000000000026
:10FAE0000000000000000000000000000000000016
:10FAF0000000000000000000000000000000000006
:10FB000000000000000000000000000000000000F5
:10FB100000000000000000000000000000000000E5
:10FB200000000000000000000000000000000000D5
:10FB300000000000000000000000000000000000C5
:10FB400000000000000000000000000000000000B5
:10FB500000000000000000000000000000000000A5
:10FB60000000000000000000000000000000000095
:10FB70000000000000000000000000000000000085
:10FB80000000000000000000000000000000000075
:10FB90000000000000000000000000000000000065
:10FBA0000000000000000000000000000000000055
:10FBB0000000000000000000000000000000000045
:10FBC0000000000000000000000000000000000035
:10FBD0000000000000000000000000000000000025
:10FBE0000000000000000000000000000000000015
:10FBF0000000000000000000000000000000000005
:10FC000000000000000000000000000000000000F4
:10FC100000000000000000000000000000000000E4
:10FC200000000000000000000000000000000000D4
:10FC300000000000000000000000000000000000C4
:10FC400000000000000000000000000000000000B4
:10FC500000000000000000040000000000000000A0
:10FC60000000000000000000000000000000000094
:10FC70000000000000000000000000000000000084
:10FC80000000000000000000000000000000000074
:10FC90000000000000000000000000000000000064
:10FCA0000000000000000000000000000000000054
:10FCB0000000000000000000000000000000000044
:10FCC0000000000000000000000000000000000034
:10FCD00000000000000000000080000000000000A4
:10FCE0000000000000000000000000000000000014
:10FCF0000000000000000000000000000000000004
:10FD000000000000000000000000000000000000F3
:10FD100000000000000000000000000000000000E3
:10FD200000000000000000000000000000000000D3
:10FD300000000000000000000000000000000000C3
:10FD400000000000000000000000000000000000B3
:10FD500000000000000000000000000000000000A3
:10FD60000000000000000000000000000000000093
:10FD70000000000000000000000000000000000083
:10FD80000000000000000000000000000000000073
:10FD90000000000000000000000000000000000063
:10FDA0000000000000000000000000000000000053
:10FDB0000000000000000000000000000000000043
:10FDC0000000000000000000000000000000000033
:10FDD0000000000000000000000000000000000023
:10FDE0000000000000000000000000000000000013
:10FDF0000000000000000000000000000000000003
:10FE000000000000000000000000000000000000F2
:10FE100000000000000000000000000000000000E2
:10FE200000000000000000000000000000000000D2
:10FE300000000000000000000000000000000000C2
:10FE400000000000000000000000000000000000B2
:10FE500000000000000000000000000000000000A2
:10FE60000000000000000000000000000000000092
:10FE70000000000000000000000000000000000082
:10FE80000000000000000000000000000000000072
:10FE90000000000000000000000000000000000062
:10FEA0000000000000000000000000000000000052
:10FEB0000000000000000000000000000000000042
:10FEC0000000000000000000000000000000000032
:10FED0000000000000000000000000000000000022
:10FEE0000000000000000000000000000000000012
:10FEF0000000000000000000000000000000000002
:10FF000000000000000000000000000000000000F1
:10FF100000000000000000000000000000000000E1
:10FF200000000000000000000000000000000000D1
:10FF300000000000000000000000000000000000C1
:10FF400000000000000000000000000000000000B1
:10FF500000000000000000000000000000000000A1
:10FF60000000000000000000000000000000000091
:10FF70000000000000000000000000000000000081
:10FF80000000000000000000000000000000000071
:10FF90000000000000000000000000000000000061
:10FFA0000000000000000000000000000000000051
:10FFB0000000000000000000000000000000000041
:10FFC0000000000000000000000000000000000031
:10FFD0000000000000000000000000000000000021
:10FFE0000000000000000000000000000000000011
:10FFF0000000000000000000000000000000000001
:020000040003F7
:1000000000000000000000000000000000000000F0
:1000100000000000000000000000000000000000E0
:1000200000000000000000000000000000000000D0
:1000300000000000000000000000000000000000C0
:1000400000000000000000000000000000000000B0
:1000500000000000000000000000000000000000A0
:100060000000000000000000000000000000000090
:100070000000000000000000000000000000000080
:100080000000000000000000000000000000000070
:100090000000000000000000000000000000000060
:1000A0000000000000000000000000000000000050
:1000B0000000000000000000000000000000000040
:1000C0000000000000000000000000000000000030
:1000D0000000000000000000000000000000000020
:1000E0000000000000000000000000000000000010
:1000F0000000000000000000000000000000000000
:1001000000000000000000000000000000000000EF
:1001100000000000000000000000000000000000DF
:1001200000000000000000000000000000000000CF
:1001300000000000000000000000000000000000BF
:1001400000000000000000000000000000000000AF
:10015000000000000000000000000000000000009F
:10016000000000000000000000000000000000008F
:10017000000000000000000000000000000000007F
:10018000000000000000000000000000000000006F
:10019000000000000000000000000000000000005F
:1001A000000000000000000000000000000000004F
:1001B000000000000000000000000000000000003F
:1001C000000000000000000000000000000000002F
:1001D000000000000000000000000000000000001F
:1001E000000000000000000000000000000000000F
:1001F00000000000000000000000000000000000FF
:1002000000000000000000000000000000000000EE
:1002100000000000000000000000000000000000DE
:1002200000000000000000000000000000000000CE
:1002300000000000000000000000000000000000BE
:1002400000000000000000000000000000000000AE
:10025000000000000000000000000000000000009E
:10026000000000000000000000000000000000008E
:10027000000000000000000000000000000000007E
:10028000000000000000000000000000000000006E
:10029000000000000000000000000000000000005E
:1002A000000000000000000000000000000000004E
:1002B000000000000000000000000000000000003E
:1002C000000000000000000000000000000000002E
:1002D000000000000000000000000000000000001E
:1002E000000000000000000000000000000000000E
:1002F00001000000000000000000000000000000FD
:1003000000000000000000000000000000000000ED
:1003100000000000000000000000000000000000DD
:1003200000000000000000000000000000000000CD
:1003300000000000000000000000000000000000BD
:1003400000000000000000000000000000000000AD
:10035000000000000000000000000000000000009D
:10036000000000000000000000000000004000004D
:10037000000000000000000000000000000000007D
:10038000000000000000000000000000000000006D
:10039000000000000000000000000000000000005D
:1003A000000000000000000000000000000000004D
:1003B000000000000000000000000000000000003D
:1003C000000000000000000000000000000000002D
:1003D000000000000000000000000000000000001D
:1003E000000000000000000000000000000000000D
:1003F00000000800000000000000000000000000F5
:10040000000000000000FFFFFFFFFFFFFFFFFFFFF6
:10041000FFFFFFFFFFFFFFFFFFFFFFFFFFFFFFFFEC
:10042000FFFFFFFFFFFFFFFFFFFFFFFFFFFFFFFFDC
:10043000FFFFFFFFFFFFFFFFFFFFFFFFFFFFFFFFCC
:10044000FFFFFFFFFFFFFFFFFFFFFFFFFFFFFFFFBC
:10045000FFFFFFFFFFFFFFFFFFFFFFFFFFFFFFFFAC
:10046000FFFFFFFFFFFFFFFFFFFFFFFFFFFFFFFF9C
:10047000FFFFFFFFFFFFFFFFFFFFFFFFFFFFFFFF8C
:10048000FFFFFFFFFFFFFFFFFFFFFFFFFFFFFFFF7C
:10049000FFFFFFFFFFFFFFFFFFFFFFFFFFFFFFFF6C
:1004A000FFFFFFFFFFFFFFFFFFFFFFFFFFFFFFFF5C
:1004B000FFFFFFFFFFFFFFFFFFFFFFFFFFFFFFFF4C
:1004C000FFFFFFFFFFFFFFFFFFFFFFFFFFFFFFFF3C
:1004D000FFFFFFFFFFFFFFFFFFFFFFFFFFFFFFFF2C
:1004E000FFFFFFFFFFFFFFFFFFFFFFFFFFFFFFFF1C
:1004F000FFFFFFFFFFFFFFFFFFFFFFFFFFFFFFFF0C
:10050000FFFFFFFFFFFFFFFFFFFF000000000000F5
:1005100000000000000000000000000000000000DB
:1005200000000000000000000000000000000000CB
:1005300000000000000000000000000000000000BB
:1005400000000000000000000000000000000000AB
:100550000000000200000000000000000000000099
:10056000000000000000000000000000000000008B
:10057000000000000000000000000000000000007B
:10058000000000000000000000000000000000006B
:10059000000000000000000000000000000000005B
:1005A000000000000000000000000000000000004B
:1005B000000000000000000000000000000000003B
:1005C000000000000000000000000000000000002B
:1005D000000000000000000000000000000000001B
:1005E000000000000000000000000000000000000B
:1005F00000000000000000000000000000000000FB
:1006000000000000000000000000000000000000EA
:1006100000000000000000000000000000000000DA
:1006200000000000000000000000000000000000CA
:1006300000000000000000000000000000000000BA
:1006400000000000000000000000000000000000AA
:10065000002000000020000000000000000000005A
:10066000000000000000000000000000000000008A
:10067000000000000000000000000000000000007A
:10068000000000000000000000000000000000006A
:10069000000000000000000000000000000000005A
:1006A000000000000000000000000000000000004A
:1006B000000000000000000000000000000000003A
:1006C000000000000000000000000000000000002A
:1006D0000000000000000000810000003800000061
:1006E000000000000000000000000000000000000A
:1006F00000000000000000000000000000000000FA
:1007000000000000000000000000000000000000E9
:1007100000000000000000000000000000000000D9
:1007200000000000000000000000000000000000C9
:1007300000001000000000000000000000000000A9
:1007400000000000000000000000000000000000A9
:100750000000000004000200000000000000000093
:100760000000000000000000000000000000000089
:100770000000000000000400000000000000000075
:100780000000000000000000000000000000000069
:100790000000000000000000000000000000000059
:1007A0000000000000000000000000000000000049
:1007B0000000000000000000000000000000000039
:1007C0000000000000000000000000000000000029
:1007D0000000000000000000000000000000000019
:1007E0000000000000000000000000000000000009
:1007F00000000000000000000000000000000000F9
:1008000000000000000000000000000000000000E8
:1008100000000000000000000000000000000000D8
:1008200000000000000000000000000000000000C8
:100830000010000000000000000000000010000098
:1008400000000000000000000000000000000000A8
:1008500000000000000000C00000000000000000D8
:1008600008000000000000008800000000000000F8
:1008700088000000000000000000000000000000F0
:100880000000000000000000000000000000000068
:100890000000000000000000000000000000000058
:1008A0000000000000000000000000000000000048
:1008B0000000000000000000000000000000000038
:1008C0000000000000000000001000100000000008
:1008D00000000010000000100000000000000000F8
:1008E00000100100000000000000051000100000D2
:1008F00000000500001000200010000000000000B3
:1009000000100000000000000000001000100010A7
:100910000010000000100041001000000000000066
:1009200000000000000000000000000000100000B7
:1009300000000000000000000000000011000000A6
:100940000000000000000000000000001100000096
:100950000000000000000000000000000000000097
:100960000000000000000000000000C000000000C7
:1009700000000010000000000002008400100010C1
:100980000000080000100000000000100008000037
:10099000000000040000200000002004000000000F
:1009A0000000000000000000000000000000000047
:1009B0000000000000000000000000000000000037
:1009C0000000000000000000000000000000000027
:1009D0000000000000000000000000000000000017
:1009E0000000000000000000000000000000000007
:1009F00000000000000000000000001000000010D7
:100A000000000010000000000000000000000000D6
:100A100000000000000000000000000000000000D6
:100A200000000000000000000000000000000000C6
:100A300000000000000000000000000000000000B6
:100A400000000000000000000000000000000000A6
:100A50000000000000000000000000100000000086
:100A60000000000000000000000000000000000086
:100A70000000000000000000000000000000000076
:100A800000000000000000840000000000000000E2
:100A900000000000000000840000000000000000D2
:100AA0000000000000000000000000000000000046
:100AB0000000000000000000000000000000001026
:100AC0000000000000000000000000000000000026
:100AD000A000000000000000000000000000000076
:100AE0000000000000000000000000000000000006
:100AF00000000000000000000000000800000000EE
:100B000000001000000000000000000000000000D5
:100B100000000000000000000000000000000000D5
:100B200000000000000000000000000000000000C5
:100B300000000000000000000000000000000000B5
:100B4000000000000000000009000000000000009C
:100B50000000000000000000000000000000000095
:100B60000002000000000000000000000000004043
:100B700000000000000000840010000000000000E1
:100B80000000000200000000000000000000000063
:100B90000000000000000000000000000000000055
:100BA0000000000000000000000000000000000045
:100BB0000000000000000000000000000000000035
:100BC0000000000000000000000000000000000025
:100BD0000000000000000000000000000000000015
:100BE0000000000000000000000000000000000005
:100BF00000000000000000000000000000000000F5
:100C000000000000000000000000000000000000E4
:100C100000000000000000000000000000000000D4
:100C200000000000000000000000000000000000C4
:100C300000000000000000100000000000000000A4
:100C400000000000000000000000000000000000A4
:100C50000000000000000000000000000000000094
:100C60000000000000000000000000000000000084
:100C700000000000000000000084000000000000F0
:100C800000840000000000840084000000000000D8
:100C90000000000000000000000000000000000054
:100CA000000000000000000000000005000000003F
:100CB0000000000000000000000000000000000034
:100CC0000000000000000000000000000000000024
:100CD000000000008200000000410000000004004D
:100CE0000000A00004000000000000000000000060
:100CF00000000000000000050000004100000000AE
:100D000000000000000000000000000000000000E3
:100D100000000000000000000005000000000000CE
:100D200008000000000000000000000000000000BB
:100D300000000000000000000000000000000000B3
:100D400000000000000000000000000000000000A3
:100D50000000000000000000000000000000000093
:100D60000000000000000000000000000000000083
:100D70000000000000000000000000000000000073
:100D80000000000000000000000000000000000063
:100D90000000000000000000000000000000000053
:100DA0000000000000000000000000000000000043
:100DB0000000000000000000000000000000000033
:100DC0000000000000000000000000000000000023
:100DD0000000000000000000000000000000000013
:100DE0000000000000000000000000000000000003
:100DF00000000000000000000000000000400000B3
:100E00000000000000900000000000000040000012
:100E100000000000000000000000000000000000D2
:100E200000000000000000000000000000000000C2
:100E300000000000000001000000000000080000A9
:100E400000000000000000000000000000000000A2
:100E50000000000000000000000000000000000092
:100E60000000000000000000000000000000000082
:100E70000000000000000088000000000000008862
:100E80000100000000000020010000000000002020
:100E90000000000000000000000000000000000052
:100EA0000000000000000000000000000000000042
:100EB0000000000000000000100000000000000022
:100EC0000000000000000000000000000000000022
:100ED0000000000000000000000000000000000012
:100EE0000000000000000000000000000000000002
:100EF0000000400000000000000040000000000072
:100F000000001000000000000000100000000000C1
:100F100000000000000000000000000000000000D1
:100F200000000000000000000000000000000000C1
:100F300000000000000000000000000000000000B1
:100F400000000000000000000000000000000000A1
:100F50000000000000000000000000000000000091
:100F60000000000000000000000000000000000081
:100F70000000000000000000000000000000000071
:100F800000000000004000000000100000200000F1
:100F90000000400000000000000000000000000011
:100FA0000000000000000000000000000000000041
:100FB0000000000000000000000000000000000031
:100FC0000000000000000000000000000000000021
:100FD0000000000000000000000000000000000011
:100FE0000000000000000000000000000000000001
:100FF00000000000000000000000000000000000F1
:1010000000000000000000000000000001000000DF
:1010100000000000000000000000000000000000D0
:1010200000000000000000000000000000000000C0
:1010300000000000000000000000000000000000B0
:1010400000000000000000000000000000000000A0
:101050000000000000000000000000000000000090
:101060000000000000000000000000000000000080
:101070000000000000000040000000000000000030
:10108000009000000001000000400000000100008E
:10109000002000000001000000000000000000002F
:1010A0000000000000000000000000000000000040
:1010B0000000000000000000000000000000000030
:1010C0000000000000000000000000000000000020
:1010D0000000000000000000000000000000000010
:1010E0000000000000000000000000000000000000
:1010F00000000000000000000000000000000000F0
:1011000000000000000000020000000000000002DB
:1011100000000000000000020000000000000000CD
:1011200000000000000000000000000000000000BF
:1011300000000000000000000000000000000000AF
:10114000000000000000000000C8000000000000D7
:10115000000000000000000000000000000000008F
:10116000000000000000000000000000000000007F
:10117000000000000000000000000000000000006F
:10118000000043C800000000000043C80000000049
:10119000000043C800000000000043C80000000039
:1011A000000000000000000000000000000000003F
:1011B000000000000000000000000000000000002F
:1011C000000000000000000000000000000000001F
:1011D000000000000000000000000000000000000F
:1011E00000000000000000000000000000000000FF
:1011F00000000000000000000000000000000000EF
:1012000000000000000000000000000000000000DE
:1012100000000000000000000000000000000000CE
:1012200000000000000000000000000000000000BE
:1012300000000000000000000000000000000000AE
:1012400000000000000000000000C080000000005E
:10125000000000000000000000000000000000008E
:10126000000000000000000000000000000000007E
:10127000000000000000000000000000000000006E
:1012800000080000C080C00040080000008000008E
:1012900040080000018000004008000001800000BC
:1012A000000000000000000000000000000000003E
:1012B000000000000000000000000000000000002E
:1012C000000000000000000000000000000000001E
:1012D000000000000000000000000000000000000E
:1012E00000000000000000000000000000000000FE
:1012F00000000000000000000000000000000000EE
:1013000000000000000000000000000000000000DD
:1013100000000000000000000000000000000000CD
:1013200000000000000000000000000000000000BD
:1013300000000000000000000000000000000000AD
:101340000000000000000000000000000000082075
:10135000000000000000000000000000000000008D
:10136000000000000000000000000000000000007D
:10137000000000000000000000000000000000006D
:10138000000000000000041008200000000004100D
:101390000860000000000610086000000000061051
:1013A00008600000000000000000000000000000D5
:1013B000000000000000000000000000000000002D
:1013C000000000000000000000000000000000001D
:1013D000000000000000000000000000000000000D
:1013E00000000000000000000000000000000000FD
:1013F00000000000000000000000000000000000ED
:1014000000000000000000000000000000000000DC
:1014100000000000000000000000000000000000CC
:1014200000000000000000000000000000000000BC
:1014300000000000000000000000000000000000AC
:10144000000000000000000000000000000000009C
:10145000000000000000000000000000000000008C
:10146000000000000000000000000000000000007C
:10147000000000000000000000000000000000006C
:10148000000000000000000000000000000000005C
:10149000000000000000000000000000000000004C
:1014A000000000000000000000000000000000003C
:1014B000000000000000000000000000000000002C
:1014C000000000000000000000000000000000001C
:1014D00000000020000001000000000000000000EB
:1014E00000000000000000000000000000000000FC
:1014F00000000000000000000000000000000000EC
:1015000000000000000000000000000000200000BB
:101510000100000000203010010000000020301009
:101520003140000000203010314000000000000079
:1015300000000000000000000000000000000000AB
:10154000000000000000000000000000000000009B
:10155000000000400000000000000000000000004B
:10156000000000000000000000000000000000007B
:10157000000000000000000000000000000000006B
:10158000000000000000000000000000000000005B
:101590000000000000000000000280000001400088
:1015A00000028000000140000002800000000000F6
:1015B000000000000000000000000000000000002B
:1015C000000000000000000000000000000000001B
:1015D0000000000000000001090000000000000001
:1015E00000000000000000000000000000000000FB
:1015F00000000000000000000000000000000000EB
:1016000000000000000000000000000000000000DA
:101610000009090000000000101909000000000086
:101620009099090000000000909909000000000056
:1016300000000000000000000000000000000000AA
:10164000000000000000000000000000000000009A
:10165000000000000000000000000000000000008A
:101660000000000000000400040000000000000072
:10167000040020000400080000000400080011001D
:101680002000110004000400040004000400000015
:101690001100040004000000040000000400000029
:1016A000000000000000040000000000000008002E
:1016B00011004000020008000410110000000300A7
:1016C00040000000000011004000400040004000C9
:1016D000000000000000000000000000000000000A
:1016E00000000000000000000100010000000000F8
:1016F00000000100010001000000000001000000E6
:1017000000000100000001000000000001000100D5
:1017100000000000000000000000000000000000C9
:1017200000000000000000000000000000000000B9
:1017300000000000010000000000000000000000A8
:101740000000010000000000000001000100010095
:101750000100000000000000000000000000000088
:1017600000000000000000000000800000000000F9
:101770000000000000000000000000000000000069
:1017800000000000800000000000000080008000D9
:10179000000000C000000000000000108040800039
:1017A000002080C000A00000000000000010000029
:1017B00000C0000080000000000011010000800057
:1017C0000000000000008000800080000000004059
:1017D00002000040000000000000000000000000C7
:1017E00000000000000000000000000004000000F5
:1017F00000000000000000000000000000000000E9
:101800000010000000000400000000000000400084
:101810004000000000000000000000400000400008
:1018200040000021400000000000000900200041AD
:1018300000210020002040009040902000209000D7
:101840004000000000000000401040104020004117
:101850000020010090800000000000000000000057
:101860000000000000000000000000010000000077
:101870000000000000000000000000000000000068
:101880000000000000000040800000A004000010E4
:101890000010040000000000000200000000000032
:1018A0000002000000020020000000020000000012
:1018B0000040000200C00000004000840000000062
:1018C000004000200090001000000004000400040C
:1018D0000000000000000000000000000000000008
:1018E00000000000000000000000000000080000F0
:1018F00000000000000000000000000000000000E8
:101900004000000000000000000004000000010092
:1019100000000000010000000000000000000000C6
:1019200000000000000000000000000000100000A7
:1019300000000000000000000000000000000000A7
:101940000000000000000000000000000000000097
:101950000000000000000000000000000000000087
:101960000000000000000000000000000000000077
:101970000000000000000000000020000000040043
:1019800000000000000000008200040000000000D1
:101990000000400000000000000000000000800087
:1019A000020210004100030040009000100090006F
:1019B0001002410210001000900000000000100012
:1019C000030240208000000010028300000000009D
:1019D00041000801000000000800100000000000A5
:1019E00000000000000000000000000000000000F7
:1019F00000000000000000000000000001020000E4
:101A00000110000000000000000021410100000062
:101A100000000000010000000000000000000021A4
:101A200040050180000000050000010002000003E5
:101A3000400000800080C000C000100500000000D1
:101A4000820000800980400900008480404100003D
:101A5000000000000040000084000000841000002E
:101A60000000000000000000000000100000000066
:101A7000040000000000400000000000040080405E
:101A80000900000240024000000400020240C100C0
:101A90000040201010040000002000004000000062
:101AA000000000000310044000002002000000407D
:101AB000000010000010004000C000404102100073
:101AC000102000100040000205000202000000A0EB
:101AD0000000200005880004000003000800050045
:101AE00000000000000000000000000000000000F6
:101AF00000000000000000000000000000000000E6
:101B00002000000000000002000000000000018032
:101B100004000000000001000000000000000100BF
:101B200000000000000000000000000000000000B5
:101B300000000000000000000000000000000000A5
:101B40000000000000000000000000000000000095
:101B50000000000000000000000000000000000085
:101B60000000000000000000000000000000000075
:101B700000000000000000000082000000000000E3
:101B8000000000C00000000000C000000090030042
:101B90000041000000000000001000900010001044
:101BA0000310000080C000100000001100C0000001
:101BB000000000000801000041010010030000C007
:101BC000880002C021C01000104040840000004086
:101BD000C1008300000041000090101000000010C0
:101BE00000000000000000000000000000000000F5
:101BF00000000000000000000000000000000000E5
:101C000000000000000000000000000000020000D2
:101C1000000000C0000000000000000000051000EF
:101C20000000000000004000000010000002000062
:101C3000000000000000000200210040C000000081
:101C4000001002000105A000000040808410000088
:101C500000800210020082000000000082100000DC
:101C60000000C000000000000000000000000000B4
:101C700000000000000000000000000000008000E4
:101C800000800000000040008800A100400000002B
:101C900008004100800000A1808982200088800324
:101CA0000008830000800000000300000000000026
:101CB00000038000400003000003800008001000C3
:101CC00011000000020002000003000420000000D8
:101CD0000003800410000000000300002100002029
:101CE0000003800911000000000000000000000057
:101CF00000000000000000000000000000000000E4
:101D0000829000C08882000888008200C100010023
:101D1000400083000900840088A1820383910009A8
:101D20004009C01009400010000000010000000040
:101D300000000001C00001000000C001840001009B
:101D400001008800100001000000020110010500E0
:101D50000000020110010100000000010800010064
:101D60000001000110000000000000000000000061
:101D700000020100000000000090000000000000D0
:101D80000000000100000000008508088420880091
:101D900090880900830089C085010001010000A02E
:101DA000011182009000C0080300000089000808AB
:101DB000A0008900000000000000010088008440AD
:101DC000400085880400400040009000A00008000A
:101DD00008008900100108000900911000000000AF
:101DE00001000101C00020001000090000000000F7
:101DF000000000800800000000000000000000005B
:101E0000000000000040000000000010800800807A
:101E100080110009400002008200850908101000AE
:101E2000088010C000000000000003000000100047
:101E30008000800003080000000000000304001080
:101E4000000000008300000000000000000000000F
:101E500080008200030000208000200003000000BA
:101E600000002000032000008000820083000000AA
:101E70000000000000000000000000000000000062
:101E80000000000000000000800080000000000949
:101E9000000208098010008000000000000011808E
:101EA000800020001180801180000000800300006D
:101EB00011000000001000031100000000000003EA
:101EC0000480000000800083001000021000000465
:101ED00000000002408000830080000200800003B8
:101EE00000000004008000030080002000800083C8
:101EF00000000000000000000000000000000000E2
:101F00000000000000000000000010000800880031
:101F1000000400C10009889100080040008800907A
:101F2000000820C011841084848808840004880379
:101F30000040000000000000000100000040001010
:101F4000009100100090001004090091000101A010
:101F5000000400820090001000210010000800C062
:101F6000009100040090001000410010008900085A
:101F7000A0210000000000000000000000000000A0
:101F80000000000000000000000090888800A00011
:101F90000800890889840800088200000009000000
:101FA00000104010C0C10801840000900000000033
:101FB0000140000001000000000000A0010000003E
:101FC000000000002100C0001000101000010000FF
:101FD000000000080000000000000008894010A078
:101FE0008200A008010000000000000001000000C5
:101FF00001000010000000000000000000000000D0
:102000000000000000000000000000000000800050
:102010008000800008098200400010800004000356
:102020000004008000000082000280000005001112
:10203000000010000000030000000000000003008A
:1020400000000011110003098003000000000020BF
:1020500000000000008000000000020000800391EA
:102060000000040000000300020000000000031153
:10207000000021000080000000000000430000007C
:102080000000000043C800000000000000008100C4
:1020900000130000210012420013C20021410A5027
:1020A0000013C200110041880013C2000A8411000D
:1020B0000013000000840000000000000000000089
:1020C0000000000000000000000000000000000010
:1020D000000000000000000082000013000000006B
:1020E00000000000000000000000000000000000F0
:1020F00000000000000000000000000000000000E0
:1021000000000000000000000000000000000000CF
:102110000000000000000000CFFF8D00F704040461
:1021200000000000000000000000000000000000AF
:102130003C3C3C3C3C3C00000000FFFF0000FF003A
:1021400000003C3C0000FFFF0000FFFF0000FFFF1D
:10215000000000000000FFFF27270F0F0F0F0F0FD9
:1021600000000F0F00000F0F0000FF0000000F0F16
:1021700000000F0F00000F0F00000008000000001B
:1021800000000008000000800000000000000000C7
:10219000000000000000000000008D008D00F70727
:1021A0000707000000000000000000000000000021
:1021B00000003C3C3C3C3C3C0000000000000000B7
:1021C000FF0000003C3C0000000000000000000098
:1021D0000000000000000000272727270F0F0F0F27
:1021E0000F0F00000F0F00000F0F0000FF00000096
:1021F0000F0F00000F0F00000F0F00000000041071
:102200000000000000000410082000000000000092
:1022100000000000000000000000000000000000BE
:1022200000000000000000000000000000000000AE
:10223000000000000000000000000000000000009E
:10224000000000000000000000000000000000008E
:10225000000000000000000000000000000000007E
:10226000000000000000000000000000000000006E
:10227000000000000000000000000000000000005E
:10228000000000000000000000000000000000004E
:10229000000000000000000000000000000000003E
:1022A0000000000000000000000000F006F6B0B0E2
:1022B000B0FFC0800000000000FF00006666000064
:1022C0000000FFFF00003C3C0000FFFF0000FFFF9C
:1022D0000000FFFFFFFF99990000000000000000D0
:1022E000000000FF000000FF000000FF000000FFF2
:1022F00000003C3C000000FF000000FFFFFFFF006B
:1023000000000000000000000000000000000000CD
:1023100000000000000000000000000000000000BD
:10232000000000000000000000000000C0C0E6E661
:10233000808080CF00000000000000FF0000666683
:1023400000000000000000003C3C00000000000015
:10235000000000000000FFFF99990000000000004D
:102360000000000000FF000000FF000000FF000070
:1023700000FF00003C3C000000FF000000FFFFFFEA
:10238000FF0000000008080000000000000909002C
:10239000000000000000000000000086008001B086
:1023A0000000008600B401800000008600F401A057
:1023B0000000008600940190000002C601E0018444
:1023C0004940000002C7016000B4494002C70160F3
:1023D00000B4494002C7016000B44140008600607B
:1023E00000B0000002C601E00194494002C701604C
:1023F00000B4494002C7016000B4494002C701600F
:1024000000B4414000000000000001000000002076
:10241000000001000000000000000000FF7070706C
:1024200000000000EF20202000ACFFFC00000000B6
:10243000FE3CFF3CF1F3B030303F207F0000000055
:10244000000C554D000000000000000000000000DE
:1024500000000A5FAAFF000000000000000000006A
:10246000000014D7FFFF0000000014141414000033
:10247000B400555500FF00000000F53C5555000024
:102480000000000005050000000000000000000042
:102490000000000000000000000000000000CF402D
:1024A000404000000000EFE0E0E000AC00AC0000C5
:1024B0000000FEFEFFFFF5FFA0003C3C287D000071
:1024C000000000CF55CF0000000000000000000019
:1024D000000000000055005502000000020000004E
:1024E0000000000014D714D7000000001F1F1FFFBA
:1024F0000000A00030FF00FF00000000553C5555D3
:102500000000000030000501000000000000000095
:1025100000000000000000000000000000000000BB
:10252000FFCF704000000000000000000E0E0EFF04
:1025300000000000040404F7B2AA3000000000000C
:10254000FF7FFFFF0F1E3C3C000000000000053C29
:10255000553C0000000000000000000000000000EA
:10256000000000000000003C000000000000085DCA
:10257000287D00000000BE1E0F0F000000000000BC
:10258000000000000000283CF8FC000000000000F3
:10259000000000000000000000000000000000003B
:1025A00000007040704000000000000000000202C7
:1025B00002F300000000070707F7B2BE303C00003E
:1025C0000000FF7FFFFF0F1E0F1E00000000000035
:1025D000053C553C00000000000000000000000029
:1025E0000000DF5F000000000005000000000000A8
:1025F000085D287D000000001E1E0F0F0000000077
:1026000000000000000000003C3CFCFC000000005A
:1026100000000000000000000000000000000000BA
:10262000000000002000000000000000000000008A
:102630000000000020014000000000024000800077
:102640004000400004004000000040000000400046
:10265000000000001100040004000200002002003D
:1026600000000400800011000000000002000000D3
:1026700000000000100111000000052008042100E6
:102680000200000021000900000011000400000009
:10269000000000000000000000000000000000003A
:1026A00000000000000001000000000000000041E8
:1026B0000000000000000104010000000080010093
:1026C00040000100010000000100000001000000C6
:1026D00001000000000000000000000000000000F9
:1026E00000000000000002000000000000000000E8
:1026F00000000000002009080000000000800080A9
:1027000000000000000000000000000000000000C9
:1027100000000000000000000000000000000000B9
:1027200000000000000000000000000000000000A9
:102730001000000000000000800000000000000009
:10274000050000000500000009A000004100000095
:1027500000C0000000008000000000000020000019
:102760000000000080000000000000010020800147
:102770008000A001000180019000A0018320800062
:102780000005000000000000000011000000000033
:102790000000000000000000000000000000000039
:1027A0000000000000000000000000000000000029
:1027B00000000100000000000000400000000000D8
:1027C00000000010000000000000000000000000F9
:1027D0000000000000000000400000200000000099
:1027E0000041002000100400000000000004000070
:1027F000200420000420002004201120202020801C
:10280000202000A000100041A000000000210000D6
:102810000020900000000000000000000000000008
:1028200000000000000000000000000000010000A7
:102830000000000000000000000000000000002078
:102840000000000000000020000200840088000456
:1028500000000084000000100011001000C00010F3
:1028600000020010000200000020004080C00004B0
:102870000000800000030084000800A00008002180
:10288000000200030000000200000000000200023D
:102890000000000000080000000000000000000030
:1028A0000000000000000000000000000000041014
:1028B0000000000000000000400000024040000551
:1028C00000000040001000000041820000200011C4
:1028D0000003000200050000001000400000C000DE
:1028E00082050000001040028200008000001002FB
:1028F0001080000002000004000500C000101080DD
:10290000A004A0000004000000200005000000C199
:102910000090000000004080000000000000000067
:1029200000000000000000000000000000000000A7
:10293000000000000000000080080000000200000D
:10294000000000A00000000000A0000000A00200A5
:102950004000000000840200000011008000000020
:1029600009A0088200008000020010001100100081
:1029700000001004100002004100100000200800B8
:10298000900010204121900120201000000008003C
:102990000000000009002100080000000000000005
:1029A0000000000000000000000000000000000027
:1029B0000000000000000000000010800000008007
:1029C0000000000000000000000000000000000007
:1029D00000001100000000000100000000004005A0
:1029E00000000000010000000200010000000000E3
:1029F00001000000008000000900000000000080CD
:102A000000001110C0800084040401800000000058
:102A100000000005000000030000000000000000AE
:102A2000000000000000000800000000000000009E
:102A30004000090000000000000100000004000147
:102A40000000001100000020000004000000000051
:102A500000000004008809000000000000000300DE
:102A6000090005000210000003001002100210000F
:102A700005020040108400100000031000880008C8
:102A8000410009008241009021A02000008400C084
:102A90002188000841081084000011020240000053
:102AA0000000000000000000000000000000000026
:102AB00000000000000000000400004000000400CE
:102AC0000010400440400011000000008800000495
:102AD00000218200880504219021002100000000CF
:102AE000400000050000010000100002010001107C
:102AF0008900009040000040000000090000000034
:102B000020802000004111C010000002000240029D
:102B100000000000A08000C1C0042004020400A046
:102B200000000000000000000000000000000000A5
:102B3000001000000000000800000000000000007D
:102B400010A0008400C00000008500840010000078
:102B50000084008400000000101000884010000075
:102B600000000582001000100001000002000000BB
:102B70000810000003C003824108210002840240C3
:102B800000000089051110010240410010A000C0A2
:102B90000000054000C010400040001008900000F8
:102BA0000000000000000000000000000000000025
:102BB0000000000000000000000000000000000015
:102BC00000000100000000000000004000000000C4
:102BD00000000000000000000000000000000110E4
:102BE00000000000000000000000000200000021C2
:102BF0000000000000000000000000800000000055
:102C00000180100000200020012001800000000051
:102C100000100000848000000080008000000000A0
:102C200000000000000000000000000000000000A4
:102C30000000000000000000000000000000000094
:102C4000000000000000C000410000000000008003
:102C5000008000800003000000000000000300006E
:102C6000400000000000000380000000001103008D
:102C700000000200000000080904110004204000C8
:102C80000000030020000488008408A1A0A040A147
:102C9000000509100484C084002002040905100006
:102CA0001000400041000000000000000000000093
:102CB0000000000000000000000000000000000014
:102CC0000000000000000000C0000100000000A0A3
:102CD00000C000080010000100000000000000011A
:102CE00000000000000000000001040000000000DF
:102CF000A1008800010000001000100090000001F9
:102D0000000040000000010002080809A1058484B9
:102D100001A110C002890002830208410082002044
:102D20000000100001009100000000000000008879
:102D30000100000000000090000000000000000002
:102D400009008820880082000000000000000001C7
:102D500000000188000001000000000000000100E8
:102D60000000002000000100000000010000001031
:102D7000010004001000090083000000854008895C
:102D800040020300044009008500080188C00209D0
:102D9000848411004110C10004080200C00010002A
:102DA000100001000000010000000400000000000D
:102DB0000000100000000000000000000000000003
:102DC0000000900009004010A0000000000000007A
:102DD00000080000100000030308000000000000CD
:102DE00003000000000021000300000000020000BA
:102DF0000080030008008000C00090001002100056
:102E000008411180C00005002004900091022000BC
:102E1000108888A1901121002004048009008900F5
:102E2000840010214000100020001100000000006C
:102E30000000000000000000000000000000000092
:102E40000000000000000000000080000000000002
:102E500010000080001000000000080310000008AF
:102E600000000003408000C000000083000000114B
:102E7000000000800003000900410008000811085C
:102E800000910091050500030020050800100811BD
:102E9000801180910585101080110005412020408F
:102EA00000C00011020800C100020002000400007E
:102EB0000000000000000000000000000000000012
:102EC00000000000000000000000000010000004EE
:102ED000009001404082000184008400400109000C
:102EE000000000000001000400C00082080900008A
:102EF000000800100010004100020009009102408B
:102F00000004009000848901889000910140000530
:102F100000A0400108100184000840C08210009108
:102F200001A19010821088030011000400830004A6
:102F30000000000000000000000000000000000091
:102F400000000000000000000101019100010004E8
:102F50000108010001000000004001840008010098
:102F600001000000000100000188000000000000D6
:102F700000408904840040000500000000000001BA
:102F8000008888014100840190880140018301008C
:102F900000104010110040014010C110C103020197
:102FA000208800910000000200A000A000C10001E4
:102FB0000000000000000000000000000000000011
:102FC00000000000000000000000400340901121BC
:102FD000100002000400210020000300410009004D
:102FE000210003000000401000000300000000006A
:102FF00000000000030000000008100000000011A5
:1030000000400000000311001121C1000840080425
:1030100040080900850491088502088008094020BD
:1030200004021100002000050002008000000004DE
:103030000041000000000000000043C80000000044
:10304000000043C800000000000000000041000034
:10305000C20042000000000000000000004100002B
:10306000C20000000000000000000000000000009E
:103070000000000000000000000000000000000050
:103080000000000082004100001300000A0000411F
:103090000000C200000012000013000000001242F5
:1030A0000013C2000000000000000000210000002A
:1030B0000000000000000000000000000000000010
:1030C00000000000000000000000000000004303BA
:1030D000C3C3000000000000003000000000000C2E
:1030E000554DFFFFC3C3FFFFF0F0FFFFF0F0FFFF00
:1030F0000000FFFFF0F00000FFFFC3C3FFFFC3C3EA
:10310000000000000F3F557D3F7F3F7F0F3CFFFFDA
:103110001414141428FF2AFF010101410C0055006A
:1031200005050505575757D700000000F5553C55D4
:1031300000000000140F00000008000000800000E4
:1031400000080000008000000000000000000000F7
:103150000303C3C3000000000000003000000000B3
:103160003C0C7D4DFFFFC3C3FFFFF0F0FFFFF0F00D
:10317000FFFFFFFFFFFFF0F00000FFFFC3C3FFFFF3
:10318000C3C3000000000F3F557D307530750F3C04
:103190000F3C14FF1FFF28282A2A000000400000CF
:1031A0000000053DFFFF030303C300000000555569
:1031B0003C55000000000000000000000410082042
:1031C00000000000041008200000000000000000C3
:1031D0000000000000003C3C000000000000000077
:1031E0000000555555550F0FFFFF0000FFFF000071
:1031F000FFFF0000FFFF00FFFFFF0000C3C3FFFF52
:10320000FFFF000000000000FFBEFF3CFFFFBE3CD0
:1032100000000000000000007D7C7C7C00003C0081
:103220000000000028282828AAAA00000000F000BA
:103230000000B400000000000000B010000000001A
:10324000000000000000000000000000000000007E
:1032500000000000000000003C2C00000000000006
:1032600000000000555555550F0FFFFFFFFFFFFFF2
:10327000FFFFFFFFFFFFFFFF00FFFFFF0000C3C3D3
:10328000FFFF0000000000000000EBAAC300AA003E
:10329000BE3C0000000300000000555050500000EC
:1032A000202040000000FFF8F8F8FFBAFF300000CF
:1032B00020200000A000000000000000A00000008E
:1032C00000000000000000000000000000000000FE
:1032D0000000000000000086007400B0008001863D
:1032E000006000B000000086017400B44940024153
:1032F00001000004494002C7016000B449400000D9
:1033000002C7016000B451400086006000B00000B8
:10331000008602A001B000800086007400B00000AA
:103320000086008001A000800086009401800000DB
:103330000086026000B000000086006000B8000057
:103340000000000909000000000000090900000059
:10335000000000000000000000000000000000006D
:1033600000000000FFBEFEFE0000000000000000A4
:10337000000000000000000000000000085D287D43
:103380000000FFEFFFFF0FFF3C3C00000000040EB9
:103390000000AAAA00005DFF5DFF00000000000021
:1033A000FFFFFF545454AAFFAAFFFFFF54500055DB
:1033B0000055000000000400070000000000140F8A
:1033C00000000000002000000100000000200000BC
:1033D00001000000000000000000000000000000EC
:1033E000000000000000FFFFFFFF000000000000E1
:1033F0000000000000000000000000000000085D68
:10340000287D0000FFEFFFFF00003C3C00000000B3
:1034100004040000FFBAFF300CAE0CAE0000000048
:1034200000007FFFFF141414EBFFAAFF5450545008
:103430000C5DFFFF0000000004000400000000001D
:10344000000000000000000000000000000000007C
:10345000000000000000000000000000000000006C
:10346000FFD7F7F700000000000000000000200078
:10347000000000000000000000000000000000004C
:10348000000000000000000000000000000000003C
:103490000000BFFF7DFF000000000AAA5FFF0000E0
:1034A000000000140014AAAA00003E3E3EBEAA007E
:1034B000AA000343FFFFAAAA3A30003C0000000024
:1034C00000000000000000000000000000000000FC
:1034D00000000000000000000000000000000000EC
:1034E0000000FFFFFFFF00000000000000000000E0
:1034F00000000000000000000000000000000000CC
:1035000000000000000000000000000000000000BB
:1035100000000000BFFF7DFF0000000000005555C7
:103520000000000000155555FFBAFF300A0A0AAA2C
:10353000FEFCFAF003430343AAAA3A3A000500004E
:10354000000000000000000000000000000000007B
:10355000000000000000000000000000000000006B
:103560000000000000000000080000000000002033
:10357000210000000000000000000000084000A042
:103580000000020000100000000000002000000009
:1035900003000400210000000500112000002100AC
:1035A00000000020042003200000110000882100FA
:1035B00041200400022041A005102000200002400C
:1035C00008C02000042000000200000000000000ED
:1035D00000000000000000000000000000000000EB
:1035E00000000000000000000000000000000000DB
:1035F00000000000000000000000000000000000CB
:10360000000000000000000000000000A00000001A
:10361000000000000000000020000000000000008A
:103620000400C000000000000000000000000000D6
:1036300000000400000000008800000000000000FE
:1036400000000000000000000000850000000000F5
:10365000000000000000000000000000000000006A
:10366000000000000000000000000000000000005A
:10367000000000000000000000000000000000004A
:103680000000100000000900004000000040000899
:103690000800000000000000000000A00000000082
:1036A0000010000000C000000000000000A00000AA
:1036B00000200000000000000000000010000000DA
:1036C00000000000000000200000080000000000D2
:1036D00000000000000000000000000000000000EA
:1036E00000000000000000000000000000000010CA
:1036F00000000000000000000000000000000000CA
:103700000010000000000009000000000008000098
:103710000010000000000000000000000000002178
:1037200000000010000000200020004100100041B7
:1037300000100011C041001000100008002000001F
:10374000000900202010002000000000014100417D
:103750000000000000000000000000000000000069
:103760000000000000000000000000000000000059
:1037700000000000000000000400000000900000B5
:1037800000000400000011C0020802102100000027
:103790000000000000900000051000000000001074
:1037A000200004000040000009001100108800A063
:1037B00000C0000040000010000011001140040093
:1037C000118400100000000000000000004000888C
:1037D00000030010000000000000000000000000D6
:1037E00000000000000000000000040000000000D5
:1037F000001000210000000000050005000000008E
:10380000001000000000000400080008020300008F
:10381000002000000200000000000004C002880038
:103820000005022108000821C01040100441C00218
:103830000002001020001010C00240214021881119
:1038400004110010000882000800020004118241E7
:103850009000881000000000000000000000000040
:103860000000000000000000000000000000000058
:10387000008400000000000000000000000000883C
:1038800000000000000000840000000008000000AC
:103890000000001000001100000004000000000003
:1038A00020000000000003000000040000002000D1
:1038B00020C009000000000000000000001000000F
:1038C000030000000000000000001000059021002F
:1038D0002000100080000000000000000000000038
:1038E0000000000000000000000000000000004197
:1038F00000000000000000000000000000002005A3
:103900000000000000000021000000210005000868
:1039100000000010A00000001041000000000000A6
:103920000008000000080041001000000000000036
:1039300000000000001000000005900090009010B2
:103940000000000000000200000000000200000073
:103950000000000000000400000000000000000063
:103960000000000000000000000000000000000057
:103970000000000000000000000000000000000443
:103980000000000000000000000000000000000433
:103990000000000000840000000010000000000093
:1039A00000400000090000400088000000000040C6
:1039B000000000000000000000820002000002C0C1
:1039C00005C00000000441020800000000000300E0
:1039D000000811000000000000A00000000000002E
:1039E00000000000000000000000000000000000D7
:1039F00000020410000000058840000000000000E4
:103A00000000004120058811004000000000000077
:103A1000001002000010400000000000000800102C
:103A2000002100040010081000119005880000110A
:103A3000000500100040400000110000400240213D
:103A400000024002C041C04082400000100020003F
:103A5000040904020000C01100000005000000007D
:103A60000000000000000000000000000000000056
:103A70000000000000000000000000000000000046
:103A80000000000000040000000000000000000032
:103A900000000000001000000008110000000000FD
:103AA0000000000000000000000000100000000006
:103AB0000000000000100000008400002000000052
:103AC0000000008200000000108400001010004080
:103AD0000000000000000000001000C00000000016
:103AE00000000000000000000000000000000000D6
:103AF00000100000000000000000000000000000B6
:103B000000000000000000000000000000000000B5
:103B1000000000000000A0410000000000000000C4
:103B200000400005001000410000000590008200E8
:103B30000041000000000000000000000000000044
:103B40000000000000000410000000000000000061
:103B50000000840000008811000000000000000048
:103B60000000000000000000000000000000000055
:103B70000000000000000000000000000000000045
:103B80000000000000000000000000000000000035
:103B90000000000000000000000000000000000025
:103BA0000000000000000000000000000000000015
:103BB0000000000000000000000000000000000005
:103BC0000000000000000000000080000000000075
:103BD00000000000000000030000000000000000E2
:103BE00000000000000000000000000000000000D5
:103BF00000000000000000000000000000000000C5
:103C000000000000000000000000000000000000B4
:103C100000000000000000000000000000000000A4
:103C20000000000000000000000000000000000094
:103C30000000000000000000000000000000000084
:103C400000000000000000000000000082000000F2
:103C500000000000008220000001000000000000C1
:103C60000000000000000000000000000000000054
:103C70000000000000000000000000000000000044
:103C80000000000000000000000000000000000034
:103C90000000000000000000000000000000000024
:103CA0000000000000000000000000000000000014
:103CB0000000000000000000000000000000000004
:103CC0000000000000000000C00000000001000033
:103CD0000100000000002000090000400000010079
:103CE0000000000000820000000000000000000052
:103CF00000000000000000000000000000000000C4
:103D000000000000000000000000000000000000B3
:103D100000000000000000000000000000000000A3
:103D20000000000000000000000000000000000093
:103D30000000000000000000000000000000000083
:103D400000000000000000000000800000000003F0
:103D50000000040000000000030088400000000094
:103D600010000000000000800000000000000000C3
:103D70000000000000000000000000000000000043
:103D80000000000000000000000000000000000033
:103D90000000000000000000000000000000000023
:103DA0000000000000000000000000000000000013
:103DB0000000000000000000000000000000000003
:103DC00000000000000000000000000000000300F0
:103DD00000000000000000000000001100000000D2
:103DE00000000000000000000000000000000000D3
:103DF00000000000000000000000000000000000C3
:103E000000000000000000000000000000000000B2
:103E100000000000000000000000000000000000A2
:103E20000000000000000000000000000000000092
:103E30000000000000000000000000000000000082
:103E40000000000000000000000000000000000072
:103E50000100000000000000000000000000000061
:103E60000000000000000000000000000000000052
:103E70000000000000000000000000000000000042
:103E80000000000000000000000000000000000032
:103E90000000000000000000000000000000000022
:103EA0000000000000000000000000000000000012
:103EB0000000000000000000000000000000000002
:103EC00000000000000000000000000000000000F2
:103ED00001000083000000000000000000000082DC
:103EE000010000900000000000820000C08300007C
:103EF00000000000000000000000000000000000C2
:103F000000000000000000000000000000000000B1
:103F100000000000000000000000000000000000A1
:103F20000000000000000000000000000000000091
:103F30000000000000000000000000000000000081
:103F40000000000000000000000000000000000071
:103F500000000200008300000000000000000000DC
:103F60000088100000000000000000800000808336
:103F70000000000000000000000000000000000041
:103F80000000000000000000000000000000000031
:103F90000000000000000000000000000000000021
:103FA0000000000000000000000000000000000011
:103FB0000000000000000000000000000000000001
:103FC00000000000000000000000000000000000F1
:103FD000000000000000000000420000000000009F
:103FE0001200810000130000120000000000000019
:103FF000124200000000000000000000000000006D
:1040000000000000000000000000000000000000B0
:1040100000000000000000000000000000000000A0
:104020000000000000000000000000000000000090
:104030000000000000000000000000000000000080
:104040000000000000000000000000000000000070
:104050000000000000000000000000000000000060
:104060000000000000000000000000000000000050
:104070000000000000000000000000000000000040
:104080000000000000000000000000000000000030
:104090000000000000000000000000000000000020
:1040A0000000000000000000000000000000000010
:1040B0000000000000000000000000000000000000
:1040C00000000000000000000000000000000000F0
:1040D00000000000000000000000000000000000E0
:1040E00000000000000000000000000000000000D0
:1040F00000000000000000000000000000000000C0
:1041000000000000000000000000000000000000AF
:10411000000000000000000000000000000000009F
:10412000000000000000000000000000000000008F
:10413000000000000000000000000000000000007F
:10414000000000000000000000000000000000006F
:1041500000000000000000002EDE00000000000053
:10416000000000000000000000000000000000004F
:104170000000000000007B74000000000000000050
:10418000000000000000000000000000000000002F
:10419000000000000000000000000000000000001F
:1041A000000000000000000000000000000000000F
:1041B00000000000000000000000000000000000FF
:1041C00000000000000000000000000000000000EF
:1041D00000000000000000000000866EC002000029
:1041E00000000000408C07000000000000003002CA
:1041F00000000000000040037661000000000000A5
:1042000000000000000000000000080000000000A6
:10421000100000000000090000000400000200007F
:104220000000000000000000020009080010000863
:10423000020000000000800080000000000000007C
:104240000088000008000800820482200400110099
:10425000000008404100110811100008110041C081
:1042600005000288040004A0000004C084000000CF
:10427000200202830400021011A0000200000000CE
:10428000000000000000000000000000000000002E
:10429000000001000000000000000000010000809C
:1042A000000000000000000000000100008000800D
:1042B0000080010000000000200002000000020059
:1042C00000000000000001000000050005000000E3
:1042D000000020000000000000000000008000003E
:1042E00082009000010000008800000020004000D3
:1042F00004000080000282400800084008A100007D
:1043000000000000000000000000000000000000AD
:10431000000000000000000000000000000000009D
:1043200000000000000010004100000000004100FB
:10433000000000820000000000080000000000C033
:104340000000000000100082082000200011002062
:10435000000000000040000000000010001010915C
:10436000000000000000000000100010004080115C
:104370000000002000000040002000C0020080007B
:10438000000000000000000000000000000000002D
:10439000000000000000000000000000000000001D
:1043A000000000000000000000000000000000000D
:1043B0000000820000000400000000410000002016
:1043C00000000000000000100021A18000900020EB
:1043D0000080400000100020040040000000004168
:1043E00001080020004000100020004000200410C0
:1043F000024020009040000090A000409040A1406A
:104400000440000000000000000000000000000068
:104410000000000000000000000000000000090093
:1044200000000484000000000010000000102000C4
:10443000000200C00000830000040900000000909A
:1044400080100000000200100400001000100000A6
:104450000002000040880510004000A0002000106D
:1044600000020002210211A0090200C000020402A1
:10447000028504040008400400010902400003040E
:104480002004A01100000000000000000000000057
:10449000000000000000000000000000000000001C
:1044A0000000000501000000000000050000000001
:1044B00000000041400000001000901100090000C1
:1044C000000020000000000000000000000000804C
:1044D0000000000000040000000020840021000013
:1044E00000100020000800910010000000100000E3
:1044F0000000014000009000012000400000014148
:104500002010002104200000000000000000000036
:10451000000000000000000000000000000000009B
:1045200000000000000000000000000000C00000CB
:10453000000000002100000000000000000000005A
:104540000000100041010000000010000000800089
:1045500002000200900000000500008802401001E7
:104560000400000000000000000020000001020024
:1045700004000400100104200000050021001000C8
:1045800041001000900084200000000000000000A6
:10459000000000000000000000000000000000001B
:1045A00000000005000000100441A0000000000011
:1045B00000000000001000000800000000100005CE
:1045C0000000000000410002000010100100000087
:1045D00002214020011003090041000000418385B1
:1045E000010200100010A0100010A00900410040BE
:1045F00001000000001082400005001000000011C2
:10460000C000002182000241038000000000000081
:10461000000000000000000000000000000000009A
:104620000000000000000000008800000000000002
:104630000000408840042004208210000000800810
:10464000000000820000408400200000021009A049
:104650004002008200414011C00041C100C002A0E0
:1046600000A000000010A00220001084208400841C
:1046700000004188C1A00003A00202030000004026
:1046800002400004090020052005A00400000000ED
:10469000000000000000000000000000000000001A
:1046A00000000000000000000000002100000000E9
:1046B00000000000000000000021000300000000D6
:1046C000408000000000000000000000000000002A
:1046D0000000000500000020002004000020000071
:1046E0000100000320100000080000008903000002
:1046F000000000000000400000024041904088009F
:1047000000100200000000099002040202040000F0
:104710000000000000000000000000000000000099
:104720008000000080000000001000000010000069
:104730000000000000C000A0000000000000028493
:104740000010038200000084000000000000000050
:1047500008820308118280890410210800000010DB
:104760000084008800A000A0001040840010801089
:10477000001000A009100010410002842084A00055
:1047800000C00000000041002000200020000000C8
:104790000000000000000000000000000000000019
:1047A00000001000000940050000000000000000AB
:1047B00004000041041000000000A02100000000DF
:1047C00000038200820000000004000000100000CE
:1047D000000000000089001010400100820000105D
:1047E00000000000001000000021C00301000000D4
:1047F000021082008400820000000000010010040A
:104800004000000000000000200800100000000030
:104810000005000000000000000000000000000093
:104820000000050300090000401000000000000027
:104830000000000000800080000000000000400038
:104840000000400000004000090000098808002026
:10485000030500000008081108410308902140A04A
:1048600091104110831110C0410210040910004042
:10487000090910020000000010000800101010418B
:10488000400000800000000240090000000000021B
:104890008008000000000000000000000000000090
:1048A0000000000001010000000000010000000005
:1048B0000000000020900008881000400000000068
:1048C000000000000100C00001000000000009001D
:1048D0000001010000000001C10001018901A105E2
:1048E0009011088301C109C111C10191014000006B
:1048F0000800000001010000820001000000908813
:104900008404001000C00000C0000100000002008C
:10491000000008000400000000000000000000008B
:1049200000000000000000000090010000000000F6
:104930000000000000000000000001000100000075
:1049400000000000000000000188000000000100DD
:10495000019001830101000000000000010000003F
:1049600008A11000A10282080100058488018501C8
:104970000000010801000100400090010888880043
:1049800090008800100040840400400010001101D5
:1049900088001084100010000000000000000000DB
:1049A00000000000000000000800200005080900C9
:1049B00000000000000000004000080002000800A5
:1049C0000000000000000000090040001140080045
:1049D0000200411021C10303000011000400050082
:1049E00020004040C008884088C0100808114005D9
:1049F0008310040008090540080000000010800032
:104A0000000010000041800041C180000002000051
:104A1000A0200000000200000202000000000000D0
:104A2000000000000000000000001140000500111F
:104A300000110000000000000000000080000000E5
:104A4000000000000000000000000010000800C08E
:104A500000850002008203A18003008040820805D7
:104A60000821C0A040080391008440910004111067
:104A700083880008029008084008409100020088DE
:104A8000081000C000820000418000800000008209
:104A9000200900000000004041C1000000000000AB
:104AA0000000000000000000000000000000000105
:104AB00000009001000000000000000000009000D5
:104AC000080088000020000800200040008900093C
:104AD0000011008300A100030121828300800003F4
:104AE00000910083024000208909A08402110089FE
:104AF000858583C100C01111010900410083008335
:104B000000C10183081000854008108400A0A0881F
:104B100000C10188108802400000001000A00000C1
:104B2000000000000000000000000000000001087C
:104B300001010001010000000000000000000088E9
:104B4000000000010000000000000000000001C0A3
:104B500001C1010001000100010001C1010100804B
:104B60000090000000000000849008840401C00848
:104B700083098440900085000000010900010000C5
:104B800000890000000000080100040089C00088BE
:104B9000000000000188004000910000000000C0FB
:104BA0000000000000000000000000000000000005
:104BB00008000504032111000000000000000000AF
:104BC00000000000002100000000000000000000C4
:104BD0000300044041000800100008001003100307
:104BE00000800000004000110000C090101010086C
:104BF000C0804005090004000200400010834041CD
:104C000040000040000000000010211000002000C3
:104C10000000000309094000008004410011000069
:104C20000000000000000000000000000000000084
:104C30000000000000000000000000000000000074
:104C400000008100001300000000000000000000D0
:104C50000000000000000000000000000000C22072
:104C60000042000000000000000000410A000013A4
:104C700000000A0000000000000042880000000060
:104C800000004200000000000000000000000000E2
:104C90000000000000000000000000008100001380
:104CA0000000000000000000000000000000000004
:104CB00000000000FF9FFFDF7E7F666F00000000A6
:104CC00000000000000000000000000000000000E4
:104CD00000000000FFFFFFFFFFFF3C3C0000000062
:104CE00000000000000000000000FFC3FFFCC7063A
:104CF000060600FF00000010F060FFFF03C0000088
:104D00000000003C0C0C0000000000000000F0F06F
:104D10000F0F5A5A5A5AF00FF00FF00FF00F000011
:104D2000FFFFF00FF00F0000000000000000000087
:104D3000000000000000FF0FFFCF000F000F000079
:104D40000000000000000000000000000000000063
:104D5000000000000000F9FFF3FFFFFF2C2400809B
:104D600000000000000000000000000000C300FC84
:104D7000C7060606FFFFFF7F001000000340034048
:104D800000000002003C08080000000030000000A5
:104D9000F0F00F0F5A5A5A5AF00FF00FF00FF00FB1
:104DA000FFFF0000F00FF00F000000000000000007
:104DB00000000000000000000000000000000000F3
:104DC00000000000000000000000000000000000E3
:104DD00000000000000000000000000000000000D3
:104DE00000000000002184400000000000000000DE
:104DF00000000000000000000000000000000000B3
:104E000000000000000000000000000000000000A2
:104E10000000000000000000000000000000000092
:104E20000000000000000000000000000000000082
:104E3000000000000000000000000000000002036D
:104E40000000000000000000000000000000003032
:104E50000000000000000000000000000000000052
:104E60000004CFFFFFFF0000000000000000400032
:104E7000FEFFFEFE0000000066660202F000C000B9
:104E8000FCFFFF3C00013C3C34FF00FF0000000041
:104E90000000000000FFFF003C3CC3C3F00FF00F18
:104EA00066669999F00FF00F666699990000000008
:104EB00000000000000000000000000000C3003CF3
:104EC00000010000000000000000000000000000E1
:104ED00000000000000000000000000000000000D2
:104EE00000000004CFFFFFFF0000030000000000EF
:104EF0000000FEFFFFFF660040006EFF66FFF0004F
:104F0000C000FCFFFF3C00003C3C24FF00FF000011
:104F100000000000000000FFFF003C3CC3C3F00F96
:104F2000F00F66669999F00FF00F66669999000088
:104F30000000000000000000000000000000000071
:104F40000A000000000000000000000000000086D1
:104F500000C001B000800086006000B0000005863F
:104F6000006000B0000000860C6000B0000000008F
:104F70000086006000B0000000860CE001B00080F8
:104F800000860C6000B800A000860C6000B00080B5
:104F90000086006000B800000286016000B408408E
:104FA0000286016000B40840028601E001940840D6
:104FB00000000000000000000000000000000000F1
:104FC00000000000000000000000000000000000E1
:104FD000000000000000000000000000FFFFFFBF15
:104FE00000000000FFBE1F1F000000003C0F3C0F30
:104FF00000000000000000FFFFFF3C307D75FFFF58
:10500000F0FFFF0BC3C70040007C00000000FF0062
:105010000F000000000000000003FFFFFFFFCBFFB8
:10502000FFFF0000000055554555000000003C0002
:105030000000000000000000000000000000000070
:105040000000000000000000000000000000000060
:105050000000000000000000000000000000FFFF52
:10506000FFBF00000000FFFFEFEF00000000000F97
:105070003C0F00000000000020FFFFFF3C303C30F0
:10508000FFFFFDFFFF0BC3C7000000000000000092
:10509000FFBE0F000000000000000001F0FFF0FF65
:1050A00005FFFFFF000000000000000000000000FE
:1050B0003C000000000000000000000000000000B4
:1050C00000000000000000000000000000000000E0
:1050D00000000000F0FFA0BE000000000000000083
:1050E00000000000000000000000000000000000C0
:1050F0000000000000000000000000000000FCFCB8
:10510000FFFF0000455500008000F000FFFF000099
:10511000000000000000000000000008000CFFFF7D
:10512000FFFF0000020000000000003C0000000043
:10513000000000000000000000000000000000006F
:10514000000000000000000000000000000000005F
:10515000000000000000FEFFBEBE000000000000D6
:10516000000000000000000000000000000000003F
:10517000000000000000000000000000000000002F
:1051800096FC96FF004000001514B5140000FFFFC8
:10519000000000000000000000000000000300000C
:1051A000FFFFFFFB00000000000000000005000002
:1051B00000000000101000100000000000000000BF
:1051C00000000000000000001000000000000000CF
:1051D000000000000000000000000400000000A12A
:1051E000A000C10020012000000005010000404097
:1051F0000000080000000200000088008400080091
:105200000000040000101000210002000000000057
:105210000400084003002101840040080401824189
:105220000240009000100440044005A18004104199
:105230000241820010A1020891000000000000005D
:10524000000000000000000000000100000000005D
:10525000000000000000000000000000010000004D
:1052600000042100202001040100000000100000C3
:1052700001A0000082000000000000000900020000
:1052800001100000002000000100000001000000EB
:105290000000000000000800002004000180000859
:1052A00003C0000000000000000000800802209001
:1052B00021C005C0100001080500400000000000EA
:1052C00000000000000000000000000010000000CE
:1052D000000080000000000000000000080004043E
:1052E0000000000000000004050000000588000028
:1052F00002410010000020041010000000C0000057
:10530000001002100000000000000000000021005A
:105310008001024100900000900100014001002046
:1053200002410211028810118000000100200020BB
:105330008004114082039100000000000001000081
:105340000000000000000000080000000000010054
:10535000000000001000000000000000000000003D
:105360000980000000000000009000000000000024
:10537000000001C0000000000190000000200000BB
:10538000002000100110002000410040000000102B
:1053900000210240A1C000100009052000200120CA
:1053A000002101C001400111010840100008001057
:1053B000002120A0002041821000041040118240F2
:1053C00000000000000000000000000000000000DD
:1053D00000000000000000000000000000000000CD
:1053E0000002800300008000001000900000000018
:1053F00000100020004000A1020021000002001067
:105400000000201000100010009000A0000200908A
:10541000108200A0001000A000100000800200C058
:10542000000200400082100000840002008400A0FE
:1054300020C0008420C00041020300900002002030
:105440002004000000000000000000000000000038
:105450000000000000000000002100110405000011
:10546000000000000420000004000009880000087B
:105470000000000000090080000400004005004119
:105480000000000008054002040040000000889071
:10549000000488058203001020030003202004007C
:1054A00000000010008240020941000000000010CE
:1054B00084110040080541050040A140820000849D
:1054C00020090200000000000000000000000000B1
:1054D0000000000011000000000000A00082000099
:1054E00000000000000080101100112100A0000049
:1054F000004000111000090000000000000011A091
:10550000030000000000800000000000088400404C
:1055100041A00000908400101000000000820000F4
:1055200041080000410010C00210824000A090001D
:1055300010000000118440834100410082030508EF
:105540000000020003010000000000000000000055
:10555000000000000000000000000000000000004B
:105560000000000000000000200000100084000087
:1055700000000080000400050000000000000000A2
:1055800000000000000000000209000000100008F8
:105590000080000010000300004100000000000037
:1055A00000000080000000000000010011A1401078
:1055B000110001000000000085020000000011C081
:1055C0000080000001000002000000000000000058
:1055D000000000000000000000000000800000004B
:1055E0000400020000000000000020000500000090
:1055F000000021000200008400001100000020C013
:1056000002C00040000205020000000010C00804B3
:1056100002820002402040824002000002A120825B
:105620004100000010C002200002000240820090F1
:105630000402000000A0099020042088209040402F
:1056400002011002C004000010030000000000006E
:1056500000000000000000000000400000034000C7
:1056600000110000000000400000C0000100000028
:105670002010400000000000000000050000402154
:10568000C109400300000000A00400000000000861
:105690000111000220101005040500210400A102E0
:1056A00000004000400002030080880240A140400A
:1056B0000005000000080000021140000020410029
:1056C0000000A0401080020000080002000000005E
:1056D00000000000000000000000000000000000CA
:1056E0000000000100840000040000100000200100
:1056F00000002020804000000004000000C00010D6
:10570000001040A0001000A0008400C00000410074
:10571000208200100010030003820000000805C072
:1057200000080010001000A01010218400C02110FB
:1057300000001082001110100000801000841088FA
:10574000210303088840910041C100100585000035
:105750000000000000000000000000000000000049
:1057600000000010004000000010000000000000D9
:1057700001200000018020000000008000000008DF
:105780000000000001000000000000000000000018
:1057900000000100000000000000000000100000F8
:1057A00000000000000000000000010000100000E8
:1057B00000000000000004080000000002000000DB
:1057C00000000084008040800200000800000040CB
:1057D00000000000000000000000000000000000C9
:1057E000051000080805101000000000000000006F
:1057F00008850940404009C10000A00020000000C9
:1058000000089009102040414004004100050310A9
:10581000000000892010089008200000208020004F
:1058200000000800000040809000030500408384D1
:105830004008000580910810000080050005200246
:105840004008000380001011800088C00020401133
:1058500000850000000000000000000000000000C3
:105860000000000120000000000000000000000017
:105870000000000941101020010500008500000013
:10588000000000000500010000010000000100010F
:10589000000000000082088901C0000000A02084F0
:1058A00000C00040010420C0010285882009C0C05A
:1058B0000989000000C0088400A100044001020022
:1058C000000100002001C0000100080008020801DA
:1058D000098200110000000000000000000000002C
:1058E0000000000001000082010000000000000034
:1058F000000000009101C004094110010401900062
:105900000810841182004111411140000000000183
:105910000000000100004000C121888982030800C6
:105920009100908482C008000200A1000820890034
:1059300021A0020190041041A10411008410110063
:105940000882890040000300110004008401110056
:10595000C10011008482000000000000000000006F
:10596000000000000000110009801100000000008C
:105970000000000000004002808005034003000298
:105980000041808080A0040008C1050810080000C4
:105990000003000000080000092090022005918506
:1059A0004105020011808880100091008500882048
:1059B0001109888085402080101008000500908023
:1059C000C0009180401111001100C000C10088107A
:1059D0002100C000852088100000000000000000A9
:1059E0000000000000000000050800110005031180
:1059F0000000000000000000401080C1A088008965
:105A0000800000000300000009880021002189A017
:105A100041080011082188100000000300C0C08563
:105A20000591008080200091008000030009809192
:105A30000040109000910090851140080009C1407D
:105A40000583108000110888030809000000002168
:105A5000804004C1000900090903000000000000A3
:105A60000000000000000000000000400040008234
:105A700000200000000000000000000188A1A184B7
:105A80001010108800040190209000040008008984
:105A90009082000000000001200100000040400949
:105AA000119089020010C0010884C00200C0A0400B
:105AB000848400C00109000200418990091002405D
:105AC0000840010901080084010589910088000847
:105AD0000041904100110804004000C10000000096
:105AE00000000000000000000000000000020009AB
:105AF00000010000000000000000000184091110F6
:105B0000410105880800C0200200C0900101010287
:105B100000000110000000A0000000000000900044
:105B20008982880009089000100010010290080086
:105B300000000800200084090289C00188881089BB
:105B40000485080089C00108010000000008000069
:105B500000900088002090009084A10120040000A3
:105B600000000000000000000000000000000380B2
:105B7000208509412000000000000000001090086E
:105B800084401040C080800480808000000010406D
:105B9000100311024090000000800000000000008F
:105BA0008802411040209080800880028008800098
:105BB0000000001180110000C020888490048880BB
:105BC0008502110205000580204002000209110033
:105BD0000040001100200080201103904108410086
:105BE00000000000000000000000000000000000B5
:105BF0000000000000008100000000000000000024
:105C000021844013C200008400600000C2000088AC
:105C100000410000C200000000840000C2004200F9
:105C2000000000410000C200000000000000000071
:105C30000000000000000000000011000013000040
:105C400000840000000000000000000000000000D0
:105C5000214800820000C200000000000000000097
:105C60000000000000000000000000000000000034
:105C70000000000000000808DFDF00000000000056
:105C8000000000AA14BE40704F7F0000000000001A
:105C90000000F0F0F033FFFFFFFF00000000575F4F
:105CA000FFFF000055553C3CFFFF3C3C000000005E
:105CB000F00FF00F000000005050F2F000FF7D7D6B
:105CC000414141410C0C0CFF000C00300F0F2F0F15
:105CD0000000000000000000FF0000000000400085
:105CE0003E3EC00000000000000000000000000078
:105CF00000000000000C00008A08DFDF0000000048
:105D0000000000000A0A1E1E4070407000000000E3
:105D100000000000008000833C3CFC3C00000000D0
:105D2000020AAAAA00005555FF3F3CFC3C3C00007B
:105D30000000F00FF00F000000000000F2F000FF84
:105D40007F7F4141F1410C0C0C00000C00300F0F23
:105D50000F0F0F00000000000000FF000000000017
:105D600040003E3EC00000000000000000000000B7
:105D70000000000000000000000000B000B00000C3
:105D8000000000000000FFFFFFFFBE3CBE3C000023
:105D9000000000000000003C003CAFAAAFAAFFFFDB
:105DA00055F0000000000000AAAAFBFFFFBAFFBAEE
:105DB00000000000BC3C7C3C00000000BE3CBE3C3F
:105DC000BF3FBF3F14001400F0AAAAAA00001000B1
:105DD000FF0FFFFFFFFFCFFF0000F0F001001000FA
:105DE0005000000000000000000000000000000063
:105DF00000000000000000000004000000A000A05F
:105E00000000000000000000FFC0C0C0FFFFBE3C5B
:105E10000000000000000000000000042D28050024
:105E2000FFFF3CF0000000000000AAAAFBFF30BA10
:105E3000BABA000000003CBC3C7C00000000FE7CC4
:105E4000BE3CFFFFFBF3FFFF1E0AF0000000000056
:105E50001000FF1FFFFF00000000F0F00000050031
:105E600000003C00000000000100000000000000F5
:105E7000000000000000000000000186006000B883
:105E800000000000000000000000009600B4019037
:105E90008400A0865074A0B0000500860C7400B089
:105EA0000000000070140000000000000086707404
:105EB00000B000000086006000B000800086006036
:105EC00000B00080008602A001880000008600600B
:105ED00000B900000086006000B0008000860474F5
:105EE00000B800800086026000B900800000000059
:105EF00000000000000000000000000000000000A2
:105F0000202061200000000000000000FFEAFFC028
:105F100050FFFFFF3F3F3C3CBFFFBF0F00000000B2
:105F2000F7F7FFD700000000000000000000FFFFAF
:105F3000FFFF383C797D0F0003305500C30000009F
:105F4000C0C0D7FFFFFFD8FFF0FF05F505F5000241
:105F5000000055FF7FFF00000000050D000000005D
:105F60000000D755F555FF00FF00000008000000B5
:105F70000000000000000000000000000000000021
:105F80000000202020200000000000000000FFEAA8
:105F9000FFC05050FFFF3F3F343C15FF150F00007E
:105FA0000000FFFFFFFF00000000000000000000F5
:105FB000FFFF0002303C717D0F0001B0140055005E
:105FC00000000000DFFFFFFFD800F00005F509F931
:105FD00000000000FFAAFFAA000000000008000067
:105FE00000000000555555553F00FF00000000001F
:105FF00000000000000000000000000000000000A1
:106000000000000000000000000000000000000090
:10601000AA00AA0030F035F500000000013DC1FDE6
:1060200000000000AA00AA0000000000000000001C
:106030000000AFAA00002F0F55FF414140405FFF15
:106040007FFFFF141F1F0000003000F00000FF3C26
:10605000FF39FF2020200081002400000000000004
:10606000000000000000FFFFFFFF000010100F0005
:106070004F41000000000000000000000000000090
:106080000000000000000000000000000000000010
:106090000000FCFCC0C000C005C5000000000000FE
:1060A000C0C000000000AA00BA000000000000000C
:1060B00000000000FFAAF000280055FF55415440A1
:1060C0005FFF20A0FF1414140000003000F0000057
:1060D000003C003920202020810024000000000026
:1060E0000001C3C300000000080000000000101001
:1060F000000041410000000000000000000000001E
:10610000000000000000000000000000000000008F
:10611000000000000000000000000000000021005E
:1061200000000000080000000000001000C0000097
:10613000110000A00000000020000000000021006D
:1061400000200000101004A00010211021002020C9
:106150000010002000C00000040002400000040005
:1061600000202110002004080000042004202188C1
:106170000088058811C00000000000000000000039
:10618000000000000000000000000000000000000F
:10619000000000000000881000000009000000005E
:1061A000000000000000820200000000004100002A
:1061B00000200000000000000000000000000000BF
:1061C00000000000000000000000000000000000CF
:1061D0000000000000000041004000000009020033
:1061E000000090020002000000000000000000001B
:1061F00088098409840920000000000000000000D4
:10620000000000000000000000000000000000008E
:10621000000000000800080040000000000000A08E
:1062200005002100000000004020000000A0000048
:10623000000200000908002000000000000000A08B
:106240002020001000000008001000200082000044
:1062500000000000001000A010000000000000007E
:106260000008201000000000090000A000100088B5
:1062700000000000002000202100000000000000BD
:10628000000000000000000000000000000000000E
:1062900000000000000000000000000000001000EE
:1062A000000000000000000000000021001040007D
:1062B0000000002000000002001100000020082162
:1062C000002100000021000800080010000000204C
:1062D00000410021000800090021000940210008B8
:1062E000002100200041001000200020A0100041EB
:1062F0000009000940200020000900000000000003
:10630000000000000000000000000000000000008D
:10631000000000000000000000000000000000007D
:10632000000200000020001000000000000000A09B
:10633000000000100002040000A0000000004084E3
:106340000084009040A00000400040024084001003
:10635000041000A0000209C040080008020200A0CA
:10636000000211C0000209C040404002408800887D
:106370000090021000C002000202020202020000AD
:10638000000000000000000000000000000000000D
:1063900000000000000000100005000000030441A0
:1063A000400000110003C01000410005000008007B
:1063B00088000000881100030010000500000000A4
:1063C0000005000200110009400302100021002115
:1063D000001084040441001020020200A0102003D9
:1063E000004000400021000900104005000210009C
:1063F000041140000040C020020002050202020217
:10640000000000000000000000000000000000008C
:106410000000000000000000058400C0008200822F
:1064200000000010001000000082001008A0001002
:10643000000000880010000000080000008200003A
:10644000000000000000000000000000000000103C
:10645000008800000000008400C0000008A0008246
:1064600000082088001000102000008200840084B2
:10647000020000100000110000001184211020848F
:1064800000C000000000000000000000000000004C
:10649000000000000000000090000000000000006C
:1064A0000000000200059000000000030000000052
:1064B00000000000000000050008001000000010AF
:1064C0000010000000000010000800100000000094
:1064D000001000080010001000000010001000055F
:1064E0000005900000100021001000410010401134
:1064F00000100405841000418821000010000000F5
:10650000000500080000000000000000000000007E
:10651000000000000000000000000000000000007B
:106520000000000000C0000000C0000000000040AB
:106530000000000400C00000000000000000000097
:1065400000000008000000000000000000840000BF
:106550000000000200000000000000000000040035
:106560000010109000080000008400100084000259
:1065700000100084404041000000000000A0001016
:1065800000020210001000000000000000000000E7
:1065900000000000000040104000880500000000DE
:1065A00000400000000000200000900404004000B3
:1065B000900400100040040988058805901100002F
:1065C00000000011400000004010000000110421F4
:1065D0000000000800058805400000058821001023
:1065E0000040900000200441400282410209000264
:1065F000400900404010840240000020A041880370
:10660000A0204020022040090000000000000000FF
:106610000000000000000000110000000000000069
:10662000000000000000000000000000000000006A
:1066300000000000000000900000000000080000C2
:106640000000000800000000000000000000001032
:1066500000000000100000000010000000000020FA
:1066600000A000000000008400C0000000A00000A6
:10667000400020080008001000000000000000009A
:1066800000840000000011C009820000000000002A
:1066900000000000000000000000000000100000EA
:1066A000000000000000000900414000000000411F
:1066B0000421000302080010000000000000000593
:1066C000000500410000000000050000000000007F
:1066D000000000410000000500080010004100100B
:1066E00000000000000500100041000540410000CE
:1066F00088008241000200100005A0210041000531
:1067000082000000004100410000822000000000E3
:106710000000000000000000000000000000000079
:106720000000000000000000000000000000000069
:106730000000000000000000000000000000000059
:106740000000000000000000000000000000000049
:106750000000000000000000000000000000000039
:106760000000000000000000000000000000000029
:106770000000000000000000000000000000000019
:106780000000000000000000000000000000000009
:1067900000000000000000000000000000000000F9
:1067A00000000000000000000000000000000000E9
:1067B00000000000000000000000000000000000D9
:1067C00000000000000000000000000000000000C9
:1067D00000000000000000000000000000000000B9
:1067E00000000000000000000000000000000000A9
:1067F0000000000000000000000000000000000099
:106800000000000000000000000000000000000088
:106810000000000000000000000000000000000078
:106820000000000000000000000000000000000068
:106830000000000000000000000000000000000058
:106840000000000000000000000000000000000048
:106850000000000000000000000000000000000038
:106860000000000000000000000000000000000028
:106870000000000000000000000000000000000018
:106880000000000000000000000000000000000008
:1068900000000000000000000000000000000000F8
:1068A00000000000000000000000000000000000E8
:1068B00000000000000000000000000000000000D8
:1068C00000000000000000000000000000000000C8
:1068D00000000000000000000000000000000000B8
:1068E00000000000000000000000000000000000A8
:1068F0000000000000000000000000000000000098
:106900000000000000000000000000000000000087
:106910000000000000000000000000000000000077
:106920000000000000000000000000000000000067
:106930000000000000000000000000000000000057
:106940000000000000000000000000000000000047
:106950000000000000000000000000000000000037
:106960000000000000000000000000000000000027
:106970000000000000000000000000000000000017
:106980000000000000000000000000000000000007
:1069900000000000000000000000000000000000F7
:1069A00000000000000000000000000000000000E7
:1069B00000000000000000000000000000000000D7
:1069C00000000000000000000000000000000000C7
:1069D00000000000000000000000000000000000B7
:1069E00000000000000000000000000000000000A7
:1069F0000000000000000000000000000000000097
:106A00000000000000000000000000000000000086
:106A10000000000000000000000000000000000076
:106A20000000000000000000000000000000000066
:106A30000000000000000000000000000000000056
:106A40000000000000000000000000000000000046
:106A50000000000000000000000000000000000036
:106A60000000000000000000000000000000000026
:106A70000000000000000000000000000000000016
:106A80000000000000000000000000000000000006
:106A900000000000000000000000000000000000F6
:106AA00000000000000000000000000000000000E6
:106AB00000000000000000000000000000000000D6
:106AC00000000000000000000000000000000000C6
:106AD00000000000000000000000000000000000B6
:106AE00000000000000000000000000000000000A6
:106AF0000000000000000000000000000000000096
:106B00000000000000000000000000000000000085
:106B10000000000000000000000000000000000075
:106B20000000000000000000000000000000000065
:106B30000000000000000000000000000000000055
:106B40000000000000000000000000000000000045
:106B50000000000000000000000000000000000035
:106B60000000000000000000000000000000000025
:106B70000000000000000000000000000000000015
:106B80000000000000000000000000000000000005
:106B900000000000000000000000000000000000F5
:106BA00000000000000000000000000000000000E5
:106BB00000000000000000000000000000000000D5
:106BC00000000000000000000000000000000000C5
:106BD00000000000000000000000000000000000B5
:106BE00000000000000000000000000000000000A5
:106BF0000000000000000000000000000000000095
:106C00000000000000000000000000000000000084
:106C10000000000000000000000000000000000074
:106C20000000000000000000000000000000000064
:106C30000000000000000000000000000000000054
:106C40000000000000000000000000000000000044
:106C50000000000000000000000000000000000034
:106C60000000000000000000000000000000000024
:106C70000000000000000000000000000000000014
:106C80000000000000000000000000000000000004
:106C900000000000000000000000000000000000F4
:106CA00000000000000000000000000000000000E4
:106CB00000000000000000000000000000000000D4
:106CC00000000000000000000000000000000000C4
:106CD00000000000000000000000000000000000B4
:106CE00000000000000000000000000000000000A4
:106CF0000000000000000000000000000000000094
:106D00000000000000000000000000000000000083
:106D10000000000000000000000000000000000073
:106D20000000000000000000000000000000000063
:106D30000000000000002000000000000000000033
:106D4000000000110000000000000000020100002F
:106D50000000800080A010C10000904100000002EF
:106D600000000000000000000010000000100010F3
:106D700000000020001000A0041008A080080010EF
:106D80000920000800100000000040C00008830037
:106D900000200000052040C021100200002089884A
:106DA00088002120C010000000000000000000004A
:106DB00000000000000000000100000000000000D2
:106DC000000000000004000000000000001001406E
:106DD00000000000100040000140002003400000BF
:106DE00000800020000000000000000000000010F3
:106DF0000000000000090000000000000200080080
:106E000000000000008000030800000001009080E6
:106E100002000011000000000140000005400000D9
:106E2000020040008200030000000000000000009B
:106E300000000000000000008000000000000000D2
:106E400000002000000020008000880008004104AD
:106E5000C04000001000090003A105080041000027
:106E6000002040000800001000C000C080A000A06A
:106E700000214100000000000008028210A0000173
:106E8000020000008091000090400820000880006F
:106E900010880000101000001002400811100010AF
:106EA0004109802080A00000800100000000000057
:106EB000000000000000000000001000000084003E
:106EC00000000000010000000100100010000000A0
:106ED00000801180000001000000000800411088BF
:106EE00000400000000300100010000000102021EE
:106EF000001000400011000000210090011000214E
:106F00000008012000084002002111900021000328
:106F1000402000100010210000000120011000108E
:106F20009010A08204090408000004400000000042
:106F30000000000000000000000000000000000051
:106F4000000040000000020000000000000010905F
:106F50000240400002020040080200000000210838
:106F6000020804082004008400A020010000001092
:106F7000000209840284008400C00900000008089F
:106F800000400010000800400940114110081102A3
:106F900002101010C04020000091A1C0004002412A
:106FA0000484004020041190000082A0829100001F
:106FB00000000000000000000000000000000000D1
:106FC00000000000000000000100000000000000C0
:106FD000011001800102850000000108000000008E
:106FE0000005010000C000000000000000080000D3
:106FF000002100000000010000000000002100004E
:10700000010000802000008000A10020001001028B
:1070100000100100010820100010004002000000D4
:107020004102204000000189900090090510214094
:107030000000000000000000000000000000000050
:10704000000000100000000000000008000000A088
:10705000800000040005000000408008008200104D
:1070600000A11084000800020000000000010001DF
:10707000000000000000008200200000000000006E
:107080000000008202080082104002000020000080
:107090009008002020002008000800841100400013
:1070A000851002201000101000200408208408021F
:1070B00082820000000000000000000000000000CC
:1070C00000000000000000000400040000000000B8
:1070D0000021200300A088C02041009002009010F1
:1070E0000010004000080010000500410010824020
:1070F000004000000010C002000800001010002036
:107100000000001000050110000500A101000010A2
:10711000000541800000000000A000000000900376
:107120000100020501210000911000000000100084
:107130008805214100000000000000000000000060
:1071400000002100000000000004000004002000F6
:107150000000200000A080080410000000000000D3
:107160000040100080100002000240082040008211
:1071700000100010000000020040000000C00000ED
:1071800000820040400000C00000000000100040ED
:10719000009000020084004000021010058400846A
:1071A000084004100010890200400901204011909D
:1071B00000101188204000000000000000000000C6
:1071C00000000000000000000000001000000000AF
:1071D0000100000001000000108000000002040017
:1071E00000000000010008850085044000900000B8
:1071F000000000000011000000000000000000037B
:1072000000000000008004100008000000100000D2
:1072100002000000000000040008C000030000009D
:10722000400000000000900002000020000841C162
:1072300000000000000001800000000000000000CD
:10724000000000000000000000000000110000002D
:10725000000000000000000003080084000800088F
:10726000004000C00040800000100008800800407E
:1072700000108020001000A00000008800000084A2
:1072800000081110000000840084210000840088A0
:10729000000000A000000000101080840088800022
:1072A00009A000880000004000A00240028410A055
:1072B000021021C003840540820800000000000085
:1072C00000000000000000000000001000080000A6
:1072D000001090202010001000100010041000007A
:1072E000821000A1820004000800000320904041A9
:1072F000909000000200000000000000000000006C
:107300000010820300410003000000090005000591
:107310000808004100410000900001104009880069
:1073200020000000001082008280000501C1890059
:107330000100010500410000908521A1000000002E
:1073400000000000000000000000000000030341F6
:1073500000210009200502400010094100080840F2
:107360000040004020C01008000003C100900090C1
:107370002005081000008000080000000000000048
:1073800000091000001000000000080000001100BB
:1073900000802000218011918008020300009000ED
:1073A00084800800410008A000090003029182C007
:1073B0000084008500C0080083A008418010000000
:1073C0000000000000000000000000000000880134
:1073D00001010001000000010100000101010001A4
:1073E00000000000000041820189004001034011BB
:1073F000848500410091000084000100000000002D
:107400004000840101000001000020000100000094
:107410000020200200C000842083020801840808A4
:10742000918811200100000001100088004008022E
:10743000851000A10011081020408284200308A0BC
:10744000000000000000000000000000000000003C
:107450000000000000000001000101880109004156
:107460000400900340014000000100C0008501209D
:10747000898810091101838508010000080089200E
:1074800000000000000000000000820091000408DD
:1074900084001101C000100882890100000301016D
:1074A000000121200810090085830900C010850112
:1074B000892108410800110884110940A001010434
:1074C00085830000000000000000000000000000B4
:1074D00000000000000000000003101041800520A3
:1074E00041090000008300410021210208801102AF
:1074F00002891004838885409085A0100300030052
:107500000300000000000000000000001100100057
:107510004000A100A002880088008011100011C165
:107520000805081021118800080588C11120A080D5
:10753000080310858303C0008500C08821A0911036
:1075400005A0848200000000000000000000000090
:10755000000000000000000000008000000408207F
:107560000008400380000000100003000005001028
:107570000008850303C0000800104103008000805C
:107580000080008000800000008008000000008073
:1075900000800080000000020008A0C10040001030
:1075A0000008884000880003008404200003822033
:1075B00008109009004002080208080808888300A3
:1075C00082004009001100000000000000000000DF
:1075D0000000000000000000000000008200000128
:1075E000010000010100A0000000010000000000F7
:1075F0004001040185010002000808090189000812
:1076000000080084001000800082001001080008BB
:10761000000200C000022004009188080885004094
:1076200090A1900903200002004040C1014008835E
:10763000820090081108000901080109088409085E
:10764000100890888340020800000000000000003D
:1076500000000000000000000100014001000100E6
:1076600040209110110008010100010400000040B9
:1076700082848410C10091001100418900000582BC
:107680000810100110002008008000000000000019
:10769000000000000040000000C0820182100200D3
:1076A00084400100000000000100852021088400C2
:1076B000211009008300840010828921080308003A
:1076C0008890A108A01104108304000000000000AD
:1076D0000000000000000000000003004100210045
:1076E0000500208008888800114010200500050052
:1076F00011009180030090111100830405080420FB
:10770000058000C080048008008000800000000028
:1077100000000000001100000008008080080091B7
:1077200080200000020040002040050988202183BD
:10773000A111C18010401008C020830040858090B6
:1077400000200909028411211089050000000000B1
:107750000000000000000000000000000000000029
:10776000C200064200810000C2200000004100006B
:10777000C22006000000000000000084000000009D
:107780000000008200000000000000000000000077
:107790000000C20000000000000000000000000027
:1077A0000000000000000000000000000000005089
:1077B0000000C20000480000000000000A410081F3
:1077C0000000C200210000820013C2000648000031
:1077D00000000000000000000000000000000000A9
:1077E0000000000000000F660F3C7F433D01660073
:1077F000FCFC0000000066FF66633C3C666666E6D3
:1078000066FF0003C0000000000000000000000050
:107810000000000000000000000000000000000068
:1078200000000000F2E2F0F0090109098000810087
:107830000C0C0C0CC00CC000FFFFFFFFE7C3C3C360
:107840003C3CFFFF040000000F0F0F2F99FFFFFFCC
:107850000000000000000000000000000000000028
:1078600000000000000000000066003C43430101EE
:1078700066000C0C0000000066006663CC0C9606E7
:10788000FFE6FF660000C0000000000000000000EE
:1078900000000000000000000000000000000000E8
:1078A000000000000000E2F0F0F00909010980008A
:1078B0008100040C0C0CC00C4000E7C7E7E767032D
:1078C00003033C3CFFFF040000000F0F0F2F99FF44
:1078D000FFFF0000000000000000000000000000AA
:1078E0000000821002000000000000000000000004
:1078F0000000000000000000000000000000000088
:107900000000000000000000000000000000000077
:107910000000000000000000000000000000000067
:107920000000000000000000000000000000000057
:107930000000000000000000000000000000000047
:107940000000000000000000000000000000000037
:107950000000000000000000000000000000000027
:1079600000000000000000000000000090FFBCFFCD
:107970003C7E3F7FCF00DF9900000000FF7E7E7ECF
:1079800000000003000000200020000000000000B4
:10799000FBFBFFF900003CFF3CFF00000000000083
:1079A0000000F000000000000000FC3CFC3CFFF088
:1079B0000000000000000000000080000101F00055
:1079C00000003C06FF060F0F0000008110813CFF05
:1079D0003CFFF30030000000000000000000000049
:1079E000000000000000000000000000000090FF08
:1079F000BCFF3C7E3F7FCF00DF9900000000FF7E90
:107A00007E7E00000000000000000000000000007A
:107A10000000FFFFFFFF00003CFF3CFF00000000F4
:107A200000000000FC0C000000000000CE00CE00B2
:107A3000FFF0000000000C0000000000FF0FFF0F2F
:107A4000F0C300C33C060006070F000040184018B2
:107A50003FFF3FFFF3003100000000000000000086
:107A60000000000000000000000000100000000006
:107A70000096007400B00000A09E5274A0B02005D3
:107A80000086026000B900000586006000B9008031
:107A90000086006000B000A000000086006000B01A
:107AA00000000086006000B000000086006000B0AA
:107AB000000000860C6000B8008001860074A0B948
:107AC00000050186006000B800000086027400B85E
:107AD000000500860CF400B00085000000000000E6
:107AE0000000000000000000000000000000000096
:107AF0000000F82828280000000000000000000016
:107B000000003030002000000000FFD7FFFF000021
:107B10000000FBFFC3C3F000FFFF000000000000F7
:107B200000000000000000000020FFFF0002002015
:107B30000000000000000000FCC00000C3C3C3C37D
:107B4000EFFFEBFF555555550000000F105000009A
:107B50000000C000000000000000008000000000E5
:107B60000000000000000000000000000000000015
:107B700000000000F0000000000000000000000015
:107B8000000000003030000000000000FFFFFFFF99
:107B900000000400FBFFFBFFFE00FFFF00000000F1
:107BA000000000000002000000000000FFFF0000D5
:107BB000002038383C3D000000007D41414141003B
:107BC0004140FFFFFFFF000003000000000F505086
:107BD00000000000C0004141C0C3000000000000E0
:107BE0000000000000000000000000000000000095
:107BF0000000000000000000000000000000000085
:107C000000000C0C0C0C4040BFFF00000000FF0007
:107C1000FF0004FF04000000000000C3C3C3000015
:107C20000000000000000000000000000000AAAA00
:107C30007C7CFC7C0A0AFF00FFFFFFFF00000000C5
:107C4000FFFFFFAAFF000000FFFAFFFA000000009C
:107C5000C0000000FFFFFFFFFFFE00001010F0F06B
:107C60000000000000000000000000000000000014
:107C70000000000000000000000000000000000004
:107C8000000000000C3C1C3C0000FFFF0000000056
:107C9000FFC0FF00040404040000000055C3C3C378
:107CA00000000000000000000000000000000200D2
:107CB000AAAA7C7C3C3C0E0AFFC3DF2FF7FF000022
:107CC0000000FFFFFFAABA000000FFFAFFC2140085
:107CD0000008000000007D7FFFFFEBEA00000000CD
:107CE000F0F00000000000000000000000000000B4
:107CF0000001000000000000000000000000800003
:107D0000000202A08000000000000000000000004F
:107D1000400000A00000001000080000000000006B
:107D2000000000000410000000000000004180027C
:107D3000000200102102000202038011000900105D
:107D4000024080A1040811090000000200A0020006
:107D5000028402109120800210001009840584051D
:107D6000A0058405000000000000000000000000E5
:107D700000000010000000000000000000000000F3
:107D80002000008003004000000000000000001000
:107D90000010010000000000000000410000000091
:107DA000000000000000000000000000000000C013
:107DB000028000800041008000A089C0080200020B
:107DC00000108980024000000002000000800010C6
:107DD000012101100021100040900100018821A024
:107DE00005A005A021A00000000000000000000088
:107DF000000000000000080000000000000000007B
:107E0000200000009000848484008582020002002B
:107E10008000A04080C00000008200C090000000F0
:107E200000900090002000C000200000000400002E
:107E3000800300000090004180000000002000004E
:107E40000510021089010010000000100000000061
:107E5000050280A005A000020001000100000084CE
:107E6000A021A0218405840500000000000000007E
:107E700000000800000000000000000000000000FA
:107E800000000100000003000300030002000100E5
:107E90000100020203C11000000200000000030004
:107EA0000003000000100010000000080011000096
:107EB000841002020008081000820221000900104C
:107EC00000080021011002400010002000210021C4
:107ED000002000A11000841000900408A0400010B1
:107EE000021005840584218421A000000000000008
:107EF0008000000000000000000000000000000002
:107F0000000000000000800000000008100000A039
:107F100010200000028500080008008400410010C5
:107F200000840000001000100008000000A00010F5
:107F3000000200A0800002080008001000100041AC
:107F4000000200100000041040020284C0840010EF
:107F500002A00982001000840008008480A080082C
:107F600021C090C0A005A005A021A0050000000030
:107F700000000800000000000000000000000000F9
:107F80000000000084000000020000100000011149
:107F9000400001900420402000008841401100086A
:107FA0000008000000000010000800080000002188
:107FB00000058821400002100102000800050000B1
:107FC00000C0001000808210001001000100034179
:107FD0000010912100210041004100100005100215
:107FE00040C1A021032121A021A0058421840000FB
:107FF0000000000000000000000000000000000081
:1080000000000088000809040000021000000000C1
:1080100080100001000080080082004080400000C5
:108020000000004000090082000000C000A0000025
:108030000084000800000000008200080010008496
:1080400000000200004080A00240004100004010FB
:1080500002000000000000C00020000900840000B1
:1080600000C000C010C00501040184419083A0033A
:108070000000000000000000000000000000000000
:10808000000000000000000000C10000010000002E
:10809000000002210020000004000010009004886D
:1080A0000041020088000040004100210020000043
:1080B000000090000000884008090000000800103F
:1080C00000100000210000850821019000C0000080
:1080D00041058911880000200000001100080005FA
:1080E0000010001100100141A008012021A004048B
:1080F00005880000000000000000000000000000F3
:108100000000040000008000000000000500401096
:108110000301000021100084098400104000800841
:10812000001000A0001004100010000800C0400261
:10813000008400000082000800A0004000020084CB
:108140000984000040102084408208C0001089107B
:1081500000112084008400000084008400848010CA
:108160008084401080C0890540C080C0A005842163
:10817000A0048405000000000000000000000000D2
:1081800000000000000000001000000000100000CF
:1081900000030004001000000008000000000003BD
:1081A00004210005900000400040000084100005FC
:1081B0000005880800000005000000419000001044
:1081C000000200020000000040410005010000051F
:1081D0004010004000000441020000050421081086
:1081E000020802110010404140021010022103A0B9
:1081F00005840590058400000000000000000000D8
:108200000000000000001184110011000000210096
:108210000000820000008288800011A0020002405D
:10822000001000100040021000A000080000001024
:10823000008400A000C00000008400C0008400C0D2
:10824000001000400010001000849110028880A1EE
:108250000084094080100010001000C08008091040
:10826000000091840084028400A000C000C000C00F
:10827000022084054020A020000000000000000033
:1082800000000000001000000000000000050000D9
:10829000880090001100022002000200000001008E
:1082A00000820005041004800100882100040005FC
:1082B000000082000000000000009000820000101A
:1082C0000021001000C00010101000100241012118
:1082D00002100010889002000410002000414000AD
:1082E000A000C00502080005850520000000000070
:1082F000002101801184418503A1000011000000CC
:10830000000000000000000000000000000000006D
:1083100000000510C0040903004180858008054065
:108320008011032111A021050988000500884082E1
:108330000008000000000000000000000000000035
:108340000000000000A00800104000000008080322
:10835000A1000080004008A10800000000020508FC
:1083600004000000040340100041084000051120F3
:1083700021401041409009888908C0100000000089
:1083800000000000000000000000000000000000ED
:10839000000040008901A00100000001408202901D
:1083A000A0918440A190882003900021C0008210F9
:1083B00000030000000000000000000000000000BA
:1083C000000000000000880290200100009008904A
:1083D000409082840090C0114184019000000041CF
:1083E000A190019000400000000100010000008306
:1083F000888901890101082141038241C0010000EF
:108400000000000000C001000000000000000000AB
:10841000000000000000A00089029003040088A072
:108420002100211085032002A000A008848490016F
:108430008500402021840090000000000000000022
:108440000000000000000000200084018900880274
:10845000000188019100418990030001028891C1C7
:10846000C0002001C00885889189822040904090FA
:10847000000000009091901121C089218808891185
:10848000000000000000008010000000000000005C
:108490000000000000000000200008A10890C0219A
:1084A0004008080090008385200085200380C1A13A
:1084B000000888002080100000000010000000006C
:1084C00000000000000000000000000080044100E7
:1084D0001191000800044100214100820004A10024
:1084E00040C0000080028880820905102008082111
:1084F00040000021400040082088114010844005C1
:1085000009820000000000000000000000000000E0
:108510000000000000000000000088040511209009
:10852000834140000980800004000504119005414A
:108530000305200008800080080000000000000003
:10854000000000000000000000000000008000802B
:10855000218280890080038011C1002100084080B1
:1085600041800041800080A011110000081000111E
:108570002088088803080811009088080383098868
:1085800041852021000000000000000000000000E4
:108590000000000000000000000000002021012178
:1085A0000120A0C0014084208220C088009040218A
:1085B0004020112101200002008401200000000061
:1085C0000000000000000000009000000000008497
:1085D000000201850820C002200408A18210C08882
:1085E00091C0A18488410888C0024084900883001B
:1085F0000001002141C00091019100858589C108D9
:1086000000890084088800000000000000000000CD
:108610000000000000000000000000000000010059
:1086200000C100850004849140919001900085096B
:1086300088840100A08202018801880102040000F0
:10864000000000000000000000000000000000002A
:10865000900941002000402083008802840040905F
:108660000300410884404000C001A1004000904048
:1086700040014020A000894085010340A1008901FC
:10868000108841218582C0410000000000000000E8
:1086900000000000000000000000000000000000DA
:1086A000081108830888208080100008804100009D
:1086B00082850008081000008005001000108080EE
:1086C00000000000000000000000000000000000AA
:1086D0000000100804008000000084000880800072
:1086E0000000C00020008000000091054000000054
:1086F0000080050821A189211100880491009000C3
:10870000084183402109902103100000000000006F
:108710000000000000000000000000000000000059
:10872000000000880000C200420011004013000059
:10873000008211824013C200068800000000000081
:108740000000000000000000000000000000000029
:108750000000000000000000000000000000000019
:108760000000008100000000000000000000000088
:1087700000000000000000000000000000000000F9
:10878000000000000A500013C200428100000000F7
:1087900000000000000000000000000000000000D9
:1087A00000000000BAFFFBFF14000F0000000000F3
:1087B000000000000000F0F00000000000000000D9
:1087C00000000000000000000000000000000000A9
:1087D00000000000000000FFFF0000FFFF0000FF9E
:1087E000FF0000FFFF0000FFFF003C3CC3C300FF91
:1087F000FF000FF00FF0EAFFFAFF3C3C3C3C00208A
:10880000000000000300FDFFFFFF7FFFFFFF0000EF
:108810000000000000000000000000000000000058
:10882000000000000000FAFFFAFF14000F00000033
:108830000000000000000000F0F000000040000018
:1088400000000000000000000000004000000000E8
:10885000000000000000000000FFFF0000FFFF001C
:1088600000FFFF0000FFFF0000FFFF003C3CC3C310
:1088700000FFFF000FF00FF0FADFFAFF043C0000EA
:108880000020000000000000FFFFFFFFBFFFFFFF10
:1088900000003000000000000000000000000000A8
:1088A00000000000000000000000FFFFFFF5FFF5E2
:1088B000F82828283FFF7DFFC2C2C3C255411400DB
:1088C000FF2020205555000000000000000000009F
:1088D000000000000000000000000F0FF0F000FF9B
:1088E000FF0000FFFF0000FFFF0000FFFF0000FF90
:1088F000FF0000FFFF0000FFFF0000000008000075
:1089000000C3000000040000000F0000FFFF870507
:108910000000000000000000000000000000000057
:10892000000000000000000000000000FBFFFFB797
:10893000FFF5F0000000FFFFFFFFC2C2C0C2F5E17B
:10894000B4A020202020050000000000000000004E
:108950000000000000000000000000000F0FF0F019
:1089600000FFFF0000FFFF0000FFFF0000FFFF000F
:1089700000FFFF0000FFFF0000FFFF0000000000FD
:10898000500050C30000000C0000000F0000FF7FEB
:1089900005050000000000000000000000000000CD
:1089A000000000000000000000000000A09E5274C3
:1089B000A0B0A08500A600E001F004A000A60CF481
:1089C00001F004000086006000B00000000000001C
:1089D000000000000000000000000000000002860F
:1089E000016000B408400286016000B408400286BD
:1089F000016000B408400286016000B400400086B7
:108A0000026000B800800086006000B80080A18687
:108A100052F4A1B80005000000800800000000002A
:108A200000800100000000000000000000000000C5
:108A3000000057D7571700AAFFFF000000000000F2
:108A40000000828EC2CE55555555BE3EBC3C00003E
:108A50000000000000000000000000000000000016
:108A6000C000000002000A08000000000000000032
:108A700040004000000000000F0C0F0FFF553F1595
:108A800000100000FF000000EBEBFBFB0400000007
:108A900000000000828002000000000000000100D1
:108AA00000000020000000000000000000000000A6
:108AB0000000000054D4541400ABFFFF000000017C
:108AC000000000C3000CC0CC55305500FF7FFD7D79
:108AD0000000000000000000000000000000000096
:108AE00000000000000003010B09004040004000AE
:108AF0000000FFFF00008000000000000000FF55A4
:108B0000C34100000000FF000000AAEBBAFB1414F0
:108B1000000000004D7D8282020200400000000043
:108B20000000000000000000020000000000000043
:108B3000000000000000141414140FFFFFF300F0F5
:108B400000C30080000000000000000F000FFE3C8A
:108B50003C3C00000000000000000000000000009D
:108B60000000000000003C0000FF0FFF00000000BC
:108B7000000000A00000005FFFFFFF3C00000000BD
:108B8000C3C3C3FF0000000000001000FFFFFFF0A0
:108B900000FFFFFFFFF00FFF30001000400000005B
:108BA0000000000040000000000000000000000085
:108BB0000000000000000000101414140FFFFF7FDD
:108BC000000000C30080008080000000000F000F44
:108BD000FFFF3C3C0000000000000000000000001F
:108BE00000000000000000003C00BEFFFFFF00008E
:108BF000F0EB000000A0000000FFFFFFFF3C0010B2
:108C00000000C3C3DFFF0000000000000000FFFF02
:108C1000FFF0FFFFFFFFFFF00FFF3000200000001C
:108C20006B7308007069046D00000354E29443D72D
:108C3000FAFAD0043B8402D0480840004030018852
:108C40004010042010400410082080880085B004E3
:108C50001081010188800000000000000000000079
:108C600000000000000000000061E8182200000081
:108C70000010006000000000000000000000000084
:108C800000000000000000000000000000000000E4
:108C900000000000000000000000000000000000D4
:108CA00000000000000000000000000000000000C4
:108CB00000000000000000000000000002000000B2
:108CC0002000000000100000000000000000400034
:108CD00000001100000000100041000002400000F0
:108CE00000000000000082200000001000010420AD
:108CF00020004002001040000008000000000410A6
:108D000000000300000000000011400000A08409E2
:108D10000421032084A0024140C0110084214101AC
:108D2000842100000000000000000000000000009E
:108D30000000000000000000000000000000010032
:108D40000000000000000010000000000000000013
:108D50000100000000000000000000C000000180D1
:108D6000002100000000000003100040000000206F
:108D7000018201000080001000000040000988000E
:108D800000000000000000000000000800000000DB
:108D900005A000A00000050085C00000000005A09F
:108DA000004003A0000000000000000000000000E0
:108DB00000000000000000000000000000000000B3
:108DC0000010050000010401008800000090000070
:108DD000000800004102030800108000800002101B
:108DE000C040080800C00040084000418840000022
:108DF00010000020002008A0000100210000000059
:108E000008080040000080004040C008000900023F
:108E100010208401040910090409040808024020F4
:108E20008021000108200000000000000000000078
:108E30000000000000000000000000000010000022
:108E400000000000000000400120000000100000B1
:108E5000000000800000A000004000001010022070
:108E600041200290891000001089008900C02089EB
:108E70000021004108A10410011004080040001066
:108E80000020001004A000414000008202908210E7
:108E900000882121032021A0058201A08800001064
:108EA000010804A0044082880000000000000000C7
:108EB00000000000000000000000000000000000B2
:108EC000021000100000000000000082008200007C
:108ED0000084001004000040008400100008000816
:108EE0000041008400210001000000020010004049
:108EF000000000000002001040100082001000403E
:108F000000002090009010088004000809081084D8
:108F1000008404C00008A109840400880008050832
:108F20000008000004400400048400000000000069
:108F300000000000000000000000400000000000F1
:108F400000080100900000004000400800030010ED
:108F50000021000500000000009000000021000238
:108F6000001000C0001000400040000000000000A1
:108F700000800000000000800000000200080000E7
:108F800000000020002000200085020084400040F6
:108F9000010000100040001002A005210010004058
:108FA00000100010000001800000014000000000DF
:108FB0000000000000000000000000880000000029
:108FC0000000000011C0000002000000C090848476
:108FD0000000009004100090090300080000000841
:108FE0000008101008052110104008000000058836
:108FF0000084028200002140008480000008008874
:109000000082009008200000008800840400808412
:10901000101090820000080100009041882020027A
:1090200084212001080040018405000084410000E3
:109030000000000000000000000000000000000030
:109040000000002100000041040301000441020867
:10905000051020008841C0059020900800210004E0
:109060000004080201418840821011C10100000083
:1090700010080005010400410021001020000088B4
:1090800088211008C020040090098810900301086E
:1090900040100110111004000002A02104A004C11E
:1090A00001A105C084408800004005201011050280
:1090B0000000000000000010000000004000100050
:1090C00000002000000000040000409004000000A8
:1090D0000040000820A040A00008000021C04088F7
:1090E0000008080240204002200000A000204002AA
:1090F0000000000808A08311080200840800001086
:1091000009024184000002004040050000A0102038
:10911000041008C02082400208000002030004205E
:10912000024004400000028204080000808941409F
:1091300089C10000000000090000000000000000DC
:10914000000000000100000000800000900300000B
:109150000000024000000008000340004000C00280
:1091600000020000002100050400000000000000D3
:10917000014100000000000002400000000000006B
:10918000400200C00000000000000041000000108C
:109190000000010000004141410091020000000078
:1091A000A180019000000010000800A140000420F0
:1091B000008004200000000000000000000000000B
:1091C0000000000040000010000000000900000046
:1091D000001000100010002021000908000000000D
:1091E0000090042000C0081003010089091000103D
:1091F00000000201000000C0211000850000118461
:109200001108000080A021900504000000821110C8
:1092100040840088408420822084090080021190CC
:1092200000A00211840100008020900200100010B4
:109230008084008810210010001000000000004110
:1092400000210000000000000400004100090008A7
:1092500000000003884140004008040800A100000D
:10926000022104108403C010002100408402000089
:109270004002020001400000004100084040881008
:109280000040A0000005100000000405902100101F
:109290000009880990100040012183001008024154
:1092A000001000000140052090000480020004032B
:1092B000000802000005018200000000000000001C
:1092C00000000000000000001104000440048904B4
:1092D00000008000050000000380800008000000FE
:1092E00084100809204008080410040400054109FE
:1092F0009140058810100380000009008080C000A4
:1093000020808008808285400011900500080904B3
:10931000401040020008041140088021A0040311FD
:109320000041A10500208505914083A00241001065
:109330000300A0088088040503040000000000006A
:10934000000000000000000000000400C000010058
:1093500084000040104000880088011008880088C0
:109360000040900182000101000190000001000115
:1093700001000803014001880110000000088284F8
:1093800084880384400282A040890008050104000B
:10939000000100012001C000890091012001C101EC
:1093A0000000200108011000A001020121A00521F8
:1093B000C00311400441081008C1019101000000E0
:1093C00000000082010000000040001000000104C5
:1093D00000010100A0000400A00090018201C10072
:1093E0000988100010001189C18910000400C021F3
:1093F00040002100830088A10510C0840000820085
:10940000400009209021C00010A1104084081000E5
:109410000984A100830120040541C1052000112019
:109420008484048402C0A140A10200A103010100C0
:1094300040824121018400828801010189002000CD
:109440000000000000000200004000000080110049
:109450004100040210048000800080000005040226
:109460004100058040118900080388021100830033
:1094700083402120084110000904409084800000AE
:109480000500090021800440880990020309A08397
:1094900003009000850288052000A0C140832008B9
:1094A000918985000321410211802180110202056A
:1094B00020402083048341A000800004080502208E
:1094C000000000000000000000000000000000009C
:1094D00009040004092111040000110000800000AB
:1094E00000C08091000800A00808008900C008039F
:1094F000001000100011212011890010050205053F
:1095000000800020C020A0828021210080900000E7
:109510004100A1000003004009030504118900A1D6
:109520000911020900402100084009034083052079
:1095300041888009028991A18003908304A00810CA
:1095400004A0000000000000000000000000000077
:109550000000012000400141C08200A090100810CE
:1095600000C0008488880010008801C100080084C1
:109570000909000000010000000100048208210325
:1095800041890080008310208485200901C088095A
:10959000820240C0102000C0000800040091012099
:1095A0000009889101110011009089830082014017
:1095B0000190C12110C00488848508A111A08304F2
:1095C000C0A1832000000000000000000000000097
:1095D0000000000000040083000100000001000002
:1095E0000000000884A188081000C0880100000065
:1095F0000101010001000100000000048209C0A077
:10960000410083100080900220051020200384096F
:1096100010000200088401A0000000010102000007
:109620000008010000C183880985030211A00040E1
:1096300000030000000085039111A14091018920E1
:109640000000880288000000000000000000000008
:10965000000000000000080004820402090000105D
:1096600000000000000080058020002080801004A1
:109670004011080805101008212109030000880383
:10968000891020090500008000880041800900C081
:10969000840803040410A00008100800110205004B
:1096A0000809050808002190A1109008A180A08059
:1096B0002080098805032000838802840804840828
:1096C0004180210011200303000000000000000081
:1096D000000000000000000000000000C220420066
:1096E00000000000000000008100001300004200A4
:1096F0000000000000002100000000000000000049
:109700000000000000008281000000000000C20094
:10971000820011824013C2002100000000000000FE
:109720000000110000130000004100880000C2008A
:109730000000810000130000000011000013C200AF
:1097400012420600001300004282000000000000E8
:10975000000000000000000000003C3C3C3CFF001A
:10976000FF00000000000000000000000000FFF00B
:10977000FFE03C3C66667E7E55696FFF6F000C0C17
:109780003C2C3D3D0000FF00600000000000000098
:10979000FFFFFFFF00B13CB1F0F0F0F0001800183F
:1097A0000000900009030003FF70FF300408201040
:1097B00000000C0C99009D0C00001000000000003F
:1097C000000000000035002409000B00000000002C
:1097D0000000000000000000000000003CBC3C2C29
:1097E000FF007F40000000000000000000000000BB
:1097F000FFF0FFE0FC3C66664242556960FF600096
:10980000FFFFFFFFBD3C0000FF0030000000000034
:10981000000020000000C3B1FFB1F0F0F0F000F94B
:109820000078900090000900000000000000FFFF99
:10983000FFFF00000C0C99009900000000000000E0
:10984000000000000000003500240F000F000000A1
:109850000000000000000000000000000000000008
:1098600000000000000000000000000000000000F8
:1098700000000000000000000000000000000000E8
:1098800000000000000000000000000000000000D8
:1098900000000000000000000000000000000000C8
:1098A00000000000000000000000000000000000B8
:1098B00000000000000000000000000000000000A8
:1098C0000000040000100000000000000000000084
:1098D0000000000000000000000000000000000088
:1098E000FEFFFFFF666666660000000000000000E5
:1098F0000000000066FF67FFF00F66662766666679
:109900000CCF4E4E00FF0000006F006F666666666B
:1099100000000000000000FF00FF0303BD81FC66A3
:109920003C663C3C3C3C000C00000000000C00107D
:1099300000007086B09600F024E4000006000000ED
:10994000000000000F00FFF36662000EF0FE000052
:109950000000000000000000000000000000000007
:10996000000002000000646667660000000000005E
:10997000000000000000FFFFFFFF30FC30F340005C
:1099800000000CCF4E4E007F0000006F0066606448
:10999000666600000000000000FF06F73F3FBD8143
:1099A000C0663C66FCFDFDFD00C000000606606C64
:1099B00000100000F096F09200F024E42424262405
:1099C0000018001000000F00FFF3FFF3000CF0FC84
:1099D000000000FF0000000009000000000000007F
:1099E00009000000009E007000B0200000860060AA
:1099F00000B00000008600200380000000860C609C
:109A000000B9000000860C6000B0000000860C6009
:109A100000B0000000000086007000B0000000866A
:109A20000CAC01E000850086006000B800000086F4
:109A30000CE0019000800186007400B800000086F0
:109A400000E001B80000008602F001B800000086C6
:109A50000CE001B800000000002000000100000040
:109A6000002000000100000000004555000000003B
:109A7000000020202020FFFFBF003C3EFFFF000031
:109A800000000F0F1455000000000000000003004C
:109A90000300040000000000000C000000000000B3
:109AA000AA3FAA305DFDFFFF000000005D55515543
:109AB0000000000051AA558AFAFA3F30060C060C45
:109AC00000000000AFFF83C3FFF8FFF0000000308C
:109AD000030330301E000A000040000000000200B6
:109AE0000040000000000200000000000000000034
:109AF0000000000020202F20FFFFBF003C3CFFFDA6
:109B00000000000055551455000000000000000042
:109B1000030000000400000000000000000000003E
:109B200000203F3F30305DFD0000000000000000DD
:109B300004000000000054AA552A0A0A3F302C0CE9
:109B4000EFCF0000000000000000F0F8F0F000008F
:109B5000000003033030140000000000000000008B
:109B600000000000000000000000000000000000F5
:109B70000000F828F00015FF55FF04000000FFFF6B
:109B8000FFFF00000000FFFFFFFF00000000555531
:109B9000555507D700D70F07FFF70000005155555F
:109BA000000000003C3C3C3C3C35FFF50000000060
:109BB00005050C0C00000000FFFF00000000000085
:109BC0007D3C283C000000000000C0C00080000078
:109BD000F000F000AFAF3CFF0000F0F0000000002C
:109BE0000000000000000000000000000000000075
:109BF000000000002828000015FF15FF04000000E9
:109C00003C3C353C0000000000000C3C0000000023
:109C1000550F3C0FD7D7D7D70F0FFFFF00000050CD
:109C2000555500000200FFBCBCBC0005C3C50000C8
:109C3000000000FF00000000000000200000000005
:109C400000000F0F1400000000000000C0C0000062
:109C5000000000000000AFAF3C000000F0F020006A
:109C60000000000000000200000009000000800069
:109C700000001000000000000000000002001000C2
:109C800000000001100000000011040004010000A9
:109C90000490000084004040000003000490000095
:109CA00000000000000004002100009000200020BF
:109CB0001120000021400001A0880208009080C00F
:109CC00002900240024110001100000000C000009C
:109CD00004400000040000880000200020904000A4
:109CE0000100000000000000010000000000000072
:109CF0004000000001000000000000000000010022
:109D000000000000004001000000002000000120D1
:109D100000000100000005000180000000000100BB
:109D20000000000000000000000000000000000033
:109D300000000000001100800008020000800020E8
:109D400010000103000001C0050000000000000039
:109D50000000000000009000000000000100010071
:109D600000000000000000000000000008000800E3
:109D700000000000000080004100000000008000A2
:109D800000000000000000000000210000000000B2
:109D90000010000040A100908020801080208400EE
:109DA000032100C00000C18800000009100809104C
:109DB00000000040000010080008100108400200E8
:109DC00000104010002002108040104000090000E8
:109DD00000041010C000000891081040894082085B
:109DE00010404140000000000000000000000100A1
:109DF0000100000000000000020000000000000060
:109E0000020000000000000000000000000040050B
:109E100000002008A00801200000048008880480B9
:109E2000090800200000081002000020028890218C
:109E30008810001000880010009000900140008001
:109E40000121000404080041010502A104C00040F2
:109E50000009000800004108904110A001C12088BD
:109E600003C189A10008000000000000000080007C
:109E7000800080008000000800000000000000203A
:109E800000000000110000000000209000A000C0B1
:109E900084400010040004A08010001000840040E2
:109EA000100000400008000000000002000400084C
:109EB0000000200400400004800300901041004096
:109EC000020900A1004000020011021080A1000858
:109ED0000008091000020008000200840010800839
:109EE0000040000200080008000000000000000020
:109EF000080004000400040000000000000000004E
:109F000004210000040000004000402188080041B6
:109F10008205050900080000040204030411084139
:109F200000830900901140000000820508402000D5
:109F300008852002A0080000A00802820002018219
:109F400000C091080008108810820040844102403F
:109F500000C0102088020000201100850000C00011
:109F6000028300880090000300040000000000004D
:109F700000000000000000002000090000100000A8
:109F8000000011001100409040880000020800000D
:109F9000210210000008800880020002208300A037
:109FA00004208288002020880020000005840820EA
:109FB0000010000900A0800004080008000110093A
:109FC0000208000410001100000000840088410015
:109FD0008291050040C09000820110418001C09034
:109FE000800980090001A00941402009000000000B
:109FF00000000000000000000000010088000000D8
:10A000000400000000000000411100008841010030
:10A010000000009000000000108504A082000020D5
:10A02000000490900911009040102090000010054D
:10A0300000100008088800214020008010880002DD
:10A0400000C0838000218200000884080410000002
:10A05000000503400010900903080240098202082D
:10A06000030310884088000810C0088083020000A5
:10A070002000000000000001041040040400000063
:10A080000900000800000010020040000010050058
:10A090000920000840400340404021020002001017
:10A0A000000210082008204105880040200200001E
:10A0B000000020042110030400C003A01000098444
:10A0C0000082100480400002001008010008001007
:10A0D00003C00010100200100008101005101084BA
:10A0E000C008021000400009114090094101000819
:10A0F00000000100040000000010010000800010BA
:10A100000010000284000000400001000002C008AE
:10A11000104100020010002120000000002040102B
:10A1200000000080A000408540C090112040100930
:10A130000000200000008441C04008089009900001
:10A1400040089000C0020280040584028808C0080C
:10A150000010000408038900082000080900000519
:10A1600089004180012008C088C088801040000814
:10A1700000880004000000000000008400100400BB
:10A1800000000000001000000000040000000010AB
:10A1900000004010020000A000004000214021C04B
:10A1A00000100082040400408001411020840484D7
:10A1B00000010000004041C0000020100010008499
:10A1C0002190400011C000400800001000840808E1
:10A1D000208808840004000310A00000800090097B
:10A1E0008208900890C18901104080011008808287
:10A1F00020088841008000000000000000000021CD
:10A2000001000000000000000008000000412005DF
:10A210000008A00000000420000302114110884142
:10A22000C01000052000C1030009040204A0A01012
:10A2300040100008000000000000884000020400F8
:10A24000040900050108A00300C182051021004196
:10A2500002100000004188058488090300051021D0
:10A260000308020011021140100801C00240828060
:10A270000240A0C10288030200030003080882898B
:10A2800089040989411102030020004003400000B5
:10A29000880010000000851104400008C108021168
:10A2A0009180A000412041118884A00440918080C9
:10A2B000020080802180000082A0108810C01180E0
:10A2C000020480048004080489050008210503892C
:10A2D000200505020890034109800000200002804B
:10A2E000418383882105030441100020851141A08A
:10A2F0000505200205201082C101000000000000B9
:10A300008382038521890101010000000001000012
:10A31000000009000000000010010100000103001E
:10A320000091A0204020000088058241A0A00110DB
:10A3300082820184080200C000001108010901A006
:10A3400000840500C0002000000010888441002126
:10A35000012000402083010300410010009003A071
:10A36000A12000C1092105400141098984C185C19D
:10A3700000A100A189A0010301840100018200095C
:10A38000000101018500898882100500C000A00835
:10A390000400100108202001880588002000A0008A
:10A3A0004000A000A0C0200108C0820105110421C6
:10A3B00009050001C100C088831000008901110057
:10A3C00083201184000420850210A10091019008CF
:10A3D00090C1402040008400A1081101820090003B
:10A3E000894091000801C0A09188C1C0020588027F
:10A3F00090019002A001820141028404100010002B
:10A4000003020809080202008280908008002000F0
:10A410008000214000400000004100110009400977
:10A42000A00411030503118921058382112008402E
:10A4300008C1838808108800108088200000050368
:10A4400020000500C1090000A103210403210241ED
:10A450004080200503802000C000854088054141E0
:10A46000050020800300A102208305408241A1C095
:10A4700008A0A12105202041211085028841020267
:10A48000000309084041119180C10083C0C0080445
:10A4900011080010081100000000210000800003D6
:10A4A0000008000820400003809000A185030902F5
:10A4B00088A00589804000028020404180900000F3
:10A4C000008880C088840020050908112188400880
:10A4D00041020284A09002854088C00500C04091DE
:10A4E000000300200511804041110083212080835A
:10A4F0002105801185C1410320C0000390A140A027
:10A5000001010000010101010191888982A0898374
:10A51000000101010001200100400008009020100E
:10A520000000000000010000400088C1C0848910C4
:10A5300000A103084084880200C1880082208809A5
:10A54000000082020210C0850082200800A0008561
:10A55000019001910004A1848903002004419040EE
:10A5600000C0888882828988208801C082108290F9
:10A57000908401C01083048401A1030200204110D3
:10A58000010200400008000101008291881182014F
:10A5900088C0000100000001001083010400A00039
:10A5A00008C008C0880008010084208411008201CE
:10A5B00083880384A0118201C010C0919000200004
:10A5C00084400000849008410411C0A001050101ED
:10A5D000002001028920C1018401839002852102AB
:10A5E0008300014084000201A021022008028500AE
:10A5F000A101858588A0894083A1A0A1850385004C
:10A6000002018584110003080303400080918089C2
:10A610000002800000080008002100808203110071
:10A62000C00002000405400088021100218240059C
:10A6300011100589A19104090021848000C000083F
:10A64000000800000000A10580850302038040028D
:10A65000040804A002804011054180022000C1903E
:10A66000850041030480800080418008800040090B
:10A670008520A1088591118510A110082090A103C3
:10A6800020204104858000810000C200118200006A
:10A690008013C24021000000000000000000000004
:10A6A00000000000110000000000000000000A008F
:10A6B00040130000000012000013000081000A0097
:10A6C0000013000021000000000000000000060050
:10A6D0000000000000000600000000000000004133
:10A6E000000000000000000000000000000000006A
:10A6F00000000000000021410000000000000000F8
:10A7000000000000C200410055FF55FF3F5F3F3F82
:10A71000000000007FFFFFFF00000000555F7D5F2D
:10A72000050505050000000010D31CDFAAEFAAEF05
:10A730002A6B3E7F053DFFFF143CD7FFAAEFAAEF2F
:10A74000000000003C3CFF3F0000C0C000003C3C5B
:10A75000FC3C00000000143FD73F14FF55FFFFFFF3
:10A76000004000084848555F757F000000005555BF
:10A770004575D714D7960005FFFFDFD5FFFF555469
:10A780000000030303430C5C0C5C55FF5CFF3F3F80
:10A790003F3F000000000080000000000000000FAC
:10A7A0003C0F050525050000000010D31CDFAAAFF3
:10A7B000AAEF02431657050505051400D7C3AAAF33
:10A7C000AAEF000000003C3C00300000C0C00000C8
:10A7D0003D3CFD3C2C96823C1403D7031414555584
:10A7E0000040004000084848000A000A000000003D
:10A7F00055555555171497960045FFFF1015FFFF47
:10A8000055550C00030303430C5C0F5FFFAAFFBA0E
:10A81000FFBFFFFF3C3C3C3C3C3C3C3C000000009C
:10A820000000000000000000000000008380BFBCAA
:10A8300000000F0014145555BEBCBCBC0F03FFF341
:10A840006996F00F000000000820200800000000BA
:10A85000000FF0F0F0F00000F51AF0000A000F0F02
:10A8600000000040000000000000FF00FF000000AA
:10A870000000FFFF0000C00000003C003C00F3F0BF
:10A88000F33000002000FFFFFF3EFFFFF5F3FFAABB
:10A89000FF8AFF10FF003C3D3C383C3D3C38000A3D
:10A8A000200004040000000000000000000083807D
:10A8B000BFBC0F000F0014145555AAA0A0A00C0097
:10A8C000FCF069960FF0000000005AA5A55A0000A0
:10A8D0000000000FA0A0200000000A0500000A00F0
:10A8E0000E0F00000000000000000040F300FF0C0D
:10A8F000000000007DFF200000000C003C00380834
:10A90000F3F2F3B200000000C302C302FFFFA03065
:10A910000000000C00000000001200B00000A000C9
:10A920000086026000B800800186006000B0000070
:10A9300000860C6000B8000000860CA0019804009E
:10A9400000860CA0039800A0000600A0018800006B
:10A9500000000086006000B0000000860C6000B0BF
:10A9600000A00186006000B800000086026000B010
:10A9700000000086006000B000A000860A6000B001
:10A9800000000186026000B90080A0865260A0B07D
:10A9900000850000000000000000FE01FFFF7FFFB7
:10A9A000C33C0000000000000000C688094740408A
:10A9B000400100A0000000000000FEFAFCF050FF83
:10A9C000FFFFFFFE7D7C5555D7D7F0F01010003CFF
:10A9D00000FF0000FFFF00400080000000000000BA
:10A9E0000030FF3F00400080FF00FF00000000F04B
:10A9F000C3C3E3F3EF0000000080FFFFEBABEB2BE2
:10AA00003F55FFFF7D7DC3417D0FFFFF333F303F4B
:10AA100000D2FFFF0000000000000000FE01FFFE6A
:10AA20000000C33C00000000000000000000000027
:10AA30000140010100A0000000000000FAFAF0F05F
:10AA40005050FFFFD7C255400CCFCFCFF0F0B01021
:10AA5000003C00FF0000000000000080000000003B
:10AA60000000003CFF3C00000000BF00FF000000B1
:10AA700000F0C3C3C3F3EF0000000080FFFFEBAAA8
:10AA8000EB28305500007C7CC340280F0000333B8E
:10AA9000303A2DFFFFFF0000000000000000000022
:10AAA000FFFF000000FF00000000FFFFFFEF0000BD
:10AAB00000009966CC3300000000000F141FFF5007
:10AAC0005050005500550202BE8EAFAABE000000D5
:10AAD000000000000F0F0000FF00FF0080000000DA
:10AAE00000000000AFAFAF0F0FCF00000400000068
:10AAF0000000000055F7FFFF0501050501000000FB
:10AB0000008000005F7DFF7DAFAFABA8003000701C
:10AB1000FFFF0000000002820000000000000000B3
:10AB20000005FFFA5FFF500F00000000FFFFFFFF6E
:10AB300000000000996633CC0000000000001414EF
:10AB40005050505003033F3F0202B28205001400F0
:10AB500020000020000F05050000FF0EFF0C000084
:10AB6000000000000000AAAAAA00000000000000E7
:10AB70000000000000045555FFFF00000000010028
:10AB80000000000000000A280028A0A0ABA80030A8
:10AB900000303000000000000082000000000000D3
:10ABA00000000000000000000000000000000000A5
:10ABB0001000090000C0000000100200000020008A
:10ABC000000000100000000802200000A000028227
:10ABD000A020000590000009A0C000000000200493
:10ABE0000410A004111000A0000004C08220000086
:10ABF00011080420840010080408401100002000FF
:10AC000011A084010002020021100400041111109F
:10AC10000411041004904102040000000000000030
:10AC20000000000000000000000000000000000024
:10AC3000000301000000000000000000010082008D
:10AC40004100000040000000000001000000210061
:10AC500001002120008411000040210000000000BC
:10AC60000180008021800000000000000000110031
:10AC70000004000000004100018001800508000080
:10AC80000000000008100080010000000000000229
:10AC90000000000840000004000020000400000044
:10ACA00000000000000000000000000000000000A4
:10ACB0000000000000000000000000000000800014
:10ACC00000000000800000000401410800000000B6
:10ACD000800500000000200500200000800400C066
:10ACE0000085A005A00520050000000820A0852003
:10ACF0000200000800400040880010080010842076
:10AD00008008A0090000C0109040800280098002E5
:10AD10004008008390118803800320C1C00900030C
:10AD20000000000000000000000000000000000023
:10AD30000000000000000000000000000000000013
:10AD40002000000000002000A0008920400000003A
:10AD5000001120840010000001840000000202881D
:10AD600000000040038403908984204120100020CB
:10AD7000021001000010109100A140000590001188
:10AD80001182108010C0000040A111884010408244
:10AD90002008010240021002090240880108418295
:10ADA00000A0000000000000000000000000000003
:10ADB000000000000001000000000000000004008E
:10ADC0008002110080008010401080030400800980
:10ADD0000284824102858000A08800000084020075
:10ADE00020A00000400284058203801040020982F6
:10ADF0004108411004100540404000004084C082DA
:10AE000010A01003000210820308000800082102AD
:10AE10000084000000A000A0200903080004809125
:10AE2000001080A10000000000000000820000105F
:10AE30000021400000000008401040000008404091
:10AE40004000101100101040100000104082020855
:10AE50001088001003C08940020521210002002152
:10AE6000A0004121000040002084210420008841EE
:10AE70008441000900100005008800C10010010095
:10AE8000110001110182009000031000009000C029
:10AE9000008000000010000300002008A084A088AB
:10AEA0001002001104080000000000000000000073
:10AEB0000000000000000000000000008088020088
:10AEC0004001000040000000000090000310090055
:10AED00004009001001080010005000021041040D2
:10AEE00084000400200400802001A0012000A004B0
:10AEF000000000001108020080014100419020087C
:10AF000005008020020805008904102011A011000E
:10AF100090840241A14008414084400402030003A0
:10AF20008289200082044000000000000000000030
:10AF300000000000002104000000000000000200EA
:10AF400001100040000041000008400011084010BE
:10AF5000000082081108001002400484C011909083
:10AF600000A1102104080183000000402104050015
:10AF700021800403C0210089202002081000C000A5
:10AF8000C0900000408520A02008408800100010DC
:10AF900090024000018410C104822100A1A02082FF
:10AFA000109003080010109121030000040000001D
:10AFB0000000000000000000000000000400050088
:10AFC00000000310000000000004808400089001CD
:10AFD00000C0C10280101010200000098300211061
:10AFE000410900C0050000842011000000882000F5
:10AFF000A000A083000000000300008200020220E5
:10B0000005104108090020024120C100008409C048
:10B01000008840C00988020221A009000302034001
:10B020000040081103400800038811C0000000110F
:10B0300000000000000000000008040500100010DF
:10B04000000000004040000004100000400500081F
:10B05000110802094011041041080020904002101C
:10B06000C0004004A0000200040801040000100514
:10B07000A10521052104900090000010A010C0003F
:10B0800001054005C00200210008008040020000C8
:10B0900000080010C00420100108000384080040CC
:10B0A000008500820190008000000000A0080000E0
:10B0B000000000000000000000001100000000007F
:10B0C000000000080000028200A00090110000852E
:10B0D0000010820900840001008285094008C041F7
:10B0E0004009110810091101042008108004000013
:10B0F00000C02004A0098204111003411110410472
:10B10000100041400801400000081020030000A08A
:10B110000402800000C0C04080C000900040804019
:10B1200009821108114108104090C18405A00985C9
:10B13000000000000000000000000000000000000F
:10B1400000000000000000000000000000080010E7
:10B1500000100010108800100040C0081088000087
:10B1600002C004400200020484044010C00820858C
:10B17000000000080590210421844091048800907B
:10B1800090002102408300020040000084058200FC
:10B1900000009003200008001088200000080484AC
:10B1A00002882020040000C0898401034000880434
:10B1B000C0040000000000000000000000000000CB
:10B1C000000000058808412000080240808808052A
:10B1D000080220918084209021808321001010900B
:10B1E00002104005A1A120C120C000028505002059
:10B1F00000850000408289A1A188218808908011E3
:10B20000808408840521412185204120C1830804D0
:10B210008902088483030010A01083108300850333
:10B2200083049040C103910304051020838390831D
:10B23000A0820510000000000000000000000000D7
:10B240000000000000010801010140000190A0C1C0
:10B25000009101014109088500A19010059082C16B
:10B26000118503090009828500C001030209030852
:10B270000005008800000183898421C001880082C4
:10B280008404100801400184A00410020190830589
:10B290001105020500092101020109011101110234
:10B2A00003918288C102830120018900C100C1117C
:10B2B00009851008C0010000000000000000000027
:10B2C000000000000000010001C001090000400072
:10B2D0000009114011844000901041018309009041
:10B2E0000190A18202008801C009890182411000F9
:10B2F0004020A191C02100009001900190418485DF
:10B30000C0010400C0008202C1009009A100902089
:10B3100005011110050905090982A1824041C104F6
:10B32000900020C10591028800000983092185024F
:10B330000090004101910121000000000000000088
:10B34000000000000000000011000280080511400C
:10B3500000404083909082C0054010400505840560
:10B36000208021038880842105048390052089059D
:10B37000850011008508C10500002103212041A09E
:10B38000C18900400000000080008509054085401B
:10B39000A12082080488020803889004048991038C
:10B3A000038905080582838380054020C0080303C4
:10B3B0008340080310820383038400000000000020
:10B3C00000000000000000000000040000000090E9
:10B3D000C1C005210088808300200321002103884B
:10B3E00000200421400505C1A08508050010218228
:10B3F000094010408011A10904410080892080206B
:10B4000089C110039040020805840508100200213C
:10B41000A1038511838488041002A0030390110303
:10B420002082038308A040C1108383839091411040
:10B4300021038383042040208803030300000000CD
:10B44000000000000000000000000000009000105C
:10B4500000A1110800000002088400900008000804
:10B460000085000901830008012190050089002062
:10B470001010002101910820A09009840080100480
:10B48000C0C08988050284C0A182119000A101C1B9
:10B490000202840802C18205880590411011094109
:10B4A000000800210141050920A102050911A14060
:10B4B000001101050985410305114089A1C1000062
:10B4C000000000000000000000000000000000007C
:10B4D000019100000000110591048200C01091004C
:10B4E00008881100020001208803010000029185F4
:10B4F0000809050088200210C185020003000080B1
:10B50000A0019008080085824000C008A00008C083
:10B5100082010890C00904A0C182A110A1A0C0C1ED
:10B5200083841109850183C0030509C1210809032A
:10B53000830321C0114040889140052103418400CC
:10B5400000000000000000000000000000000000FB
:10B5500011001010201009008840088040088080E9
:10B5600082118505900090210880C0C102202080B2
:10B57000C08202C082414080214105029108A000A2
:10B580000080030221A0C121100080000080000083
:10B5900080808320A00388A1030583898483028897
:10B5A0000808830502839003102083A1030382050A
:10B5B0008208838983020211A00903800303822188
:10B5C000C1110000000000000000000000000000A9
:10B5D000000000000000000000000000000000006B
:10B5E000420000000000C2000000110040130000F3
:10B5F00082A000410000C200420000820000C22080
:10B600000000000000500000C200420000000000E6
:10B610000000000000000000000000000600001311
:10B62000C200120006008013C20012420000000097
:10B63000C200124200000000C20042420A00001391
:10B64000C2001242000000000000000000000000E4
:10B65000000000003E3C0600FFFF00FFF6FFF60082
:10B66000DF99DF993C3C3C3CFF2FFF2400C300C323
:10B670007E667E660030363F00427E4E0F2F0F2FD3
:10B68000FF3FF03000000F030602FF000000000043
:10B6900000003FF63F060000000000FF0010000021
:10B6A000000000000000000000000000000000009A
:10B6B000000000000000000000000000000000008A
:10B6C000000000000000000000000000000000007A
:10B6D00000000000000006000600FFFF00FF06FF5C
:10B6E0000600DF999F997C1C7C3C2424242400CFF5
:10B6F00000FF7E7E7E6E003036300042424E0F6F7D
:10B700000F2FFF3FF03000000F030602EF00000094
:10B710000000000030F63006070603060010001097
:10B720000000000000000000000000000000000019
:10B730000000000000000000000000000000000009
:10B7400000000000000000000000000000000000F9
:10B7500000000000000000000000000000000000E9
:10B7600000000000000000000000000000000000D9
:10B7700000000000000000000000000000000000C9
:10B7800000000000000000000000000000000000B9
:10B7900000000000000000000000000000000000A9
:10B7A0000000C20804000011886140080400001075
:10B7B00008208208040000108841C208040000101C
:10B7C0008861820804000010884100000000000029
:10B7D0000000000000000000000010FFFFFF00005C
:10B7E00004F43CFF0F0F00F000000000F000000E1A
:10B7F000FFFF00000000C3C3C3C36EFE6FFFF0F085
:10B8000066660000000020FB20FB0000000099FF9E
:10B81000000000FF6666666600000000FFFFFFFF95
:10B82000F4FFF7FF0000000000000000000000002F
:10B830000000000000000000000000000000000008
:10B8400000000000000000000000000000000000F8
:10B8500000000000000000000000000010FF10FFCA
:10B860000000042400C30F0F0000000000000000CF
:10B87000000EFFFFD999FF990000C1010C9C0D9D9E
:10B880003CFF7E7E000000802020FBFB00000000CB
:10B8900098FC000000F7000000020000000006C352
:10B8A00000C3040F070F00000000000000000000AC
:10B8B0000000000000000000000000000000000088
:10B8C0000000000000000000000000000000000078
:10B8D00000000000000000000000000000000086E2
:10B8E000006000B8000000860C6000B00000008618
:10B8F000007000B8000000860CA003B800000086AD
:10B90000007C00B00000008E007400B00000000059
:10B910000086707400B000000086006000B0000077
:10B920000186026000B0000005860A80038900A03D
:10B93000008202F001B8000005865A7000B900A824
:10B9400015862A7000B900A005865AF0019904A551
:10B9500000000000000000000000000000000000E7
:10B960000000000000000F0F00F700E300FF00FFE1
:10B97000000000010000000000FF00FFB0F1000027
:10B9800050505050AFAFAF2CC00C0C0C000000005A
:10B990000000FFF7FAF2FE5538148A0303050CFF86
:10B9A000FFFFFC0C00FF00000000AAB2AAAA555439
:10B9B00055572828FAF03C3C3C3AAAAAAAAA2AFFE2
:10B9C0002AFF00A03CBC00FF00FFFD08FF002D2D5A
:10B9D00005AF0000000000000000000000000000B3
:10B9E000000000000000287D287D0034002000FFBA
:10B9F0005FFF000000830040000000FF00FF307187
:10BA000000007070F070FFFFFF3CC00000000003FA
:10BA100000000000FDF5F8F004003D00830305057B
:10BA20000C0CFF0CFC0C55551305D3C5AAAAAAAAE9
:10BA3000555555550000F0F0000000042828A808CE
:10BA40002A00FF000A003C3C00FB04FFFF00FF004F
:10BA50003C3C00FF0000000000000000000000006F
:10BA60000000000000000000000000000000F000E6
:10BA700000000014FC3CF000CFCF3CC300003000BD
:10BA800000AAFFFF3C003C007F5F3CFF0343C2C0B5
:10BA900000FF00FF0000FF800000D7DFFFDF6969C3
:10BAA000A55AEBFF0D42FC0CAD0D35303530AAAA7E
:10BAB000BAAA0001FFFF00000000003500F50000F9
:10BAC00000000C0FFF0F00000000550FFF0FFAFAE7
:10BAD0000A0A000000000000000000000000000052
:10BAE0000000000000000000000000000000000056
:10BAF000000000000000FC3CF0000C0C3CC3000007
:10BB0000300000AAFFFFFF00FC005F5F3CFF034323
:10BB1000C3C33CFFFCFF0000FF000C0C000FFF0F35
:10BB20009696A55AEBFF0D42FC0CAC0C3F3F303013
:10BB3000AAAA8AAA0000FFFE00000000000500F586
:10BB4000000000015D0FFF0F00000000000FAA0FB2
:10BB5000FFF00F00000000000000000000000000E7
:10BB60000000000000000000400002000000000093
:10BB7000000000A0000040004000400820008010AD
:10BB8000000084080010042000A0841000A0C00061
:10BB900080A0030002A011C0000004880000001073
:10BBA00000400800840020108404000000A0000869
:10BBB000040011080200041040080410100880005E
:10BBC0002110400440000208200810080200031061
:10BBD0008200110004A00208020000000000000022
:10BBE0000000000000000000000001000100000053
:10BBF0000000000000000000010001000000000043
:10BC000002000000050000000180000005000000A7
:10BC1000040002000000010000000000000000001D
:10BC20000400008000000400008005800020020065
:10BC3000C0000200000040000011830000000180ED
:10BC40000200000001000100038020000100032128
:10BC50000000090040000200410003000000000055
:10BC600000000000000000000000000000000000D4
:10BC70000000000000004000000000000000000084
:10BC800000000000000000000020000000900009FB
:10BC900000000000001000000000000000C00000D4
:10BCA000000000900005200000058800000400004E
:10BCB000000000A0200400000000000800000000B8
:10BCC000000080000040001000000090A0A0009044
:10BCD0008082001000088090004000038001000076
:10BCE0000000000000000000000000000000000054
:10BCF0000000000000000000000000004000000004
:10BD0000000000004000400800000000000000218A
:10BD10000020004100000008000000210000000099
:10BD200000110008000820840009208409410083D4
:10BD300000100010004101880021001100A0000047
:10BD40000000A00802200091000200008802020505
:10BD500088210210002100104008A08300401040FC
:10BD6000000000000000000000000000000089004A
:10BD700000000000000000004000040020000083DC
:10BD80000010008240000010000000084002840003
:10BD900040840420048200200000000203004008C8
:10BDA000000000C00284204008110003800420101D
:10BDB000001000C00008001020C1008209000040EF
:10BDC00000820090114080A00010034104108208FE
:10BDD000004000A000821009808440208041804003
:10BDE00000C000000000000000000410000000007F
:10BDF00008000000880000100000001090090003F7
:10BE0000004000020003000840000010001008037A
:10BE10000508100900854010008820100810000057
:10BE200084020000002003024108410400402082F7
:10BE3000000800098810042088008304C00800005E
:10BE4000008800000202901002100008004010401C
:10BE5000118010828841902185020800010802C0EB
:10BE600010000011000000000000000000000000B1
:10BE7000000000004000000000000000031000006F
:10BE800004000082000004000002100009000810F5
:10BE900020000400008810210000842008822082F5
:10BEA0000090000000000504100000A08800410080
:10BEB000024003110201030810040082A00540049F
:10BEC00000001009028400A1418280080082400025
:10BED00000824190418221908200200010000900E0
:10BEE00040011021400000000000000000000000A0
:10BEF000000000000000000004000000000000003E
:10BF00000000000000210000000000090103000003
:10BF1000000000000100000000A000000580C1003A
:10BF200000050000000000000000000000402109A2
:10BF30000000028000900004200000100000208417
:10BF400001410004018811000008000040080000C1
:10BF500011410008C008001000100300002002106A
:10BF60009000844011400405000000000000000023
:10BF700000000000000004000000090000000000B4
:10BF800011880088008800824101801000100002A2
:10BF90000082002000002000000200400310840006
:10BFA0000810020200881003000000000010C08486
:10BFB0000800041010018085000500010220000027
:10BFC000208400100000098400A08901090080A1DC
:10BFD000004080020484101002C0210802C0834186
:10BFE00021A00010834002A11010000000000003F7
:10BFF0000000000000000000000040100010880059
:10C00000002190104002001004084040020500008A
:10C01000880500000090000020109010404104416D
:10C0200041104180C108004104C000008221A005E8
:10C0300008002000C000100402101084004084009A
:10C040008800091004020410901100104040902153
:10C0500010400800020800418500110202800140E2
:10C06000108888401021028285088420000000008A
:10C0700000000000000000000000000000001000B0
:10C080000000000000880000008411C000020910B8
:10C0900000100408000084820482900000A0910037
:10C0A00011888409118802000010A000000005908A
:10C0B00004900090802100082041001109040088AC
:10C0C00010400088C1820002100202030020808418
:10C0D0008800820000840420080802C011000008C3
:10C0E000410004A011C040028208C00240020000CA
:10C0F0000000000000000000000000000000000040
:10C10000010000000000000000000000000000002E
:10C110000000000000400000040040030540000053
:10C120004000000011200000010900001000000084
:10C1300000000000000020040000C10400900088FE
:10C1400000000000000002000040000000080005A0
:10C150000200100003000008000000801109042004
:10C1600002000000000000040002020010000000B5
:10C1700000000000000000000000000000000000BF
:10C18000118200A0900803210811800800102010DF
:10C190000080800040800400051105850091034067
:10C1A0000211848388C141C003C100058005C1A17B
:10C1B00000000983820304C04009908804040883B6
:10C1C000101000808080000000800402C104214122
:10C1D00002418582032104048002000505001080CD
:10C1E0008508800221400902200900004000040067
:10C1F000C10000000000000000000000000000007E
:10C200000000908300C091090189010184010001AF
:10C21000000008820220000200200021080488405B
:10C2200001219111C14008400104000800100203DF
:10C23000401100000082A090000501028583A089C2
:10C24000041000080804C020008200040001080057
:10C25000010040010803408900414082904189402B
:10C2600001C0050004010401C0010000000001003C
:10C27000000021000000000000000000000000009D
:10C2800000000000080021889085408490002083F1
:10C29000080188108400C0018300A0890201040104
:10C2A0002040858802404082900405A010012101B1
:10C2B000204082820000820084002120911005002D
:10C2C00020C0040191008200900009882101C10072
:10C2D0002002108503000800C084409104010882F8
:10C2E000A184000084081000C1A0C0409000C000DC
:10C2F000A1000300842000000000000000000000F6
:10C300000000000000004000040040C091880008C8
:10C310000090000500801020850508002011800392
:10C32000A020C10841038811C0C120A1831088103A
:10C330009002A088828000002100C100C100A000FE
:10C3400091210900A14108000000400010002010C8
:10C35000100002054085A0412100910085A0884180
:10C3600002A1A005100980808500A08083A1A105FD
:10C3700090410800C0008480000000000000000020
:10C3800000000000000000000088008208A1900367
:10C39000020400112191A1410091800805C000888C
:10C3A000201000C100900090210500A1088380208A
:10C3B000058480C100200010000020C0808520C1BD
:10C3C0002140114002C19191100300002080808023
:10C3D00080800005001102C103830040808811881D
:10C3E00004051188800400900005208200102108B7
:10C3F000C1050002004140888005000000000000E7
:10C40000000000000000000000000085C0098285D7
:10C410008441010400A0018410880084108283916B
:10C420000008002110100885882100880204058476
:10C4300020020090C010040104890000008404114F
:10C440001084012000019111859120400002020218
:10C4500020844002008200A1014003C1008308053E
:10C4600020C1008900021008C0024091011100881B
:10C47000000940C100050001010440030000000064
:10C4800000000000000000000000000040880121C2
:10C4900091000004110210008200058882029000C1
:10C4A00090004002840002002000A0418400A0A06F
:10C4B000A00188C020911184040140200000820462
:10C4C000888510889008088502084182A182004171
:10C4D000008300000020000201020001008801909A
:10C4E00000A00001000440002100840041088200F7
:10C4F0000501210010A00400900410410202000078
:10C500000000000000000000000000000000110812
:10C5100002C0C1081000888389001000080080C094
:10C52000000000000000A008820991000391801122
:10C5300083114121408085C0A00583100380000045
:10C54000801100208083008040A091909110828013
:10C55000009000C100090080041140414121020007
:10C56000031109102102090090094102C004C08092
:10C5700088038541080980008000000280C1800096
:10C5800000000000000000000000000000000000AB
:10C5900000000000000000600000000000008200B9
:10C5A0000000000000000000410000130000218294
:10C5B0002100001300008200000000000000008144
:10C5C000000000840000C200000000000013C20050
:10C5D000004800810000C20082000000000000004E
:10C5E00000600000000000000000000000000000EB
:10C5F000210000000000000000000000000000001A
:10C60000000000000000000000000000000000002A
:10C61000000001005000F3F301FF1C1C1C1C04046B
:10C6200034040000000000FF3C3C0F0F417DAAFFD6
:10C63000AAFF3C5F3C5FAAAFAAAF0F550F3CC3FFF8
:10C64000C3FF0000000000001E001EFF3035303523
:10C6500003143F1400000000000000000C0C0C5DEF
:10C660000F550000FFFF8282140FD70F000000005B
:10C670000F0F0F0F50F05FFF3C0FFF0F0000000087
:10C680000F0F0F0F0000000000000000000000006E
:10C690000000000000010155000000FF1C1C3C1CB4
:10C6A000040034000000000000FF303F0F0F417D08
:10C6B000AAABAAEB3C503C50AABFAAFF0F550F3CB7
:10C6C000C3CBC3EB0000000000001E1E1E1E0000B6
:10C6D000F0F003003F000000000000000000000038
:10C6E00000550F1400C308CB8282140FD70F8000AF
:10C6F00000003C003CFF00A00FAF000FC30F000084
:10C70000000000C33CFF000000000000000000002B
:10C71000000000000000AEAEAE0C70707070FAFA4F
:10C72000FABA000000000000000000300000003CE9
:10C73000FF3C0A0000000F0CFFFC3C33A0200FFF61
:10C740000F3C343EFD080000F0F0F0F0FFFFFFFF6B
:10C75000F0F0F0F0F0F0F4F400000000F500F50067
:10C76000AA202020A088A0883CFA3C50FFF70800AF
:10C7700000000000BE3CBE3CFF08F700F270F0F085
:10C7800000000000FFFAFFF00000000000000000C1
:10C790000000000000000000AEAEAE0C0000004043
:10C7A000FAFABABA000000000000000000300000F1
:10C7B00000F0FFF00A000000000CF0FC3FCFA020CA
:10C7C0000F000F3C3C3CFF000000FEFCFAF00A02A8
:10C7D0000A00F7F3F5F0F5F0F5F400000000F500BD
:10C7E0000000AA202020AFBFA0B03CFA3C50FFFFC1
:10C7F0000000C3C30000F0F0F0F0FF00FF00F0F015
:10C80000F0F000000000FF3CFF3C000000000000D2
:10C81000000000000000000000000186006000B978
:10C82000000000860C6000B800000086006000B8C0
:10C83000000000860CA00398000000860CA003985E
:10C8400000A000860C6000B00000000000860074AC
:10C8500000B0A000008600F0009800000086007480
:10C8600000B0000000860C6000B900800586006002
:10C8700000B800000086006000B8008001860060FB
:10C8800000B000000086006000B80000000000005A
:10C89000000000000000008000000000FFFF00001A
:10C8A00000FF3DFFB230303000FFCFFFFF55B4B482
:10C8B00014F4141FAFAAAFAA0FCF3FFFEF2FEF2F33
:10C8C0005DFDFDFD00BF00FF00000C0C0000F0FF4F
:10C8D0003CF0C00303C0002000000F0F0F0F00004A
:10C8E00000003FFF3C3C00000000CC04331000007F
:10C8F000000000880044F0F8F0D000008300300011
:10C90000C0F0D0D0D2503C3A000014FFBEFF00006F
:10C910000000000000000000000000000000F0F037
:10C92000000000FF3DFFF3F3303000FF0FFFAA00CF
:10C93000B4B4141F14F43F3F3F3000C030F0EB2B71
:10C94000E82808A8F8F8BFBFFFFF00000C0C0000A3
:10C95000F0003CF040010140002000000F5F0FFF9D
:10C960000000000003C30000000000003311CC05EC
:10C970000000000088004400F0F0F0F00000C30068
:10C980003000C0F0F8F8FA783C3C000014FFBEFF1D
:10C990000000000000000000000000000000000097
:10C9A0003C0003400030557500000000AA0ABE3E5E
:10C9B000F0F00A0A6699996600AF0C3C0C04FFF788
:10C9C0000BCF080C00F3C1C1B14E4EB100100000F6
:10C9D0000000FFFA0A88996666990202D7555555F4
:10C9E0005555AA00AA0000A0000000000000037D29
:10C9F0003F7DAAAAAAAA55555555FFFA00FA0F0F6E
:10CA00005555000000000000000F000000000C8ED3
:10CA10004DCF0000000000000000400000000000BA
:10CA20000000140001C20000555500000000000085
:10CA30003C3C5051A0A09966669900A00C3C0004B3
:10CA4000F3F70BC3080000F301014EB1B14E000033
:10CA500000200000FFFA0020669999660202820019
:10CA60000CFC3CFCBA30FAF010B0000000000000F2
:10CA700003413F41AA00A2205555555CFF5000508C
:10CA80003C3C5555000000001414141F0000000029
:10CA90000C8E4DCF000000000000000000000000E0
:10CAA0000000000000000000000000000000000086
:10CAB00000080000000000C000A0001000080008EE
:10CAC000000000A0200000000088200000202008B6
:10CAD0000000002000000900200000A002A000A02B
:10CAE00040A0008802904020000000A002A000A00A
:10CAF0004100410820A004080408200004C00000F0
:10CB00000020210020202100400021A0110002006F
:10CB100002A0020021000000000000000000000050
:10CB20000000000000000000000000000000000005
:10CB300000000000000000000041000000000000B4
:10CB40000000840000000000001000000021000030
:10CB500000000000000000000000000010000021A4
:10CB600000000000000000000000000002000020A3
:10CB700000000000000002100000000000000000A3
:10CB80000000200040000020000000000000020023
:10CB90000000040000000000000000000000000091
:10CBA0000000000000000000000000000000000085
:10CBB0000000000000000000000000000000001065
:10CBC0000000000000000000000000000008000855
:10CBD00000820000000200000000000000100020A1
:10CBE0000010000000000000219000000000000480
:10CBF0000000000000000000000000000010000025
:10CC0000000800100002000800000010000200C030
:10CC100000100000000000000008000000000000FC
:10CC20000000000000000000000000000000000004
:10CC300000000000000000000000000000000000F4
:10CC40000000000088000000000000000011000843
:10CC50000020001040008800A00800000000000232
:10CC60000010001100000008000000100011002159
:10CC70000000000800110041000000000000000357
:10CC800000100020200800210008000800004008D3
:10CC9000000800020008A0110008000200000000C7
:10CCA0000000000000000000000000000000000084
:10CCB000040004000000000004000010000009004F
:10CCC0000010400040900240090004000300009062
:10CCD0000408051000004040090000840000000026
:10CCE0000084000000101100020000A0214000009C
:10CCF00000A00910000200C0080200000400058224
:10CD000000102108008200C000000020041000C0B4
:10CD100000100500050000C005A011820000000001
:10CD200000000000000000000000000000024000C1
:10CD300000000010001040050021000390210002B7
:10CD40000010001000400000000590000002C0101C
:10CD50000821022188080021400282080009000001
:10CD60000000C021900800400000000000400008C2
:10CD700082210803000510080010000808418805FA
:10CD8000C0211000000084029000A0108205104114
:10CD9000101000218221100000400041C00210212B
:10CDA0000000000000000000000000000000000083
:10CDB0000000000000000000000000000000000073
:10CDC0001100000000000000000000000000000052
:10CDD0000002400000000008000000000000000009
:10CDE0000000008800000090000000C000820000E9
:10CDF00000881000200000820000000000040000F5
:10CE000002880000098400000210000009C003002D
:10CE10000888040004020000000000024100040031
:10CE200005080000000000000000000000000000F5
:10CE300000000000000000000400000000000000EE
:10CE400000000000400800050005880800210011CE
:10CE500090088400000388000400200000040011F2
:10CE60000000000000090000002100039010402194
:10CE700090109000000500100005002000084002FE
:10CE800000210008001088024003882100050020CE
:10CE900040024002004120034003204120112011A4
:10CEA0002010C0040000000000000000000000008E
:10CEB0000000000000000000000000000000000072
:10CEC000000000000000004040840000000003005B
:10CED000000000080000000800000500000000023B
:10CEE000000000000000000000000000000800A09A
:10CEF00009000008000000000000000000C0000061
:10CF000000C000C00000008400A000080510000060
:10CF10000000001041000008000000A00082000096
:10CF20000000008441C0000000000000000000007C
:10CF30000000000000050400001000050021401062
:10CF400090050403A04100000021040500050040F5
:10CF500004000021001004089005000804100009D6
:10CF600000004003400000000000000884088440E6
:10CF7000401190090011842100000000902140021E
:10CF8000A0210810000300219000C0080000084103
:10CF900090211008A003C000842104208400C00850
:10CFA0000003000000000008000000000000000076
:10CFB0000000000000000000000000000000000071
:10CFC000000000000000008200000084000000203B
:10CFD00011000010000004000900000800C000005B
:10CFE00000000010208440000000008800000000C5
:10CFF000400000000010008800000008000800C089
:10D000000010028400A0001002000020008400082C
:10D010000090048200084000408220884104000003
:10D0200021002020008810100200000000000000F5
:10D0300000000000000000000000000000000010E0
:10D040000003000000400041000200410008001001
:10D0500004100008880000410008C0090408000806
:10D0600004088441000090000403000000400041D7
:10D070000003044100110000040020090008020020
:10D0800088200004200910090005024188090003D6
:10D09000002000219008002188204020000200008C
:10D0A00000208820840020002000000000000000F4
:10D0B0000000000000000000000000000000000070
:10D0C0000000000000000000000000000000000060
:10D0D0000000000000000000000000000000000050
:10D0E0000000000000000000000000000000000040
:10D0F0000000000000000000000000000000000030
:10D10000000000000000000000000000000000001F
:10D11000000000000000000000000000000000000F
:10D1200000000000000000000000000000000000FF
:10D1300000000000000000000000000000000000EF
:10D1400000000000000000000000000000000000DF
:10D1500000000000000000000000000000000000CF
:10D1600000000000000000000000000000000000BF
:10D1700000000000000000000000000000000000AF
:10D18000000000000000000000000000000000009F
:10D19000000000000000000000000000000000008F
:10D1A000000000000000000000000000000000007F
:10D1B000000000000000000000000000000000006F
:10D1C000000000000000000000000000000000005F
:10D1D000000000000000000000000000000000004F
:10D1E000000000000000000000000000000000003F
:10D1F000000000000000000000000000000000002F
:10D20000000000000000000000000000000000001E
:10D21000000000000000000000000000000000000E
:10D2200000000000000000000000000000000000FE
:10D2300000000000000000000000000000000000EE
:10D2400000000000000000000000000000000000DE
:10D2500000000000000000000000000000000000CE
:10D2600000000000000000000000000000000000BE
:10D2700000000000000000000000000000000000AE
:10D28000000000000000000000000000000000009E
:10D29000000000000000000000000000000000008E
:10D2A000000000000000000000000000000000007E
:10D2B000000000000000000000000000000000006E
:10D2C000000000000000000000000000000000005E
:10D2D000000000000000000000000000000000004E
:10D2E000000000000000000000000000000000003E
:10D2F000000000000000000000000000000000002E
:10D30000000000000000000000000000000000001D
:10D31000000000000000000000000000000000000D
:10D3200000000000000000000000000000000000FD
:10D3300000000000000000000000000000000000ED
:10D3400000000000000000000000000000000000DD
:10D3500000000000000000000000000000000000CD
:10D3600000000000000000000000000000000000BD
:10D3700000000000000000000000000000000000AD
:10D38000000000000000000000000000000000009D
:10D39000000000000000000000000000000000008D
:10D3A000000000000000000000000000000000007D
:10D3B000000000000000000000000000000000006D
:10D3C000000000000000000000000000000000005D
:10D3D000000000000000000000000000000000004D
:10D3E000000000000000000000000000000000003D
:10D3F000000000000000000000000000000000002D
:10D40000000000000000000000000000000000001C
:10D41000000000000000000000000000000000000C
:10D4200000000000000000000000000000000000FC
:10D4300000000000000000000000000000000000EC
:10D4400000000000000000000000000000000000DC
:10D4500000000000000000000000000000000000CC
:10D4600000000000000000000000000000000000BC
:10D4700000000000000000000000000000000000AC
:10D48000000000000000000000000000000000009C
:10D49000000000000000000000000000000000008C
:10D4A000000000000000000000000000000000007C
:10D4B000000000000000000000000000000000006C
:10D4C000000000000000000000000000000000005C
:10D4D000000000000000000000000000000000004C
:10D4E000000000000000000000000000000000003C
:10D4F000000000000000000000000000000000002C
:10D50000000000000000000000000000000000001B
:10D51000000000000000000000000000000000000B
:10D5200000000000000000000000000000000000FB
:10D5300000000000000000000000000000000000EB
:10D5400000000000000000000000000000000000DB
:10D5500000000000000000000000000000000000CB
:10D5600000000000000000000000000000000000BB
:10D5700000000000000000000000000000000000AB
:10D58000000000000000000000000000000000009B
:10D59000000000000000000000000000000000008B
:10D5A000000000000000000000000000000000007B
:10D5B000000000000000000000000000000000006B
:10D5C000000000000000000000000000000000005B
:10D5D000000000000000000000000000000000004B
:10D5E000000000000000000000000000000000003B
:10D5F000000000000000000000000000000000002B
:10D60000000000000000000000000000000000001A
:10D61000000000000000000000000000000000000A
:10D6200000000000000000000000000000000000FA
:10D6300000000000000000000000000000000000EA
:10D6400000000000000000000000000000000000DA
:10D6500000000000000000000000000000000000CA
:10D6600000000000000000000000000000000000BA
:10D6700000000000000000000000000000000000AA
:10D68000000000000000000000000000000000009A
:10D69000000000000000000000000000000000008A
:10D6A000000000000000000000000000000000007A
:10D6B000000000000000000000000000000000006A
:10D6C000000000000000000000000000000000005A
:10D6D000000000000000000000000000000000004A
:10D6E000000000000000000000000000000000003A
:10D6F000000000000000000000000000000000002A
:10D700000000000000000000000000000000000019
:10D710000000000000000000000000000000000009
:10D7200000000000000000000000000000000000F9
:10D7300000000000000000000000000000000000E9
:10D7400000000000000000000000000000000000D9
:10D750000000400000000000000000000000000089
:10D760008000800000C0000010000200004000089F
:10D770008240040000100040100200C0C1091000E7
:10D78000101102A10010000000C0A00500008005DB
:10D79000000020410490200500000341020882009F
:10D7A00004088210820000004002040110001100F1
:10D7B0001140110000080000094104000408830022
:10D7C00000020400040020C100000000000000006E
:10D7D0000000000000000000000000000000000049
:10D7E000000002000200000000000108010000909B
:10D7F000000003800000000000800180001002C0D3
:10D8000001000140014000210000000405A00008C3
:10D810000484004105C0000001C0000004C0018074
:10D820000300000003000300000001840402010063
:10D8300000410080040000880400C0840000A000B3
:10D8400040000080040004000020000000000000F0
:10D8500000000000000000000000000000000000C8
:10D8600000000000000000000000000000000000B8
:10D8700000000000000000000000000000000000A8
:10D880000000000000000003000000400000042031
:10D8900000000021000000030000000500000090CF
:10D8A0000011000000008001001000010000008451
:10D8B0000010000000090000000900024000000004
:10D8C00000900000000000100000000800000000B0
:10D8D0000000000000000000000000000000000048
:10D8E0000000000000000000000000000000000038
:10D8F0000000000000000000000000000800000020
:10D9000000000000000000000040000000000000D7
:10D910000182000000A00000000400000084000359
:10D9200000020008200800021040004100400011E1
:10D930001008000000000088000000400080000087
:10D940000000002000080010001100080000000086
:10D9500000000000000000000000000000000000C7
:10D96000000000000000040000000000400009006A
:10D97000000000000000000000820900001040408C
:10D98000008500C0090800C0400000000008000039
:10D99000000004040000A00500002004110802415A
:10D9A0004040024010A0000200840084850800402E
:10D9B000020880C0090100000008400241028421E1
:10D9C00040000008404100841000400800020002AE
:10D9D0000000000000000000000000000000000047
:10D9E00000000000000040210000000300080100CA
:10D9F00000000008000000000000001000000010FF
:10DA000000900040002100050000014100100000CE
:10DA1000000000000190000021A000000180000033
:10DA20000184858001800111009000000000020047
:10DA3000000001004041884000000000008000809C
:10DA400005A00100000001C000000040010000909E
:10DA50000080000000000000000000000000000046
:10DA60000000000000000000400000000000000076
:10DA70000000000010001100000010000200000073
:10DA80000000000002000000090000000000100279
:10DA9000400000000000C1051000802000001000C0
:10DAA0000001C101008902011001100040001000B6
:10DAB0001000400000000000048210081001000067
:10DAC0004000410000002000400000000000000075
:10DAD00010000082000000000000000000000000B4
:10DAE0000000000000000000000000000400000032
:10DAF0000000020000000109040090004100010044
:10DB000000000000000001100000200900000005D6
:10DB1000014101000000000020A000002080000062
:10DB20008200004002040002014001402000011078
:10DB30000000000401080000000000004100010294
:10DB40000008111100000002001000000000000396
:10DB500000020000000800000000000000000000BB
:10DB600000000000000000000000000009000000AC
:10DB7000000000100000020000004008000005C086
:10DB8000081000000008020041A002014088800047
:10DB9000000800C000000000001020040488840475
:10DBA0008940098941108041400802400208000074
:10DBB000000802A002000008038241084108090091
:10DBC000051009A000C0A0C0000000A0054010047E
:10DBD000000000000900000000000000000000003C
:10DBE0000000000000000000000000000000000035
:10DBF000040000000400000001000010008000008C
:10DC0000000005210040008089000000014001095A
:10DC1000100000000011000000000000058000005E
:10DC2000058002808804000002C001808580019088
:10DC3000000000000100010000850000000000005D
:10DC400088000000000000000500000000000080C7
:10DC500000000000100000000000000000000000B4
:10DC600000000000000200000000110000000000A1
:10DC7000000000000000000000C00800008200005A
:10DC8000001000840008000800100000408411C04B
:10DC900083000200008400C0000000000400802116
:10DCA00000908004031004C000A0824180C0824024
:10DCB0009009400000880002008400020400000275
:10DCC0000200004040044008C0080384404040086F
:10DCD00040044002090009020204000000000000A4
:10DCE0000000000000000000000000000000000034
:10DCF000000000000000000000000000010800001B
:10DD00000000C000000000C00080000400000020EF
:10DD10000008021020100005000040000000000074
:10DD200004A00000208882024021820821C0400017
:10DD300002C0118884200000C0040011000500000A
:10DD40000000010000800180010041804000018846
:10DD500001000110C100400800084000400300001D
:10DD600010000000000000000000000000000000A3
:10DD700000000000000000021010402000219085EB
:10DD8000881020414000C0919083821100210891A9
:10DD90008091208305830540000302C02005000018
:10DDA00010058011109002102005000520900585B7
:10DDB00041C08285020590410003002104A0034078
:10DDC00003838083A0030308038089831110A1913A
:10DDD0000003A0910800800000028811A0008000CC
:10DDE0000000010000000000000000000000000032
:10DDF0000000000000000000880191010100000007
:10DE000091911109004100909091032085090041F2
:10DE1000000502C0000401100321904001200120F0
:10DE200000000121C020892100910183049000217C
:10DE30000185009182850091850800211003000270
:10DE40009140891110842000014083C02185C04188
:10DE500040C00020838400C0840002A083A009C0C9
:10DE6000C00001000000000800C000000000000029
:10DE70000000000000000000000002011009C020A6
:10DE800084842000C184880182014100C002C10055
:10DE9000838402002000410084880801C10204003C
:10DEA000210100001000888841000289110190C002
:10DEB0002190858505001010A001C1820300A000FB
:10DEC00002000301A000918320019120C001C00243
:10DED00003A1020800008300840240C190A08201D7
:10DEE0009090900002000000000000800000000000
:10DEF000000000000000000000000000800380041B
:10DF000080208080400084000310C0051120038021
:10DF10009000888085408000050080030340A08039
:10DF2000C11140050000C040110005039008100316
:10DF300009808503858590000980A0058884C00537
:10DF40004000C0004020A0210488C00303400320FB
:10DF50000590830380000021200300000841808099
:10DF60000004910005050000000000000000000012
:10DF7000000000000000000000000000000003009E
:10DF800000001180030003A000400089050302A1E6
:10DF900080108584028303A110218083410803A19E
:10DFA000C0C00508850500804008004010A003039C
:10DFB0001140804080A108210920009041A1A08546
:10DFC0000389000885880883838380218008038370
:10DFD000888800410283030300808000108880034A
:10DFE00000801111C180004100000000000000000D
:10DFF0000000000000000000000000000000000021
:10E0000001A000400002008440A08420900401216F
:10E010000191020985A04183004091088402834157
:10E0200001840411218883910080008940908384B9
:10E0300001400020C0200804402100C04021C084CD
:10E0400021090120822020850004852020092091BB
:10E050002105850820400141012140A090100304C2
:10E0600040A0C0840188218402A0000000000000BC
:10E0700000000000000000000000000000000000A0
:10E0800000000301910020000809002100010101A6
:10E09000010585002002C101C1088400200302009F
:10E0A0004000030182014101882000808441828870
:10E0B0000801880202840984888988880403082169
:10E0C00020012104C084100182002041C1010821E7
:10E0D000A0212100C19005C120A090C1A01020085E
:10E0E00040004020000100400000009000000000BF
:10E0F0000000000000000000000000000000000020
:10E100000000000082021000200008102003030419
:10E11000080810908340888310054100800000416A
:10E12000800080004004214110204100008083A035
:10E130004008401003808391900940101100C08274
:10E14000030811024080008080080011800803103D
:10E15000030383038800832083030521831000A029
:10E160000380880080000004028009000080000015
:10E17000000000000000000000000000000000009F
:10E18000000000000000000000000000820000000D
:10E1900000000000820000000000000000000000FD
:10E1A00000000000000000000000000082480000A5
:10E1B00000000013C200008200000000C200210025
:10E1C000000000000000218100000000000011415B
:10E1D00000000000C200124282000013C20012427E
:10E1E00000810000C2002100000000130000210097
:10E1F000000000000000000000000000000000001F
:10E200000000000000000000030C070A00000000EE
:10E2100000C060C010301030C30C0000F3FB0C04D1
:10E2200000000000187E1D2E3A28352800000080CE
:10E230000000E70324030C0C6F6066003C0F663C93
:10E24000000FDF5EC746FFFF180C00000000FC3C1B
:10E25000FFFF0000000000000000000000000000C0
:10E260000000F00FF00F00FFFF00F00FF00FF0F0D4
:10E270000F0F000000000000000000000000000080
:10E280000000000000000000000000000604000084
:10E290000000000060001030000003CCF0F0F3FB41
:10E2A0000C04000000001D2EBD245AA5A55A000034
:10E2B00000000000C303000300006F6000003C0F7B
:10E2C000003C000F9D1C8504FFFF000000000000C3
:10E2D0000C3C0000000000000000000000000000F6
:10E2E00000000000F00FF00F00FFFF00F00FF00F34
:10E2F000F0F00F0F00000000000000000000000020
:10E30000000000000000000000000000000000000D
:10E3100000000000000000000000000000000000FD
:10E3200000000000000000000000000000000000ED
:10E3300000000000000000000000000000000000DD
:10E3400000000000000000000000000000000000CD
:10E3500000000000000040080400001108208208AE
:10E3600004000010884100000000000000000000D0
:10E37000000000000000000000000000000000009D
:10E380000000000000000000000000000000E0406D
:10E39000E0400000000066FF66FF00D9D9D930F9DF
:10E3A000B9F9000068666699956A5AA55AA53CFFB6
:10E3B000FCFF3F07FCE0000081FF89FFF0F0F1F176
:10E3C00066666666F8F8F0F00400FFFF003C00BCEB
:10E3D000F0FF646430F37E7E000000000000000067
:10E3E000000000000000000000FFFF00F0F00F0F31
:10E3F00000FFFF0000FFFF00000000000000000021
:10E40000000000000000000000000000000000000C
:10E41000204050F000000000F0F0FFFF00C0C0C03E
:10E420003060B9F90000080062B5A1765AA55AA576
:10E43000666666663F03FCC0000000FF09FFF0F956
:10E44000F1F966E76FEFF8F9F0F900000000003C21
:10E45000003CF0FF606030F342420000000000002A
:10E460000000000000000000000000FFFF00F0F0CE
:10E470000F0F00FFFF0000FFFF0000000000090079
:10E48000000000000000000000000000000000008C
:10E49000000000860C6000B000000086006000B93B
:10E4A00000000586006000B900000086026000B828
:10E4B00000800086026000B000800000008600B08E
:10E4C000009000000086007000B00000008602602E
:10E4D00000B8000000860A6000B8000000860060F6
:10E4E00000B8008005865AF0019900A8A286017C38
:10E4F00000B40840028601E00094084000000020BB
:10E50000000001000000000000000000000000000A
:10E510000000000000870005DF074F010000000039
:10E520001D691D69FFFF30BAF000FFFC78871EE10E
:10E530001D00FF4790606090C00500050000F0F0EE
:10E54000F0F00000FFFF002800205F7F5F7F0C0CD1
:10E550000C0C0F0F0F0FEB28E8E800140F1FFF7FC4
:10E5600000200010EFFFF0F0F0F0000000FFFF10BF
:10E57000EF000008F7FF000000007FFFFFFF0040F2
:10E580000000000002000000000000000000000089
:10E59000000000000000008200000D7F041F00004A
:10E5A000000069696996FFFF3030F0005FFF8778EF
:10E5B000E11E00471DFF90606090C000C005000094
:10E5C000F4FFF4F403ABFFFF002800000000FFFF9E
:10E5D000FFFFFF007F5F5F5FEB28E8E80014001497
:10E5E000FFFF00000000FFFF78F0F0F0000000DF08
:10E5F000FF00FF000000FFFF0000000020000000FF
:10E60000000000000000000000000000000000000A
:10E610000000000000000000000000000D0F0D0FC2
:10E62000F353F05030003C3C201020002000DFFF6E
:10E63000D5014057003333FF55FDFFFF3F0F0F0F4C
:10E6400000002F2A2520002DAA2DAAAAAAAA3C3C08
:10E650003C3CAAFF3CF00D02FDFEEBE328200A3C07
:10E660005F3C3C3CAAAA30F03FFFB4B4F5A00737AA
:10E67000C7F7AAAAF0F00000FFFFFFFFFF00FFFFAF
:10E68000FFFF00000000000000000000000000008C
:10E69000000000000000000000000000000000D7A3
:10E6A0000000F303F000B00000000010000028009C
:10E6B000D7FFF74551DF003333FF5FF5FFFF0F3F13
:10E6C0001F3F00000F0A05000028AA28020AAAAA74
:10E6D00000000020AA003CF00401F4FDE3E3202048
:10E6E0000A3C5F3C3C3CFF0030003F0FB4B4F5A057
:10E6F0000434C4F4AAAAFF0005F505F5F0F0F0F023
:10E700007FFFFFFF0000000000000000000000008D
:10E710000000080020002000200020002000200031
:10E720002000201000008000200020202000200079
:10E7300020000400040204100208900804000400F1
:10E74000000090100000000080001100840204A06E
:10E7500004101190A1400400000800A080400000B7
:10E7600011000000C00000902000200884108400E8
:10E7700084908000020011000000A10082050000CA
:10E780000490110091100000000000000000000043
:10E790000000000001000100010001000100010073
:10E7A00001000100012100002000010001800100A2
:10E7B00001000121000000800000010011000000A4
:10E7C00000000000030000000000100004001080A2
:10E7D0000000C08004004080000000000000408075
:10E7E00000080000000010000000010001002021CE
:10E7F0002000200002000100820000081000218497
:10E800000000400000004080000000000000000008
:10E8100000000000000000000000000000000000F8
:10E8200000000000000000000000000000000000E8
:10E8300000000000000000000000000000000000D8
:10E84000000000100000000000C0000000000000F8
:10E850000000000000000000000100000000004077
:10E8600000000000000000000000000000000000A8
:10E870000008001000000000000000000000000080
:10E8800040000000000080000000000000000000C8
:10E890000000000000000000000000000000000078
:10E8A0000000000000000000000000000000000068
:10E8B0000000000000100000000000000000001038
:10E8C00000000000008000000008000000100010A0
:10E8D00000000021002100100000000200110010C3
:10E8E000009000110002000000000021001000084C
:10E8F00000100002000200100000001000020010D2
:10E9000000100008000000000202001000000000DB
:10E9100000000000000000000000000000000000F7
:10E9200000000000000000000000000000100000D7
:10E93000000000000000090002000010000000902C
:10E9400002011000000000400085004000000000AF
:10E950000000000000100000880100A110100082DB
:10E9600000000000008300C000000000000000085C
:10E9700000000084000000000000000002410008C8
:10E9800000000308000500000010800300000000E4
:10E990000000000000000000001000000000000067
:10E9A0000000000000000000000000000010004116
:10E9B00000104000000800080000010000000010E6
:10E9C0000003010801400000000300400041000076
:10E9D00000008800000800000005091000408500C4
:10E9E0000010000084000008000000080010000073
:10E9F000000000080008001000000021004111C0C4
:10EA000000040000004100840000002102C0C0009A
:10EA100000000000000000000000000000000000F6
:10EA200000000000000000000000000000000000E6
:10EA300000000000000000000000000000000000D6
:10EA40000000000010000000400020011000000045
:10EA50000000000040004000400000002000400096
:10EA60004000000010000000100000004000000006
:10EA70000000200040001000C100000000902000B5
:10EA8000020400001100020000002000400002000B
:10EA90004100000000000000000000000000000035
:10EAA0000000000000000000000000000000000066
:10EAB0000000000000000000000000000000000056
:10EAC0000000002000000000100082000002000092
:10EAD0001000000000000000001000000000000016
:10EAE0000000100000000000000000000000000016
:10EAF00000000010010000200000020000000020C3
:10EB00000100018010000000010000000000010071
:10EB100001001000000000000000000000000000E4
:10EB200000A0000000000000000000000000000045
:10EB30000000000020000000000000110010000094
:10EB400000C003C00000050800A000840000000011
:10EB500000008000000004000000A040108280003F
:10EB600088011008000000000000000000080000FC
:10EB7000000000C1100000844110030000100000DC
:10EB80000000000002000000858200000000030079
:10EB900000A0824100000000000000000000000012
:10EBA000000000000000000000000000000800411C
:10EBB0000003000000100100880000080020001081
:10EBC00000000008000000210000002100100010DB
:10EBD0000000001102080000000500211083010060
:10EBE0000210091001800000040000101000041041
:10EBF000000000000040C0210000000300030010DE
:10EC0000000300030010890800000808002100002C
:10EC10000000080003C00000000000000000000029
:10EC200000000000000000000000000000100000D4
:10EC300000000000000000000010000000000000C4
:10EC40000000400011022000000040000000000011
:10EC500040C000A000880084000011004003400272
:10EC600040020002084020902090400000400084B4
:10EC700000881000100000080040000000000000A4
:10EC80000020030041841000000000020020000268
:10EC900011004000000002404100000000000000A0
:10ECA0000000000000000000000000000000000064
:10ECB0000000000000000000000000000000000054
:10ECC0000000000000000000010000000100000042
:10ECD000000000000000000000000000000000082C
:10ECE00040000000008001800000000000000000E3
:10ECF0000000000000000000000000000000000014
:10ED00000000000000000000000000000000000003
:10ED10000000000001000000018000000000000071
:10ED200000000000000000000000000000030009D7
:10ED300000000000000300090000000000030009BB
:10ED400010000000800300090800000011002000EE
:10ED50000000410000008000100000000000890356
:10ED60000002002100100291200208094141000325
:10ED7000000203210010000000000000000000035A
:10ED80000009110000000003900905000000400088
:10ED90000000000003000008002010000800000030
:10EDA0000000000000000000000000000000000162
:10EDB00000010000000090010001000000000001BF
:10EDC000080189000000020140010000000001006C
:10EDD0000100000001000000C00001000000000070
:10EDE00004010001000000010003892000100091CF
:10EDF0000000A00100000001000000000000000071
:10EE00000001A0010000000000012101000000003D
:10EE100000000000000001009001840001000000DB
:10EE200000000000000000000100000000000000E1
:10EE300000000000010001010000000001000101CC
:10EE4000000000000140010188008200832085014C
:10EE500020009000050021000000010002000501D3
:10EE6000000021008400050490002100028321A0FD
:10EE700021900402080390020400040002008800AC
:10EE800020000000000001C00101900010000800F7
:10EE90004101A0008200A00209004000840102207C
:10EEA00084020000000000000000080000000000D4
:10EEB0000000000000002100030900000000210004
:10EEC00003090000000021000309000000002100E8
:10EED000830908000300C000100003002000910017
:10EEE00083100000A00010009080030091408582F4
:10EEF00005058400858005410502A0028400840088
:10EF000002008300000000002100030900008000CF
:10EF1000000003050000000000000900002083023B
:10EF20008000809000000000000000000000000051
:10EF300000000000000000000009000300000000C5
:10EF400000090003008000800889008300000000A1
:10EF5000008900830041001103200003000000002D
:10EF6000008000800000051000050021000520C081
:10EF700000C10011A08340800080100000800000CC
:10EF800000000000000000000000008900830080F5
:10EF9000008000098083000000C0000500800000A0
:10EFA00000800885008000000000000000000000D4
:10EFB000000000000000000000000001000100004F
:10EFC000000000010001004000020005004100882F
:10EFD000002000410041000000010001A001008864
:10EFE000009000040082000000010001000188017F
:10EFF0000105901090C041830104000400200040EE
:10F00000000000000000000000A0009000A104111A
:10F01000000800C000912041000400C0008202826C
:10F0200000200004000500040000000000000000B3
:10F03000000000000000000001400000000000008F
:10F040000188010000000000010000000000000035
:10F0500001880100000000400009000100010020BB
:10F06000000000000000004000000001000000005F
:10F070000020030010A10300C1C0014001010001F4
:10F0800001880001000000000002010000000000F3
:10F0900000000189010000000082000200820000DF
:10F0A000000882400200830120A000000000000050
:10F0B0000000000000000000000009000000000047
:10F0C00000000380040000000000090000000000B0
:10F0D000000003880400000000000002004100025C
:10F0E00000800000000000000080000000200005FB
:10F0F00000210000A0200340C1092000401102208F
:10F1000021022000002000210011008009000000E1
:10F110000000000003830411000000800020008034
:10F1200000000080802188000505800000000000AC
:10F13000000000000000000000000000008100004E
:10F14000C200000000820000C200000041840013E1
:10F15000C200000000410000C200000000410000A9
:10F16000C2000000000000000000000000000000DD
:10F17000000000000000000000000000210000006E
:10F1800000000000000000000000000000000088F7
:10F190000000C200000000600000C2004182004187
:10F1A0000000C200826000000000000000000000BB
:10F1B000000000000000000000000000000000004F
:10F1C000FFFF000000FF000000FF000000FF000044
:10F1D000FFFF000000FF000000FF000000FF000034
:10F1E00000007D7D000F0000000000000000000016
:10F1F00000000000996666990000C04004E4F969C7
:10F200001414141F000000000000000000000000A3
:10F210000000FFFF000000FF000000FF000000FFF3
:10F2200000000000FA50FA500FF00FF0FF00FF004E
:10F2300000000000000000000000000000000000CE
:10F240000000FFFF000000FF000000FF000000FFC3
:10F250000000FFFF000000FF000000FF000000FFB3
:10F26000000000007D7C000F000000000000000096
:10F2700000000000000099666699000000400372DB
:10F2800004960000000F00000000000000000000D5
:10F2900000000000FFFF000000FF000000FF000072
:10F2A00000FF00000000F0F0F0F00FF00FF000FFA2
:10F2B00000FF00000000000000000000000000004F
:10F2C0000000FF000000FF000000FF00000000FF42
:10F2D000FFFFFF000000FF000000FF00000000FF34
:10F2E000FFFF000000006000000000000000FF3C85
:10F2F000FCFC00000303FFFF3BC4738C554114006A
:10F3000000000000FCF00000ABAAAAAA0000000068
:10F31000FFFFF7FFFF000000FF000000FF000000FC
:10F320005555FFFF000000000000FFFF00FFFF0039
:10F330000F0F0F0F00000000000000000000000091
:10F3400000000000FF000000FF000000FF000000C0
:10F3500000FFFFFFFF000000FF000000FF000000B3
:10F3600000FFFFFF00000000006000000000000040
:10F37000FF3CFCFC0000FCF0FF003FC07F8054908D
:10F380005490000100003C0000000000000000005C
:10F390000000FFFFFFFFFF000000FF000000FF0074
:10F3A00000005555FFFF000000000000FFFF00FFB8
:10F3B000FF00F0F0F0F0000000000000000000008E
:10F3C000000000000000C040C00C30004903C041F4
:10F3D000C00C30004103C0C6C0EC31904903C0C727
:10F3E000C06C30B041030086006C00B20080008623
:10F3F000006000B000A0000000860A6000B00000BD
:10F4000000860C6000B9000000860C6000B00000AF
:10F410000086006000B00000C0C6C06C30B0490378
:10F42000C0C7C06C30B041030086007400B000005B
:10F430000286016000B408400000000000000000E7
:10F44000000000800100000000000000000000003B
:10F4500000000000000000000000000000040000A8
:10F46000000000000000F27000000000000000003A
:10F4700000000000AFAF100000000000000000001E
:10F48000000028282828000AAAFF0000000055557F
:10F4900055550000000000000000000000000201BF
:10F4A0000804000000000000004000000000000C04
:10F4B0000003F2F041001E1E1E3E0000000000008E
:10F4C000000000000020000000000000000000001C
:10F4D000000000000000000000000000000000002C
:10F4E000000000000000000000000000000000001C
:10F4F000000000000000AAAA0404000000000000B0
:10F50000000000002A2828280008AAFF00000000A8
:10F5100000000040000000000000000000000000AB
:10F5200080402010000000000000000000000000EB
:10F53000000C0003F0F014001E1E1E1E0000000050
:10F5400000000000000000000000020000000000B9
:10F5500000000000000000000000000000000000AB
:10F56000000000000000000010555555000000008C
:10F57000D81F2FE800000000AA00000000000000D3
:10F580000000D7DFFFFFAAEAAAAA1414141400008F
:10F590000000033FD7D7000000000FFF0FFF00005F
:10F5A000000000000000000000001414BEBE0000B7
:10F5B000000024000024000000003D3D3D3D00000F
:10F5C00000000000000040000000000000000000FB
:10F5D000000000000000000000000000000000002B
:10F5E0000000000000000000000010105555000051
:10F5F000000007C0D81F00000000AA0000000000A3
:10F6000000000000FFFFFAAA0000000014141C1400
:10F6100000000000033F1414000000000AFA0EFE70
:10F62000000000000000000000000000101FB0BF3C
:10F630000000000081000081000000003D3D7D3D94
:10F6400000000000000000000000000000000000BA
:10F65000000000000000000000004000000000006A
:10F66000000000000010000000000000000000008A
:10F670000000000800000000000000000000211051
:10F680000000210000000000210100000000000037
:10F690000000000000000000210000000000000049
:10F6A000000000000000000020000000000000003A
:10F6B0000500000000000000040000080000000039
:10F6C000000000000000000000000000000000003A
:10F6D0000000000000000000000000000021000009
:10F6E0000000000000000000000000000000000812
:10F6F0000000000000000000000800000000000002
:10F7000000000000000000000021001000000010B8
:10F7100000000000000000000000000000000000E9
:10F7200000000000000000000000000000000000D9
:10F7300000000000000000000000000000000000C9
:10F7400000000000000000000000000000000000B9
:10F7500000000000000000000000000000000000A9
:10F760000000000000000000000000000000000099
:10F770000000000000000008000000000000000081
:10F780000000000000000000000000000000000079
:10F790000000000000000000000000000000000069
:10F7A0000000000000000000000000000000000059
:10F7B0000000000000000000000000000000000049
:10F7C0000000000000000000000000000000000039
:10F7D0000000000000000000000000000000000029
:10F7E0000000000000000000000000000000000019
:10F7F0000000000000000000000000000000000009
:10F8000000000010000000000000000000080000E0
:10F8100000000010000000000003000000100020A5
:10F82000002000000010000800000011000000038C
:10F830000000200800000000000000000008001088
:10F8400000000000001000000000000000000000A8
:10F8500000000000000000000000000000000000A8
:10F860000000000000000000000000000000000098
:10F87000000000020000000000000008000000007E
:10F880000000000000000000000000000000000078
:10F8900040000500000000000000000041000008DA
:10F8A0000082000041000000000000000000000095
:10F8B00000000000020000000000001000004100F5
:10F8C0000000000000000000000000000000000038
:10F8D0000000000000000000000000000000000028
:10F8E0000000000000000000000000000000000018
:10F8F0000000000300000041000000100021000093
:10F9000000100010000000000008000000000010BF
:10F9100000000010000000000000000084008208C9
:10F92000000000410008000000211000000000005D
:10F93000000000008400000000000000000000053E
:10F940000000000000000000C021C0000000000016
:10F9500000000000000000000000000000000000A7
:10F960000000000000000000000000000000000097
:10F970000000000000000000000000000000000087
:10F980000000000000001000040000000000000063
:10F9900009200000000000004100000200000000FB
:10F9A0000000000000020000000000000000000055
:10F9B000000004000000000000000300020000003E
:10F9C0000000000000000000000000000020000017
:10F9D0000000000000000000000000000000000027
:10F9E0000000000000000000000000000000000017
:10F9F0000000000000000000000000000000000007
:10FA000000000000000000000000000000000000F6
:10FA100000000000000000000000000000000000E6
:10FA200000000000000000000000000000000000D6
:10FA300000000000000000000000000000000000C6
:10FA400000000000000000000000000000000000B6
:10FA500000000000000000000000000000000000A6
:10FA60000000000000A000000000000000000000F6
:10FA70000000000000000000000000000000000086
:10FA800000000082000000000000000000000000F4
:10FA90000000000000000000000000000000410025
:10FAA000000000000000000000000000000000084E
:10FAB0000000000000000000100000000000000036
:10FAC0000000000000000000000000000000000036
:10FAD0000000000000000000000000000000000026
:10FAE0000000000000000000000000000000000016
:10FAF00000000000000500000000000000100041B0
:10FB000000000000000000100000000000000003E2
:10FB100000080000000000080000880000008400C9
:10FB20008408000400000021000000000000000024
:10FB3000000000210005000000000010000000216E
:10FB400000208408000000000008002100000000E0
:10FB500000000400000000000000000000000000A1
:10FB60000000000000000000000000000000000095
:10FB70000010000000000000000000000000000075
:10FB8000000000000000000000000000000000086D
:10FB900000000000000020000400110000004000F0
:10FBA0000000000000000000000000000000000055
:10FBB00000820000000010000000000804A0000007
:10FBC000000000000002000000040000000002002D
:10FBD000000000000008000000000000000000001D
:10FBE0000000000000000000000000000000000015
:10FBF0000000000000000000000000000000000005
:10FC000000000000000000000000000000000000F4
:10FC100000000000000000000000000000000400E0
:10FC200000000000000000000000000000000010C4
:10FC300000000000000000000000000000000000C4
:10FC400000000000000000000000000000000000B4
:10FC500000000000000000000000000000000000A4
:10FC60000000000000000000000000000000000094
:10FC70000000000000000000000000000000000084
:10FC80000000000000000000000000000000000074
:10FC90000000000000000000000000000000000064
:10FCA0000000000000000000000000000000000054
:10FCB0000000000000000000000000000000000044
:10FCC0000000000000000000000000000000000034
:10FCD0000000000000000000000000000000000024
:10FCE0000000000000000000000000000000000014
:10FCF0000000000000000000000000000000000004
:10FD000000000000000000000000000000000000F3
:10FD100000000000000000000000000000000000E3
:10FD200000000000000000000000000000000000D3
:10FD300000000000000000000000000000000000C3
:10FD400000000000000000000000000000000000B3
:10FD500000000000000000000000000000000000A3
:10FD60000000000000000000000000000100000092
:10FD70000000000000000000000000000000000083
:10FD80000000000000000000000000000000000073
:10FD90000000000000000000000000000000000063
:10FDA0000000000000000000000000000000000053
:10FDB0000000000000000000000000000000000043
:10FDC0000000000000000000000000000000000033
:10FDD0000000000000000000000000000000000023
:10FDE000000000000000000000000000000008000B
:10FDF0000000000000000000000000000000000003
:10FE000000000000000000000000000000000000F2
:10FE100000000000000000000000000000000000E2
:10FE20000000000000000000400000000000000092
:10FE300009000000000000000000000000000000B9
:10FE400000000000000000000000000000000000B2
:10FE500000000000000000000000000000000000A2
:10FE60000000000000000000000000000000000092
:10FE70000000000000000000000000000000000082
:10FE80000000000000000000000000000000000072
:10FE90000000000000000000000000000000000062
:10FEA0000000000000000000000000000000000052
:10FEB0000000000000000000000000000000000042
:10FEC0000000000000000000000000000000000032
:10FED0000000000000000000000000000000000022
:10FEE0000000000000000000000000000000000012
:10FEF0000000000000000000000000000000000002
:10FF000000000000000000000000000000000000F1
:10FF100000000000000000000000000000000000E1
:10FF200000000000000000000000000000000000D1
:10FF300000000000000000000000000000000000C1
:10FF400000000000000000000000000000000000B1
:10FF500000000000000000000000000000000000A1
:10FF60000000000000000000000000000000000091
:10FF70000000000000000000000000000000000081
:10FF80000000000000000000000000000000000071
:10FF90000000000000000000000000000000000061
:10FFA0000000000000000000000000000000000051
:10FFB0000000000000000000000000000000000041
:10FFC0000000000000000000000000000000000031
:10FFD0000000000000000000000000000000000021
:10FFE0000000000000000000000000000000000011
:10FFF0000000000000000000000000000000000001
:020000040004F6
:1000000000000000000000000000000000000000F0
:1000100000000000000000000000000000000000E0
:1000200000000000000000000000000000000000D0
:1000300000000000000000000000000000000000C0
:1000400000000000000000000000000000000000B0
:1000500000000000000000000000000000000000A0
:100060000000000000000000000000000000000090
:100070000000000000000000000000000000000080
:100080000000000000000000000000000000000070
:100090000000000000000000000000000000000060
:1000A0000000000000000000000000000000000050
:1000B0000000000000000000000000000000000040
:1000C0000000000000000000000000000000000030
:1000D0000000000000000000000000000000000020
:1000E0000000000000000000000000000000000010
:1000F0000000000000000000000000000000000000
:1001000000000000000000000000000000000000EF
:1001100000000000000000000000000000000000DF
:1001200000000000000000000000000000000000CF
:1001300000000000000000000000000000000000BF
:1001400000000000000000000000000000000000AF
:10015000000000000000000000000000000000009F
:10016000000000000000000000000000000000008F
:10017000000000000000000000000000000000007F
:10018000000000000000000000000000000000006F
:10019000000000000000000000000000000000005F
:1001A000000000000000000000000000000000004F
:1001B000000000000000000000000000000000003F
:1001C000000000000000000000000000000000002F
:1001D000000000000000000000000000000000001F
:1001E000000000000000000000000000000000000F
:1001F00000000000000000000000000000000000FF
:1002000000000000000000000000000000000000EE
:1002100000000000000000000000000000000000DE
:1002200000000000000000000000000000000000CE
:10023000400000000000000000000000000000007E
:1002400000000000000000000000000000000000AE
:10025000000000000000000000000000000000009E
:10026000000000000000000000000000000000008E
:10027000000000000000000000000000000000007E
:10028000000000000000000000000000000000006E
:10029000000000000000000000000000000000005E
:1002A000000000000000000000000000000000004E
:1002B000000000000000000000000000000000003E
:1002C000000000000000000000000000000000002E
:1002D000000000000000000000000000000000001E
:1002E000000000000000000000000000000000000E
:1002F00000000000000000000000000000000000FE
:1003000000000000000000000000000000000000ED
:1003100000000000000000000000000000000000DD
:1003200000000000000000000000000000000000CD
:1003300000000000000000000000000000000000BD
:1003400000000000000000000000000000000000AD
:10035000000000000000000000000000000000009D
:10036000000000000000000000000000000000008D
:10037000000000000000000000000000000000007D
:10038000000000000000000000000000000000006D
:10039000000000000000000000000000000000005D
:1003A000000000000000000000000000000000004D
:1003B000000000000000000000000000000000003D
:1003C000000000000000000000000000000000002D
:1003D000000000000000000000000000000000001D
:1003E000000000000000000000000000000000000D
:1003F00000000000000000000000000000000000FD
:1004000000000000000000000020000000000000CC
:1004100000000000000000000000000000000000DC
:1004200000000000000000000000000000000000CC
:1004300000000000000000000000000000000000BC
:10044000000000200000000000000020000000006C
:10045000000000000000000000000000000000009C
:10046000000000000000000000000000000000008C
:10047000000000000000000000000000000000007C
:10048000000000000000000000000000000002006A
:10049000000000000000000000000000000000005C
:1004A000000000000000000000000000000000004C
:1004B000000000000000000000000000000000003C
:1004C000000000000000000002000000000000002A
:1004D000020000000000000000000000000000001A
:1004E000000000000000000000000000000000000C
:1004F00000000000000000000000000000000000FC
:1005000000000000000000000000000000000100EA
:1005100000000000000000000000000000000000DB
:1005200000000000000000000000000000000000CB
:10053000000000000000000000000000000000803B
:1005400000000000000000000100000000000000AA
:10055000010000000000000000000000000000009A
:10056000000000000000000000000000000000008B
:10057000000000000000000000000000FFFFFFFF7F
:10058000FFFFFFFFFFFFFFFFFFFFFFFFFFFFFFFF7B
:10059000FFFFFFFFFFFFFFFFFFFFFFFFFFFFFFFF6B
:1005A000FFFFFFFFFFFFFFFFFFFFFFFFFFFFFFFF5B
:1005B000FFFFFFFFFFFFFFFFFFFFFFFFFFFFFFFF4B
:1005C000FFFFFFFFFFFFFFFFFFFFFFFFFFFFFFFF3B
:1005D000FFFFFFFFFFFFFFFFFFFFFFFFFFFFFFFF2B
:1005E000FFFFFFFFFFFFFFFFFFFFFFFFFFFFFFFF1B
:1005F000FFFFFFFFFFFFFFFFFFFFFFFFFFFFFFFF0B
:10060000FFFFFFFFFFFFFFFFFFFFFFFFFFFFFFFFFA
:10061000FFFFFFFFFFFFFFFFFFFFFFFFFFFFFFFFEA
:10062000FFFFFFFFFFFFFFFFFFFFFFFFFFFFFFFFDA
:10063000FFFFFFFFFFFFFFFFFFFFFFFFFFFFFFFFCA
:10064000FFFFFFFFFFFFFFFFFFFFFFFFFFFFFFFFBA
:10065000FFFFFFFFFFFFFFFFFFFFFFFFFFFFFFFFAA
:10066000FFFFFFFFFFFFFFFFFFFFFFFFFFFFFFFF9A
:10067000FFFFFFFFFFFFFFFFFFFFFFFFFFFFFFFF8A
:10068000000000000000000000000000000000006A
:10069000000000000000000000000000000000005A
:1006A000000000000000000000000000000000004A
:1006B000000000000000000000000000000000003A
:1006C000000000000000000000000000000000002A
:1006D000000000000000000000000000000000001A
:1006E000000000000000000000000000000000000A
:1006F00000000000000000000000000000000000FA
:1007000000000000000000000000000000000000E9
:1007100000000000000000000000000000000000D9
:1007200000000000000000000000000000000000C9
:1007300000000000000000000000000000000000B9
:1007400000000000000000000000000000000000A9
:100750000000000000000000000000000000000099
:100760000000000000000000000000000000000089
:100770000000000000000000000000000000000079
:100780000000000000000000000000000000000069
:100790000000000000000000000000000000000059
:1007A0000000000000000000000000000000000049
:1007B0000000000000000000000000000000000039
:1007C0000000000000000000000000000000000029
:1007D0000000000000000000000000000000000019
:1007E0000000000000000000000000000000000009
:1007F00000000000000000000000000000000000F9
:1008000000000000000000000000000000000000E8
:1008100000000000000000000000000000000000D8
:1008200000000000000000000000000000000000C8
:1008300000000000000000000000000000000000B8
:1008400000000000000000000000000000000000A8
:100850000000000000000000000000000000000098
:100860000000000000000000000000000000000088
:100870000000000000000000000000000000000078
:100880000000000000000000000000000000000068
:100890000000000000000000000000000000000058
:1008A0000000000000000000000000000000000048
:1008B0000000000000000000000000000000000038
:1008C0000000000000000000000000000000000028
:1008D0000000000000000000000000000000000018
:1008E0000000000000000000000000000000000008
:1008F00000000000000000000000000000000000F8
:1009000000000000000000000000000000000000E7
:1009100000000000000000000000000000000000D7
:1009200000000000000000000000000000000000C7
:1009300000000000000000000000000000000000B7
:1009400000000000000000000000000000000000A7
:100950000000000000000000000000000000000097
:100960000000000000000000000000000000000087
:100970000000000000000000000000000000000077
:100980000000000000000000000000000000000067
:100990000000000000000000000000000000000057
:1009A0000000000000000000000000000000000047
:1009B0000000000000000000000000000000000037
:1009C0000000000000000000000000000000000027
:1009D0000000000000000000000000000000000017
:1009E0000000000000000000000000000000000007
:1009F00000000000000000000000000000000000F7
:100A000000000000000000000000000000000000E6
:100A100000000000000000000000000000000000D6
:100A200000000000000000000000000000000000C6
:100A300000000000000000000000000000000000B6
:100A400000000000000000000000000000000000A6
:100A50000000000000000000000000000000000096
:100A60000000000000000000000000000000000086
:100A70000000000000000000000000000000000076
:100A80000000000000000000000000000000000066
:100A90000000000000000000000000000000000056
:100AA0000000000000000000000000000000000046
:100AB0000000000000000000000000000000000036
:100AC0000000000000000000000000000000000026
:100AD0000000000000000000000000000000000016
:100AE0000000000000000000000000000000000006
:100AF00000000000000000000000000000000000F6
:100B000000000000000000000000000000000000E5
:100B100000000000000000000000000000000000D5
:100B200000000000000000000000000000000000C5
:100B300000000000000000000000000000000000B5
:100B400000000000000000000000000000000000A5
:100B50000000000000000000000000000000000095
:100B60000000000000000000000000000000000085
:100B70000000000000000000000000000000000075
:100B80000000000000000000000000000000000065
:100B90000000000000000000000000000000000055
:100BA0000000000000000000000000000000000045
:100BB0000000000000000000000000000000000035
:100BC0000000000000000000000000000000000025
:100BD0000000000000000000000000000000000015
:100BE0000000000000000000000000000000000005
:100BF00000000000000000000000000000000000F5
:100C000000000000000000000000000000000000E4
:100C100000000000000000000000000000000000D4
:100C200000000000000000000000000000000000C4
:100C300000000000000000000000000000000000B4
:100C400000000000000000000000000000000000A4
:100C50000000000000000000000000000000000094
:100C60000000000000000000000000000000000084
:100C70000000000000000000000000000000000074
:100C80000000000000000000000000000000000064
:100C90000000000000000000000000000000000054
:100CA0000000000000000000000000000000000044
:100CB0000000000000000000000000000000000034
:100CC0000000000000000000000000000000000024
:100CD0000000000000000000000000000000000014
:100CE0000000000000000000000000000000000004
:100CF00000000000000000000000000000000000F4
:100D000000000000000000000000000000000000E3
:100D100000000000000000000000000000000000D3
:100D200000000000000000000000000000000000C3
:100D300000000000000000000000000000000000B3
:100D400000000000000000000000000000000000A3
:100D50000000000000000000000000000000000093
:100D60000000000000000000000000000000000083
:100D70000000000000000000000000000000000073
:100D80000000000000000000000000000000000063
:100D90000000000000000000000000000000000053
:100DA0000000000000000000000000000000000043
:100DB0000000000000000000000000000000000033
:100DC0000000000000000000000000000000000023
:100DD0000000000000000000000000000000000013
:100DE0000000000000000000000000000000000003
:100DF00000000000000000000000000000000000F3
:100E000000000000000000000000000000000000E2
:100E100000000000000000000000000000000000D2
:100E200000000000000000000000000000000000C2
:100E300000000000000000000000000000000000B2
:100E400000000000000000000000000000000000A2
:100E50000000000000000000000000000000000092
:100E60000000000000000000000000000000000082
:100E70000000000000000000000000000000000072
:100E80000000000000000000000000000000000062
:100E90000000000000000000000000000000000052
:100EA0000000000000000000000000000000000042
:100EB0000000000000000000000000000000000032
:100EC0000000000000000000000000000000000022
:100ED0000000000000000000000000000000000012
:100EE0000000000000000000000000000000000002
:100EF00000000000000000000000000000000000F2
:100F000000000000000000000000000000000000E1
:100F100000000000000000000000000000000000D1
:100F200000000000000000000000000000000000C1
:100F300000000000000000000000000000000000B1
:100F400000000000000000000000000000000000A1
:100F50000000000000000000000000000000000091
:100F60000000000000000000000000000000000081
:100F70000000000000000000000000000000000071
:100F80000000000000000000000000000000000061
:100F90000000000000000000000000000000000051
:100FA0000000000000000000000000000000000041
:100FB0000000000000000000000000000000000031
:100FC0000000000000000000000000000000000021
:100FD0000000000000000000000000000000000011
:100FE0000000000000000000000000000000000001
:100FF00000000000000000000000000000000000F1
:1010000000000000000000000000000000000000E0
:1010100000000000000000000000000000000000D0
:1010200000000000000000000000000000000000C0
:1010300000000000000000000000000000000000B0
:1010400000000000000000000000000000000000A0
:101050000000000000000000000000000000000090
:101060000000000000000000000000000000000080
:101070000000000000000000000000000000000070
:101080000000000000000000000000000000000060
:101090000000000000000000000000000000000050
:1010A0000000000000000000000000000000000040
:1010B0000000000000000000000000000000000030
:1010C0000000000000000000000000000000000020
:1010D0000000000000000000000000000000000010
:1010E0000000000000000000000000000000000000
:1010F00000000000000000000000000000000000F0
:1011000000000000000000000000000000000000DF
:1011100000000000000000000000000000000000CF
:1011200000000000000000000000000000000000BF
:1011300000000000000000000000000000000000AF
:10114000000000000000000000000000000000009F
:10115000000000000000000000000000000000008F
:10116000000000000000000000000000000000007F
:10117000000000000000000000000000000000006F
:10118000000000000000000000000000000000005F
:10119000000000000000000000000000000000004F
:1011A000000000000000000000000000000000003F
:1011B000000000000000000000000000000000002F
:1011C000000000000000000000000000000000001F
:1011D000000000000000000000000000000000000F
:1011E00000000000000000000000000000000000FF
:1011F00000000000000000000000000000000000EF
:1012000000000000000000000000000000000000DE
:1012100000000000000000000000000000000000CE
:1012200000000000000000000000000000000000BE
:1012300000000000000000000000000000000000AE
:10124000000000000000000000000000000000009E
:10125000000000000000000000000000000000008E
:10126000000000000000000000000000000000007E
:10127000000000000000000000000000000000006E
:10128000000000000000000000000000000000005E
:10129000000000000000000000000000000000004E
:1012A000000000000000000000000000000000003E
:1012B000000000000000000000000000000000002E
:1012C000000000000000000000000000000000001E
:1012D000000000000000000000000000000000000E
:1012E00000000000000000000000000000000000FE
:1012F00000000000000000000000000000000000EE
:1013000000000000000000000000000000000000DD
:1013100000000000000000000000000000000000CD
:1013200000000000000000000000000000000000BD
:1013300000000000000000000000000000000000AD
:10134000000000000000000000000000000000009D
:10135000000000000000000000000000000000008D
:10136000000000000000000000000000000000007D
:10137000000000000000000000000000000000006D
:10138000000000000000000000000000000000005D
:10139000000000000000000000000000000000004D
:1013A000000000000000000000000000000000003D
:1013B000000000000000000000000000000000002D
:1013C000000000000000000000000000000000001D
:1013D000000000000000000000000000000000000D
:1013E00000000000000000000000000000000000FD
:1013F00000000000000000000000000000000000ED
:1014000000000000000000000000000000000000DC
:1014100000000000000000000000000000000000CC
:1014200000000000000000000000000000000000BC
:1014300000000000000000000000000000000000AC
:10144000000000000000000000000000000000009C
:10145000000000000000000000000000000000008C
:10146000000000000000000000000000000000007C
:10147000000000000000000000000000000000006C
:10148000000000000000000000000000000000005C
:10149000000000000000000000000000000000004C
:1014A000000000000000000000000000000000003C
:1014B000000000000000000000000000000000002C
:1014C000000000000000000000000000000000001C
:1014D000000000000000000000000000000000000C
:1014E00000000000000000000000000000000000FC
:1014F00000000000000000000000000000000000EC
:1015000000000000000000000000000000000000DB
:1015100000000000000000000000000000000000CB
:1015200000000000000000000000000000000000BB
:1015300000000000000000000000000000000000AB
:10154000000000000000000000000000000000009B
:10155000000000000000000000000000000000008B
:10156000000000000000000000000000000000007B
:10157000000000000000000000000000000000006B
:10158000000000000000000000000000000000005B
:10159000000000000000000000000000000000004B
:1015A000000000000000000000000000000000003B
:1015B000000000000000000000000000000000002B
:1015C000000000000000000000000000000000001B
:1015D000000000000000000000000000000000000B
:1015E00000000000000000000000000000000000FB
:1015F00000000000000000000000000000000000EB
:1016000000000000000000000000000000000000DA
:1016100000000000000000000000000000000000CA
:1016200000000000000000000000000000000000BA
:1016300000000000000000000000000000000000AA
:10164000000000000000000000000000000000009A
:10165000000000000000000000000000000000008A
:10166000000000000000000000000000000000007A
:10167000000000000000000000000000000000006A
:10168000000000000000000000000000000000005A
:10169000000000000000000000000000000000004A
:1016A000000000000000000000000000000000003A
:1016B000000000000000000000000000000000002A
:1016C000000000000000000000000000000000001A
:1016D000000000000000000000000000000000000A
:1016E00000000000000000000000000000000000FA
:1016F00000000000000000000000000000000000EA
:1017000000000000000000000000000000000000D9
:1017100000000000000000000000000000000000C9
:1017200000000000000000000000000000000000B9
:1017300000000000000000000000000000000000A9
:101740000000000000000000000000000000000099
:101750000000000000000000000000000000000089
:101760000000000000000000000000000000000079
:101770000000000000000000000000000000000069
:101780000000000000000000000000000000000059
:101790000000000000000000000000000000000049
:1017A0000000000000000000000000000000000039
:1017B0000000000000000000000000000000000029
:1017C0000000000000000000000000000000000019
:1017D0000000000000000000000000000000000009
:1017E00000000000000000000000000000000000F9
:1017F00000000000000000000000000000000000E9
:1018000000000000000000000000000000000000D8
:1018100000000000000000000000000000000000C8
:1018200000000000000000000000000000000000B8
:1018300000000000000000000000000000000000A8
:101840000000000000000000000000000000000098
:101850000000000000000000000000000000000088
:101860000000000000000000000000000000000078
:101870000000000000000000000000000000000068
:101880000000000000000000000000000000000058
:101890000000000000000000000000000000000048
:1018A0000000000000000000000000000000000038
:1018B0000000000000000000000000000000000028
:1018C0000000000000000000000000000000000018
:1018D0000000000000000000000000000000000008
:1018E00000000000000000000000000000000000F8
:1018F00000000000000000000000000000000000E8
:1019000000000000000000000000000000000000D7
:1019100000000000000000000000000000000000C7
:1019200000000000000000000000000000000000B7
:1019300000000000000000000000000000000000A7
:101940000000000000000000000000000000000097
:101950000000000000000000000000000000000087
:101960000000000000000000000000000000000077
:101970000000000000000000000000000000000067
:101980000000000000000000000000000000000057
:101990000000000000000000000000000000000047
:1019A0000000000000000000000000000000000037
:1019B0000000000000000000000000000000000027
:1019C0000000000000000000000000000000000017
:1019D0000000000000000000000000000000000007
:1019E00000000000000000000000000000000000F7
:1019F00000000000000000000000000000000000E7
:101A000000000000000000000000000000000000D6
:101A100000000000000000000000000000000000C6
:101A200000000000000000000000000000000000B6
:101A300000000000000000000000000000000000A6
:101A40000000000000000000000000000000000096
:101A50000000000000000000000000000000000086
:101A60000000000000000000000000000000000076
:101A70000000000000000000000000000000000066
:101A80000000000000000000000000000000000056
:101A90000000000000000000000000000000000046
:101AA0000000000000000000000000000000000036
:101AB0000000000000000000000000000000000026
:101AC0000000000000000000000000000000000016
:101AD0000000000000000000000000000000000006
:101AE00000000000000000000000000000000000F6
:101AF00000000000000000000000000000000000E6
:101B000000000000000000000000000000000000D5
:101B100000000000000000000000000000000000C5
:101B200000000000000000000000000000000000B5
:101B300000000000000000000000000000000000A5
:101B40000000000000000000000000000000000095
:101B50000000000000000000000000000000000085
:101B60000000000000000000000000000000000075
:101B70000000000000000000000000000000000065
:101B80000000000000000000000000000000000055
:101B90000000000000000000000000000000000045
:101BA0000000000000000000000000000000000035
:101BB0000000000000000000000000000000000025
:101BC0000000000000000000000000000000000015
:101BD0000000000000000000000000000000000005
:101BE00000000000000000000000000000000000F5
:101BF00000000000000000000000000000000000E5
:101C000000000000000000000000000000000000D4
:101C100000000000000000000000000000000000C4
:101C200000000000000000000000000000000000B4
:101C300000000000000000000000000000000000A4
:101C40000000000000000000000000000000000094
:101C50000000000000000000000000000000000084
:101C60000000000000000000000000000000000074
:101C70000000000000000000000000000000000064
:101C80000000000000000000000000000000000054
:101C90000000000000000000000000000000000044
:101CA0000000000000000000000000000000000034
:101CB0000000000000000000000000000000000024
:101CC0000000000000000000000000000000000014
:101CD0000000000000000000000000000000000004
:101CE00000000000000000000000000000000000F4
:101CF00000000000000000000000000000000000E4
:101D000000000000000000000000000000000000D3
:101D100000000000000000000000000000000000C3
:101D200000000000000000000000000000000000B3
:101D300000000000000000000000000000000000A3
:101D40000000000000000000000000000000000093
:101D50000000000000000000000000000000000083
:101D60000000000000000000000000000000000073
:101D70000000000000000000000000000000000063
:101D80000000000000000000000000000000000053
:101D90000000000000000000000000000000000043
:101DA0000000000000000000000000000000000033
:101DB0000000000000000000000000000000000023
:101DC0000000000000000000000000000000000013
:101DD0000000000000000000000000000000000003
:101DE00000000000000000000000000000000000F3
:101DF00000000000000000000000000000000000E3
:101E000000000000000000000000000000000000D2
:101E100000000000000000000000000000000000C2
:101E200000000000000000000000000000000000B2
:101E300000000000000000000000000000000000A2
:101E40000000000000000000000000000000000092
:101E50000000000000000000000000000000000082
:101E60000000000000000000000000000000000072
:101E70000000000000000000000000000000000062
:101E80000000000000000000000000000000000052
:101E90000000000000000000000000000000000042
:101EA0000000000000000000000000000000000032
:101EB0000000000000000000000000000000000022
:101EC0000000000000000000000000000000000012
:101ED0000000000000000000000000000000000002
:101EE00000000000000000000000000000000000F2
:101EF00000000000000000000000000000000000E2
:101F000000000000000000000000000000000000D1
:101F100000000000000000000000000000000000C1
:101F200000000000000000000000000000000000B1
:101F300000000000000000000000000000000000A1
:101F40000000000000000000000000000000000091
:101F50000000000000000000000000000000000081
:101F60000000000000000000000000000000000071
:101F70000000000000000000000000000000000061
:101F80000000000000000000000000000000000051
:101F90000000000000000000000000000000000041
:101FA0000000000000000000000000000000000031
:101FB0000000000000000000000000000000000021
:101FC0000000000000000000000000000000000011
:101FD0000000000000000000000000000000000001
:101FE00000000000000000000000000000000000F1
:101FF00000000000000000000000000000000000E1
:1020000000000000000000000000000000000000D0
:1020100000000000000000000000000000000000C0
:1020200000000000000000000000000000000000B0
:1020300000000000000000000000000000000000A0
:102040000000000000000000000000000000000090
:102050000000000000000000000000000000000080
:102060000000000000000000000000000000000070
:102070000000000000000000000000000000000060
:102080000000000000000000000000000000000050
:102090000000000000000000000000000000000040
:1020A0000000000000000000000000000000000030
:1020B0000000000000000000000000000000000020
:1020C0000000000000000000000000000000000010
:1020D0000000000000000000000000000000000000
:1020E00000000000000000000000000000000000F0
:1020F00000000000000000000000000000000000E0
:1021000000000000000000000000000000000000CF
:1021100000000000000000000000000000000000BF
:1021200000000000000000000000000000000000AF
:10213000000000000000000000000000000000009F
:10214000000000000000000000000000000000008F
:10215000000000000000000000000000000000007F
:10216000000000000000000000000000000000006F
:10217000000000000000000000000000000000005F
:10218000000000000000000000000000000000004F
:10219000000000000000000000000000000000003F
:1021A000000000000000000000000000000000002F
:1021B000000000000000000000000000000000001F
:1021C000000000000000000000000000000000000F
:1021D00000000000000000000000000000000000FF
:1021E00000000000000000000000000000000000EF
:1021F00000000000000000000000000000000000DF
:1022000000000000000000000000000000000000CE
:1022100000000000000000000000000000000000BE
:1022200000000000000000000000000000000000AE
:10223000000000000000000000000000000000009E
:10224000000000000000000000000000000000008E
:10225000000000000000000000000000000000007E
:10226000000000000000000000000000000000006E
:10227000000000000000000000000000000000005E
:10228000000000000000000000000000000000004E
:10229000000000000000000000000000000000003E
:1022A000000000000000000000000000000000002E
:1022B000000000000000000000000000000000001E
:1022C000000000000000000000000000000000000E
:1022D00000000000000000000000000000000000FE
:1022E00000000000000000000000000000000000EE
:1022F00000000000000000000000000000000000DE
:1023000000000000000000000000000000000000CD
:1023100000000000000000000000000000000000BD
:1023200000000000000000000000000000000000AD
:10233000000000000000000000000000000000009D
:10234000000000000000000000000000000000008D
:10235000000000000000000000000000000000007D
:10236000000000000000000000000000000000006D
:10237000000000000000000000000000000000005D
:10238000000000000000000000000000000000004D
:10239000000000000000000000000000000000003D
:1023A000000000000000000000000000000000002D
:1023B000000000000000000000000000000000001D
:1023C000000000000000000000000000000000000D
:1023D00000000000000000000000000000000000FD
:1023E00000000000000000000000000000000000ED
:1023F00000000000000000000000000000000000DD
:1024000000000000000000000000000000000000CC
:1024100000000000000000000000000000000000BC
:1024200000000000000000000000000000000000AC
:10243000000000000000000000000000000000009C
:10244000000000000000000000000000000000008C
:10245000000000000000000000000000000000007C
:10246000000000000000000000000000000000006C
:10247000000000000000000000000000000000005C
:10248000000000000000000000000000000000004C
:10249000000000000000000000000000000000003C
:1024A000000000000000000000000000000000002C
:1024B000000000000000000000000000000000001C
:1024C000000000000000000000000000000000000C
:1024D00000000000000000000000000000000000FC
:1024E00000000000000000000000000000000000EC
:1024F00000000000000000000000000000000000DC
:1025000000000000000000000000000000000000CB
:1025100000000000000000000000000000000000BB
:1025200000000000000000000000000000000000AB
:10253000000000000000000000000000000000009B
:10254000000000000000000000000000000000008B
:10255000000000000000000000000000000000007B
:10256000000000000000000000000000000000006B
:10257000000000000000000000000000000000005B
:10258000000000000000000000000000000000004B
:10259000000000000000000000000000000000003B
:1025A000000000000000000000000000000000002B
:1025B000000000000000000000000000000000001B
:1025C000000000000000000000000000000000000B
:1025D00000000000000000000000000000000000FB
:1025E00000000000000000000000000000000000EB
:1025F00000000000000000000000000000000000DB
:1026000000000000000000000000000000000000CA
:1026100000000000000000000000000000000000BA
:1026200000000000000000000000000000000000AA
:10263000000000000000000000000000000000009A
:10264000000000000000000000000000000000008A
:10265000000000000000000000000000000000007A
:10266000000000000000000000000000000000006A
:10267000000000000000000000000000000000005A
:10268000000000000000000000000000000000004A
:10269000000000000000000000000000000000003A
:1026A000000000000000000000000000000000002A
:1026B000000000000000000000000000000000001A
:1026C000000000000000000000000000000000000A
:1026D00000000000000000000000000000000000FA
:1026E00000000000000000000000000000000000EA
:1026F00000000000000000000000000000000000DA
:1027000000000000000000000000000000000000C9
:1027100000000000000000000000000000000000B9
:1027200000000000000000000000000000000000A9
:102730000000000000000000000000000000000099
:102740000000000000000000000000000000000089
:102750000000000000000000000000000000000079
:102760000000000000000000000000000000000069
:102770000000000000000000000000000000000059
:102780000000000000000000000000000000000049
:102790000000000000000000000000000000000039
:1027A0000000000000000000000000000000000029
:1027B0000000000000000000000000000000000019
:1027C0000000000000000000000000000000000009
:1027D00000000000000000000000000000000000F9
:1027E00000000000000000000000000000000000E9
:1027F00000000000000000000000000000000000D9
:1028000000000000000000000000000000000000C8
:1028100000000000000000000000000000000000B8
:1028200000000000000000000000000000000000A8
:102830000000000000000000000000000000000098
:102840000000000000000000000000000000000088
:102850000000000000000000000000000000000078
:102860000000000000000000000000000000000068
:102870000000000000000000000000000000000058
:102880000000000000000000000000000000000048
:102890000000000000000000000000000000000038
:1028A0000000000000000000000000000000000028
:1028B0000000000000000000000000000000000018
:1028C0000000000000000000000000000000000008
:1028D00000000000000000000000000000000000F8
:1028E00000000000000000000000000000000000E8
:1028F00000000000000000000000000000000000D8
:1029000000000000000000000000000000000000C7
:1029100000000000000000000000000000000000B7
:1029200000000000000000000000000000000000A7
:102930000000000000000000000000000000000097
:102940000000000000000000000000000000000087
:102950000000000000000000000000000000000077
:102960000000000000000000000000000000000067
:102970000000000000000000000000000000000057
:102980000000000000000000000000000000000047
:102990000000000000000000000000000000000037
:1029A0000000000000000000000000000000000027
:1029B0000000000000000000000000000000000017
:1029C0000000000000000000000000000000000007
:1029D00000000000000000000000000000000000F7
:1029E00000000000000000000000000000000000E7
:1029F00000000000000000000000000000000000D7
:102A000000000000000000000000000000000000C6
:102A100000000000000000000000000000000000B6
:102A200000000000000000000000000000000000A6
:102A30000000000000000000000000000000000096
:102A40000000000000000000000000000000000086
:102A50000000000000000000000000000000000076
:102A60000000000000000000000000000000000066
:102A70000000000000000000000000000000000056
:102A80000000000000000000000000000000000046
:102A90000000000000000000000000000000000036
:102AA0000000000000000000000000000000000026
:102AB0000000000000000000000000000000000016
:102AC0000000000000000000000000000000000006
:102AD00000000000000000000000000000000000F6
:102AE00000000000000000000000000000000000E6
:102AF00000000000000000000000000000000000D6
:102B000000000000000000000000000000000000C5
:102B100000000000000000000000000000000000B5
:102B200000000000000000000000000000000000A5
:102B30000000000000000000000000000000000095
:102B40000000000000000000000000000000000085
:102B50000000000000000000000000000000000075
:102B60000000000000000000000000000000000065
:102B70000000000000000000000000000000000055
:102B80000000000000000000000000000000000045
:102B90000000000000000000000000000000000035
:102BA0000000000000000000000000000000000025
:102BB0000000000000000000000000000000000015
:102BC0000000000000000000000000000000000005
:102BD00000000000000000000000000000000000F5
:102BE00000000000000000000000000000000000E5
:102BF00000000000000000000000000000000000D5
:102C000000000000000000000000000000000000C4
:102C100000000000000000000000000000000000B4
:102C200000000000000000000000000000000000A4
:102C30000000000000000000000000000000000094
:102C40000000000000000000000000000000000084
:102C50000000000000000000000000000000000074
:102C60000000000000000000000000000000000064
:102C70000000000000000000000000000000000054
:102C80000000000000000000000000000000000044
:102C90000000000000000000000000000000000034
:102CA0000000000000000000000000000000000024
:102CB0000000000000000000000000000000000014
:102CC0000000000000000000000000000000000004
:102CD00000000000000000000000000000000000F4
:102CE00000000000000000000000000000000000E4
:102CF00000000000000000000000000000000000D4
:102D000000000000000000000000000000000000C3
:102D100000000000000000000000000000000000B3
:102D200000000000000000000000000000000000A3
:102D30000000000000000000000000000000000093
:102D40000000000000000000000000000000000083
:102D50000000000000000000000000000000000073
:102D60000000000000000000000000000000000063
:102D70000000000000000000000000000000000053
:102D80000000000000000000000000000000000043
:102D90000000000000000000000000000000000033
:102DA0000000000000000000000000000000000023
:102DB0000000000000000000000000000000000013
:102DC0000000000000000000000000000000000003
:102DD00000000000000000000000000000000000F3
:102DE00000000000000000000000000000000000E3
:102DF00000000000000000000000000000000000D3
:102E000000000000000000000000000000000000C2
:102E100000000000000000000000000000000000B2
:102E200000000000000000000000000000000000A2
:102E30000000000000000000000000000000000092
:102E40000000000000000000000000000000000082
:102E50000000000000000000000000000000000072
:102E60000000000000000000000000000000000062
:102E70000000000000000000000000000000000052
:102E80000000000000000000000000000000000042
:102E90000000000000000000000000000000000032
:102EA0000000000000000000000000000000000022
:102EB0000000000000000000000000000000000012
:102EC0000000000000000000000000000000000002
:102ED00000000000000000000000000000000000F2
:102EE00000000000000000000000000000000000E2
:102EF00000000000000000000000000000000000D2
:102F000000000000000000000000000000000000C1
:102F100000000000000000000000000000000000B1
:102F200000000000000000000000000000000000A1
:102F30000000000000000000000000000000000091
:102F40000000000000000000000000000000000081
:102F50000000000000000000000000000000000071
:102F60000000000000000000000000000000000061
:102F70000000000000000000000000000000000051
:102F80000000000000000000000000000000000041
:102F90000000000000000000000000000000000031
:102FA0000000000000000000000000000000000021
:102FB0000000000000000000000000000000000011
:102FC0000000000000000000000000000000000001
:102FD00000000000000000000000000000000000F1
:102FE00000000000000000000000000000000000E1
:102FF00000000000000000000000000000000000D1
:1030000000000000000000000000000000000000C0
:1030100000000000000000000000000000000000B0
:1030200000000000000000000000000000000000A0
:103030000000000000000000000000000000000090
:103040000000000000000000000000000000000080
:103050000000000000000000000000000000000070
:103060000000000000000000000000000000000060
:103070000000000000000000000000000000000050
:103080000000000000000000000000000000000040
:103090000000000000000000000000000000000030
:1030A0000000000000000000000000000000000020
:1030B0000000000000000000000000000000000010
:1030C0000000000000000000000000000000000000
:1030D00000000000000000000000000000000000F0
:1030E00000000000000000000000000000000000E0
:1030F00000000000000000000000000000000000D0
:1031000000000000000000000000000000000000BF
:1031100000000000000000000000000000000000AF
:10312000000000000000000000000000000000009F
:10313000000000000000000000000000000000008F
:10314000000000000000000000000000000000007F
:10315000000000000000000000000000000000006F
:10316000000000000000000000000000000000005F
:10317000000000000000000000000000000000004F
:10318000000000000000000000000000000000003F
:10319000000000000000000000000000000000002F
:1031A000000000000000000000000000000000001F
:1031B000000000000000000000000000000000000F
:1031C00000000000000000000000000000000000FF
:1031D00000000000000000000000000000000000EF
:1031E00000000000000000000000000000000000DF
:1031F00000000000000000000000000000000000CF
:1032000000000000000000000000000000000000BE
:1032100000000000000000000000000000000000AE
:10322000000000000000000000000000000000009E
:10323000000000000000000000000000000000008E
:10324000000000000000000000000000000000007E
:10325000000000000000000000000000000000006E
:10326000000000000000000000000000000000005E
:10327000000000000000000000000000000000004E
:10328000000000000000000000000000000000003E
:10329000000000000000000000000000000000002E
:1032A000000000000000000000000000000000001E
:1032B000000000000000000000000000000000000E
:1032C00000000000000000000000000000000000FE
:1032D00000000000000000000000000000000000EE
:1032E00000000000000000000000000000000000DE
:1032F00000000000000000000000000000000000CE
:1033000000000000000000000000000000000000BD
:1033100000000000000000000000000000000000AD
:10332000000000000000000000000000000000009D
:10333000000000000000000000000000000000008D
:10334000000000000000000000000000000000007D
:10335000000000000000000000000000000000006D
:10336000000000000000000000000000000000005D
:10337000000000000000000000000000000000004D
:10338000000000000000000000000000000000003D
:10339000000000000000000000000000000000002D
:1033A000000000000000000000000000000000001D
:1033B000000000000000000000000000000000000D
:1033C00000000000000000000000000000000000FD
:1033D00000000000000000000000000000000000ED
:1033E00000000000000000000000000000000000DD
:1033F00000000000000000000000000000000000CD
:1034000000000000000000000000000000000000BC
:1034100000000000000000000000000000000000AC
:10342000000000000000000000000000000000009C
:10343000000000000000000000000000000000008C
:10344000000000000000000000000000000000007C
:10345000000000000000000000000000000000006C
:10346000000000000000000000000000000000005C
:10347000000000000000000000000000000000004C
:10348000000000000000000000000000000000003C
:10349000000000000000000000000000000000002C
:1034A000000000000000000000000000000000001C
:1034B000000000000000000000000000000000000C
:1034C00000000000000000000000000000000000FC
:1034D00000000000000000000000000000000000EC
:1034E00000000000000000000000000000000000DC
:1034F00000000000000000000000000000000000CC
:1035000000000000000000000000000000000000BB
:1035100000000000000000000000000000000000AB
:10352000000000000000000000000000000000009B
:10353000000000000000000000000000000000008B
:10354000000000000000000000000000000000007B
:10355000000000000000000000000000000000006B
:10356000000000000000000000000000000000005B
:10357000000000000000000000000000000000004B
:10358000000000000000000000000000000000003B
:10359000000000000000000000000000000000002B
:1035A000000000000000000000000000000000001B
:1035B000000000000000000000000000000000000B
:1035C00000000000000000000000000000000000FB
:1035D00000000000000000000000000000000000EB
:1035E00000000000000000000000000000000000DB
:1035F00000000000000000000000000000000000CB
:1036000000000000000000000000000000000000BA
:1036100000000000000000000000000000000000AA
:10362000000000000000000000000000000000009A
:10363000000000000000000000000000000000008A
:10364000000000000000000000000000000000007A
:10365000000000000000000000000000000000006A
:10366000000000000000000000000000000000005A
:10367000000000000000000000000000000000004A
:10368000000000000000000000000000000000003A
:10369000000000000000000000000000000000002A
:1036A000000000000000000000000000000000001A
:1036B000000000000000000000000000000000000A
:1036C00000000000000000000000000000000000FA
:1036D00000000000000000000000000000000000EA
:1036E00000000000000000000000000000000000DA
:1036F00000000000000000000000000000000000CA
:1037000000000000000000000000000000000000B9
:1037100000000000000000000000000000000000A9
:103720000000000000000000000000000000000099
:103730000000000000000000000000000000000089
:103740000000000000000000000000000000000079
:103750000000000000000000000000000000000069
:103760000000000000000000000000000000000059
:103770000000000000000000000000000000000049
:103780000000000000000000000000000000000039
:103790000000000000000000000000000000000029
:1037A0000000000000000000000000000000000019
:1037B0000000000000000000000000000000000009
:1037C00000000000000000000000000000000000F9
:1037D00000000000000000000000000000000000E9
:1037E00000000000000000000000000000000000D9
:1037F00000000000000000000000000000000000C9
:1038000000000000000000000000000000000000B8
:1038100000000000000000000000000000000000A8
:103820000000000000000000000000000000000098
:103830000000000000000000000000000000000088
:103840000000000000000000000000000000000078
:103850000000000000000000000000000000000068
:103860000000000000000000000000000000000058
:103870000000000000000000000000000000000048
:103880000000000000000000000000000000000038
:103890000000000000000000000000000000000028
:1038A0000000000000000000000000000000000018
:1038B0000000000000000000000000000000000008
:1038C00000000000000000000000000000000000F8
:1038D00000000000000000000000000000000000E8
:1038E00000000000000000000000000000000000D8
:1038F00000000000000000000000000000000000C8
:1039000000000000000000000000000000000000B7
:1039100000000000000000000000000000000000A7
:103920000000000000000000000000000000000097
:103930000000000000000000000000000000000087
:103940000000000000000000000000000000000077
:103950000000000000000000000000000000000067
:103960000000000000000000000000000000000057
:103970000000000000000000000000000000000047
:103980000000000000000000000000000000000037
:103990000000000000000000000000000000000027
:1039A0000000000000000000000000000000000017
:1039B0000000000000000000000000000000000007
:1039C00000000000000000000000000000000000F7
:1039D00000000000000000000000000000000000E7
:1039E00000000000000000000000000000000000D7
:1039F00000000000000000000000000000000000C7
:103A000000000000000000000000000000000000B6
:103A100000000000000000000000000000000000A6
:103A20000000000000000000000000000000000096
:103A30000000000000000000000000000000000086
:103A40000000000000000000000000000000000076
:103A50000000000000000000000000000000000066
:103A60000000000000000000000000000000000056
:103A70000000000000000000000000000000000046
:103A80000000000000000000000000000000000036
:103A90000000000000000000000000000000000026
:103AA0000000000000000000000000000000000016
:103AB0000000000000000000000000000000000006
:103AC00000000000000000000000000000000000F6
:103AD00000000000000000000000000000000000E6
:103AE00000000000000000000000000000000000D6
:103AF00000000000000000000000000000000000C6
:103B000000000000000000000000000000000000B5
:103B100000000000000000000000000000000000A5
:103B20000000000000000000000000000000000095
:103B30000000000000000000000000000000000085
:103B40000000000000000000000000000000000075
:103B50000000000000000000000000000000000065
:103B60000000000000000000000000000000000055
:103B70000000000000000000000000000000000045
:103B80000000000000000000000000000000000035
:103B90000000000000000000000000000000000025
:103BA0000000000000000000000000000000000015
:103BB0000000000000000000000000000000000005
:103BC00000000000000000000000000000000000F5
:103BD00000000000000000000000000000000000E5
:103BE00000000000000000000000000000000000D5
:103BF00000000000000000000000000000000000C5
:103C000000000000000000000000000000000000B4
:103C100000000000000000000000000000000000A4
:103C20000000000000000000000000000000000094
:103C30000000000000000000000000000000000084
:103C40000000000000000000000000000000000074
:103C50000000000000000000000000000000000064
:103C60000000000000000000000000000000000054
:103C70000000000000000000000000000000000044
:103C80000000000000000000000000000000000034
:103C90000000000000000000000000000000000024
:103CA0000000000000000000000000000000000014
:103CB0000000000000000000000000000000000004
:103CC00000000000000000000000000000000000F4
:103CD00000000000000000000000000000000000E4
:103CE00000000000000000000000000000000000D4
:103CF00000000000000000000000000000000000C4
:103D000000000000000000000000000000000000B3
:103D100000000000000000000000000000000000A3
:103D20000000000000000000000000000000000093
:103D30000000000000000000000000000000000083
:103D40000000000000000000000000000000000073
:103D50000000000000000000000000000000000063
:103D60000000000000000000000000000000000053
:103D70000000000000000000000000000000000043
:103D80000000000000000000000000000000000033
:103D90000000000000000000000000000000000023
:103DA0000000000000000000000000000000000013
:103DB0000000000000000000000000000000000003
:103DC00000000000000000000000000000000000F3
:103DD00000000000000000000000000000000000E3
:103DE00000000000000000000000000000000000D3
:103DF00000000000000000000000000000000000C3
:103E000000000000000000000000000000000000B2
:103E100000000000000000000000000000000000A2
:103E20000000000000000000000000000000000092
:103E30000000000000000000000000000000000082
:103E40000000000000000000000000000000000072
:103E50000000000000000000000000000000000062
:103E60000000000000000000000000000000000052
:103E70000000000000000000000000000000000042
:103E80000000000000000000000000000000000032
:103E90000000000000000000000000000000000022
:103EA0000000000000000000000000000000000012
:103EB0000000000000000000000000000000000002
:103EC00000000000000000000000000000000000F2
:103ED00000000000000000000000000000000000E2
:103EE00000000000000000000000000000000000D2
:103EF00000000000000000000000000000000000C2
:103F000000000000000000000000000000000000B1
:103F100000000000000000000000000000000000A1
:103F20000000000000000000000000000000000091
:103F30000000000000000000000000000000000081
:103F40000000000000000000000000000000000071
:103F50000000000000000000000000000000000061
:103F60000000000000000000000000000000000051
:103F70000000000000000000000000000000000041
:103F80000000000000000000000000000000000031
:103F90000000000000000000000000000000000021
:103FA0000000000000000000000000000000000011
:103FB0000000000000000000000000000000000001
:103FC00000000000000000000000000000000000F1
:103FD00000000000000000000000000000000000E1
:103FE00000000000000000000000000000000000D1
:103FF00000000000000000000000000000000000C1
:1040000000000000000000000000000000000000B0
:1040100000000000000000000000000000000000A0
:104020000000000000000000000000000000000090
:104030000000000000000000000000000000000080
:104040000000000000000000000000000000000070
:104050000000000000000000000000000000000060
:104060000000000000000000000000000000000050
:104070000000000000000000000000000000000040
:104080000000000000000000000000000000000030
:104090000000000000000000000000000000000020
:1040A0000000000000000000000000000000000010
:1040B0000000000000000000000000000000000000
:1040C00000000000000000000000000000000000F0
:1040D00000000000000000000000000000000000E0
:1040E00000000000000000000000000000000000D0
:1040F00000000000000000000000000000000000C0
:1041000000000000000000000000000000000000AF
:10411000000000000000000000000000000000009F
:10412000000000000000000000000000000000008F
:10413000000000000000000000000000000000007F
:10414000000000000000000000000000000000006F
:10415000000000000000000000000000000000005F
:10416000000000000000000000000000000000004F
:10417000000000000000000000000000000000003F
:10418000000000000000000000000000000000002F
:10419000000000000000000000000000000000001F
:1041A000000000000000000000000000000000000F
:1041B00000000000000000000000000000000000FF
:1041C00000000000000000000000000000000000EF
:1041D00000000000000000000000000000000000DF
:1041E00000000000000000000000000000000000CF
:1041F00000000000000000000000000000000000BF
:1042000000000000000000000000000000000000AE
:10421000000000000000000000000000000000009E
:10422000000000000000000000000000000000008E
:10423000000000000000000000000000000000007E
:10424000000000000000000000000000000000006E
:10425000000000000000000000000000000000005E
:10426000000000000000000000000000000000004E
:10427000000000000000000000000000000000003E
:10428000000000000000000000000000000000002E
:10429000000000000000000000000000000000001E
:1042A000000000000000000000000000000000000E
:1042B00000000000000000000000000000000000FE
:1042C00000000000000000000000000000000000EE
:1042D00000000000000000000000000000000000DE
:1042E00000000000000000000000000000000000CE
:1042F00000000000000000000000000000000000BE
:1043000000000000000000000000000000000000AD
:10431000000000000000000000000000000000009D
:10432000000000000000000000000000000000008D
:10433000000000000000000000000000000000007D
:10434000000000000000000000000000000000006D
:10435000000000000000000000000000000000005D
:10436000000000000000000000000000000000004D
:10437000000000000000000000000000000000003D
:10438000000000000000000000000000000000002D
:10439000000000000000000000000000000000001D
:1043A000000000000000000000000000000000000D
:1043B00000000000000000000000000000000000FD
:1043C00000000000000000000000000000000000ED
:1043D00000000000000000000000000000000000DD
:1043E00000000000000000000000000000000000CD
:1043F00000000000000000000000000000000000BD
:1044000000000000000000000000000000000000AC
:10441000000000000000000000000000000000009C
:10442000000000000000000000000000000000008C
:10443000000000000000000000000000000000007C
:10444000000000000000000000000000000000006C
:10445000000000000000000000000000000000005C
:10446000000000000000000000000000000000004C
:10447000000000000000000000000000000000003C
:10448000000000000000000000000000000000002C
:10449000000000000000000000000000000000001C
:1044A000000000000000000000000000000000000C
:1044B00000000000000000000000000000000000FC
:1044C00000000000000000000000000000000000EC
:1044D00000000000000000000000000000000000DC
:1044E00000000000000000000000000000000000CC
:1044F00000000000000000000000000000000000BC
:1045000000000000000000000000000000000000AB
:10451000000000000000000000000000000000009B
:10452000000000000000000000000000000000008B
:10453000000000000000000000000000000000007B
:10454000000000000000000000000000000000006B
:10455000000000000000000000000000000000005B
:10456000000000000000000000000000000000004B
:10457000000000000000000000000000000000003B
:10458000000000000000000000000000000000002B
:10459000000000000000000000000000000000001B
:1045A000000000000000000000000000000000000B
:1045B00000000000000000000000000000000000FB
:1045C00000000000000000000000000000000000EB
:1045D00000000000000000000000000000000000DB
:1045E00000000000000000000000000000000000CB
:1045F00000000000000000000000000000000000BB
:1046000000000000000000000000000000000000AA
:10461000000000000000000000000000000000009A
:10462000000000000000000000000000000000008A
:10463000000000000000000000000000000000007A
:10464000000000000000000000000000000000006A
:10465000000000000000000000000000000000005A
:10466000000000000000000000000000000000004A
:10467000000000000000000000000000000000003A
:10468000000000000000000000000000000000002A
:10469000000000000000000000000000000000001A
:1046A000000000000000000000000000000000000A
:1046B00000000000000000000000000000000000FA
:1046C00000000000000000000000000000000000EA
:1046D00000000000000000000000000000000000DA
:1046E00000000000000000000000000000000000CA
:1046F00000000000000000000000000000000000BA
:1047000000000000000000000000000000000000A9
:104710000000000000000000000000000000000099
:104720000000000000000000000000000000000089
:104730000000000000000000000000000000000079
:104740000000000000000000000000000000000069
:104750000000000000000000000000000000000059
:104760000000000000000000000000000000000049
:104770000000000000000000000000000000000039
:104780000000000000000000000000000000000029
:104790000000000000000000000000000000000019
:1047A0000000000000000000000000000000000009
:1047B00000000000000000000000000000000000F9
:1047C00000000000000000000000000000000000E9
:1047D00000000000000000000000000000000000D9
:1047E00000000000000000000000000000000000C9
:1047F00000000000000000000000000000000000B9
:1048000000000000000000000000000000000000A8
:104810000000000000000000000000000000000098
:104820000000000000000000000000000000000088
:104830000000000000000000000000000000000078
:104840000000000000000000000000000000000068
:104850000000000000000000000000000000000058
:104860000000000000000000000000000000000048
:104870000000000000000000000000000000000038
:104880000000000000000000000000000000000028
:104890000000000000000000000000000000000018
:1048A0000000000000000000000000000000000008
:1048B00000000000000000000000000000000000F8
:1048C00000000000000000000000000000000000E8
:1048D00000000000000000000000000000000000D8
:1048E00000000000000000000000000000000000C8
:1048F00000000000000000000000000000000000B8
:1049000000000000000000000000000000000000A7
:104910000000000000000000000000000000000097
:104920000000000000000000000000000000000087
:104930000000000000000000000000000000000077
:104940000000000000000000000000000000000067
:104950000000000000000000000000000000000057
:104960000000000000000000000000000000000047
:104970000000000000000000000000000000000037
:104980000000000000000000000000000000000027
:104990000000000000000000000000000000000017
:1049A0000000000000000000000000000000000007
:1049B00000000000000000000000000000000000F7
:1049C00000000000000000000000000000000000E7
:1049D00000000000000000000000000000000000D7
:1049E00000000000000000000000000000000000C7
:1049F00000000000000000000000000000000000B7
:104A000000000000000000000000000000000000A6
:104A10000000000000000000000000000000000096
:104A20000000000000000000000000000000000086
:104A30000000000000000000000000000000000076
:104A40000000000000000000000000000000000066
:104A50000000000000000000000000000000000056
:104A60000000000000000000000000000000000046
:104A70000000000000000000000000000000000036
:104A80000000000000000000000000000000000026
:104A90000000000000000000000000000000000016
:104AA0000000000000000000000000000000000006
:104AB00000000000000000000000000000000000F6
:104AC00000000000000000000000000000000000E6
:104AD00000000000000000000000000000000000D6
:104AE00000000000000000000000000000000000C6
:104AF00000000000000000000000000000000000B6
:104B000000000000000000000000000000000000A5
:104B10000000000000000000000000000000000095
:104B20000000000000000000000000000000000085
:104B30000000000000000000000000000000000075
:104B40000000000000000000000000000000000065
:104B50000000000000000000000000000000000055
:104B60000000000000000000000000000000000045
:104B70000000000000000000000000000000000035
:104B80000000000000000000000000000000000025
:104B90000000000000000000000000000000000015
:104BA0000000000000000000000000000000000005
:104BB00000000000000000000000000000000000F5
:104BC00000000000000000000000000000000000E5
:104BD00000000000000000000000000000000000D5
:104BE00000000000000000000000000000000000C5
:104BF00000000000000000000000000000000000B5
:104C000000000000000000000000000000000000A4
:104C10000000000000000000000000000000000094
:104C20000000000000000000000000000000000084
:104C30000000000000000000000000000000000074
:104C40000000000000000000000000000000000064
:104C50000000000000000000000000000000000054
:104C60000000000000000000000000000000000044
:104C70000000000000000000000000000000000034
:104C80000000000000000000000000000000000024
:104C90000000000000000000000000000000000014
:104CA0000000000000000000000000000000000004
:104CB00000000000000000000000000000000000F4
:104CC00000000000000000000000000000000000E4
:104CD00000000000000000000000000000000000D4
:104CE00000000000000000000000000000000000C4
:104CF00000000000000000000000000000000000B4
:104D000000000000000000000000000000000000A3
:104D10000000000000000000000000000000000093
:104D20000000000000000000000000000000000083
:104D30000000000000000000000000000000000073
:104D40000000000000000000000000000000000063
:104D50000000000000000000000000000000000053
:104D60000000000000000000000000000000000043
:104D70000000000000000000000000000000000033
:104D80000000000000000000000000000000000023
:104D90000000000000000000000000000000000013
:104DA0000000000000000000000000000000000003
:104DB00000000000000000000000000000000000F3
:104DC00000000000000000000000000000000000E3
:104DD00000000000000000000000000000000000D3
:104DE00000000000000000000000000000000000C3
:104DF00000000000000000000000000000000000B3
:104E000000000000000000000000000000000000A2
:104E10000000000000000000000000000000000092
:104E20000000000000000000000000000000000082
:104E30000000000000000000000000000000000072
:104E40000000000000000000000000000000000062
:104E50000000000000000000000000000000000052
:104E60000000000000000000000000000000000042
:104E70000000000000000000000000000000000032
:104E80000000000000000000000000000000000022
:104E90000000000000000000000000000000000012
:104EA0000000000000000000000000000000000002
:104EB00000000000000000000000000000000000F2
:104EC00000000000000000000000000000000000E2
:104ED00000000000000000000000000000000000D2
:104EE00000000000000000000000000000000000C2
:104EF00000000000000000000000000000000000B2
:104F000000000000000000000000000000000000A1
:104F10000000000000000000000000000000000091
:104F20000000000000000000000000000000000081
:104F30000000000000000000000000000000000071
:104F40000000000000000000000000000000000061
:104F50000000000000000000000000000000000051
:104F60000000000000000000000000000000000041
:104F70000000000000000000000000000000000031
:104F80000000000000000000000000000000000021
:104F90000000000000000000000000000000000011
:104FA0000000000000000000000000000000000001
:104FB00000000000000000000000000000000000F1
:104FC00000000000000000000000000000000000E1
:104FD00000000000000000000000000000000000D1
:104FE00000000000000000000000000000000000C1
:104FF00000000000000000000000000000000000B1
:1050000000000000000000000000000000000000A0
:105010000000000000000000000000000000000090
:105020000000000000000000000000000000000080
:105030000000000000000000000000000000000070
:105040000000000000000000000000000000000060
:105050000000000000000000000000000000000050
:105060000000000000000000000000000000000040
:105070000000000000000000000000000000000030
:105080000000000000000000000000000000000020
:105090000000000000000000000000000000000010
:1050A0000000000000000000000000000000000000
:1050B00000000000000000000000000000000000F0
:1050C00000000000000000000000000000000000E0
:1050D00000000000000000000000000000000000D0
:1050E00000000000000000000000000000000000C0
:1050F00000000000000000000000000000000000B0
:10510000000000000000000000000000000000009F
:10511000000000000000000000000000000000008F
:10512000000000000000000000000000000000007F
:10513000000000000000000000000000000000006F
:10514000000000000000000000000000000000005F
:10515000000000000000000000000000000000004F
:10516000000000000000000000000000000000003F
:10517000000000000000000000000000000000002F
:10518000000000000000000000000000000000001F
:10519000000000000000000000000000000000000F
:1051A00000000000000000000000000000000000FF
:1051B00000000000000000000000000000000000EF
:1051C00000000000000000000000000000000000DF
:1051D00000000000000000000000000000000000CF
:1051E00000000000000000000000000000000000BF
:1051F00000000000000000000000000000000000AF
:10520000000000000000000000000000000000009E
:10521000000000000000000000000000000000008E
:10522000000000000000000000000000000000007E
:10523000000000000000000000000000000000006E
:10524000000000000000000000000000000000005E
:10525000000000000000000000000000000000004E
:10526000000000000000000000000000000000003E
:10527000000000000000000000000000000000002E
:10528000000000000000000000000000000000001E
:10529000000000000000000000000000000000000E
:1052A00000000000000000000000000000000000FE
:1052B00000000000000000000000000000000000EE
:1052C00000000000000000000000000000000000DE
:1052D00000000000000000000000000000000000CE
:1052E00000000000000000000000000000000000BE
:1052F00000000000000000000000000000000000AE
:10530000000000000000000000000000000000009D
:10531000000000000000000000000000000000008D
:10532000000000000000000000000000000000007D
:10533000000000000000000000000000000000006D
:10534000000000000000000000000000000000005D
:10535000000000000000000000000000000000004D
:10536000000000000000000000000000000000003D
:10537000000000000000000000000000000000002D
:10538000000000000000000000000000000000001D
:10539000000000000000000000000000000000000D
:1053A00000000000000000000000000000000000FD
:1053B00000000000000000000000000000000000ED
:1053C00000000000000000000000000000000000DD
:1053D00000000000000000000000000000000000CD
:1053E00000000000000000000000000000000000BD
:1053F00000000000000000000000000000000000AD
:10540000000000000000000000000000000000009C
:10541000000000000000000000000000000000008C
:10542000000000000000000000000000000000007C
:10543000000000000000000000000000000000006C
:10544000000000000000000000000000000000005C
:10545000000000000000000000000000000000004C
:10546000000000000000000000000000000000003C
:10547000000000000000000000000000000000002C
:10548000000000000000000000000000000000001C
:10549000000000000000000000000000000000000C
:1054A00000000000000000000000000000000000FC
:1054B00000000000000000000000000000000000EC
:1054C00000000000000000000000000000000000DC
:1054D00000000000000000000000000000000000CC
:1054E00000000000000000000000000000000000BC
:1054F00000000000000000000000000000000000AC
:10550000000000000000000000000000000000009B
:10551000000000000000000000000000000000008B
:10552000000000000000000000000000000000007B
:10553000000000000000000000000000000000006B
:10554000000000000000000000000000000000005B
:10555000000000000000000000000000000000004B
:10556000000000000000000000000000000000003B
:10557000000000000000000000000000000000002B
:10558000000000000000000000000000000000001B
:10559000000000000000000000000000000000000B
:1055A00000000000000000000000000000000000FB
:1055B00000000000000000000000000000000000EB
:1055C00000000000000000000000000000000000DB
:1055D00000000000000000000000000000000000CB
:1055E00000000000000000000000000000000000BB
:1055F00000000000000000000000000000000000AB
:10560000000000000000000000000000000000009A
:10561000000000000000000000000000000000008A
:10562000000000000000000000000000000000007A
:10563000000000000000000000000000000000006A
:10564000000000000000000000000000000000005A
:10565000000000000000000000000000000000004A
:10566000000000000000000000000000000000003A
:10567000000000000000000000000000000000002A
:10568000000000000000000000000000000000001A
:10569000000000000000000000000000000000000A
:1056A00000000000000000000000000000000000FA
:1056B00000000000000000000000000000000000EA
:1056C00000000000000000000000000000000000DA
:1056D00000000000000000000000000000000000CA
:1056E00000000000000000000000000000000000BA
:1056F00000000000000000000000000000000000AA
:105700000000000000000000000000000000000099
:105710000000000000000000000000000000000089
:105720000000000000000000000000000000000079
:105730000000000000000000000000000000000069
:105740000000000000000000000000000000000059
:105750000000000000000000000000000000000049
:105760000000000000000000000000000000000039
:105770000000000000000000000000000000000029
:105780000000000000000000000000000000000019
:105790000000000000000000000000000000000009
:1057A00000000000000000000000000000000000F9
:1057B00000000000000000000000000000000000E9
:1057C00000000000000000000000000000000000D9
:1057D00000000000000000000000000000000000C9
:1057E00000000000000000000000000000000000B9
:1057F00000000000000000000000000000000000A9
:105800000000000000000000000000000000000098
:105810000000000000000000000000000000000088
:105820000000000000000000000000000000000078
:105830000000000000000000000000000000000068
:105840000000000000000000000000000000000058
:105850000000000000000000000000000000000048
:105860000000000000000000000000000000000038
:105870000000000000000000000000000000000028
:105880000000000000000000000000000000000018
:105890000000000000000000000000000000000008
:1058A00000000000000000000000000000000000F8
:1058B00000000000000000000000000000000000E8
:1058C00000000000000000000000000000000000D8
:1058D000000000000000BCD032F80C000000000006
:1058E00000000000000000000000000000000000B8
:1058F000000000000000040E000000000000000096
:105900000000000000000000000000000000C003D4
:105910000000040000000000000000000000000083
:105920000000000000000000000000000000000077
:105930000000000000000000000000000000000067
:105940000000000000000000000000000000000057
:105950000000000000000000000000000000000047
:10596000000000000000509C83CFC62F30BFC0FC59
:1059700002F30BCC801380002C30B0C0CFAF3FF8C7
:10598000EB0CBC330E0C2D284C40BCD3E24FC013A3
:105990003F04EF00CD420BCC2F30BFC0FC02F30B15
:1059A000CCDF338C400C2D100404C000B0B03CF9A7
:1059B000303003302C3DBCAC114001C4F23EE0CB92
:1059C0000CD13204C90E2450040CC0D00404C00011
:1059D0001C30302FC0BCC1F002BCC0F03EB3CFC3FE
:1059E000CE300B0CC00EC3B0C3F202B0C3CCF02259
:1059F00003C73C0E3270C83C013B43F9236033F8C7
:105A0000232133C5100348600CF0030CC6800D2021
:105A1000E3808C23E3838C03E3038C833003022233
:105A20000AA083808E033703303C3C300CD8002B17
:105A3000C3930F03EB08C04066869B19E6C4989990
:105A4000234A86020942CC9899C14E0E3113E426AE
:105A500030334300808A08662408994122020010EE
:105A6000E642989943E604B33340CCFCFFF3FFCF02
:105A7000FF3FFFFFFCFFF3FFCFFF3FFFFFFCFFF304
:105A8000FFCFFF3FFFFFFCFFF3FFCFFF3FFFFFFC18
:105A9000FFF3FFCFFF3FFFFFFCFFF3FFCFFF3FFF11
:105AA000FFFCFFF3FFCFFF3FFFFFFCFFF3FFCFFF44
:105AB0003FFFFFFCFFF3FFCFFF3FFFFFFCFFF3FFC4
:105AC000CFFF3FFFFFFCFFF3FFCFFF3FFFFFFCFFD8
:105AD000F3FFCFFF3FFFFFFCFFF3FFCFFF3FFFFFD1
:105AE000FCFFF3FFCFFF3FFFFFFCFFF3FFCFFF3FC4
:105AF000FFFFFCFFF3FFCFFF3FFFFFFCFFF3FFCFF4
:105B0000FF3FFFFFFCFFF3FFCFFF3FFFFFFCFFF373
:105B1000FFCFFF3FFFFFFCFFF3FFCFFF3FFFFFFC87
:105B2000FFF3FFCFFF3FFFFFFCFFF3FFCFFF3FFF80
:105B3000FFFCFFF3FFCFFF3FFFFFFCFFF3FFCFFFB3
:105B40003FFFFFFCFFF3FFCFFF3FFFFFFCFFF3FF33
:105B5000CFFF3FFFFFFCFFF3FFCFFF3FFFFFFCFF47
:105B6000F3FFCFFF3FFFFFFCFFF3FFCFFF3FFFFF40
:105B7000FCFFF3FFCFFF3FFFFFFCFFF3FFCFFF3F33
:105B8000FFFFFCFFF3FFCFFF3FFFFFFCFFF3FFCF63
:105B9000FF3FFFFFFCFFF3FFCFFF3FFFFFFCFFF3E3
:105BA000FFCFFF3FFFFFFCFFF3FFCFFF3FFFFFFCF7
:105BB000FFF3FFCFFF3FFFFFFCFFF3FFCFFF3FFFF0
:105BC000FFFCFFF3FFCFFF3FFFFFFCFFF3FFCFFF23
:105BD0003FFFFFFCFFF3FFCFFF3FFFFFFCFFF3FFA3
:105BE000CFFF3FFFFFFCFFF3FFCFFF3FFFFFFCFFB7
:105BF000F3FFCFFF3FFFFFFCFFF3FFCFFF3FFFFFB0
:105C0000FCFFF3FFCFFF3FFFFFFCFFF3FFCFFF3FA2
:105C1000FFFFFCFFF3FFCFFF3FFFFFFCFFF3FFCFD2
:105C2000FF3FFFFFFCFFF3FFCFFF3FFFFFFCFFF352
:105C3000FFCFFF3FFFFFFCFFF3FFCFFF3FFFFFFC66
:105C4000FFF3FFCFFF3FFFFFFCFFF3FFCFFF3FFF5F
:105C5000FFFCFFF3FFCFFF3FFFFFFCFFF3FFCFFF92
:105C60003FFFFFFCFFF3FFCFFF3FFFFFFCFFF3FF12
:105C7000CFFF3FFFFFFCFFF3FFCFFF3FFFFFFCFF26
:105C8000F3FFCFFF3FFFFFFCFFF3FFCFFF3FFFFF1F
:105C9000FCFFF3FFCFFF3FFFFFFCFFF3FFCFFF3F12
:105CA000FFFFFCFFF3FFCFFF3FFFFFFCFFF3FFCF42
:105CB000FF3FFFFFFCFFF3FFCFFF3FFFFFFCFFF3C2
:105CC000FFCFFF3FFFFFFCFFF3FFCFFF3FFFFFFCD6
:105CD000FFF3FFCFFF3FFFFFFCFFF3FFCFFF3FFFCF
:105CE000FFFCFFF3FFCFFF3FFFFFFCFFF3FFCFFF02
:105CF0003FFFFFFCFFF3FFCFFF3FFFFFFCFFF3FF82
:105D0000CFFF3FFFFFFCFFF3FFCFFF3FFFFFFCFF95
:105D1000F3FFCFFF3FFFFFFCFFF3FFCFFF3FFFFF8E
:105D2000FCFFF3FFCFFF3FFFFFFCFFF3FFCFFF3F81
:105D3000FFFFFCFFF3FFCFFF3FFFFFFCFFF3FFCFB1
:105D4000FF3FFFFFFCFFF3FFCFFF3FFFFFFCFFF331
:105D5000FFCFFF3FFFFFFCFFF3FFCFFF3FFFFFFC45
:105D6000FFF3FFCFFF3FFFFFFCFFF3FFCFFF3FFF3E
:105D7000FFFCFFF3FFCFFF3FFFFFFCFFF3FFCFFF71
:105D80003FFFFFFCFFF3FFCFFF3FFFFFFCFFF3FFF1
:105D9000CFFF3FFFFFFCFFF3FFCFFF3FFFFFFCFF05
:105DA000F3FFCFFF3FFFFFFCFFF3FFCFFF3FFFFFFE
:105DB000FCFFF3FFCFFF3FFFFFFCFFF3FFCFFF3FF1
:105DC000FFFFFCFFF3FFCFFF3FFFFFFCFFF3FFCF21
:105DD000FF3FFFFFFCFFF3FFCFFF3FFFFFFCFFF3A1
:105DE000FFCFFF3FFFFFFCFFF3FFCFFF3FFFFFFCB5
:105DF000FFF3FFCFFF3FFFFFFCFFF3FFCFFF3FFFAE
:105E0000FFFCFFF3FFCFFF3FFFFFFCFFF3FFCFFFE0
:105E10003FFFFFFCFFF3FFCFFF3FFFFFFCFFF3FF60
:105E2000CFFF3FFFFFFCFFF3FFCFFF3FFFFFFCFF74
:105E3000F3FFCFFF3FFFFFFCFFF3FFCFFF3FFFFF6D
:105E4000FCFFF3FFCFFF3FFFFFFCFFF3FFCFFF3F60
:105E5000FFFFFCFFF3FFCFFF3FFFFFFCFFF3FFCF90
:105E6000FF3FFFFFFCFFF3FFCFFF3FFFFFFCFFF310
:105E7000FFCFFF3FFFFFFCFFF3FFCFFF3FFFFFFC24
:105E8000FFF3FFCFFF3FFFFFFCFFF3FFCFFF3FFF1D
:105E9000FFFCFFF3FFCFFF3FFFFFFCFFF3FFCFFF50
:105EA0003FFFFFFCFFF3FFCFFF3FFFFFFCFFF3FFD0
:105EB000CFFF3FFFFFFCFFF3FFCFFF3FFFFFFCFFE4
:105EC000F3FFCFFF3FFFFFFCFFF3FFCFFF3FFFFFDD
:105ED000FCFFF3FFCFFF3FFFFFFCFFF3FFCFFF3FD0
:105EE000FFFFFCFFF3FFCFFF3FFFFFFCFFF3FFCF00
:105EF000FF3FFFFFFCFFF3FFCFFF3FFFFFFCFFF380
:105F0000FFCFFF3FFFFFFCFFF3FFCFFF3FFFFFFC93
:105F1000FFF3FFCFFF3FFFFFFCFFF3FFCFFF3FFF8C
:105F2000FFFCFFF3FFCFFF3FFFFFFCFFF3FFCFFFBF
:105F30003FFFFFFCFFF3FFCFFF3FFFFFFCFFF3FF3F
:105F4000CFFF3FFFFFFCFFF3FFCFFF3FFFFFFCFF53
:105F5000F3FFCFFF3FFFFFFCFFF3FFCFFF3FFFFF4C
:105F6000FCFFF3FFCFFF3FFFFFFCFFF3FFCFFF3F3F
:105F7000FFFFFCFFF3FFCFFF3FFFFFFCFFF3FFCF6F
:105F8000FF3FFFFFFCFFF3FFCFFF3FFFFFFCFFF3EF
:105F9000FFCFFF3FFFFFFCFFF3FFCFFF3FFFFFFC03
:105FA000FFF3FFCFFF3FFFFFFCFFF3FFCFFF3FFFFC
:105FB000FFFCFFF3FFCFFF3FFFFFFCFFF3FFCFFF2F
:105FC0003FFFFFFCFFF3FFCFFF3FFFFFFCFFF3FFAF
:105FD000CFFF3FFFFFFCFFF3FFCFFF3FFFFFFCFFC3
:105FE000F3FFCFFF3FFFFFFCFFF3FFCFFF3FFFFFBC
:105FF000FCFFF3FFCFFF3FFFFFFCFFF3FFCFFF3FAF
:10600000FFFFFCFFF3FFCFFF3FFFFFFCFFF3FFCFDE
:10601000FF3FFFFFFCFFF3FFCFFF3FFFFFFCFFF35E
:10602000FFCFFF3FFFFFFCFFF3FFCFFF3FFFFFFC72
:10603000FFF3FFCFFF3FFFFFFCFFF3FFCFFF3FFF6B
:10604000FFFCFFF3FFCFFF3FFFFFFCFFF3FFCFFF9E
:106050003FFFFFFCFFF3FFCFFF3FFFFFFCFFF3FF1E
:10606000CFFF3FFFFFFCFFF3FFCFFF3FFFFFFCFF32
:10607000F3FFCFFF3FFFFFFCFFF3FFCFFF3FFFFF2B
:10608000FCFFF3FFCFFF3FFFFFFCFFF3FFCFFF3F1E
:10609000FFFFFCFFF3FFCFFF3FFFFFFCFFF3FFCF4E
:1060A000FF3FFFFFFCFFF3FFCFFF3FFFFFFCFFF3CE
:1060B000FFCFFF3FFFFFFCFFF3FFCFFF3FFFFFFCE2
:1060C000FFF3FFCFFF3FFFFFFCFFF3FFCFFF3FFFDB
:1060D000FFFCFFF3FFCFFF3FFFFFFCFFF3FFCFFF0E
:1060E0003FFFFFFCFFF3FFCFFF3FFFFFFCFFF3FF8E
:1060F000CFFF3FFFFFFCFFF3FFCFFF3FFFFFFCFFA2
:10610000F3FFCFFF3FFFFFFCFFF3FFCFFF3FFFFF9A
:10611000FCFFF3FFCFFF3FFFFFFCFFF3FFCFFF3F8D
:10612000FFFFFCFFF3FFCFFF3FFFFFFCFFF3FFCFBD
:10613000FF3FFFFFFCFFF3FFCFFF3FFFFFFCFFF33D
:10614000FFCFFF3FFFFFFCFFF3FFCFFF3FFFFFFC51
:10615000FFF3FFCFFF3FFFFFFCFFF3FFCFFF3FFF4A
:10616000FFFCFFF3FFCFFF3FFFFFFCFFF3FFCFFF7D
:106170003FFFFFFCFFF3FFCFFF3FFFFFFCFFF3FFFD
:10618000CFFF3FFFFFFCFFF3FFCFFF3FFFFFFCFF11
:10619000F3FFCFFF3FFFFFFCFFF3FFCFFF3FFFFF0A
:1061A000FCFFF3FFCFFF3FFFFFFCFFF3FFCFFF3FFD
:1061B000FFFFFCFFF3FFCFFF3FFFFFFCFFF3FFCF2D
:1061C000FF3FFFFFFCFFF3FFCFFF3FFFFFFCFFF3AD
:1061D000FFCFFF3FFFFF00000000000000000000B5
:1061E00000000000000000000000000000000000AF
:1061F000000000000000000000000000000000009F
:10620000000000000000000000000000000000008E
:10621000000000000000000000000000000000007E
:10622000000000000000000000000000000000006E
:10623000000000000000000000000000000000005E
:10624000000000000000000000000000000000004E
:10625000000000000000000000000000000000003E
:10626000000000000000000000000000000000002E
:10627000000000000000000000000000000000001E
:10628000000000000000000000000000000000000E
:1062900000000000000000000000000000000000FE
:1062A00000000000000000000000000000000000EE
:1062B00000000000000000000000000000000000DE
:1062C00000000000000000000000000000000000CE
:1062D00000000000000000000000000000000000BE
:1062E00000000000000000000000000000000000AE
:1062F000000000000000000000000000000000009E
:10630000000000000000000000000000000000008D
:10631000000000000000000000000000000000007D
:10632000000000000000000000000000000000006D
:10633000000000000000000000000000000000005D
:10634000000000000000000000000000000000004D
:10635000000000000000000000000000000000003D
:10636000000000000000000000000000000000002D
:10637000000000000000000000000000000000001D
:10638000000000000000000000000000000000000D
:1063900000000000000000000000000000000000FD
:1063A00000000000000000000000000000000000ED
:1063B00000000000000000000000000000000000DD
:1063C00000000000000000000000000000000000CD
:1063D00000000000000000000000000000000000BD
:1063E00000000000000000000000000000000000AD
:1063F000000000000000000000000000000000009D
:10640000000000000000000000000000000000008C
:10641000000000000000000000000000000000007C
:10642000000000000000000000000000000000006C
:10643000000000000000000000000000000000005C
:10644000000000000000000000000000000000004C
:10645000000000000000000000000000000000003C
:10646000000000000000000000000000000000002C
:10647000000000000000000000000000000000001C
:10648000000000000000000000000000000000000C
:1064900000000000000000000000000000000000FC
:1064A00000000000000000000000000000000000EC
:1064B00000000000000000000000000000000000DC
:1064C00000000000000000000000000000000000CC
:1064D00000000000000000000000000000000000BC
:1064E00000000000000000000000000000000000AC
:1064F000000000000000000000000000000000009C
:10650000000000000000000000000000000000008B
:10651000000000000000000000000000000000007B
:10652000000000000000000000000000000000006B
:10653000000000000000000000000000000000005B
:10654000000000000000000000000000000000004B
:10655000000000000000000000000000000000003B
:10656000000000000000000000000000000000002B
:10657000000000000000000000000000000000001B
:10658000000000000000000000000000000000000B
:1065900000000000000000000000000000000000FB
:1065A00000000000000000000000000000000000EB
:1065B00000000000000000000000000000000000DB
:1065C00000000000000000000000000000000000CB
:1065D00000000000000000000000000000000000BB
:1065E00000000000000000000000000000000000AB
:1065F000000000000000000000000000000000009B
:10660000000000000000000000000000000000008A
:10661000000000000000000000000000000000007A
:10662000000000000000000000000000000000006A
:10663000000000000000000000000000000000005A
:10664000000000000000000000000000000000004A
:10665000000000000000000000000000000000003A
:10666000000000000000000000000000000000002A
:10667000000000000000000000000000000000001A
:10668000000000000000000000000000000000000A
:1066900000000000000000000000000000000000FA
:1066A00000000000000000000000000000000000EA
:1066B00000000000000000000000000000000000DA
:1066C00000000000000000000000000000000000CA
:1066D00000000000000000000000000000000000BA
:1066E00000000000000000000000000000000000AA
:1066F000000000000000000000000000000000009A
:106700000000000000000000000000000000000089
:106710000000000000000000000000000000000079
:106720000000000000000000000000000000000069
:106730000000000000000000000000000000000059
:106740000000000000000000000000000000000049
:106750000000000000000000000000000000000039
:106760000000000000000000000000000000000029
:106770000000000000000000000000000000000019
:106780000000000000000000000000000000000009
:1067900000000000000000000000000000000000F9
:1067A00000000000000000000000000000000000E9
:1067B00000000000000000000000000000000000D9
:1067C00000000000000000000000000000000000C9
:1067D00000000000000000000000000000000000B9
:1067E00000000000000000000000000000000000A9
:1067F0000000000000000000000000000000000099
:106800000000000000000000000000000000000088
:106810000000000000000000000000000000000078
:106820000000000000000000000000000000000068
:106830000000000000000000000000000000000058
:106840000000000000000000000000000000000048
:106850000000000000000000000000000000000038
:106860000000000000000000000000000000000028
:106870000000000000000000000000000000000018
:106880000000000000000000000000000000000008
:1068900000000000000000000000000000000000F8
:1068A00000000000000000000000000000000000E8
:1068B00000000000000000000000000000000000D8
:1068C00000000000000000000000000000000000C8
:1068D00000000000000000000000000000000000B8
:1068E00000000000000000000000000000000000A8
:1068F0000000000000000000000000000000000098
:106900000000000000000000000000000000000087
:106910000000000000000000000000000000000077
:106920000000000000000000000000000000000067
:106930000000000000000000000000000000000057
:106940000000000000000000000000000000000047
:106950000000000000000000000000000000000037
:106960000000000000000000000000000000000027
:106970000000000000000000000000000000000017
:106980000000000000000000000000000000000007
:1069900000000000000000000000000000000000F7
:1069A00000000000000000000000000000000000E7
:1069B00000000000000000000000000000000000D7
:1069C00000000000000000000000000000000000C7
:1069D00000000000000000000000000000000000B7
:1069E00000000000000000000000000000000000A7
:1069F0000000000000000000000000000000000097
:106A00000000000000000000000000000000000086
:106A10000000000000000000000000000000000076
:106A20000000000000000000000000000000000066
:106A30000000000000000000000000000000000056
:106A40000000000000000000000000000000000046
:106A50000000000000000000000000000000000036
:106A60000000000000000000000000000000000026
:106A70000000000000000000000000000000000016
:106A80000000000000000000000000000000000006
:106A900000000000000000000000000000000000F6
:106AA00000000000000000000000000000000000E6
:106AB00000000000000000000000000000000000D6
:106AC00000000000000000000000000000000000C6
:106AD00000000000000000000000000000000000B6
:106AE00000000000000000000000000000000000A6
:106AF0000000000000000000000000000000000096
:106B00000000000000000000000000000000000085
:106B10000000000000000000000000000000000075
:106B20000000000000000000000000000000000065
:106B30000000000000000000000000000000000055
:106B40000000000000000000000000000000000045
:106B50000000000000000000000000000000000035
:106B60000000000000000000000000000000000025
:106B70000000000000000000000000000000000015
:106B80000000000000000000000000000000000005
:106B900000000000000000000000000000000000F5
:106BA00000000000000000000000000000000000E5
:106BB00000000000000000000000000000000000D5
:106BC00000000000000000000000000000000000C5
:106BD00000000000000000000000000000000000B5
:106BE00000000000000000000000000000000000A5
:106BF0000000000000000000000000000000000095
:106C00000000000000000000000000000000000084
:106C10000000000000000000000000000000000074
:106C20000000000000000000000000000000000064
:106C30000000000000000000000000000000000054
:106C40000000000000000000000000000000000044
:106C50000000000000000000000000000000000034
:106C60000000000000000000000000000000000024
:106C70000000000000000000000000000000000014
:106C80000000000000000000000000000000000004
:106C900000000000000000000000000000000000F4
:106CA00000000000000000000000000000000000E4
:106CB00000000000000000000000000000000000D4
:106CC00000000000000000000000000000000000C4
:106CD00000000000000000000000000000000000B4
:106CE00000000000000000000000000000000000A4
:106CF0000000000000000000000000000000000094
:106D00000000000000000000000000000000000083
:106D10000000000000000000000000000000000073
:106D20000000000000000000000000000000000063
:106D30000000000000000000000000000000000053
:106D40000000000000000000000000000000000043
:106D50000000000000000000000000000000000033
:106D60000000000000000000000000000000000023
:106D70000000000000000000000000000000000013
:106D80000000000000000000000000000000000003
:106D900000000000000000000000000000000000F3
:106DA00000000000000000000000000000000000E3
:106DB00000000000000000000000000000000000D3
:106DC00000000000000000000000000000000000C3
:106DD00000000000000000000000000000000000B3
:106DE00000000000000000000000000000000000A3
:106DF0000000000000000000000000000000000093
:106E00000000000000000000000000000000000082
:106E10000000000000000000000000000000000072
:106E20000000000000000000000000000000000062
:106E30000000000000000000000000000000000052
:106E40000000000000000000000000000000000042
:106E50000000000000000000000000000000000032
:106E60000000000000000000000000000000000022
:106E70000000000000000000000000000000000012
:106E80000000000000000000000000000000000002
:106E900000000000000000000000000000000000F2
:106EA00000000000000000000000000000000000E2
:106EB00000000000000000000000000000000000D2
:106EC00000000000000000000000000000000000C2
:106ED00000000000000000000000000000000000B2
:106EE00000000000000000000000000000000000A2
:106EF0000000000000000000000000000000000092
:106F00000000000000000000000000000000000081
:106F10000000000000000000000000000000000071
:106F20000000000000000000000000000000000061
:106F30000000000000000000000000000000000051
:106F40000000000000000000000000000000000041
:106F50000000000000000000000000000000000031
:106F60000000000000000000000000000000000021
:106F70000000000000000000000000000000000011
:106F80000000000000000000000000000000000001
:106F900000000000000000000000000000000000F1
:106FA00000000000000000000000000000000000E1
:106FB00000000000000000000000000000000000D1
:106FC00000000000000000000000000000000000C1
:106FD00000000000000000000000000000000000B1
:106FE00000000000000000000000000000000000A1
:106FF0000000000000000000000000000000000091
:107000000000000000000000000000000000000080
:107010000000000000000000000000000000000070
:107020000000000000000000000000000000000060
:107030000000000000000000000000000000000050
:107040000000000000000000000000000000000040
:107050000000000000000000000000000000000030
:107060000000000000000000000000000000000020
:107070000000000000000000000000000000000010
:107080000000000000000000000000000000000000
:1070900000000000000000000000000000000000F0
:1070A00000000000000000000000000000000000E0
:1070B00000000000000000000000000000000000D0
:1070C00000000000000000000000000000000000C0
:1070D00000000000000000000000000000000000B0
:1070E00000000000000000000000000000000000A0
:1070F0000000000000000000000000000000000090
:10710000000000000000000000000000000000007F
:10711000000000000000000000000000000000006F
:10712000000000000000000000000000000000005F
:10713000000000000000000000000000000000004F
:10714000000000000000000000000000000000003F
:10715000000000000000000000000000000000002F
:10716000000000000000000000000000000000001F
:10717000000000000000000000000000000000000F
:1071800000000000000000000000000000000000FF
:1071900000000000000000000000000000000000EF
:1071A00000000000000000000000000000000000DF
:1071B00000000000000000000000000000000000CF
:1071C00000000000000000000000000000000000BF
:1071D00000000000000000000000000000000000AF
:1071E000000000000000000000000000000000009F
:1071F000000000000000000000000000000000008F
:10720000000000000000000000000000000000007E
:10721000000000000000000000000000000000006E
:10722000000000000000000000000000000000005E
:10723000000000000000000000000000000000004E
:10724000000000000000000000000000000000003E
:10725000000000000000000000000000000000002E
:10726000000000000000000000000000000000001E
:10727000000000000000000000000000000000000E
:1072800000000000000000000000000000000000FE
:1072900000000000000000000000000000000000EE
:1072A00000000000000000000000000000000000DE
:1072B00000000000000000000000000000000000CE
:1072C00000000000000000000000000000000000BE
:1072D00000000000000000000000000000000000AE
:1072E000000000000000000000000000000000009E
:1072F000000000000000000000000000000000008E
:10730000000000000000000000000000000000007D
:10731000000000000000000000000000000000006D
:10732000000000000000000000000000000000005D
:10733000000000000000000000000000000000004D
:10734000000000000000000000000000000000003D
:10735000000000000000000000000000000000002D
:10736000000000000000000000000000000000001D
:10737000000000000000000000000000000000000D
:1073800000000000000000000000000000000000FD
:1073900000000000000000000000000000000000ED
:1073A00000000000000000000000000000000000DD
:1073B00000000000000000000000000000000000CD
:1073C00000000000000000000000000000000000BD
:1073D00000000000000000000000000000000000AD
:1073E000000000000000000000000000000000009D
:1073F000000000000000000000000000000000008D
:10740000000000000000000000000000000000007C
:10741000000000000000000000000000000000006C
:10742000000000000000000000000000000000005C
:10743000000000000000000000000000000000004C
:10744000000000000000000000000000000000003C
:10745000000000000000000000000000000000002C
:10746000000000000000000000000000000000001C
:10747000000000000000000000000000000000000C
:1074800000000000000000000000000000000000FC
:1074900000000000000000000000000000000000EC
:1074A00000000000000000000000000000000000DC
:1074B00000000000000000000000000000000000CC
:1074C00000000000000000000000000000000000BC
:1074D00000000000000000000000000000000000AC
:1074E000000000000000000000000000000000009C
:1074F000000000000000000000000000000000008C
:10750000000000000000000000000000000000007B
:10751000000000000000000000000000000000006B
:10752000000000000000000000000000000000005B
:10753000000000000000000000000000000000004B
:10754000000000000000000000000000000000003B
:10755000000000000000000000000000000000002B
:10756000000000000000000000000000000000001B
:10757000000000000000000000000000000000000B
:1075800000000000000000000000000000000000FB
:1075900000000000000000000000000000000000EB
:1075A00000000000000000000000000000000000DB
:1075B00000000000000000000000000000000000CB
:1075C00000000000000000000000000000000000BB
:1075D00000000000000000000000000000000000AB
:1075E000000000000000000000000000000000009B
:1075F000000000000000000000000000000000008B
:10760000000000000000000000000000000000007A
:10761000000000000000000000000000000000006A
:10762000000000000000000000000000000000005A
:10763000000000000000000000000000000000004A
:10764000000000000000000000000000000000003A
:10765000000000000000000000000000000000002A
:10766000000000000000000000000000000000001A
:10767000000000000000000000000000000000000A
:1076800000000000000000000000000000000000FA
:1076900000000000000000000000000000000000EA
:1076A00000000000000000000000000000000000DA
:1076B00000000000000000000000000000000000CA
:1076C00000000000000000000000000000000000BA
:1076D00000000000000000000000000000000000AA
:1076E000000000000000000000000000000000009A
:1076F000000000000000000000000000000000008A
:107700000000000000000000000000000000000079
:107710000000000000000000000000000000000069
:107720000000000000000000000000000000000059
:107730000000000000000000000000000000000049
:107740000000000000000000000000000000000039
:107750000000000000000000000000000000000029
:107760000000000000000000000000000000000019
:107770000000000000000000000000000000000009
:1077800000000000000000000000000000000000F9
:1077900000000000000000000000000000000000E9
:1077A00000000000000000000000000000000000D9
:1077B00000000000000000000000000000000000C9
:1077C00000000000000000000000000000000000B9
:1077D00000000000000000000000000000000000A9
:1077E0000000000000000000000000000000000099
:1077F0000000000000000000000000000000000089
:107800000000000000000000000000000000000078
:107810000000000000000000000000000000000068
:107820000000000000000000000000000000000058
:107830000000000000000000000000000000000048
:107840000000000000000000000000000000000038
:107850000000000000000000000000000000000028
:107860000000000000000000000000000000000018
:107870000000000000000000000000000000000008
:1078800000000000000000000000000000000000F8
:1078900000000000000000000000000000000000E8
:1078A00000000000000000000000000000000000D8
:1078B00000000000000000000000000000000000C8
:1078C00000000000000000000000000000000000B8
:1078D00000000000000000000000000000000000A8
:1078E0000000000000000000000000000000000098
:1078F0000000000000000000000000000000000088
:107900000000000000000000000000000000000077
:107910000000000000000000000000000000000067
:107920000000000000000000000000000000000057
:107930000000000000000000000000000000000047
:107940000000000000000000000000000000000037
:107950000000000000000000000000000000000027
:107960000000000000000000000000000000000017
:107970000000000000000000000000000000000007
:1079800000000000000000000000000000000000F7
:1079900000000000000000000000000000000000E7
:1079A00000000000000000000000000000000000D7
:1079B00000000000000000000000000000000000C7
:1079C00000000000000000000000000000000000B7
:1079D00000000000000000000000000000000000A7
:1079E0000000000000000000000000000000000097
:1079F0000000000000000000000000000000000087
:107A00000000000000000000000000000000000076
:107A10000000000000000000000000000000000066
:107A20000000000000000000000000000000000056
:107A30000000000000000000000000000000000046
:107A40000000000000000000000000000000000036
:107A50000000000000000000000000000000000026
:107A60000000000000000000000000000000000016
:107A70000000000000000000000000000000000006
:107A800000000000000000000000000000000000F6
:107A900000000000000000000000000000000000E6
:107AA00000000000000000000000000000000000D6
:107AB00000000000000000000000000000000000C6
:107AC00000000000000000000000000000000000B6
:107AD00000000000000000000000000000000000A6
:107AE0000000000000000000000000000000000096
:107AF0000000000000000000000000000000000086
:107B00000000000000000000000000000000000075
:107B10000000000000000000000000000000000065
:107B20000000000000000000000000000000000055
:107B30000000000000000000000000000000000045
:107B40000000000000000000000000000000000035
:107B50000000000000000000000000000000000025
:107B60000000000000000000000000000000000015
:107B70000000000000000000000000000000000005
:107B800000000000000000000000000000000000F5
:107B900000000000000000000000000000000000E5
:107BA00000000000000000000000000000000000D5
:107BB00000000000000000000000000000000000C5
:107BC00000000000000000000000000000000000B5
:107BD00000000000000000000000000000000000A5
:107BE0000000000000000000000000000000000095
:107BF0000000000000000000000000000000000085
:107C00000000000000000000000000000000000074
:107C10000000000000000000000000000000000064
:107C20000000000000000000000000000000000054
:107C30000000000000000000000000000000000044
:107C40000000000000000000000000000000000034
:107C50000000000000000000000000000000000024
:107C60000000000000000000000000000000000014
:107C70000000000000000000000000000000000004
:107C800000000000000000000000000000000000F4
:107C900000000000000000000000000000000000E4
:107CA00000000000000000000000000000000000D4
:107CB00000000000000000000000000000000000C4
:107CC00000000000000000000000000000000000B4
:107CD00000000000000000000000000000000000A4
:107CE0000000000000000000000000000000000094
:107CF0000000000000000000000000000000000084
:107D00000000000000000000000000000000000073
:107D10000000000000000000000000000000000063
:107D20000000000000000000000000000000000053
:107D30000000000000000000000000000000000043
:107D40000000000000000000000000000000000033
:107D50000000000000000000000000000000000023
:107D60000000000000000000000000000000000013
:107D70000000000000000000000000000000000003
:107D800000000000000000000000000000000000F3
:107D900000000000000000000000000000000000E3
:107DA00000000000000000000000000000000000D3
:107DB00000000000000000000000000000000000C3
:107DC00000000000000000000000000000000000B3
:107DD00000000000000000000000000000000000A3
:107DE0000000000000000000000000000000000093
:107DF0000000000000000000000000000000000083
:107E00000000000000000000000000000000000072
:107E10000000000000000000000000000000000062
:107E20000000000000000000000000000000000052
:107E30000000000000000000000000000000000042
:107E40000000000000000000000000000000000032
:107E50000000000000000000000000000000000022
:107E60000000000000000000000000000000000012
:107E70000000000000000000000000000000000002
:107E800000000000000000000000000000000000F2
:107E900000000000000000000000000000000000E2
:107EA00000000000000000000000000000000000D2
:107EB00000000000000000000000000000000000C2
:107EC00000000000000000000000000000000000B2
:107ED00000000000000000000000000000000000A2
:107EE0000000000000000000000000000000000092
:107EF0000000000000000000000000000000000082
:107F00000000000000000000000000000000000071
:107F10000000000000000000000000000000000061
:107F20000000000000000000000000000000000051
:107F30000000000000000000000000000000000041
:107F40000000000000000000000000000000000031
:107F50000000000000000000000000000000000021
:107F60000000000000000000000000000000000011
:107F70000000000000000000000000000000000001
:107F800000000000000000000000000000000000F1
:107F900000000000000000000000000000000000E1
:107FA00000000000000000000000000000000000D1
:107FB00000000000000000000000000000000000C1
:107FC00000000000000000000000000000000000B1
:107FD00000000000000000000000000000000000A1
:107FE0000000000000000000000000000000000091
:107FF0000000000000000000000000000000000081
:108000000000000000000000000000000000000070
:108010000000000000000000000000000000000060
:108020000000000000000000000000000000000050
:108030000000000000000000000000000000000040
:108040000000000000000000000000000000000030
:108050000000000000000000000000000000000020
:108060000000000000000000000000000000000010
:108070000000000000000000000000000000000000
:1080800000000000000000000000000000000000F0
:1080900000000000000000000000000000000000E0
:1080A00000000000000000000000000000000000D0
:1080B00000000000000000000000000000000000C0
:1080C00000000000000000000000000000000000B0
:1080D00000000000000000000000000000000000A0
:1080E0000000000000000000000000000000000090
:1080F0000000000000000000000000000000000080
:10810000000000000000000000000000000000006F
:10811000000000000000000000000000000000005F
:10812000000000000000000000000000000000004F
:10813000000000000000000000000000000000003F
:10814000000000000000000000000000000000002F
:10815000000000000000000000000000000000001F
:10816000000000000000000000000000000000000F
:1081700000000000000000000000000000000000FF
:1081800000000000000000000000000000000000EF
:1081900000000000000000000000000000000000DF
:1081A00000000000000000000000000000000000CF
:1081B00000000000000000000000000000000000BF
:1081C00000000000000000000000000000000000AF
:1081D000000000000000000000000000000000009F
:1081E000000000000000000000000000000000008F
:1081F000000000000000000000000000000000007F
:10820000000000000000000000000000000000006E
:10821000000000000000000000000000000000005E
:10822000000000000000000000000000000000004E
:10823000000000000000000000000000000000003E
:10824000000000000000000000000000000000002E
:10825000000000000000000000000000000000001E
:10826000000000000000000000000000000000000E
:1082700000000000000000000000000000000000FE
:1082800000000000000000000000000000000000EE
:1082900000000000000000000000000000000000DE
:1082A00000000000000000000000000000000000CE
:1082B00000000000000000000000000000000000BE
:1082C00000000000000000000000000000000000AE
:1082D000000000000000000000000000000000009E
:1082E000000000000000000000000000000000008E
:1082F000000000000000000000000000000000007E
:10830000000000000000000000000000000000006D
:10831000000000000000000000000000000000005D
:10832000000000000000000000000000000000004D
:10833000000000000000000000000000000000003D
:10834000000000000000000000000000000000002D
:10835000000000000000000000000000000000001D
:10836000000000000000000000000000000000000D
:1083700000000000000000000000000000000000FD
:1083800000000000000000000000000000000000ED
:1083900000000000000000000000000000000000DD
:1083A00000000000000000000000000000000000CD
:1083B00000000000000000000000000000000000BD
:1083C00000000000000000000000000000000000AD
:1083D000000000000000000000000000000000009D
:1083E000000000000000000000000000000000008D
:1083F000000000000000000000000000000000007D
:10840000000000000000000000000000000000006C
:10841000000000000000000000000000000000005C
:10842000000000000000000000000000000000004C
:10843000000000000000000000000000000000003C
:10844000000000000000000000000000000000002C
:10845000000000000000000000000000000000001C
:10846000000000000000000000000000000000000C
:1084700000000000000000000000000000000000FC
:1084800000000000000000000000000000000000EC
:1084900000000000000000000000000000000000DC
:1084A00000000000000000000000000000000000CC
:1084B00000000000000000000000000000000000BC
:1084C00000000000000000000000000000000000AC
:1084D000000000000000000000000000000000009C
:1084E000000000000000000000000000000000008C
:1084F000000000000000000000000000000000007C
:10850000000000000000000000000000000000006B
:10851000000000000000000000000000000000005B
:10852000000000000000000000000000000000004B
:10853000000000000000000000000000000000003B
:10854000000000000000000000000000000000002B
:10855000000000000000000000000000000000001B
:10856000000000000000000000000000000000000B
:1085700000000000000000000000000000000000FB
:1085800000000000000000000000000000000000EB
:1085900000000000000000000000000000000000DB
:1085A00000000000000000000000000000000000CB
:1085B00000000000000000000000000000000000BB
:1085C00000000000000000000000000000000000AB
:1085D000000000000000000000000000000000009B
:1085E000000000000000000000000000000000008B
:1085F000000000000000000000000000000000007B
:10860000000000000000000000000000000000006A
:10861000000000000000000000000000000000005A
:10862000000000000000000000000000000000004A
:10863000000000000000000000000000000000003A
:10864000000000000000000000000000000000002A
:10865000000000000000000000000000000000001A
:10866000000000000000000000000000000000000A
:1086700000000000000000000000000000000000FA
:1086800000000000000000000000000000000000EA
:1086900000000000000000000000000000000000DA
:1086A00000000000000000000000000000000000CA
:1086B00000000000000000000000000000000000BA
:1086C00000000000000000000000000000000000AA
:1086D000000000000000000000000000000000009A
:1086E000000000000000000000000000000000008A
:1086F000000000000000000000000000000000007A
:108700000000000000000000000000000000000069
:108710000000000000000000000000000000000059
:108720000000000000000000000000000000000049
:108730000000000000000000000000000000000039
:108740000000000000000000000000000000000029
:108750000000000000000000000000000000000019
:108760000000000000000000000000000000000009
:1087700000000000000000000000000000000000F9
:1087800000000000000000000000000000000000E9
:1087900000000000000000000000000000000000D9
:1087A00000000000000000000000000000000000C9
:1087B00000000000000000000000000000000000B9
:1087C00000000000000000000000000000000000A9
:1087D0000000000000000000000000000000000099
:1087E0000000000000000000000000000000000089
:1087F0000000000000000000000000000000000079
:108800000000000000000000000000000000000068
:108810000000000000000000000000000000000058
:108820000000000000000000000000000000000048
:108830000000000000000000000000000000000038
:108840000000000000000000000000000000000028
:108850000000000000000000000000000000000018
:108860000000000000000000000000000000000008
:1088700000000000000000000000000000000000F8
:1088800000000000000000000000000000000000E8
:1088900000000000000000000000000000000000D8
:1088A00000000000000000000000000000000000C8
:1088B00000000000000000000000000000000000B8
:1088C00000000000000000000000000000000000A8
:1088D0000000000000000000000000000000000098
:1088E0000000000000000000000000000000000088
:1088F0000000000000000000000000000000000078
:108900000000000000000000000000000000000067
:108910000000000000000000000000000000000057
:108920000000000000000000000000000000000047
:108930000000000000000000000000000000000037
:108940000000000000000000000000000000000027
:108950000000000000000000000000000000000017
:108960000000000000000000000000000000000007
:1089700000000000000000000000000000000000F7
:1089800000000000000000000000000000000000E7
:1089900000000000000000000000000000000000D7
:1089A00000000000000000000000000000000000C7
:1089B00000000000000000000000000000000000B7
:1089C00000000000000000000000000000000000A7
:1089D0000000000000000000000000000000000097
:1089E0000000000000000000000000000000000087
:1089F0000000000000000000000000000000000077
:108A00000000000000000000000000000000000066
:108A10000000000000000000000000000000000056
:108A20000000000000000000000000000000000046
:108A30000000000000000000000000000000000036
:108A40000000000000000000000000000000000026
:108A50000000000000000000000000000000000016
:108A60000000000000000000000000000000000006
:108A700000000000000000000000000000000000F6
:108A800000000000000000000000000000000000E6
:108A900000000000000000000000000000000000D6
:108AA00000000000000000000000000000000000C6
:108AB00000000000000000000000000000000000B6
:108AC00000000000000000000000000000000000A6
:108AD0000000000000000000000000000000000096
:108AE0000000000000000000000000000000000086
:108AF0000000000000000000000000000000000076
:108B00000000000000000000000000000000000065
:108B10000000000000000000000000000000000055
:108B20000000000000000000000000000000000045
:108B30000000000000000000000000000000000035
:108B40000000000000000000000000000000000025
:108B50000000000000000000000000000000000015
:108B60000000000000000000000000000000000005
:108B700000000000000000000000000000000000F5
:108B800000000000000000000000000000000000E5
:108B900000000000000000000000000000000000D5
:108BA00000000000000000000000000000000000C5
:108BB00000000000000000000000000000000000B5
:108BC00000000000000000000000000000000000A5
:108BD0000000000000000000000000000000000095
:108BE0000000000000000000000000000000000085
:108BF0000000000000000000000000000000000075
:108C00000000000000000000000000000000000064
:108C10000000000000000000000000000000000054
:108C20000000000000000000000000000000000044
:108C30000000000000000000000000000000000034
:108C40000000000000000000000000000000000024
:108C50000000000000000000000000000000000014
:108C60000000000000000000000000000000000004
:108C700000000000000000000000000000000000F4
:108C800000000000000000000000000000000000E4
:108C900000000000000000000000000000000000D4
:108CA00000000000000000000000000000000000C4
:108CB00000000000000000000000000000000000B4
:108CC00000000000000000000000000000000000A4
:108CD0000000000000000000000000000000000094
:108CE0000000000000000000000000000000000084
:108CF0000000000000000000000000000000000074
:108D00000000000000000000000000000000000063
:108D10000000000000000000000000000000000053
:108D20000000000000000000000000000000000043
:108D30000000000000000000000000000000000033
:108D40000000000000000000000000000000000023
:108D50000000000000000000000000000000000013
:108D60000000000000000000000000000000000003
:108D700000000000000000000000000000000000F3
:108D800000000000000000000000000000000000E3
:108D900000000000000000000000000000000000D3
:108DA00000000000000000000000000000000000C3
:108DB00000000000000000000000000000000000B3
:108DC00000000000000000000000000000000000A3
:108DD0000000000000000000000000000000000093
:108DE0000000000000000000000000000000000083
:108DF0000000000000000000000000000000000073
:108E00000000000000000000000000000000000062
:108E10000000000000000000000000000000000052
:108E20000000000000000000000000000000000042
:108E30000000000000000000000000000000000032
:108E40000000000000000000000000000000000022
:108E50000000000000000000000000000000000012
:108E60000000000000000000000000000000000002
:108E700000000000000000000000000000000000F2
:108E800000000000000000000000000000000000E2
:108E900000000000000000000000000000000000D2
:108EA00000000000000000000000000000000000C2
:108EB00000000000000000000000000000000000B2
:108EC00000000000000000000000000000000000A2
:108ED0000000000000000000000000000000000092
:108EE0000000000000000000000000000000000082
:108EF0000000000000000000000000000000000072
:108F00000000000000000000000000000000000061
:108F10000000000000000000000000000000000051
:108F20000000000000000000000000000000000041
:108F30000000000000000000000000000000000031
:108F40000000000000000000000000000000000021
:108F50000000000000000000000000000000000011
:108F60000000000000000000000000000000000001
:108F700000000000000000000000000000000000F1
:108F800000000000000000000000000000000000E1
:108F900000000000000000000000000000000000D1
:108FA00000000000000000000000000000000000C1
:108FB00000000000000000000000000000000000B1
:108FC00000000000000000000000000000000000A1
:108FD0000000000000000000000000000000000091
:108FE0000000000000000000000000000000000081
:108FF0000000000000000000000000000000000071
:109000000000000000000000000000000000000060
:109010000000000000000000000000000000000050
:109020000000000000000000000000000000000040
:109030000000000000000000000000000000000030
:109040000000000000000000000000000000000020
:109050000000000000000000000000000000000010
:109060000000000000000000000000000000000000
:1090700000000000000000000000000000000000F0
:1090800000000000000000000000000000000000E0
:1090900000000000000000000000000000000000D0
:1090A00000000000000000000000000000000000C0
:1090B00000000000000000000000000000000000B0
:1090C00000000000000000000000000000000000A0
:1090D0000000000000000000000000000000000090
:1090E0000000000000000000000000000000000080
:1090F0000000000000000000000000000000000070
:10910000000000000000000000000000000000005F
:10911000000000000000000000000000000000004F
:10912000000000000000000000000000000000003F
:10913000000000000000000000000000000000002F
:10914000000000000000000000000000000000001F
:10915000000000000000000000000000000000000F
:1091600000000000000000000000000000000000FF
:1091700000000000000000000000000000000000EF
:1091800000000000000000000000000000000000DF
:1091900000000000000000000000000000000000CF
:1091A00000000000000000000000000000000000BF
:1091B00000000000000000000000000000000000AF
:1091C000000000000000000000000000000000009F
:1091D000000000000000000000000000000000008F
:1091E000000000000000000000000000000000007F
:1091F000000000000000000000000000000000006F
:10920000000000000000000000000000000000005E
:10921000000000000000000000000000000000004E
:10922000000000000000000000000000000000003E
:10923000000000000000000000000000000000002E
:10924000000000000000000000000000000000001E
:10925000000000000000000000000000000000000E
:1092600000000000000000000000000000000000FE
:1092700000000000000000000000000000000000EE
:1092800000000000000000000000000000000000DE
:1092900000000000000000000000000000000000CE
:1092A00000000000000000000000000000000000BE
:1092B00000000000000000000000000000000000AE
:1092C000000000000000000000000000000000009E
:1092D000000000000000000000000000000000008E
:1092E000000000000000000000000000000000007E
:1092F000000000000000000000000000000000006E
:10930000000000000000000000000000000000005D
:10931000000000000000000000000000000000004D
:10932000000000000000000000000000000000003D
:10933000000000000000000000000000000000002D
:10934000000000000000000000000000000000001D
:10935000000000000000000000000000000000000D
:1093600000000000000000000000000000000000FD
:1093700000000000000000000000000000000000ED
:1093800000000000000000000000000000000000DD
:1093900000000000000000000000000000000000CD
:1093A00000000000000000000000000000000000BD
:1093B00000000000000000000000000000000000AD
:1093C000000000000000000000000000000000009D
:1093D000000000000000000000000000000000008D
:1093E000000000000000000000000000000000007D
:1093F000000000000000000000000000000000006D
:10940000000000000000000000000000000000005C
:10941000000000000000000000000000000000004C
:10942000000000000000000000000000000000003C
:10943000000000000000000000000000000000002C
:10944000000000000000000000000000000000001C
:10945000000000000000000000000000000000000C
:1094600000000000000000000000000000000000FC
:1094700000000000000000000000000000000000EC
:1094800000000000000000000000000000000000DC
:1094900000000000000000000000000000000000CC
:1094A00000000000000000000000000000000000BC
:1094B00000000000000000000000000000000000AC
:1094C000000000000000000000000000000000009C
:1094D000000000000000000000000000000000008C
:1094E000000000000000000000000000000000007C
:1094F000000000000000000000000000000000006C
:10950000000000000000000000000000000000005B
:10951000000000000000000000000000000000004B
:10952000000000000000000000000000000000003B
:10953000000000000000000000000000000000002B
:10954000000000000000000000000000000000001B
:10955000000000000000000000000000000000000B
:1095600000000000000000000000000000000000FB
:1095700000000000000000000000000000000000EB
:1095800000000000000000000000000000000000DB
:1095900000000000000000000000000000000000CB
:1095A00000000000000000000000000000000000BB
:1095B00000000000000000000000000000000000AB
:1095C000000000000000000000000000000000009B
:1095D000000000000000000000000000000000008B
:1095E000000000000000000000000000000000007B
:1095F000000000000000000000000000000000006B
:10960000000000000000000000000000000000005A
:10961000000000000000000000000000000000004A
:10962000000000000000000000000000000000003A
:10963000000000000000000000000000000000002A
:10964000000000000000000000000000000000001A
:10965000000000000000000000000000000000000A
:1096600000000000000000000000000000000000FA
:1096700000000000000000000000000000000000EA
:1096800000000000000000000000000000000000DA
:1096900000000000000000000000000000000000CA
:1096A00000000000000000000000000000000000BA
:1096B00000000000000000000000000000000000AA
:1096C000000000000000000000000000000000009A
:1096D000000000000000000000000000000000008A
:1096E000000000000000000000000000000000007A
:1096F000000000000000000000000000000000006A
:109700000000000000000000000000000000000059
:109710000000000000000000000000000000000049
:109720000000000000000000000000000000000039
:109730000000000000000000000000000000000029
:109740000000000000000000000000000000000019
:109750000000000000000000000000000000000009
:1097600000000000000000000000000000000000F9
:1097700000000000000000000000000000000000E9
:1097800000000000000000000000000000000000D9
:1097900000000000000000000000000000000000C9
:1097A00000000000000000000000000000000000B9
:1097B00000000000000000000000000000000000A9
:1097C0000000000000000000000000000000000099
:1097D0000000000000000000000000000000000089
:1097E0000000000000000000000000000000000079
:1097F0000000000000000000000000000000000069
:109800000000000000000000000000000000000058
:109810000000000000000000000000000000000048
:109820000000000000000000000000000000000038
:109830000000000000000000000000000000000028
:109840000000000000000000000000000000000018
:109850000000000000000000000000000000000008
:1098600000000000000000000000000000000000F8
:1098700000000000000000000000000000000000E8
:1098800000000000000000000000000000000000D8
:1098900000000000000000000000000000000000C8
:1098A00000000000000000000000000000000000B8
:1098B00000000000000000000000000000000000A8
:1098C0000000000000000000000000000000000098
:1098D0000000000000000000000000000000000088
:1098E0000000000000000000000000000000000078
:1098F0000000000000000000000000000000000068
:109900000000000000000000000000000000000057
:109910000000000000000000000000000000000047
:109920000000000000000000000000000000000037
:109930000000000000000000000000000000000027
:109940000000000000000000000000000000000017
:109950000000000000000000000000000000000007
:1099600000000000000000000000000000000000F7
:1099700000000000000000000000000000000000E7
:1099800000000000000000000000000000000000D7
:1099900000000000000000000000000000000000C7
:1099A00000000000000000000000000000000000B7
:1099B00000000000000000000000000000000000A7
:1099C0000000000000000000000000000000000097
:1099D0000000000000000000000000000000000087
:1099E0000000000000000000000000000000000077
:1099F0000000000000000000000000000000000067
:109A00000000000000000000000000000000000056
:109A10000000000000000000000000000000000046
:109A20000000000000000000000000000000000036
:109A30000000000000000000000000000000000026
:109A40000000000000000000000000000000000016
:109A50000000000000000000000000000000000006
:109A600000000000000000000000000000000000F6
:109A700000000000000000000000000000000000E6
:109A800000000000000000000000000000000000D6
:109A900000000000000000000000000000000000C6
:109AA00000000000000000000000000000000000B6
:109AB00000000000000000000000000000000000A6
:109AC0000000000000000000000000000000000096
:109AD0000000000000000000000000000000000086
:109AE0000000000000000000000000000000000076
:109AF0000000000000000000000000000000000066
:109B00000000000000000000000000000000000055
:109B10000000000000000000000000000000000045
:109B20000000000000000000000000000000000035
:109B30000000000000000000000000000000000025
:109B40000000000000000000000000000000000015
:109B50000000000000000000000000000000000005
:109B600000000000000000000000000000000000F5
:109B700000000000000000000000000000000000E5
:109B800000000000000000000000000000000000D5
:109B900000000000000000000000000000000000C5
:109BA00000000000000000000000000000000000B5
:109BB00000000000000000000000000000000000A5
:109BC0000000000000000000000000000000000095
:109BD0000000000000000000000000000000000085
:109BE0000000000000000000000000000000000075
:109BF0000000000000000000000000000000000065
:109C00000000000000000000000000000000000054
:109C10000000000000000000000000000000000044
:109C20000000000000000000000000000000000034
:109C30000000000000000000000000000000000024
:109C40000000000000000000000000000000000014
:109C50000000000000000000000000000000000004
:109C600000000000000000000000000000000000F4
:109C700000000000000000000000000000000000E4
:109C800000000000000000000000000000000000D4
:109C900000000000000000000000000000000000C4
:109CA00000000000000000000000000000000000B4
:109CB00000000000000000000000000000000000A4
:109CC0000000000000000000000000000000000094
:109CD0000000000000000000000000000000000084
:109CE0000000000000000000000000000000000074
:109CF0000000000000000000000000000000000064
:109D00000000000000000000000000000000000053
:109D10000000000000000000000000000000000043
:109D20000000000000000000000000000000000033
:109D30000000000000000000000000000000000023
:109D40000000000000000000000000000000000013
:109D50000000000000000000000000000000000003
:109D600000000000000000000000000000000000F3
:109D700000000000000000000000000000000000E3
:109D800000000000000000000000000000000000D3
:109D900000000000000000000000000000000000C3
:109DA00000000000000000000000000000000000B3
:109DB00000000000000000000000000000000000A3
:109DC0000000000000000000000000000000000093
:109DD0000000000000000000000000000000000083
:109DE0000000000000000000000000000000000073
:109DF0000000000000000000000000000000000063
:109E00000000000000000000000000000000000052
:109E10000000000000000000000000000000000042
:109E20000000000000000000000000000000000032
:109E30000000000000000000000000000000000022
:109E40000000000000000000000000000000000012
:109E50000000000000000000000000000000000002
:109E600000000000000000000000000000000000F2
:109E700000000000000000000000000000000000E2
:109E800000000000000000000000000000000000D2
:109E900000000000000000000000000000000000C2
:109EA00000000000000000000000000000000000B2
:109EB00000000000000000000000000000000000A2
:109EC0000000000000000000000000000000000092
:109ED0000000000000000000000000000000000082
:109EE0000000000000000000000000000000000072
:109EF0000000000000000000000000000000000062
:109F00000000000000000000000000000000000051
:109F10000000000000000000000000000000000041
:109F20000000000000000000000000000000000031
:109F30000000000000000000000000000000000021
:109F40000000000000000000000000000000000011
:109F50000000000000000000000000000000000001
:109F600000000000000000000000000000000000F1
:109F700000000000000000000000000000000000E1
:109F800000000000000000000000000000000000D1
:109F900000000000000000000000000000000000C1
:109FA00000000000000000000000000000000000B1
:109FB00000000000000000000000000000000000A1
:109FC0000000000000000000000000000000000091
:109FD0000000000000000000000000000000000081
:109FE0000000000000000000000000000000000071
:109FF0000000000000000000000000000000000061
:10A000000000000000000000000000000000000050
:10A010000000000000000000000000000000000040
:10A020000000000000000000000000000000000030
:10A030000000000000000000000000000000000020
:10A040000000000000000000000000000000000010
:10A050000000000000000000000000000000000000
:10A0600000000000000000000000000000000000F0
:10A0700000000000000000000000000000000000E0
:10A0800000000000000000000000000000000000D0
:10A0900000000000000000000000000000000000C0
:10A0A00000000000000000000000000000000000B0
:10A0B00000000000000000000000000000000000A0
:10A0C0000000000000000000000000000000000090
:10A0D0000000000000000000000000000000000080
:10A0E0000000000000000000000000000000000070
:10A0F0000000000000000000000000000000000060
:10A10000000000000000000000000000000000004F
:10A11000000000000000000000000000000000003F
:10A12000000000000000000000000000000000002F
:10A13000000000000000000000000000000000001F
:10A14000000000000000000000000000000000000F
:10A1500000000000000000000000000000000000FF
:10A1600000000000000000000000000000000000EF
:10A1700000000000000000000000000000000000DF
:10A1800000000000000000000000000000000000CF
:10A1900000000000000000000000000000000000BF
:10A1A00000000000000000000000000000000000AF
:10A1B000000000000000000000000000000000009F
:10A1C000000000000000000000000000000000008F
:10A1D000000000000000000000000000000000007F
:10A1E000000000000000000000000000000000006F
:10A1F000000000000000000000000000000000005F
:10A20000000000000000000000000000000000004E
:10A21000000000000000000000000000000000003E
:10A22000000000000000000000000000000000002E
:10A23000000000000000000000000000000000001E
:10A24000000000000000000000000000000000000E
:10A2500000000000000000000000000000000000FE
:10A2600000000000000000000000000000000000EE
:10A2700000000000000000000000000000000000DE
:10A2800000000000000000000000000000000000CE
:10A2900000000000000000000000000000000000BE
:10A2A00000000000000000000000000000000000AE
:10A2B000000000000000000000000000000000009E
:10A2C000000000000000000000000000000000008E
:10A2D000000000000000000000000000000000007E
:10A2E000000000000000000000000000000000006E
:10A2F000000000000000000000000000000000005E
:10A30000000000000000000000000000000000004D
:10A31000000000000000000000000000000000003D
:10A32000000000000000000000000000000000002D
:10A33000000000000000000000000000000000001D
:10A34000000000000000000000000000000000000D
:10A3500000000000000000000000000000000000FD
:10A3600000000000000000000000000000000000ED
:10A3700000000000000000000000000000000000DD
:10A3800000000000000000000000000000000000CD
:10A3900000000000000000000000000000000000BD
:10A3A00000000000000000000000000000000000AD
:10A3B000000000000000000000000000000000009D
:10A3C000000000000000000000000000000000008D
:10A3D000000000000000000000000000000000007D
:10A3E000000000000000000000000000000000006D
:10A3F000000000000000000000000000000000005D
:10A40000000000000000000000000000000000004C
:10A41000000000000000000000000000000000003C
:10A42000000000000000000000000000000000002C
:10A43000000000000000000000000000000000001C
:10A44000000000000000000000000000000000000C
:10A4500000000000000000000000000000000000FC
:10A4600000000000000000000000000000000000EC
:10A4700000000000000000000000000000000000DC
:10A4800000000000000000000000000000000000CC
:10A4900000000000000000000000000000000000BC
:10A4A00000000000000000000000000000000000AC
:10A4B000000000000000000000000000000000009C
:10A4C000000000000000000000000000000000008C
:10A4D000000000000000000000000000000000007C
:10A4E000000000000000000000000000000000006C
:10A4F000000000000000000000000000000000005C
:10A50000000000000000000000000000000000004B
:10A51000000000000000000000000000000000003B
:10A52000000000000000000000000000000000002B
:10A53000000000000000000000000000000000001B
:10A54000000000000000000000000000000000000B
:10A5500000000000000000000000000000000000FB
:10A5600000000000000000000000000000000000EB
:10A5700000000000000000000000000000000000DB
:10A5800000000000000000000000000000000000CB
:10A5900000000000000000000000000000000000BB
:10A5A00000000000000000000000000000000000AB
:10A5B000000000000000000000000000000000009B
:10A5C000000000000000000000000000000000008B
:10A5D000000000000000000000000000000000007B
:10A5E000000000000000000000000000000000006B
:10A5F000000000000000000000000000000000005B
:10A60000000000000000000000000000000000004A
:10A61000000000000000000000000000000000003A
:10A62000000000000000000000000000000000002A
:10A63000000000000000000000000000000000001A
:10A64000000000000000000000000000000000000A
:10A6500000000000000000000000000000000000FA
:10A6600000000000000000000000000000000000EA
:10A6700000000000000000000000000000000000DA
:10A6800000000000000000000000000000000000CA
:10A6900000000000000000000000000000000000BA
:10A6A00000000000000000000000000000000000AA
:10A6B000000000000000000000000000000000009A
:10A6C000000000000000000000000000000000008A
:10A6D000000000000000000000000000000000007A
:10A6E000000000000000000000000000000000006A
:10A6F000000000000000000000000000000000005A
:10A700000000000000000000000000000000000049
:10A710000000000000000000000000000000000039
:10A720000000000000000000000000000000000029
:10A730000000000000000000000000000000000019
:10A740000000000000000000000000000000000009
:10A7500000000000000000000000000000000000F9
:10A7600000000000000000000000000000000000E9
:10A7700000000000000000000000000000000000D9
:10A7800000000000000000000000000000000000C9
:10A7900000000000000000000000000000000000B9
:10A7A00000000000000000000000000000000000A9
:10A7B0000000000000000000000000000000000099
:10A7C0000000000000000000000000000000000089
:10A7D0000000000000000000000000000000000079
:10A7E0000000000000000000000000000000000069
:10A7F0000000000000000000000000000000000059
:10A800000000000000000000000000000000000048
:10A810000000000000000000000000000000000038
:10A820000000000000000000000000000000000028
:10A830000000000000000000000000000000000018
:10A840000000000000000000000000000000000008
:10A8500000000000000000000000000000000000F8
:10A8600000000000000000000000000000000000E8
:10A8700000000000000000000000000000000000D8
:10A8800000000000000000000000000000000000C8
:10A8900000000000000000000000000000000000B8
:10A8A00000000000000000000000000000000000A8
:10A8B0000000000000000000000000000000000098
:10A8C0000000000000000000000000000000000088
:10A8D0000000000000000000000000000000000078
:10A8E0000000000000000000000000000000000068
:10A8F0000000000000000000000000000000000058
:10A900000000000000000000000000000000000047
:10A910000000000000000000000000000000000037
:10A920000000000000000000000000000000000027
:10A930000000000000000000000000000000000017
:10A940000000000000000000000000000000000007
:10A9500000000000000000000000000000000000F7
:10A9600000000000000000000000000000000000E7
:10A9700000000000000000000000000000000000D7
:10A9800000000000000000000000000000000000C7
:10A9900000000000000000000000000000000000B7
:10A9A00000000000000000000000000000000000A7
:10A9B0000000000000000000000000000000000097
:10A9C0000000000000000000000000000000000087
:10A9D0000000000000000000000000000000000077
:10A9E0000000000000000000000000000000000067
:10A9F0000000000000000000000000000000000057
:10AA00000000000000000000000000000000000046
:10AA10000000000000000000000000000000000036
:10AA20000000000000000000000000000000000026
:10AA30000000000000000000000000000000000016
:10AA40000000000000000000000000000000000006
:10AA500000000000000000000000000000000000F6
:10AA600000000000000000000000000000000000E6
:10AA700000000000000000000000000000000000D6
:10AA800000000000000000000000000000000000C6
:10AA900000000000000000000000000000000000B6
:10AAA00000000000000000000000000000000000A6
:10AAB0000000000000000000000000000000000096
:10AAC0000000000000000000000000000000000086
:10AAD0000000000000000000000000000000000076
:10AAE0000000000000000000000000000000000066
:10AAF0000000000000000000000000000000000056
:10AB00000000000000000000000000000000000045
:10AB10000000000000000000000000000000000035
:10AB20000000000000000000000000000000000025
:10AB30000000000000000000000000000000000015
:10AB40000000000000000000000000000000000005
:10AB500000000000000000000000000000000000F5
:10AB600000000000000000000000000000000000E5
:10AB700000000000000000000000000000000000D5
:10AB800000000000000000000000000000000000C5
:10AB900000000000000000000000000000000000B5
:10ABA00000000000000000000000000000000000A5
:10ABB0000000000000000000000000000000000095
:10ABC0000000000000000000000000000000000085
:10ABD0000000000000000000000000000000000075
:10ABE0000000000000000000000000000000000065
:10ABF0000000000000000000000000000000000055
:10AC00000000000000000000000000000000000044
:10AC10000000000000000000000000000000000034
:10AC20000000000000000000000000000000000024
:10AC30000000000000000000000000000000000014
:10AC40000000000000000000000000000000000004
:10AC500000000000000000000000000000000000F4
:10AC600000000000000000000000000000000000E4
:10AC700000000000000000000000000000000000D4
:10AC800000000000000000000000000000000000C4
:10AC900000000000000000000000000000000000B4
:10ACA00000000000000000000000000000000000A4
:10ACB0000000000000000000000000000000000094
:10ACC0000000000000000000000000000000000084
:10ACD0000000000000000000000000000000000074
:10ACE0000000000000000000000000000000000064
:10ACF0000000000000000000000000000000000054
:10AD00000000000000000000000000000000000043
:10AD10000000000000000000000000000000000033
:10AD20000000000000000000000000000000000023
:10AD30000000000000000000000000000000000013
:10AD40000000000000000000000000000000000003
:10AD500000000000000000000000000000000000F3
:10AD600000000000000000000000000000000000E3
:10AD700000000000000000000000000000000000D3
:10AD800000000000000000000000000000000000C3
:10AD900000000000000000000000000000000000B3
:10ADA00000000000000000000000000000000000A3
:10ADB0000000000000000000000000000000000093
:10ADC0000000000000000000000000000000000083
:10ADD0000000000000000000000000000000000073
:10ADE0000000000000000000000000000000000063
:10ADF0000000000000000000000000000000000053
:10AE00000000000000000000000000000000000042
:10AE10000000000000000000000000000000000032
:10AE20000000000000000000000000000000000022
:10AE30000000000000000000000000000000000012
:10AE40000000000000000000000000000000000002
:10AE500000000000000000000000000000000000F2
:10AE600000000000000000000000000000000000E2
:10AE700000000000000000000000000000000000D2
:10AE800000000000000000000000000000000000C2
:10AE900000000000000000000000000000000000B2
:10AEA00000000000000000000000000000000000A2
:10AEB0000000000000000000000000000000000092
:10AEC0000000000000000000000000000000000082
:10AED0000000000000000000000000000000000072
:10AEE0000000000000000000000000000000000062
:10AEF0000000000000000000000000000000000052
:10AF00000000000000000000000000000000000041
:10AF10000000000000000000000000000000000031
:10AF20000000000000000000000000000000000021
:10AF30000000000000000000000000000000000011
:10AF40000000000000000000000000000000000001
:10AF500000000000000000000000000000000000F1
:10AF600000000000000000000000000000000000E1
:10AF700000000000000000000000000000000000D1
:10AF800000000000000000000000000000000000C1
:10AF900000000000000000000000000000000000B1
:10AFA00000000000000000000000000000000000A1
:10AFB0000000000000000000000000000000000091
:10AFC0000000000000000000000000000000000081
:10AFD0000000000000000000000000000000000071
:10AFE0000000000000000000000000000000000061
:10AFF0000000000000000000000000000000000051
:10B000000000000000000000000000000000000040
:10B010000000000000000000000000000000000030
:10B020000000000000000000000000000000000020
:10B030000000000000000000000000000000000010
:10B040000000000000000000000000000000000000
:10B0500000000000000000000000000000000000F0
:10B0600000000000000000000000000000000000E0
:10B0700000000000000000000000000000000000D0
:10B0800000000000000000000000000000000000C0
:10B0900000000000000000000000000000000000B0
:10B0A00000000000000000000000000000000000A0
:10B0B0000000000000000000000000000000000090
:10B0C0000000000000000000000000000000000080
:10B0D0000000000000000000000000000000000070
:10B0E0000000000000000000000000000000000060
:10B0F0000000000000000000000000000000000050
:10B10000000000000000000000000000000000003F
:10B11000000000000000000000000000000000002F
:10B12000000000000000000000000000000000001F
:10B13000000000000000000000000000000000000F
:10B1400000000000000000000000000000000000FF
:10B1500000000000000000000000000000000000EF
:10B1600000000000000000000000000000000000DF
:10B1700000000000000000000000000000000000CF
:10B1800000000000000000000000000000000000BF
:10B1900000000000000000000000000000000000AF
:10B1A000000000000000000000000000000000009F
:10B1B000000000000000000000000000000000008F
:10B1C000000000000000000000000000000000007F
:10B1D000000000000000000000000000000000006F
:10B1E000000000000000000000000000000000005F
:10B1F000000000000000000000000000000000004F
:10B20000000000000000000000000000000000003E
:10B21000000000000000000000000000000000002E
:10B22000000000000000000000000000000000001E
:10B23000000000000000000000000000000000000E
:10B2400000000000000000000000000000000000FE
:10B2500000000000000000000000000000000000EE
:10B2600000000000000000000000000000000000DE
:10B2700000000000000000000000000000000000CE
:10B2800000000000000000000000000000000000BE
:10B2900000000000000000000000000000000000AE
:10B2A000000000000000000000000000000000009E
:10B2B000000000000000000000000000000000008E
:10B2C000000000000000000000000000000000007E
:10B2D000000000000000000000000000000000006E
:10B2E000000000000000000000000000000000005E
:10B2F000000000000000000000000000000000004E
:10B30000000000000000000000000000000000003D
:10B31000000000000000000000000000000000002D
:10B32000000000000000000000000000000000001D
:10B33000000000000000000000000000000000000D
:10B3400000000000000000000000000000000000FD
:10B3500000000000000000000000000000000000ED
:10B3600000000000000000000000000000000000DD
:10B3700000000000000000000000000000000000CD
:10B3800000000000000000000000000000000000BD
:10B3900000000000000000000000000000000000AD
:10B3A000000000000000000000000000000000009D
:10B3B000000000000000000000000000000000008D
:10B3C000000000000000000000000000000000007D
:10B3D000000000000000000000000000000000006D
:10B3E000000000000000000000000000000000005D
:10B3F000000000000000000000000000000000004D
:10B40000000000000000000000000000000000003C
:10B41000000000000000000000000000000000002C
:10B42000000000000000000000000000000000001C
:10B43000000000000000000000000000000000000C
:10B4400000000000000000000000000000000000FC
:10B4500000000000000000000000000000000000EC
:10B4600000000000000000000000000000000000DC
:10B4700000000000000000000000000000000000CC
:10B4800000000000000000000000000000000000BC
:10B4900000000000000000000000000000000000AC
:10B4A000000000000000000000000000000000009C
:10B4B000000000000000000000000000000000008C
:10B4C000000000000000000000000000000000007C
:10B4D000000000000000000000000000000000006C
:10B4E000000000000000000000000000000000005C
:10B4F000000000000000000000000000000000004C
:10B50000000000000000000000000000000000003B
:10B51000000000000000000000000000000000002B
:10B52000000000000000000000000000000000001B
:10B53000000000000000000000000000000000000B
:10B5400000000000000000000000000000000000FB
:10B5500000000000000000000000000000000000EB
:10B5600000000000000000000000000000000000DB
:10B5700000000000000000000000000000000000CB
:10B5800000000000000000000000000000000000BB
:10B5900000000000000000000000000000000000AB
:10B5A000000000000000000000000000000000009B
:10B5B000000000000000000000000000000000008B
:10B5C000000000000000000000000000000000007B
:10B5D000000000000000000000000000000000006B
:10B5E000000000000000000000000000000000005B
:10B5F000000000000000000000000000000000004B
:10B60000000000000000000000000000000000003A
:10B61000000000000000000000000000000000002A
:10B62000000000000000000000000000000000001A
:10B63000000000000000000000000000000000000A
:10B6400000000000000000000000000000000000FA
:10B6500000000000000000000000000000000000EA
:10B6600000000000000000000000000000000000DA
:10B6700000000000000000000000000000000000CA
:10B6800000000000000000000000000000000000BA
:10B6900000000000000000000000000000000000AA
:10B6A000000000000000000000000000000000009A
:10B6B000000000000000000000000000000000008A
:10B6C000000000000000000000000000000000007A
:10B6D000000000000000000000000000000000006A
:10B6E000000000000000000000000000000000005A
:10B6F000000000000000000000000000000000004A
:10B700000000000000000000000000000000000039
:10B710000000000000000000000000000000000029
:10B720000000000000000000000000000000000019
:10B730000000000000000000000000000000000009
:10B7400000000000000000000000000000000000F9
:10B7500000000000000000000000000000000000E9
:10B7600000000000000000000000000000000000D9
:10B7700000000000000000000000000000000000C9
:10B7800000000000000000000000000000000000B9
:10B7900000000000000000000000000000000000A9
:10B7A0000000000000000000000000000000000099
:10B7B0000000000000000000000000000000000089
:10B7C0000000000000000000000000000000000079
:10B7D0000000000000000000000000000000000069
:10B7E0000000000000000000000000000000000059
:10B7F0000000000000000000000000000000000049
:10B800000000000000000000000000000000000038
:10B810000000000000000000000000000000000028
:10B820000000000000000000000000000000000018
:10B830000000000000000000000000000000000008
:10B8400000000000000000000000000000000000F8
:10B8500000000000000000000000000000000000E8
:10B8600000000000000000000000000000000000D8
:10B8700000000000000000000000000000000000C8
:10B8800000000000000000000000000000000000B8
:10B8900000000000000000000000000000000000A8
:10B8A0000000000000000000000000000000000098
:10B8B0000000000000000000000000000000000088
:10B8C0000000000000000000000000000000000078
:10B8D0000000000000000000000000000000000068
:10B8E0000000000000000000000000000000000058
:10B8F0000000000000000000000000000000000048
:10B900000000000000000000000000000000000037
:10B910000000000000000000000000000000000027
:10B920000000000000000000000000000000000017
:10B930000000000000000000000000000000000007
:10B9400000000000000000000000000000000000F7
:10B9500000000000000000000000000000000000E7
:10B9600000000000000000000000000000000000D7
:10B9700000000000000000000000000000000000C7
:10B9800000000000000000000000000000000000B7
:10B9900000000000000000000000000000000000A7
:10B9A0000000000000000000000000000000000097
:10B9B0000000000000000000000000000000000087
:10B9C0000000000000000000000000000000000077
:10B9D0000000000000000000000000000000000067
:10B9E0000000000000000000000000000000000057
:10B9F0000000000000000000000000000000000047
:10BA00000000000000000000000000000000000036
:10BA10000000000000000000000000000000000026
:10BA20000000000000000000000000000000000016
:10BA30000000000000000000000000000000000006
:10BA400000000000000000000000000000000000F6
:10BA500000000000000000000000000000000000E6
:10BA600000000000000000000000000000000000D6
:10BA700000000000000000000000000000000000C6
:10BA800000000000000000000000000000000000B6
:10BA900000000000000000000000000000000000A6
:10BAA0000000000000000000000000000000000096
:10BAB0000000000000000000000000000000000086
:10BAC0000000000000000000000000000000000076
:10BAD0000000000000000000000000000000000066
:10BAE0000000000000000000000000000000000056
:10BAF0000000000000000000000000000000000046
:10BB00000000000000000000000000000000000035
:10BB10000000000000000000000000000000000025
:10BB20000000000000000000000000000000000015
:10BB30000000000000000000000000000000000005
:10BB400000000000000000000000000000000000F5
:10BB500000000000000000000000000000000000E5
:10BB600000000000000000000000000000000000D5
:10BB700000000000000000000000000000000000C5
:10BB800000000000000000000000000000000000B5
:10BB900000000000000000000000000000000000A5
:10BBA0000000000000000000000000000000000095
:10BBB0000000000000000000000000000000000085
:10BBC0000000000000000000000000000000000075
:10BBD0000000000000000000000000000000000065
:10BBE0000000000000000000000000000000000055
:10BBF0000000000000000000000000000000000045
:10BC00000000000000000000000000000000000034
:10BC10000000000000000000000000000000000024
:10BC20000000000000000000000000000000000014
:10BC30000000000000000000000000000000000004
:10BC400000000000000000000000000000000000F4
:10BC500000000000000000000000000000000000E4
:10BC600000000000000000000000000000000000D4
:10BC700000000000000000000000000000000000C4
:10BC800000000000000000000000000000000000B4
:10BC900000000000000000000000000000000000A4
:10BCA0000000000000000000000000000000000094
:10BCB0000000000000000000000000000000000084
:10BCC0000000000000000000000000000000000074
:10BCD0000000000000000000000000000000000064
:10BCE0000000000000000000000000000000000054
:10BCF0000000000000000000000000000000000044
:10BD00000000000000000000000000000000000033
:10BD10000000000000000000000000000000000023
:10BD20000000000000000000000000000000000013
:10BD30000000000000000000000000000000000003
:10BD400000000000000000000000000000000000F3
:10BD500000000000000000000000000000000000E3
:10BD600000000000000000000000000000000000D3
:10BD700000000000000000000000000000000000C3
:10BD800000000000000000000000000000000000B3
:10BD900000000000000000000000000000000000A3
:10BDA0000000000000000000000000000000000093
:10BDB0000000000000000000000000000000000083
:10BDC0000000000000000000000000000000000073
:10BDD0000000000000000000000000000000000063
:10BDE0000000000000000000000000000000000053
:10BDF0000000000000000000000000000000000043
:10BE00000000000000000000000000000000000032
:10BE10000000000000000000000000000000000022
:10BE20000000000000000000000000000000000012
:10BE30000000000000000000000000000000000002
:10BE400000000000000000000000000000000000F2
:10BE500000000000000000000000000000000000E2
:10BE600000000000000000000000000000000000D2
:10BE700000000000000000000000000000000000C2
:10BE800000000000000000000000000000000000B2
:10BE900000000000000000000000000000000000A2
:10BEA0000000000000000000000000000000000092
:10BEB0000000000000000000000000000000000082
:10BEC0000000000000000000000000000000000072
:10BED0000000000000000000000000000000000062
:10BEE0000000000000000000000000000000000052
:10BEF0000000000000000000000000000000000042
:10BF00000000000000000000000000000000000031
:10BF10000000000000000000000000000000000021
:10BF20000000000000000000000000000000000011
:10BF30000000000000000000000000000000000001
:10BF400000000000000000000000000000000000F1
:10BF500000000000000000000000000000000000E1
:10BF600000000000000000000000000000000000D1
:10BF700000000000000000000000000000000000C1
:10BF800000000000000000000000000000000000B1
:10BF900000000000000000000000000000000000A1
:10BFA0000000000000000000000000000000000091
:10BFB0000000000000000000000000000000000081
:10BFC0000000000000000000000000000000000071
:10BFD0000000000000000000000000000000000061
:10BFE0000000000000000000000000000000000051
:10BFF0000000000000000000000000000000000041
:10C000000000000000000000000000000000000030
:10C010000000000000000000000000000000000020
:10C020000000000000000000000000000000000010
:10C030000000000000000000000000000000000000
:10C0400000000000000000000000000000000000F0
:10C0500000000000000000000000000000000000E0
:10C0600000000000000000000000000000000000D0
:10C0700000000000000000000000000000000000C0
:10C0800000000000000000000000000000000000B0
:10C0900000000000000000000000000000000000A0
:10C0A0000000000000000000000000000000000090
:10C0B0000000000000000000000000000000000080
:10C0C0000000000000000000000000000000000070
:10C0D0000000000000000000000000000000000060
:10C0E0000000000000000000000000000000000050
:10C0F0000000000000000000000000000000000040
:10C10000000000000000000000000000000000002F
:10C11000000000000000000000000000000000001F
:10C12000000000000000000000000000000000000F
:10C1300000000000000000000000000000000000FF
:10C1400000000000000000000000000000000000EF
:10C1500000000000000000000000000000000000DF
:10C1600000000000000000000000000000000000CF
:10C1700000000000000000000000000000000000BF
:10C1800000000000000000000000000000000000AF
:10C19000000000000000000000000000000000009F
:10C1A000000000000000000000000000000000008F
:10C1B000000000000000000000000000000000007F
:10C1C000000000000000000000000000000000006F
:10C1D000000000000000000000000000000000005F
:10C1E000000000000000000000000000000000004F
:10C1F000000000000000000000000000000000003F
:10C20000000000000000000000000000000000002E
:10C21000000000000000000000000000000000001E
:10C22000000000000000000000000000000000000E
:10C2300000000000000000000000000000000000FE
:10C2400000000000000000000000000000000000EE
:10C2500000000000000000000000000000000000DE
:10C2600000000000000000000000000000000000CE
:10C2700000000000000000000000000000000000BE
:10C2800000000000000000000000000000000000AE
:10C29000000000000000000000000000000000009E
:10C2A000000000000000000000000000000000008E
:10C2B000000000000000000000000000000000007E
:10C2C000000000000000000000000000000000006E
:10C2D000000000000000000000000000000000005E
:10C2E000000000000000000000000000000000004E
:10C2F000000000000000000000000000000000003E
:10C30000000000000000000000000000000000002D
:10C31000000000000000000000000000000000001D
:10C32000000000000000000000000000000000000D
:10C3300000000000000000000000000000000000FD
:10C3400000000000000000000000000000000000ED
:10C3500000000000000000000000000000000000DD
:10C3600000000000000000000000000000000000CD
:10C3700000000000000000000000000000000000BD
:10C3800000000000000000000000000000000000AD
:10C39000000000000000000000000000000000009D
:10C3A000000000000000000000000000000000008D
:10C3B000000000000000000000000000000000007D
:10C3C000000000000000000000000000000000006D
:10C3D000000000000000000000000000000000005D
:10C3E000000000000000000000000000000000004D
:10C3F000000000000000000000000000000000003D
:10C40000000000000000000000000000000000002C
:10C41000000000000000000000000000000000001C
:10C42000000000000000000000000000000000000C
:10C4300000000000000000000000000000000000FC
:10C4400000000000000000000000000000000000EC
:10C4500000000000000000000000000000000000DC
:10C4600000000000000000000000000000000000CC
:10C4700000000000000000000000000000000000BC
:10C4800000000000000000000000000000000000AC
:10C49000000000000000000000000000000000009C
:10C4A000000000000000000000000000000000008C
:10C4B000000000000000000000000000000000007C
:10C4C000000000000000000000000000000000006C
:10C4D000000000000000000000000000000000005C
:10C4E000000000000000000000000000000000004C
:10C4F000000000000000000000000000000000003C
:10C50000000000000000000000000000000000002B
:10C51000000000000000000000000000000000001B
:10C52000000000000000000000000000000000000B
:10C5300000000000000000000000000000000000FB
:10C5400000000000000000000000000000000000EB
:10C5500000000000000000000000000000000000DB
:10C5600000000000000000000000000000000000CB
:10C5700000000000000000000000000000000000BB
:10C5800000000000000000000000000000000000AB
:10C59000000000000000000000000000000000009B
:10C5A000000000000000000000000000000000008B
:10C5B000000000000000000000000000000000007B
:10C5C000000000000000000000000000000000006B
:10C5D000000000000000000000000000000000005B
:10C5E000000000000000000000000000000000004B
:10C5F000000000000000000000000000000000003B
:10C60000000000000000000000000000000000002A
:10C61000000000000000000000000000000000001A
:10C62000000000000000000000000000000000000A
:10C6300000000000000000000000000000000000FA
:10C6400000000000000000000000000000000000EA
:10C6500000000000000000000000000000000000DA
:10C6600000000000000000000000000000000000CA
:10C6700000000000000000000000000000000000BA
:10C6800000000000000000000000000000000000AA
:10C69000000000000000000000000000000000009A
:10C6A000000000000000000000000000000000008A
:10C6B000000000000000000000000000000000007A
:10C6C000000000000000000000000000000000006A
:10C6D000000000000000000000000000000000005A
:10C6E000000000000000000000000000000000004A
:10C6F000000000000000000000000000000000003A
:10C700000000000000000000000000000000000029
:10C710000000000000000000000000000000000019
:10C720000000000000000000000000000000000009
:10C7300000000000000000000000000000000000F9
:10C7400000000000000000000000000000000000E9
:10C7500000000000000000000000000000000000D9
:10C7600000000000000000000000000000000000C9
:10C7700000000000000000000000000000000000B9
:10C7800000000000000000000000000000000000A9
:10C790000000000000000000000000000000000099
:10C7A0000000000000000000000000000000000089
:10C7B0000000000000000000000000000000000079
:10C7C0000000000000000000000000000000000069
:10C7D0000000000000000000000000000000000059
:10C7E0000000000000000000000000000000000049
:10C7F0000000000000000000000000000000000039
:10C800000000000000000000000000000000000028
:10C810000000000000000000000000000000000018
:10C820000000000000000000000000000000000008
:10C8300000000000000000000000000000000000F8
:10C8400000000000000000000000000000000000E8
:10C8500000000000000000000000000000000000D8
:10C8600000000000000000000000000000000000C8
:10C8700000000000000000000000000000000000B8
:10C8800000000000000000000000000000000000A8
:10C890000000000000000000000000000000000098
:10C8A0000000000000000000000000000000000088
:10C8B0000000000000000000000000000000000078
:10C8C0000000000000000000000000000000000068
:10C8D0000000000000000000000000000000000058
:10C8E0000000000000000000000000000000000048
:10C8F0000000000000000000000000000000000038
:10C900000000000000000000000000000000000027
:10C910000000000000000000000000000000000017
:10C920000000000000000000000000000000000007
:10C9300000000000000000000000000000000000F7
:10C9400000000000000000000000000000000000E7
:10C9500000000000000000000000000000000000D7
:10C9600000000000000000000000000000000000C7
:10C9700000000000000000000000000000000000B7
:10C9800000000000000000000000000000000000A7
:10C990000000000000000000000000000000000097
:10C9A0000000000000000000000000000000000087
:10C9B0000000000000000000000000000000000077
:10C9C0000000000000000000000000000000000067
:10C9D0000000000000000000000000000000000057
:10C9E0000000000000000000000000000000000047
:10C9F0000000000000000000000000000000000037
:10CA00000000000000000000000000000000000026
:10CA10000000000000000000000000000000000016
:10CA20000000000000000000000000000000000006
:10CA300000000000000000000000000000000000F6
:10CA400000000000000000000000000000000000E6
:10CA500000000000000000000000000000000000D6
:10CA600000000000000000000000000000000000C6
:10CA700000000000000000000000000000000000B6
:10CA800000000000000000000000000000000000A6
:10CA90000000000000000000000000000000000096
:10CAA0000000000000000000000000000000000086
:10CAB0000000000000000000000000000000000076
:10CAC0000000000000000000000000000000000066
:10CAD0000000000000000000000000000000000056
:10CAE0000000000000000000000000000000000046
:10CAF0000000000000000000000000000000000036
:10CB00000000000000000000000000000000000025
:10CB10000000000000000000000000000000000015
:10CB20000000000000000000000000000000000005
:10CB300000000000000000000000000000000000F5
:10CB400000000000000000000000000000000000E5
:10CB500000000000000000000000000000000000D5
:10CB600000000000000000000000000000000000C5
:10CB700000000000000000000000000000000000B5
:10CB800000000000000000000000000000000000A5
:10CB90000000000000000000000000000000000095
:10CBA0000000000000000000000000000000000085
:10CBB0000000000000000000000000000000000075
:10CBC0000000000000000000000000000000000065
:10CBD0000000000000000000000000000000000055
:10CBE0000000000000000000000000000000000045
:10CBF0000000000000000000000000000000000035
:10CC00000000000000000000000000000000000024
:10CC10000000000000000000000000000000000014
:10CC20000000000000000000000000000000000004
:10CC300000000000000000000000000000000000F4
:10CC400000000000000000000000000000000000E4
:10CC500000000000000000000000000000000000D4
:10CC600000000000000000000000000000000000C4
:10CC700000000000000000000000000000000000B4
:10CC800000000000000000000000000000000000A4
:10CC90000000000000000000000000000000000094
:10CCA0000000000000000000000000000000000084
:10CCB0000000000000000000000000000000000074
:10CCC0000000000000000000000000000000000064
:10CCD0000000000000000000000000000000000054
:10CCE0000000000000000000000000000000000044
:10CCF0000000000000000000000000000000000034
:10CD00000000000000000000000000000000000023
:10CD10000000000000000000000000000000000013
:10CD20000000000000000000000000000000000003
:10CD300000000000000000000000000000000000F3
:10CD400000000000000000000000000000000000E3
:10CD500000000000000000000000000000000000D3
:10CD600000000000000000000000000000000000C3
:10CD700000000000000000000000000000000000B3
:10CD800000000000000000000000000000000000A3
:10CD90000000000000000000000000000000000093
:10CDA0000000000000000000000000000000000083
:10CDB0000000000000000000000000000000000073
:10CDC0000000000000000000000000000000000063
:10CDD0000000000000000000000000000000000053
:10CDE0000000000000000000000000000000000043
:10CDF0000000000000000000000000000000000033
:10CE00000000000000000000000000000000000022
:10CE10000000000000000000000000000000000012
:10CE20000000000000000000000000000000000002
:10CE300000000000000000000000000000000000F2
:10CE400000000000000000000000000000000000E2
:10CE500000000000000000000000000000000000D2
:10CE600000000000000000000000000000000000C2
:10CE700000000000000000000000000000000000B2
:10CE800000000000000000000000000000000000A2
:10CE90000000000000000000000000000000000092
:10CEA0000000000000000000000000000000000082
:10CEB0000000000000000000000000000000000072
:10CEC0000000000000000000000000000000000062
:10CED0000000000000000000000000000000000052
:10CEE0000000000000000000000000000000000042
:10CEF0000000000000000000000000000000000032
:10CF00000000000000000000000000000000000021
:10CF10000000000000000000000000000000000011
:10CF20000000000000000000000000000000000001
:10CF300000000000000000000000000000000000F1
:10CF400000000000000000000000000000000000E1
:10CF500000000000000000000000000000000000D1
:10CF600000000000000000000000000000000000C1
:10CF700000000000000000000000000000000000B1
:10CF800000000000000000000000000000000000A1
:10CF90000000000000000000000000000000000091
:10CFA0000000000000000000000000000000000081
:10CFB0000000000000000000000000000000000071
:10CFC0000000000000000000000000000000000061
:10CFD0000000000000000000000000000000000051
:10CFE0000000000000000000000000000000000041
:10CFF0000000000000000000000000000000000031
:10D000000000000000000000000000000000000020
:10D010000000000000000000000000000000000010
:10D020000000000000000000000000000000000000
:10D0300000000000000000000000000000000000F0
:10D0400000000000000000000000000000000000E0
:10D0500000000000000000000000000000000000D0
:10D0600000000000000000000000000000000000C0
:10D0700000000000000000000000000000000000B0
:10D0800000000000000000000000000000000000A0
:10D090000000000000000000000000000000000090
:10D0A0000000000000000000000000000000000080
:10D0B0000000000000000000000000000000000070
:10D0C0000000000000000000000000000000000060
:10D0D0000000000000000000000000000000000050
:10D0E0000000000000000000000000000000000040
:10D0F0000000000000000000000000000000000030
:10D10000000000000000000000000000000000001F
:10D11000000000000000000000000000000000000F
:10D1200000000000000000000000000000000000FF
:10D1300000000000000000000000000000000000EF
:10D1400000000000000000000000000000000000DF
:10D1500000000000000000000000000000000000CF
:10D1600000000000000000000000000000000000BF
:10D1700000000000000000000000000000000000AF
:10D18000000000000000000000000000000000009F
:10D19000000000000000000000000000000000008F
:10D1A000000000000000000000000000000000007F
:10D1B000000000000000000000000000000000006F
:10D1C000000000000000000000000000000000005F
:10D1D000000000000000000000000000000000004F
:10D1E000000000000000000000000000000000003F
:10D1F000000000000000000000000000000000002F
:10D20000000000000000000000000000000000001E
:10D21000000000000000000000000000000000000E
:10D2200000000000000000000000000000000000FE
:10D2300000000000000000000000000000000000EE
:10D2400000000000000000000000000000000000DE
:10D2500000000000000000000000000000000000CE
:10D2600000000000000000000000000000000000BE
:10D2700000000000000000000000000000000000AE
:10D28000000000000000000000000000000000009E
:10D29000000000000000000000000000000000008E
:10D2A000000000000000000000000000000000007E
:10D2B000000000000000000000000000000000006E
:10D2C000000000000000000000000000000000005E
:10D2D000000000000000000000000000000000004E
:10D2E000000000000000000000000000000000003E
:10D2F000000000000000000000000000000000002E
:10D30000000000000000000000000000000000001D
:10D31000000000000000000000000000000000000D
:10D3200000000000000000000000000000000000FD
:10D3300000000000000000000000000000000000ED
:10D3400000000000000000000000000000000000DD
:10D3500000000000000000000000000000000000CD
:10D3600000000000000000000000000000000000BD
:10D3700000000000000000000000000000000000AD
:10D38000000000000000000000000000000000009D
:10D39000000000000000000000000000000000008D
:10D3A000000000000000000000000000000000007D
:10D3B000000000000000000000000000000000006D
:10D3C000000000000000000000000000000000005D
:10D3D000000000000000000000000000000000004D
:10D3E000000000000000000000000000000000003D
:10D3F000000000000000000000000000000000002D
:10D40000000000000000000000000000000000001C
:10D41000000000000000000000000000000000000C
:10D4200000000000000000000000000000000000FC
:10D4300000000000000000000000000000000000EC
:10D4400000000000000000000000000000000000DC
:10D4500000000000000000000000000000000000CC
:10D4600000000000000000000000000000000000BC
:10D4700000000000000000000000000000000000AC
:10D48000000000000000000000000000000000009C
:10D49000000000000000000000000000000000008C
:10D4A000000000000000000000000000000000007C
:10D4B000000000000000000000000000000000006C
:10D4C000000000000000000000000000000000005C
:10D4D000000000000000000000000000000000004C
:10D4E000000000000000000000000000000000003C
:10D4F000000000000000000000000000000000002C
:10D50000000000000000000000000000000000001B
:10D51000000000000000000000000000000000000B
:10D5200000000000000000000000000000000000FB
:10D5300000000000000000000000000000000000EB
:10D5400000000000000000000000000000000000DB
:10D5500000000000000000000000000000000000CB
:10D5600000000000000000000000000000000000BB
:10D5700000000000000000000000000000000000AB
:10D58000000000000000000000000000000000009B
:10D59000000000000000000000000000000000008B
:10D5A000000000000000000000000000000000007B
:10D5B000000000000000000000000000000000006B
:10D5C000000000000000000000000000000000005B
:10D5D000000000000000000000000000000000004B
:10D5E000000000000000000000000000000000003B
:10D5F000000000000000000000000000000000002B
:10D60000000000000000000000000000000000001A
:10D61000000000000000000000000000000000000A
:10D6200000000000000000000000000000000000FA
:10D6300000000000000000000000000000000000EA
:10D6400000000000000000000000000000000000DA
:10D6500000000000000000000000000000000000CA
:10D6600000000000000000000000000000000000BA
:10D6700000000000000000000000000000000000AA
:10D68000000000000000000000000000000000009A
:10D69000000000000000000000000000000000008A
:10D6A000000000000000000000000000000000007A
:10D6B000000000000000000000000000000000006A
:10D6C000000000000000000000000000000000005A
:10D6D000000000000000000000000000000000004A
:10D6E000000000000000000000000000000000003A
:10D6F000000000000000000000000000000000002A
:10D700000000000000000000000000000000000019
:10D710000000000000000000000000000000000009
:10D7200000000000000000000000000000000000F9
:10D7300000000000000000000000000000000000E9
:10D7400000000000000000000000000000000000D9
:10D7500000000000000000000000000000000000C9
:10D7600000000000000000000000000000000000B9
:10D7700000000000000000000000000000000000A9
:10D780000000000000000000000000000000000099
:10D790000000000000000000000000000000000089
:10D7A0000000000000000000000000000000000079
:10D7B0000000000000000000000000000000000069
:10D7C0000000000000000000000000000000000059
:10D7D0000000000000000000000000000000000049
:10D7E0000000000000000000000000000000000039
:10D7F0000000000000000000000000000000000029
:10D800000000000000000000000000000000000018
:10D810000000000000000000000000000000000008
:10D8200000000000000000000000000000000000F8
:10D8300000000000000000000000000000000000E8
:10D8400000000000000000000000000000000000D8
:10D8500000000000000000000000000000000000C8
:10D8600000000000000000000000000000000000B8
:10D8700000000000000000000000000000000000A8
:10D880000000000000000000000000000000000098
:10D890000000000000000000000000000000000088
:10D8A0000000000000000000000000000000000078
:10D8B0000000000000000000000000000000000068
:10D8C0000000000000000000000000000000000058
:10D8D0000000000000000000000000000000000048
:10D8E0000000000000000000000000000000000038
:10D8F0000000000000000000000000000000000028
:10D900000000000000000000000000000000000017
:10D910000000000000000000000000000000000007
:10D9200000000000000000000000000000000000F7
:10D9300000000000000000000000000000000000E7
:10D9400000000000000000000000000000000000D7
:10D9500000000000000000000000000000000000C7
:10D9600000000000000000000000000000000000B7
:10D9700000000000000000000000000000000000A7
:10D980000000000000000000000000000000000097
:10D990000000000000000000000000000000000087
:10D9A0000000000000000000000000000000000077
:10D9B0000000000000000000000000000000000067
:10D9C0000000000000000000000000000000000057
:10D9D0000000000000000000000000000000000047
:10D9E0000000000000000000000000000000000037
:10D9F0000000000000000000000000000000000027
:10DA00000000000000000000000000000000000016
:10DA10000000000000000000000000000000000006
:10DA200000000000000000000000000000000000F6
:10DA300000000000000000000000000000000000E6
:10DA400000000000000000000000000000000000D6
:10DA500000000000000000000000000000000000C6
:10DA600000000000000000000000000000000000B6
:10DA700000000000000000000000000000000000A6
:10DA80000000000000000000000000000000000096
:10DA90000000000000000000000000000000000086
:10DAA0000000000000000000000000000000000076
:10DAB0000000000000000000000000000000000066
:10DAC0000000000000000000000000000000000056
:10DAD0000000000000000000000000000000000046
:10DAE0000000000000000000000000000000000036
:10DAF0000000000000000000000000000000000026
:10DB00000000000000000000000000000000000015
:10DB10000000000000000000000000000000000005
:10DB200000000000000000000000000000000000F5
:10DB300000000000000000000000000000000000E5
:10DB400000000000000000000000000000000000D5
:10DB500000000000000000000000000000000000C5
:10DB600000000000000000000000000000000000B5
:10DB700000000000000000000000000000000000A5
:10DB80000000000000000000000000000000000095
:10DB90000000000000000000000000000000000085
:10DBA0000000000000000000000000000000000075
:10DBB0000000000000000000000000000000000065
:10DBC0000000000000000000000000000000000055
:10DBD0000000000000000000000000000000000045
:10DBE0000000000000000000000000000000000035
:10DBF0000000000000000000000000000000000025
:10DC00000000000000000000000000000000000014
:10DC10000000000000000000000000000000000004
:10DC200000000000000000000000000000000000F4
:10DC300000000000000000000000000000000000E4
:10DC400000000000000000000000000000000000D4
:10DC500000000000000000000000000000000000C4
:10DC600000000000000000000000000000000000B4
:10DC700000000000000000000000000000000000A4
:10DC80000000000000000000000000000000000094
:10DC90000000000000000000000000000000000084
:10DCA0000000000000000000000000000000000074
:10DCB0000000000000000000000000000000000064
:10DCC0000000000000000000000000000000000054
:10DCD0000000000000000000000000000000000044
:10DCE0000000000000000000000000000000000034
:10DCF0000000000000000000000000000000000024
:10DD00000000000000000000000000000000000013
:10DD10000000000000000000000000000000000003
:10DD200000000000000000000000000000000000F3
:10DD300000000000000000000000000000000000E3
:10DD400000000000000000000000000000000000D3
:10DD500000000000000000000000000000000000C3
:10DD600000000000000000000000000000000000B3
:10DD700000000000000000000000000000000000A3
:10DD80000000000000000000000000000000000093
:10DD90000000000000000000000000000000000083
:10DDA0000000000000000000000000000000000073
:10DDB0000000000000000000000000000000000063
:10DDC0000000000000000000000000000000000053
:10DDD0000000000000000000000000000000000043
:10DDE0000000000000000000000000000000000033
:10DDF0000000000000000000000000000000000023
:10DE00000000000000000000000000000000000012
:10DE10000000000000000000000000000000000002
:10DE200000000000000000000000000000000000F2
:10DE300000000000000000000000000000000000E2
:10DE400000000000000000000000000000000000D2
:10DE500000000000000000000000000000000000C2
:10DE600000000000000000000000000000000000B2
:10DE700000000000000000000000000000000000A2
:10DE80000000000000000000000000000000000092
:10DE90000000000000000000000000000000000082
:10DEA0000000000000000000000000000000000072
:10DEB0000000000000000000000000000000000062
:10DEC0000000000000000000000000000000000052
:10DED0000000000000000000000000000000000042
:10DEE0000000000000000000000000000000000032
:10DEF0000000000000000000000000000000000022
:10DF00000000000000000000000000000000000011
:10DF10000000000000000000000000000000000001
:10DF200000000000000000000000000000000000F1
:10DF300000000000000000000000000000000000E1
:10DF400000000000000000000000000000000000D1
:10DF500000000000000000000000000000000000C1
:10DF600000000000000000000000000000000000B1
:10DF700000000000000000000000000000000000A1
:10DF80000000000000000000000000000000000091
:10DF90000000000000000000000000000000000081
:10DFA0000000000000000000000000000000000071
:10DFB0000000000000000000000000000000000061
:10DFC0000000000000000000000000000000000051
:10DFD0000000000000000000000000000000000041
:10DFE0000000000000000000000000000000000031
:10DFF0000000000000000000000000000000000021
:10E000000000000000000000000000000000000010
:10E010000000000000000000000000000000000000
:10E0200000000000000000000000000000000000F0
:10E0300000000000000000000000000000000000E0
:10E0400000000000000000000000000000000000D0
:10E0500000000000000000000000000000000000C0
:10E0600000000000000000000000000000000000B0
:10E0700000000000000000000000000000000000A0
:10E080000000000000000000000000000000000090
:10E090000000000000000000000000000000000080
:10E0A0000000000000000000000000000000000070
:10E0B0000000000000000000000000000000000060
:10E0C0000000000000000000000000000000000050
:10E0D0000000000000000000000000000000000040
:10E0E0000000000000000000000000000000000030
:10E0F0000000000000000000000000000000000020
:10E10000000000000000000000000000000000000F
:10E1100000000000000000000000000000000000FF
:10E1200000000000000000000000000000000000EF
:10E1300000000000000000000000000000000000DF
:10E1400000000000000000000000000000000000CF
:10E1500000000000000000000000000000000000BF
:10E1600000000000000000000000000000000000AF
:10E17000000000000000000000000000000000009F
:10E18000000000000000000000000000000000008F
:10E19000000000000000000000000000000000007F
:10E1A000000000000000000000000000000000006F
:10E1B000000000000000000000000000000000005F
:10E1C000000000000000000000000000000000004F
:10E1D000000000000000000000000000000000003F
:10E1E000000000000000000000000000000000002F
:10E1F0000000B043C3FF0800020000000000000060
:10E20000000000000000000000000000000000000E
:10E2100000000030000000000000000000000000CE
:10E2200000000000000000000000000C00000000E2
:10E2300000000000000000000000000000000000DE
:10E2400000000000000000000000000000000000CE
:10E2500000000000000000000000000000000000BE
:10E2600000000000000000000000000000000000AE
:10E27000000000000000000000000000000000009E
:10E2800000000458F08F4C301EC3702CE3D1CCC773
:10E2900012228454301DC07CC17035BCDC105CB3CC
:10E2A000850332190680DCF2320100031C1057107E
:10E2B0006E800C47301DC3702CD3D1CCC7FE23F722
:10E2C000802C32D04808D512D0D8047CB3380B1F2C
:10E2D0002ABFC4EC1B720048133FE0CBD0F2428A45
:10E2E000092C3AE4882CD5324808D51207C01C31D5
:10E2F00070C4401203C27400FFC177896E026C873C
:10E30000202C71A80B132B084B6C72E38DC24604B2
:10E31000DE287C2780B5801F06241B9C07E31BCECC
:10E32000C211C124EC1E514742922CE43B90EFE213
:10E330001B896F125B496C93A349CEFF3F64FB902E
:10E340006DF29608451D606E24C902ED4A8137883A
:10E350001C706D02328FFC135A505C3E81044E01DA
:10E360002C0310A8E08306C432012BFC28020150C4
:10E370000BE3183F100808827A0FD402AB05F8258A
:10E38000002F0044000000DCDD7177C7DD1D7777CA
:10E39000DCDD7177C7DD1D7777DCDD7177C7DD1DCB
:10E3A0007777DCDD7177C7DD1D7777DCDD7177C7C7
:10E3B000DD1D7777DCDD7177C7DD1D7777DCDD71FB
:10E3C00077C7DD1D7777DCDD7177C7DD1D7777DCFB
:10E3D000DD7177C7DD1D7777DCDD7177C7DD1D77F0
:10E3E00077DCDD7177C7DD1D7777DCDD7177C7DD21
:10E3F0001D7777DCDD7177C7DD1D7777DCDD717721
:10E40000C7DD1D7777DCDD7177C7DD1D7777DCDD54
:10E410007177C7DD1D7777DCDD7177C7DD1D777715
:10E42000DCDD7177C7DD1D7777DCDD7177C7DD1D3A
:10E430007777DCDD7177C7DD1D7777DCDD7177C736
:10E44000DD1D7777DCDD7177C7DD1D7777DCDD716A
:10E4500077C7DD1D7777DCDD7177C7DD1D7777DC6A
:10E46000DD7177C7DD1D7777DCDD7177C7DD1D775F
:10E4700077DCDD7177C7DD1D7777DCDD7177C7DD90
:10E480001D7777DCDD7177C7DD1D7777DCDD717790
:10E49000C7DD1D7777DCDD7177C7DD1D7777DCDDC4
:10E4A0007177C7DD1D7777DCDD7177C7DD1D777785
:10E4B000DCDD7177C7DD1D7777DCDD7177C7DD1DAA
:10E4C0007777DCDD7177C7DD1D7777DCDD7177C7A6
:10E4D000DD1D7777DCDD7177C7DD1D7777DCDD71DA
:10E4E00077C7DD1D7777DCDD7177C7DD1D7777DCDA
:10E4F000DD7177C7DD1D7777DCDD7177C7DD1D77CF
:10E5000077DCDD7177C7DD1D7777DCDD7177C7DDFF
:10E510001D7777DCDD7177C7DD1D7777DCDD7177FF
:10E52000C7DD1D7777DCDD7177C7DD1D7777DCDD33
:10E530007177C7DD1D7777DCDD7177C7DD1D7777F4
:10E54000DCDD7177C7DD1D7777DCDD7177C7DD1D19
:10E550007777DCDD7177C7DD1D7777DCDD7177C715
:10E56000DD1D7777DCDD7177C7DD1D7777DCDD7149
:10E5700077C7DD1D7777DCDD7177C7DD1D7777DC49
:10E58000DD7177C7DD1D7777DCDD7177C7DD1D773E
:10E5900077DCDD7177C7DD1D7777DCDD7177C7DD6F
:10E5A0001D7777DCDD7177C7DD1D7777DCDD71776F
:10E5B000C7DD1D7777DCDD7177C7DD1D7777DCDDA3
:10E5C0007177C7DD1D7777DCDD7177C7DD1D777764
:10E5D000DCDD7177C7DD1D7777DCDD7177C7DD1D89
:10E5E0007777DCDD7177C7DD1D7777DCDD7177C785
:10E5F000DD1D7777DCDD7177C7DD1D7777DCDD71B9
:10E6000077C7DD1D7777DCDD7177C7DD1D7777DCB8
:10E61000DD7177C7DD1D7777DCDD7177C7DD1D77AD
:10E6200077DCDD7177C7DD1D7777DCDD7177C7DDDE
:10E630001D7777DCDD7177C7DD1D7777DCDD7177DE
:10E64000C7DD1D7777DCDD7177C7DD1D7777DCDD12
:10E650007177C7DD1D7777DCDD7177C7DD1D7777D3
:10E66000DCDD7177C7DD1D7777DCDD7177C7DD1DF8
:10E670007777DCDD7177C7DD1D7777DCDD7177C7F4
:10E68000DD1D7777DCDD7177C7DD1D7777DCDD7128
:10E6900077C7DD1D7777DCDD7177C7DD1D7777DC28
:10E6A000DD7177C7DD1D7777DCDD7177C7DD1D771D
:10E6B00077DCDD7177C7DD1D7777DCDD7177C7DD4E
:10E6C0001D7777DCDD7177C7DD1D7777DCDD71774E
:10E6D000C7DD1D7777DCDD7177C7DD1D7777DCDD82
:10E6E0007177C7DD1D7777DCDD7177C7DD1D777743
:10E6F000DCDD7177C7DD1D7777DCDD7177C7DD1D68
:10E700007777DCDD7177C7DD1D7777DCDD7177C763
:10E71000DD1D7777DCDD7177C7DD1D7777DCDD7197
:10E7200077C7DD1D7777DCDD7177C7DD1D7777DC97
:10E73000DD7177C7DD1D7777DCDD7177C7DD1D778C
:10E7400077DCDD7177C7DD1D7777DCDD7177C7DDBD
:10E750001D7777DCDD7177C7DD1D7777DCDD7177BD
:10E76000C7DD1D7777DCDD7177C7DD1D7777DCDDF1
:10E770007177C7DD1D7777DCDD7177C7DD1D7777B2
:10E78000DCDD7177C7DD1D7777DCDD7177C7DD1DD7
:10E790007777DCDD7177C7DD1D7777DCDD7177C7D3
:10E7A000DD1D7777DCDD7177C7DD1D7777DCDD7107
:10E7B00077C7DD1D7777DCDD7177C7DD1D7777DC07
:10E7C000DD7177C7DD1D7777DCDD7177C7DD1D77FC
:10E7D00077DCDD7177C7DD1D7777DCDD7177C7DD2D
:10E7E0001D7777DCDD7177C7DD1D7777DCDD71772D
:10E7F000C7DD1D7777DCDD7177C7DD1D7777DCDD61
:10E800007177C7DD1D7777DCDD7177C7DD1D777721
:10E81000DCDD7177C7DD1D7777DCDD7177C7DD1D46
:10E820007777DCDD7177C7DD1D7777DCDD7177C742
:10E83000DD1D7777DCDD7177C7DD1D7777DCDD7176
:10E8400077C7DD1D7777DCDD7177C7DD1D7777DC76
:10E85000DD7177C7DD1D7777DCDD7177C7DD1D776B
:10E8600077DCDD7177C7DD1D7777DCDD7177C7DD9C
:10E870001D7777DCDD7177C7DD1D7777DCDD71779C
:10E88000C7DD1D7777DCDD7177C7DD1D7777DCDDD0
:10E890007177C7DD1D7777DCDD7177C7DD1D777791
:10E8A000DCDD7177C7DD1D7777DCDD7177C7DD1DB6
:10E8B0007777DCDD7177C7DD1D7777DCDD7177C7B2
:10E8C000DD1D7777DCDD7177C7DD1D7777DCDD71E6
:10E8D00077C7DD1D7777DCDD7177C7DD1D7777DCE6
:10E8E000DD7177C7DD1D7777DCDD7177C7DD1D77DB
:10E8F00077DCDD7177C7DD1D7777DCDD7177C7DD0C
:10E900001D7777DCDD7177C7DD1D7777DCDD71770B
:10E91000C7DD1D7777DCDD7177C7DD1D7777DCDD3F
:10E920007177C7DD1D7777DCDD7177C7DD1D777700
:10E93000DCDD7177C7DD1D7777DCDD7177C7DD1D25
:10E940007777DCDD7177C7DD1D7777DCDD7177C721
:10E95000DD1D7777DCDD7177C7DD1D7777DCDD7155
:10E9600077C7DD1D7777DCDD7177C7DD1D7777DC55
:10E97000DD7177C7DD1D7777DCDD7177C7DD1D774A
:10E9800077DCDD7177C7DD1D7777DCDD7177C7DD7B
:10E990001D7777DCDD7177C7DD1D7777DCDD71777B
:10E9A000C7DD1D7777DCDD7177C7DD1D7777DCDDAF
:10E9B0007177C7DD1D7777DCDD7177C7DD1D777770
:10E9C000DCDD7177C7DD1D7777DCDD7177C7DD1D95
:10E9D0007777DCDD7177C7DD1D7777DCDD7177C791
:10E9E000DD1D7777DCDD7177C7DD1D7777DCDD71C5
:10E9F00077C7DD1D7777DCDD7177C7DD1D7777DCC5
:10EA0000DD7177C7DD1D7777DCDD7177C7DD1D77B9
:10EA100077DCDD7177C7DD1D7777DCDD7177C7DDEA
:10EA20001D7777DCDD7177C7DD1D7777DCDD7177EA
:10EA3000C7DD1D7777DCDD7177C7DD1D7777DCDD1E
:10EA40007177C7DD1D7777DCDD7177C7DD1D7777DF
:10EA5000DCDD7177C7DD1D7777DCDD7177C7DD1D04
:10EA60007777DCDD7177C7DD1D7777DCDD7177C700
:10EA7000DD1D7777DCDD7177C7DD1D7777DCDD7134
:10EA800077C7DD1D7777DCDD7177C7DD1D7777DC34
:10EA9000DD7177C7DD1D7777DCDD7177C7DD1D7729
:10EAA00077DCDD7177C7DD1D7777DCDD7177C7DD5A
:10EAB0001D7777DCDD7177C7DD1D7777DCDD71775A
:10EAC000C7DD1D7777DCDD7177C7DD1D7777DCDD8E
:10EAD0007177C7DD1D7777DCDD7177C7DD1D77774F
:10EAE000DCDD7177C7DD1D7777DCDD7177C7DD1D74
:10EAF0007777000000000000000000000000000028
:10EB00000000000000000000000000000000000005
:10EB100000000000000000000000000000000000F5
:10EB200000000000000000000000000000000000E5
:10EB300000000000000000000000000000000000D5
:10EB400000000000000000000000000000000000C5
:10EB500000000000000000000000000000000000B5
:10EB600000000000000000000000000000000000A5
:10EB70000000000000000000000000000000000095
:10EB80000000000000000000000000000000000085
:10EB90000000000000000000000000000000000075
:10EBA0000000000000000000000000000000000065
:10EBB0000000000000000000000000000000000055
:10EBC0000000000000000000000000000000000045
:10EBD0000000000000000000000000000000000035
:10EBE0000000000000000000000000000000000025
:10EBF0000000000000000000000000000000000015
:10EC00000000000000000000000000000000000004
:10EC100000000000000000000000000000000000F4
:10EC200000000000000000000000000000000000E4
:10EC300000000000000000000000000000000000D4
:10EC400000000000000000000000000000000000C4
:10EC500000000000000000000000000000000000B4
:10EC600000000000000000000000000000000000A4
:10EC70000000000000000000000000000000000094
:10EC80000000000000000000000000000000000084
:10EC90000000000000000000000000000000000074
:10ECA0000000000000000000000000000000000064
:10ECB0000000000000000000000000000000000054
:10ECC0000000000000000000000000000000000044
:10ECD0000000000000000000000000000000000034
:10ECE0000000000000000000000000000000000024
:10ECF0000000000000000000000000000000000014
:10ED00000000000000000000000000000000000003
:10ED100000000000000000000000000000000000F3
:10ED200000000000000000000000000000000000E3
:10ED300000000000000000000000000000000000D3
:10ED400000000000000000000000000000000000C3
:10ED500000000000000000000000000000000000B3
:10ED600000000000000000000000000000000000A3
:10ED70000000000000000000000000000000000093
:10ED80000000000000000000000000000000000083
:10ED90000000000000000000000000000000000073
:10EDA0000000000000000000000000000000000063
:10EDB0000000000000000000000000000000000053
:10EDC0000000000000000000000000000000000043
:10EDD0000000000000000000000000000000000033
:10EDE0000000000000000000000000000000000023
:10EDF0000000000000000000000000000000000013
:10EE00000000000000000000000000000000000002
:10EE100000000000000000000000000000000000F2
:10EE200000000000000000000000000000000000E2
:10EE300000000000000000000000000000000000D2
:10EE400000000000000000000000000000000000C2
:10EE500000000000000000000000000000000000B2
:10EE600000000000000000000000000000000000A2
:10EE70000000000000000000000000000000000092
:10EE80000000000000000000000000000000000082
:10EE90000000000000000000000000000000000072
:10EEA0000000000000000000000000000000000062
:10EEB0000000000000000000000000000000000052
:10EEC0000000000000000000000000000000000042
:10EED0000000000000000000000000000000000032
:10EEE0000000000000000000000000000000000022
:10EEF0000000000000000000000000000000000012
:10EF00000000000000000000000000000000000001
:10EF100000000000000000000000000000000000F1
:10EF200000000000000000000000000000000000E1
:10EF300000000000000000000000000000000000D1
:10EF400000000000000000000000000000000000C1
:10EF500000000000000000000000000000000000B1
:10EF600000000000000000000000000000000000A1
:10EF70000000000000000000000000000000000091
:10EF80000000000000000000000000000000000081
:10EF90000000000000000000000000000000000071
:10EFA0000000000000000000000000000000000061
:10EFB0000000000000000000000000000000000051
:10EFC0000000000000000000000000000000000041
:10EFD0000000000000000000000000000000000031
:10EFE0000000000000000000000000000000000021
:10EFF0000000000000000000000000000000000011
:10F000000000000000000000000000000000000000
:10F0100000000000000000000000000000000000F0
:10F0200000000000000000000000000000000000E0
:10F0300000000000000000000000000000000000D0
:10F0400000000000000000000000000000000000C0
:10F0500000000000000000000000000000000000B0
:10F0600000000000000000000000000000000000A0
:10F070000000000000000000000000000000000090
:10F080000000000000000000000000000000000080
:10F090000000000000000000000000000000000070
:10F0A0000000000000000000000000000000000060
:10F0B0000000000000000000000000000000000050
:10F0C0000000000000000000000000000000000040
:10F0D0000000000000000000000000000000000030
:10F0E0000000000000000000000000000000000020
:10F0F0000000000000000000000000000000000010
:10F1000000000000000000000000000000000000FF
:10F1100000000000000000000000000000000000EF
:10F1200000000000000000000000000000000000DF
:10F1300000000000000000000000000000000000CF
:10F1400000000000000000000000000000000000BF
:10F1500000000000000000000000000000000000AF
:10F16000000000000000000000000000000000009F
:10F17000000000000000000000000000000000008F
:10F18000000000000000000000000000000000007F
:10F19000000000000000000000000000000000006F
:10F1A000000000000000000000000000000000005F
:10F1B000000000000000000000000000000000004F
:10F1C000000000000000000000000000000000003F
:10F1D000000000000000000000000000000000002F
:10F1E000000000000000000000000000000000001F
:10F1F000000000000000000000000000000000000F
:10F2000000000000000000000000000000000000FE
:10F2100000000000000000000000000000000000EE
:10F2200000000000000000000000000000000000DE
:10F2300000000000000000000000000000000000CE
:10F2400000000000000000000000000000000000BE
:10F2500000000000000000000000000000000000AE
:10F26000000000000000000000000000000000009E
:10F27000000000000000000000000000000000008E
:10F28000000000000000000000000000000000007E
:10F29000000000000000000000000000000000006E
:10F2A000000000000000000000000000000000005E
:10F2B000000000000000000000000000000000004E
:10F2C000000000000000000000000000000000003E
:10F2D000000000000000000000000000000000002E
:10F2E000000000000000000000000000000000001E
:10F2F000000000000000000000000000000000000E
:10F3000000000000000000000000000000000000FD
:10F3100000000000000000000000000000000000ED
:10F3200000000000000000000000000000000000DD
:10F3300000000000000000000000000000000000CD
:10F3400000000000000000000000000000000000BD
:10F3500000000000000000000000000000000000AD
:10F36000000000000000000000000000000000009D
:10F37000000000000000000000000000000000008D
:10F38000000000000000000000000000000000007D
:10F39000000000000000000000000000000000006D
:10F3A000000000000000000000000000000000005D
:10F3B000000000000000000000000000000000004D
:10F3C000000000000000000000000000000000003D
:10F3D000000000000000000000000000000000002D
:10F3E000000000000000000000000000000000001D
:10F3F000000000000000000000000000000000000D
:10F4000000000000000000000000000000000000FC
:10F4100000000000000000000000000000000000EC
:10F4200000000000000000000000000000000000DC
:10F4300000000000000000000000000000000000CC
:10F4400000000000000000000000000000000000BC
:10F4500000000000000000000000000000000000AC
:10F46000000000000000000000000000000000009C
:10F47000000000000000000000000000000000008C
:10F48000000000000000000000000000000000007C
:10F49000000000000000000000000000000000006C
:10F4A000000000000000000000000000000000005C
:10F4B000000000000000000000000000000000004C
:10F4C000000000000000000000000000000000003C
:10F4D000000000000000000000000000000000002C
:10F4E000000000000000000000000000000000001C
:10F4F000000000000000000000000000000000000C
:10F5000000000000000000000000000000000000FB
:10F5100000000000000000000000000000000000EB
:10F5200000000000000000000000000000000000DB
:10F5300000000000000000000000000000000000CB
:10F5400000000000000000000000000000000000BB
:10F5500000000000000000000000000000000000AB
:10F56000000000000000000000000000000000009B
:10F57000000000000000000000000000000000008B
:10F58000000000000000000000000000000000007B
:10F59000000000000000000000000000000000006B
:10F5A000000000000000000000000000000000005B
:10F5B000000000000000000000000000000000004B
:10F5C000000000000000000000000000000000003B
:10F5D000000000000000000000000000000000002B
:10F5E000000000000000000000000000000000001B
:10F5F000000000000000000000000000000000000B
:10F6000000000000000000000000000000000000FA
:10F6100000000000000000000000000000000000EA
:10F6200000000000000000000000000000000000DA
:10F6300000000000000000000000000000000000CA
:10F6400000000000000000000000000000000000BA
:10F6500000000000000000000000000000000000AA
:10F66000000000000000000000000000000000009A
:10F67000000000000000000000000000000000008A
:10F68000000000000000000000000000000000007A
:10F69000000000000000000000000000000000006A
:10F6A000000000000000000000000000000000005A
:10F6B000000000000000000000000000000000004A
:10F6C000000000000000000000000000000000003A
:10F6D000000000000000000000000000000000002A
:10F6E000000000000000000000000000000000001A
:10F6F000000000000000000000000000000000000A
:10F7000000000000000000000000000000000000F9
:10F7100000000000000000000000000000000000E9
:10F7200000000000000000000000000000000000D9
:10F7300000000000000000000000000000000000C9
:10F7400000000000000000000000000000000000B9
:10F7500000000000000000000000000000000000A9
:10F760000000000000000000000000000000000099
:10F770000000000000000000000000000000000089
:10F780000000000000000000000000000000000079
:10F790000000000000000000000000000000000069
:10F7A0000000000000000000000000000000000059
:10F7B0000000000000000000000000000000000049
:10F7C0000000000000000000000000000000000039
:10F7D0000000000000000000000000000000000029
:10F7E0000000000000000000000000000000000019
:10F7F0000000000000000000000000000000000009
:10F8000000000000000000000000000000000000F8
:10F8100000000000000000000000000000000000E8
:10F8200000000000000000000000000000000000D8
:10F8300000000000000000000000000000000000C8
:10F8400000000000000000000000000000000000B8
:10F8500000000000000000000000000000000000A8
:10F860000000000000000000000000000000000098
:10F870000000000000000000000000000000000088
:10F880000000000000000000000000000000000078
:10F890000000000000000000000000000000000068
:10F8A0000000000000000000000000000000000058
:10F8B0000000000000000000000000000000000048
:10F8C0000000000000000000000000000000000038
:10F8D0000000000000000000000000000000000028
:10F8E0000000000000000000000000000000000018
:10F8F0000000000000000000000000000000000008
:10F9000000000000000000000000000000000000F7
:10F9100000000000000000000000000000000000E7
:10F9200000000000000000000000000000000000D7
:10F9300000000000000000000000000000000000C7
:10F9400000000000000000000000000000000000B7
:10F9500000000000000000000000000000000000A7
:10F960000000000000000000000000000000000097
:10F970000000000000000000000000000000000087
:10F980000000000000000000000000000000000077
:10F990000000000000000000000000000000000067
:10F9A0000000000000000000000000000000000057
:10F9B0000000000000000000000000000000000047
:10F9C0000000000000000000000000000000000037
:10F9D0000000000000000000000000000000000027
:10F9E0000000000000000000000000000000000017
:10F9F0000000000000000000000000000000000007
:10FA000000000000000000000000000000000000F6
:10FA100000000000000000000000000000000000E6
:10FA200000000000000000000000000000000000D6
:10FA300000000000000000000000000000000000C6
:10FA400000000000000000000000000000000000B6
:10FA500000000000000000000000000000000000A6
:10FA60000000000000000000000000000000000096
:10FA70000000000000000000000000000000000086
:10FA80000000000000000000000000000000000076
:10FA90000000000000000000000000000000000066
:10FAA0000000000000000000000000000000000056
:10FAB0000000000000000000000000000000000046
:10FAC0000000000000000000000000000000000036
:10FAD0000000000000000000000000000000000026
:10FAE0000000000000000000000000000000000016
:10FAF0000000000000000000000000000000000006
:10FB000000000000000000000000000000000000F5
:10FB100000000000000000000000000000000000E5
:10FB200000000000000000000000000000000000D5
:10FB300000000000000000000000000000000000C5
:10FB400000000000000000000000000000000000B5
:10FB500000000000000000000000000000000000A5
:10FB60000000000000000000000000000000000095
:10FB70000000000000000000000000000000000085
:10FB80000000000000000000000000000000000075
:10FB90000000000000000000000000000000000065
:10FBA0000000000000000000000000000000000055
:10FBB0000000000000000000000000000000000045
:10FBC0000000000000000000000000000000000035
:10FBD0000000000000000000000000000000000025
:10FBE0000000000000000000000000000000000015
:10FBF0000000000000000000000000000000000005
:10FC000000000000000000000000000000000000F4
:10FC100000000000000000000000000000000000E4
:10FC200000000000000000000000000000000000D4
:10FC300000000000000000000000000000000000C4
:10FC400000000000000000000000000000000000B4
:10FC500000000000000000000000000000000000A4
:10FC60000000000000000000000000000000000094
:10FC70000000000000000000000000000000000084
:10FC80000000000000000000000000000000000074
:10FC90000000000000000000000000000000000064
:10FCA0000000000000000000000000000000000054
:10FCB0000000000000000000000000000000000044
:10FCC0000000000000000000000000000000000034
:10FCD0000000000000000000000000000000000024
:10FCE0000000000000000000000000000000000014
:10FCF0000000000000000000000000000000000004
:10FD000000000000000000000000000000000000F3
:10FD100000000000000000000000000000000000E3
:10FD200000000000000000000000000000000000D3
:10FD300000000000000000000000000000000000C3
:10FD400000000000000000000000000000000000B3
:10FD500000000000000000000000000000000000A3
:10FD60000000000000000000000000000000000093
:10FD70000000000000000000000000000000000083
:10FD80000000000000000000000000000000000073
:10FD90000000000000000000000000000000000063
:10FDA0000000000000000000000000000000000053
:10FDB0000000000000000000000000000000000043
:10FDC0000000000000000000000000000000000033
:10FDD0000000000000000000000000000000000023
:10FDE0000000000000000000000000000000000013
:10FDF0000000000000000000000000000000000003
:10FE000000000000000000000000000000000000F2
:10FE100000000000000000000000000000000000E2
:10FE200000000000000000000000000000000000D2
:10FE300000000000000000000000000000000000C2
:10FE400000000000000000000000000000000000B2
:10FE500000000000000000000000000000000000A2
:10FE60000000000000000000000000000000000092
:10FE70000000000000000000000000000000000082
:10FE80000000000000000000000000000000000072
:10FE90000000000000000000000000000000000062
:10FEA0000000000000000000000000000000000052
:10FEB0000000000000000000000000000000000042
:10FEC0000000000000000000000000000000000032
:10FED0000000000000000000000000000000000022
:10FEE0000000000000000000000000000000000012
:10FEF0000000000000000000000000000000000002
:10FF000000000000000000000000000000000000F1
:10FF100000000000000000000000000000000000E1
:10FF200000000000000000000000000000000000D1
:10FF300000000000000000000000000000000000C1
:10FF400000000000000000000000000000000000B1
:10FF500000000000000000000000000000000000A1
:10FF60000000000000000000000000000000000091
:10FF70000000000000000000000000000000000081
:10FF80000000000000000000000000000000000071
:10FF90000000000000000000000000000000000061
:10FFA0000000000000000000000000000000000051
:10FFB0000000000000000000000000000000000041
:10FFC0000000000000000000000000000000000031
:10FFD0000000000000000000000000000000000021
:10FFE0000000000000000000000000000000000011
:10FFF0000000000000000000000000000000000001
:020000040005F5
:1000000000000000000000000000000000000000F0
:1000100000000000000000000000000000000000E0
:1000200000000000000000000000000000000000D0
:1000300000000000000000000000000000000000C0
:1000400000000000000000000000000000000000B0
:1000500000000000000000000000000000000000A0
:100060000000000000000000000000000000000090
:100070000000000000000000000000000000000080
:100080000000000000000000000000000000000070
:100090000000000000000000000000000000000060
:1000A0000000000000000000000000000000000050
:1000B0000000000000000000000000000000000040
:1000C0000000000000000000000000000000000030
:1000D0000000000000000000000000000000000020
:1000E0000000000000000000000000000000000010
:1000F0000000000000000000000000000000000000
:1001000000000000000000000000000000000000EF
:1001100000000000000000000000000000000000DF
:1001200000000000000000000000000000000000CF
:1001300000000000000000000000000000000000BF
:1001400000000000000000000000000000000000AF
:10015000000000000000000000000000000000009F
:10016000000000000000000000000000000000008F
:10017000000000000000000000000000000000007F
:10018000000000000000000000000000000000006F
:10019000000000000000000000000000000000005F
:1001A000000000000000000000000000000000004F
:1001B000000000000000000000000000000000003F
:1001C000000000000000000000000000000000002F
:1001D000000000000000000000000000000000001F
:1001E000000000000000000000000000000000000F
:1001F00000000000000000000000000000000000FF
:1002000000000000000000000000000000000000EE
:1002100000000000000000000000000000000000DE
:1002200000000000000000000000000000000000CE
:1002300000000000000000000000000000000000BE
:1002400000000000000000000000000000000000AE
:10025000000000000000000000000000000000009E
:10026000000000000000000000000000000000008E
:10027000000000000000000000000000000000007E
:10028000000000000000000000000000000000006E
:10029000000000000000000000000000000000005E
:1002A000000000000000000000000000000000004E
:1002B000000000000000000000000000000000003E
:1002C000000000000000000000000000000000002E
:1002D000000000000000000000000000000000001E
:1002E000000000000000000000000000000000000E
:1002F00000000000000000000000000000000000FE
:1003000000000000000000000000000000000000ED
:1003100000000000000000000000000000000000DD
:1003200000000000000000000000000000000000CD
:1003300000000000000000000000000000000000BD
:1003400000000000000000000000000000000000AD
:10035000000000000000000000000000000000009D
:10036000000000000000000000000000000000008D
:10037000000000000000000000000000000000007D
:10038000000000000000000000000000000000006D
:10039000000000000000000000000000000000005D
:1003A000000000000000000000000000000000004D
:1003B000000000000000000000000000000000003D
:1003C000000000000000000000000000000000002D
:1003D000000000000000000000000000000000001D
:1003E000000000000000000000000000000000000D
:1003F00000000000000000000000000000000000FD
:1004000000000000000000000000000000000000EC
:1004100000000000000000000000000000000000DC
:1004200000000000000000000000000000000000CC
:1004300000000000000000000000000000000000BC
:1004400000000000000000000000000000000000AC
:10045000000000000000000000000000000000009C
:10046000000000000000000000000000000000008C
:10047000000000000000000000000000000000007C
:10048000000000000000000000000000000000006C
:10049000000000000000000000000000000000005C
:1004A000000000000000000000000000000000004C
:1004B000000000000000000000000000000000003C
:1004C000000000000000000000000000000000002C
:1004D000000000000000000000000000000000001C
:1004E000000000000000000000000000000000000C
:1004F00000000000000000000000000000000000FC
:1005000000000000000000000000000000000000EB
:1005100000000000000000000000000000000000DB
:1005200000000000000000000000000000000000CB
:1005300000000000000000000000000000000000BB
:1005400000000000000000000000000000000000AB
:10055000000000000000000000000000000000009B
:10056000000000000000000000000000000000008B
:10057000000000000000000000000000000000007B
:10058000000000000000000000000000000000006B
:10059000000000000000000000000000000000005B
:1005A000000000000000000000000000000000004B
:1005B000000000000000000000000000000000003B
:1005C000000000000000000000000000000000002B
:1005D000000000000000000000000000000000001B
:1005E000000000000000000000000000000000000B
:1005F00000000000000000000000000000000000FB
:1006000000000000000000000000000000000000EA
:1006100000000000000000000000000000000000DA
:1006200000000000000000000000000000000000CA
:1006300000000000000000000000000000000000BA
:1006400000000000000000000000000000000000AA
:10065000000000000000000000000000000000009A
:10066000000000000000000000000000000000008A
:10067000000000000000000000000000000000007A
:10068000000000000000000000000000000000006A
:10069000000000000000000000000000000000005A
:1006A000000000000000000000000000000000004A
:1006B000000000000000000000000000000000003A
:1006C000000000000000000000000000000000002A
:1006D000000000000000000000000000000000001A
:1006E000000000000000000000000000000000000A
:1006F00000000000000000000000000000000000FA
:1007000000000000000000000000000000000000E9
:1007100000000000000000000000000000000000D9
:1007200000000000000000000000000000000000C9
:1007300000000000000000000000000000000000B9
:1007400000000000000000000000000000000000A9
:100750000000000000000000000000000000000099
:100760000000000000000000000000000000000089
:100770000000000000000000000000000000000079
:100780000000000000000000000000000000000069
:100790000000000000000000000000000000000059
:1007A0000000000000000000000000000000000049
:1007B0000000000000000000000000000000000039
:1007C0000000000000000000000000000000000029
:1007D0000000000000000000000000000000000019
:1007E0000000000000000000000000000000000009
:1007F00000000000000000000000000000000000F9
:1008000000000000000000000000000000000000E8
:1008100000000000000000000000000000000000D8
:1008200000000000000000000000000000000000C8
:1008300000000000000000000000000000000000B8
:1008400000000000000000000000000000000000A8
:100850000000000000000000000000000000000098
:100860000000000000000000000000000000000088
:100870000000000000000000000000000000000078
:100880000000000000000000000000000000000068
:100890000000000000000000000000000000000058
:1008A0000000000000000000000000000000000048
:1008B0000000000000000000000000000000000038
:1008C0000000000000000000000000000000000028
:1008D0000000000000000000000000000000000018
:1008E0000000000000000000000000000000000008
:1008F00000000000000000000000000000000000F8
:1009000000000000000000000000000000000000E7
:1009100000000000000000000000000000000000D7
:1009200000000000000000000000000000000000C7
:1009300000000000000000000000000000000000B7
:1009400000000000000000000000000000000000A7
:100950000000000000000000000000000000000097
:100960000000000000000000000000000000000087
:100970000000000000000000000000000000000077
:100980000000000000000000000000000000000067
:100990000000000000000000000000000000000057
:1009A0000000000000000000000000000000000047
:1009B0000000000000000000000000000000000037
:1009C0000000000000000000000000000000000027
:1009D0000000000000000000000000000000000017
:1009E0000000000000000000000000000000000007
:1009F00000000000000000000000000000000000F7
:100A000000000000000000000000000000000000E6
:100A100000000000000000000000000000000000D6
:100A200000000000000000000000000000000000C6
:100A300000000000000000000000000000000000B6
:100A400000000000000000000000000000000000A6
:100A50000000000000000000000000000000000096
:100A60000000000000000000000000000000000086
:100A70000000000000000000000000000000000076
:100A80000000000000000000000000000000000066
:100A90000000000000000000000000000000000056
:100AA0000000000000000000000000000000000046
:100AB0000000000000000000000000000000000036
:100AC0000000000000000000000000000000000026
:100AD0000000000000000000000000000000000016
:100AE0000000000000000000000000000000000006
:100AF00000000000000000000000000000000000F6
:100B000000000000000000000000000000000000E5
:100B100000000000000000000000000000000000D5
:100B200000000000000000000000000000000000C5
:100B300000000000000000000000000000000000B5
:100B400000000000000000000000000000000000A5
:100B50000000000000000000000000000000000095
:100B60000000000000000000000000000000000085
:100B70000000000000000000000000000000000075
:100B80000000000000000000000000000000000065
:100B90000000000000000000000000000000000055
:100BA0000000000000000000000000000000000045
:100BB0000000000000000000000000000000000035
:100BC0000000000000000000000000000000000025
:100BD0000000000000000000000000000000000015
:100BE0000000000000000000000000000000000005
:100BF00000000000000000000000000000000000F5
:100C000000000000000000000000000000000000E4
:100C100000000000000000000000000000000000D4
:100C200000000000000000000000000000000000C4
:100C300000000000000000000000000000000000B4
:100C400000000000000000000000000000000000A4
:100C50000000000000000000000000000000000094
:100C60000000000000000000000000000000000084
:100C70000000000000000000000000000000000074
:100C80000000000000000000000000000000000064
:100C90000000000000000000000000000000000054
:100CA0000000000000000000000000000000000044
:100CB0000000000000000000000000000000000034
:100CC0000000000000000000000000000000000024
:100CD0000000000000000000000000000000000014
:100CE0000000000000000000000000000000000004
:100CF00000000000000000000000000000000000F4
:100D000000000000000000000000000000000000E3
:100D100000000000000000000000000000000000D3
:100D200000000000000000000000000000000000C3
:100D300000000000000000000000000000000000B3
:100D400000000000000000000000000000000000A3
:100D50000000000000000000000000000000000093
:100D60000000000000000000000000000000000083
:100D70000000000000000000000000000000000073
:100D80000000000000000000000000000000000063
:100D90000000000000000000000000000000000053
:100DA0000000000000000000000000000000000043
:100DB0000000000000000000000000000000000033
:100DC0000000000000000000000000000000000023
:100DD0000000000000000000000000000000000013
:100DE0000000000000000000000000000000000003
:100DF00000000000000000000000000000000000F3
:100E000000000000000000000000000000000000E2
:100E100000000000000000000000000000000000D2
:100E200000000000000000000000000000000000C2
:100E300000000000000000000000000000000000B2
:100E400000000000000000000000000000000000A2
:100E50000000000000000000000000000000000092
:100E60000000000000000000000000000000000082
:100E70000000000000000000000000000000000072
:100E80000000000000000000000000000000000062
:100E90000000000000000000000000000000000052
:100EA0000000000000000000000000000000000042
:100EB0000000000000000000000000000000000032
:100EC0000000000000000000000000000000000022
:100ED0000000000000000000000000000000000012
:100EE0000000000000000000000000000000000002
:100EF00000000000000000000000000000000000F2
:100F000000000000000000000000000000000000E1
:100F100000000000000000000000000000000000D1
:100F200000000000000000000000000000000000C1
:100F300000000000000000000000000000000000B1
:100F400000000000000000000000000000000000A1
:100F50000000000000000000000000000000000091
:100F60000000000000000000000000000000000081
:100F70000000000000000000000000000000000071
:100F80000000000000000000000000000000000061
:100F90000000000000000000000000000000000051
:100FA0000000000000000000000000000000000041
:100FB0000000000000000000000000000000000031
:100FC0000000000000000000000000000000000021
:100FD0000000000000000000000000000000000011
:100FE0000000000000000000000000000000000001
:100FF00000000000000000000000000000000000F1
:1010000000000000000000000000000000000000E0
:1010100000000000000000000000000000000000D0
:1010200000000000000000000000000000000000C0
:1010300000000000000000000000000000000000B0
:1010400000000000000000000000000000000000A0
:101050000000000000000000000000000000000090
:101060000000000000000000000000000000000080
:101070000000000000000000000000000000000070
:101080000000000000000000000000000000000060
:101090000000000000000000000000000000000050
:1010A0000000000000000000000000000000000040
:1010B0000000000000000000000000000000000030
:1010C0000000000000000000000000000000000020
:1010D0000000000000000000000000000000000010
:1010E0000000000000000000000000000000000000
:1010F00000000000000000000000000000000000F0
:1011000000000000000000000000000000000000DF
:1011100000000000000000000000000000000000CF
:1011200000000000000000000000000000000000BF
:1011300000000000000000000000000000000000AF
:10114000000000000000000000000000000000009F
:10115000000000000000000000000000000000008F
:10116000000000000000000000000000000000007F
:10117000000000000000000000000000000000006F
:10118000000000000000000000000000000000005F
:10119000000000000000000000000000000000004F
:1011A000000000000000000000000000000000003F
:1011B000000000000000000000000000000000002F
:1011C000000000000000000000000000000000001F
:1011D000000000000000000000000000000000000F
:1011E00000000000000000000000000000000000FF
:1011F00000000000000000000000000000000000EF
:1012000000000000000000000000000000000000DE
:1012100000000000000000000000000000000000CE
:1012200000000000000000000000000000000000BE
:1012300000000000000000000000000000000000AE
:10124000000000000000000000000000000000009E
:10125000000000000000000000000000000000008E
:10126000000000000000000000000000000000007E
:10127000000000000000000000000000000000006E
:10128000000000000000000000000000000000005E
:10129000000000000000000000000000000000004E
:1012A000000000000000000000000000000000003E
:1012B000000000000000000000000000000000002E
:1012C000000000000000000000000000000000001E
:1012D000000000000000000000000000000000000E
:1012E00000000000000000000000000000000000FE
:1012F00000000000000000000000000000000000EE
:1013000000000000000000000000000000000000DD
:1013100000000000000000000000000000000000CD
:1013200000000000000000000000000000000000BD
:1013300000000000000000000000000000000000AD
:10134000000000000000000000000000000000009D
:10135000000000000000000000000000000000008D
:10136000000000000000000000000000000000007D
:10137000000000000000000000000000000000006D
:10138000000000000000000000000000000000005D
:10139000000000000000000000000000000000004D
:1013A000000000000000000000000000000000003D
:1013B000000000000000000000000000000000002D
:1013C000000000000000000000000000000000001D
:1013D000000000000000000000000000000000000D
:1013E00000000000000000000000000000000000FD
:1013F00000000000000000000000000000000000ED
:1014000000000000000000000000000000000000DC
:1014100000000000000000000000000000000000CC
:1014200000000000000000000000000000000000BC
:1014300000000000000000000000000000000000AC
:10144000000000000000000000000000000000009C
:10145000000000000000000000000000000000008C
:10146000000000000000000000000000000000007C
:10147000000000000000000000000000000000006C
:10148000000000000000000000000000000000005C
:10149000000000000000000000000000000000004C
:1014A000000000000000000000000000000000003C
:1014B000000000000000000000000000000000002C
:1014C000000000000000000000000000000000001C
:1014D000000000000000000000000000000000000C
:1014E00000000000000000000000000000000000FC
:1014F00000000000000000000000000000000000EC
:1015000000000000000000000000000000000000DB
:1015100000000000000000000000000000000000CB
:1015200000000000000000000000000000000000BB
:1015300000000000000000000000000000000000AB
:10154000000000000000000000000000000000009B
:10155000000000000000000000000000000000008B
:10156000000000000000000000000000000000007B
:10157000000000000000000000000000000000006B
:10158000000000000000000000000000000000005B
:10159000000000000000000000000000000000004B
:1015A000000000000000000000000000000000003B
:1015B000000000000000000000000000000000002B
:1015C000000000000000000000000000000000001B
:1015D000000000000000000000000000000000000B
:1015E00000000000000000000000000000000000FB
:1015F00000000000000000000000000000000000EB
:1016000000000000000000000000000000000000DA
:1016100000000000000000000000000000000000CA
:1016200000000000000000000000000000000000BA
:1016300000000000000000000000000000000000AA
:10164000000000000000000000000000000000009A
:10165000000000000000000000000000000000008A
:10166000000000000000000000000000000000007A
:10167000000000000000000000000000000000006A
:10168000000000000000000000000000000000005A
:10169000000000000000000000000000000000004A
:1016A000000000000000000000000000000000003A
:1016B000000000000000000000000000000000002A
:1016C000000000000000000000000000000000001A
:1016D000000000000000000000000000000000000A
:1016E00000000000000000000000000000000000FA
:1016F00000000000000000000000000000000000EA
:1017000000000000000000000000000000000000D9
:1017100000000000000000000000000000000000C9
:1017200000000000000000000000000000000000B9
:1017300000000000000000000000000000000000A9
:101740000000000000000000000000000000000099
:101750000000000000000000000000000000000089
:101760000000000000000000000000000000000079
:101770000000000000000000000000000000000069
:101780000000000000000000000000000000000059
:101790000000000000000000000000000000000049
:1017A0000000000000000000000000000000000039
:1017B0000000000000000000000000000000000029
:1017C0000000000000000000000000000000000019
:1017D0000000000000000000000000000000000009
:1017E00000000000000000000000000000000000F9
:1017F00000000000000000000000000000000000E9
:1018000000000000000000000000000000000000D8
:1018100000000000000000000000000000000000C8
:1018200000000000000000000000000000000000B8
:1018300000000000000000000000000000000000A8
:101840000000000000000000000000000000000098
:101850000000000000000000000000000000000088
:101860000000000000000000000000000000000078
:101870000000000000000000000000000000000068
:101880000000000000000000000000000000000058
:101890000000000000000000000000000000000048
:1018A0000000000000000000000000000000000038
:1018B0000000000000000000000000000000000028
:1018C0000000000000000000000000000000000018
:1018D0000000000000000000000000000000000008
:1018E00000000000000000000000000000000000F8
:1018F00000000000000000000000000000000000E8
:1019000000000000000000000000000000000000D7
:1019100000000000000000000000000000000000C7
:1019200000000000000000000000000000000000B7
:1019300000000000000000000000000000000000A7
:101940000000000000000000000000000000000097
:101950000000000000000000000000000000000087
:101960000000000000000000000000000000000077
:101970000000000000000000000000000000000067
:101980000000000000000000000000000000000057
:101990000000000000000000000000000000000047
:1019A0000000000000000000000000000000000037
:1019B0000000000000000000000000000000000027
:1019C0000000000000000000000000000000000017
:1019D0000000000000000000000000000000000007
:1019E00000000000000000000000000000000000F7
:1019F00000000000000000000000000000000000E7
:101A000000000000000000000000000000000000D6
:101A100000000000000000000000000000000000C6
:101A200000000000000000000000000000000000B6
:101A300000000000000000000000000000000000A6
:101A40000000000000000000000000000000000096
:101A50000000000000000000000000000000000086
:101A60000000000000000000000000000000000076
:101A70000000000000000000000000000000000066
:101A80000000000000000000000000000000000056
:101A90000000000000000000000000000000000046
:101AA0000000000000000000000000000000000036
:101AB0000000000000000000000000000000000026
:101AC0000000000000000000000000000000000016
:101AD0000000000000000000000000000000000006
:101AE00000000000000000000000000000000000F6
:101AF00000000000000000000000000000000000E6
:101B000000000000000000000000000000000000D5
:101B100000000000000000000000000000000000C5
:101B200000000000000000000000000000000000B5
:101B300000000000000000000000000000000000A5
:101B40000000000000000000000000000000000095
:101B50000000000000000000000000000000000085
:101B60000000000000000000000000000000000075
:101B70000000000000000000000000000000000065
:101B80000000000000000000000000000000000055
:101B90000000000000000000000000000000000045
:101BA0000000000000000000000000000000000035
:101BB0000000000000000000000000000000000025
:101BC0000000000000000000000000000000000015
:101BD0000000000000000000000000000000000005
:101BE00000000000000000000000000000000000F5
:101BF00000000000000000000000000000000000E5
:101C000000000000000000000000000000000000D4
:101C100000000000000000000000000000000000C4
:101C200000000000000000000000000000000000B4
:101C300000000000000000000000000000000000A4
:101C40000000000000000000000000000000000094
:101C50000000000000000000000000000000000084
:101C60000000000000000000000000000000000074
:101C70000000000000000000000000000000000064
:101C80000000000000000000000000000000000054
:101C90000000000000000000000000000000000044
:101CA0000000000000000000000000000000000034
:101CB0000000000000000000000000000000000024
:101CC0000000000000000000000000000000000014
:101CD0000000000000000000000000000000000004
:101CE00000000000000000000000000000000000F4
:101CF00000000000000000000000000000000000E4
:101D000000000000000000000000000000000000D3
:101D100000000000000000000000000000000000C3
:101D200000000000000000000000000000000000B3
:101D300000000000000000000000000000000000A3
:101D40000000000000000000000000000000000093
:101D50000000000000000000000000000000000083
:101D60000000000000000000000000000000000073
:101D70000000000000000000000000000000000063
:101D80000000000000000000000000000000000053
:101D90000000000000000000000000000000000043
:101DA0000000000000000000000000000000000033
:101DB0000000000000000000000000000000000023
:101DC0000000000000000000000000000000000013
:101DD0000000000000000000000000000000000003
:101DE00000000000000000000000000000000000F3
:101DF00000000000000000000000000000000000E3
:101E000000000000000000000000000000000000D2
:101E100000000000000000000000000000000000C2
:101E200000000000000000000000000000000000B2
:101E300000000000000000000000000000000000A2
:101E40000000000000000000000000000000000092
:101E50000000000000000000000000000000000082
:101E60000000000000000000000000000000000072
:101E70000000000000000000000000000000000062
:101E80000000000000000000000000000000000052
:101E90000000000000000000000000000000000042
:101EA0000000000000000000000000000000000032
:101EB0000000000000000000000000000000000022
:101EC0000000000000000000000000000000000012
:101ED0000000000000000000000000000000000002
:101EE00000000000000000000000000000000000F2
:101EF00000000000000000000000000000000000E2
:101F000000000000000000000000000000000000D1
:101F100000000000000000000000000000000000C1
:101F200000000000000000000000000000000000B1
:101F300000000000000000000000000000000000A1
:101F40000000000000000000000000000000000091
:101F50000000000000000000000000000000000081
:101F60000000000000000000000000000000000071
:101F70000000000000000000000000000000000061
:101F80000000000000000000000000000000000051
:101F90000000000000000000000000000000000041
:101FA0000000000000000000000000000000000031
:101FB0000000000000000000000000000000000021
:101FC0000000000000000000000000000000000011
:101FD0000000000000000000000000000000000001
:101FE00000000000000000000000000000000000F1
:101FF00000000000000000000000000000000000E1
:1020000000000000000000000000000000000000D0
:1020100000000000000000000000000000000000C0
:1020200000000000000000000000000000000000B0
:1020300000000000000000000000000000000000A0
:102040000000000000000000000000000000000090
:102050000000000000000000000000000000000080
:102060000000000000000000000000000000000070
:102070000000000000000000000000000000000060
:102080000000000000000000000000000000000050
:102090000000000000000000000000000000000040
:1020A0000000000000000000000000000000000030
:1020B0000000000000000000000000000000000020
:1020C0000000000000000000000000000000000010
:1020D0000000000000000000000000000000000000
:1020E00000000000000000000000000000000000F0
:1020F00000000000000000000000000000000000E0
:1021000000000000000000000000000000000000CF
:1021100000000000000000000000000000000000BF
:1021200000000000000000000000000000000000AF
:10213000000000000000000000000000000000009F
:10214000000000000000000000000000000000008F
:10215000000000000000000000000000000000007F
:10216000000000000000000000000000000000006F
:10217000000000000000000000000000000000005F
:10218000000000000000000000000000000000004F
:10219000000000000000000000000000000000003F
:1021A000000000000000000000000000000000002F
:1021B000000000000000000000000000000000001F
:1021C000000000000000000000000000000000000F
:1021D00000000000000000000000000000000000FF
:1021E00000000000000000000000000000000000EF
:1021F00000000000000000000000000000000000DF
:1022000000000000000000000000000000000000CE
:1022100000000000000000000000000000000000BE
:1022200000000000000000000000000000000000AE
:10223000000000000000000000000000000000009E
:10224000000000000000000000000000000000008E
:10225000000000000000000000000000000000007E
:10226000000000000000000000000000000000006E
:10227000000000000000000000000000000000005E
:10228000000000000000000000000000000000004E
:10229000000000000000000000000000000000003E
:1022A000000000000000000000000000000000002E
:1022B000000000000000000000000000000000001E
:1022C000000000000000000000000000000000000E
:1022D00000000000000000000000000000000000FE
:1022E00000000000000000000000000000000000EE
:1022F00000000000000000000000000000000000DE
:1023000000000000000000000000000000000000CD
:1023100000000000000000000000000000000000BD
:1023200000000000000000000000000000000000AD
:10233000000000000000000000000000000000009D
:10234000000000000000000000000000000000008D
:10235000000000000000000000000000000000007D
:10236000000000000000000000000000000000006D
:10237000000000000000000000000000000000005D
:10238000000000000000000000000000000000004D
:10239000000000000000000000000000000000003D
:1023A000000000000000000000000000000000002D
:1023B000000000000000000000000000000000001D
:1023C000000000000000000000000000000000000D
:1023D00000000000000000000000000000000000FD
:1023E00000000000000000000000000000000000ED
:1023F00000000000000000000000000000000000DD
:1024000000000000000000000000000000000000CC
:1024100000000000000000000000000000000000BC
:1024200000000000000000000000000000000000AC
:10243000000000000000000000000000000000009C
:10244000000000000000000000000000000000008C
:10245000000000000000000000000000000000007C
:10246000000000000000000000000000000000006C
:10247000000000000000000000000000000000005C
:10248000000000000000000000000000000000004C
:10249000000000000000000000000000000000003C
:1024A000000000000000000000000000000000002C
:1024B000000000000000000000000000000000001C
:1024C000000000000000000000000000000000000C
:1024D00000000000000000000000000000000000FC
:1024E00000000000000000000000000000000000EC
:1024F00000000000000000000000000000000000DC
:1025000000000000000000000000000000000000CB
:1025100000000000000000000000000000000000BB
:1025200000000000000000000000000000000000AB
:10253000000000000000000000000000000000009B
:10254000000000000000000000000000000000008B
:10255000000000000000000000000000000000007B
:10256000000000000000000000000000000000006B
:10257000000000000000000000000000000000005B
:10258000000000000000000000000000000000004B
:10259000000000000000000000000000000000003B
:1025A000000000000000000000000000000000002B
:1025B000000000000000000000000000000000001B
:1025C000000000000000000000000000000000000B
:1025D00000000000000000000000000000000000FB
:1025E00000000000000000000000000000000000EB
:1025F00000000000000000000000000000000000DB
:1026000000000000000000000000000000000000CA
:1026100000000000000000000000000000000000BA
:1026200000000000000000000000000000000000AA
:10263000000000000000000000000000000000009A
:10264000000000000000000000000000000000008A
:10265000000000000000000000000000000000007A
:10266000000000000000000000000000000000006A
:10267000000000000000000000000000000000005A
:10268000000000000000000000000000000000004A
:10269000000000000000000000000000000000003A
:1026A000000000000000000000000000000000002A
:1026B000000000000000000000000000000000001A
:1026C000000000000000000000000000000000000A
:1026D00000000000000000000000000000000000FA
:1026E00000000000000000000000000000000000EA
:1026F00000000000000000000000000000000000DA
:1027000000000000000000000000000000000000C9
:1027100000000000000000000000000000000000B9
:1027200000000000000000000000000000000000A9
:102730000000000000000000000000000000000099
:102740000000000000000000000000000000000089
:102750000000000000000000000000000000000079
:102760000000000000000000000000000000000069
:102770000000000000000000000000000000000059
:102780000000000000000000000000000000000049
:102790000000000000000000000000000000000039
:1027A0000000000000000000000000000000000029
:1027B0000000000000000000000000000000000019
:1027C0000000000000000000000000000000000009
:1027D00000000000000000000000000000000000F9
:1027E00000000000000000000000000000000000E9
:1027F00000000000000000000000000000000000D9
:1028000000000000000000000000000000000000C8
:1028100000000000000000000000000000000000B8
:1028200000000000000000000000000000000000A8
:102830000000000000000000000000000000000098
:102840000000000000000000000000000000000088
:102850000000000000000000000000000000000078
:102860000000000000000000000000000000000068
:102870000000000000000000000000000000000058
:102880000000000000000000000000000000000048
:102890000000000000000000000000000000000038
:1028A0000000000000000000000000000000000028
:1028B0000000000000000000000000000000000018
:1028C0000000000000000000000000000000000008
:1028D00000000000000000000000000000000000F8
:1028E00000000000000000000000000000000000E8
:1028F00000000000000000000000000000000000D8
:1029000000000000000000000000000000000000C7
:1029100000000000000000000000000000000000B7
:1029200000000000000000000000000000000000A7
:102930000000000000000000000000000000000097
:102940000000000000000000000000000000000087
:102950000000000000000000000000000000000077
:102960000000000000000000000000000000000067
:102970000000000000000000000000000000000057
:102980000000000000000000000000000000000047
:102990000000000000000000000000000000000037
:1029A0000000000000000000000000000000000027
:1029B0000000000000000000000000000000000017
:1029C0000000000000000000000000000000000007
:1029D00000000000000000000000000000000000F7
:1029E00000000000000000000000000000000000E7
:1029F00000000000000000000000000000000000D7
:102A000000000000000000000000000000000000C6
:102A100000000000000000000000000000000000B6
:102A200000000000000000000000000000000000A6
:102A30000000000000000000000000000000000096
:102A40000000000000000000000000000000000086
:102A50000000000000000000000000000000000076
:102A60000000000000000000000000000000000066
:102A70000000000000000000000000000000000056
:102A80000000000000000000000000000000000046
:102A90000000000000000000000000000000000036
:102AA0000000000000000000000000000000000026
:102AB0000000000000000000000000000000000016
:102AC0000000000000000000000000000000000006
:102AD00000000000000000000000000000000000F6
:102AE00000000000000000000000000000000000E6
:102AF00000000000000000000000000000000000D6
:102B000000000000000000000000000000000000C5
:102B100000000000000000000180000000720018AA
:102B200001800000007200180180003300880080DE
:102B3000018000000072001800000000000000008A
:102B40000000000000000000000000000000000085
:102B50000000000000000000000000000000000075
:102B60000000000000000000000000000000000065
:102B70000000000000000000000000000000000055
:102B80000000000000000000000000000000000045
:102B90000180000000720018E0800000002400D0D6
:102BA0000000000000000000000000000000000025
:102BB0000000000000000000000000000000000015
:102BC0000000000000000000000000000000000005
:102BD0000180000000720018E0800000002400D096
:102BE00000000000000000000000000000000000E5
:102BF00000000000000000000000000000000000D5
:102C000000000000000000000000000000000000C4
:102C100000000000000000000000000000000000B4
:102C200000000000000000000000000000000000A4
:102C3000E0800000002400D0000000000000000040
:102C4000018000330088008001800033008800800C
:102C500001800033008800800180003300880080FC
:102C60000000000000000000000000000000000064
:102C700001800033008800800180003300880080DC
:102C80000000000000000000018000330088008088
:102C900001800033008800800180003300880080BC
:102CA00001800033008800800180003300880080AC
:102CB0000000000000000000000000000000000014
:102CC0000000000000000000000000000000000004
:102CD00000000000000000000000000000000000F4
:102CE00000000000000000000000000000000000E4
:102CF00000000000000000000000000000000000D4
:102D0000E180003300880080E1800033008800808B
:102D1000E180003300880080E1800033008800807B
:102D200000000000000000000000000000000000A3
:102D30000000000000000000000000000000000093
:102D40000000000000000000000000000000000083
:102D5000E180003300880080E1800033008800803B
:102D6000E180003300880080E1800033008800802B
:102D70000000000000000000000000000000000053
:102D80000000000000000000000000000000000043
:102D90000000000000000000000000000000000033
:102DA0000180003300880080E180003300880080CB
:102DB000E180003300880080E180003300880080DB
:102DC0000000000000000000000000000000000003
:102DD00000000000000000000000000000000000F3
:102DE00000000000000000000000000000000000E3
:102DF00000000000000000000000000000000000D3
:102E0000E180003300880080E1800033008800808A
:102E1000E180003300880080E1800033008800807A
:102E2000E18000330088008001800033008800804A
:102E3000018000330088008001800033008800801A
:102E40000000000000000000000000000000000082
:102E50000000000000000000000000000000000072
:102E60000000000000000000000000000000000062
:102E700001800033008800800180003300880080DA
:102E80000000000000000000018000330088008086
:102E900001800033008800800180003300880080BA
:102EA00001800033008800800180003300880080AA
:102EB000018000330088008001800033008800809A
:102EC0000000000000000000000000000000000002
:102ED00000000000000000000000000000000000F2
:102EE00000000000000000000000000000000000E2
:102EF00000000000000000000000000000000000D2
:102F000000000000000000000000000000000000C1
:102F100000000000000000000000000000000000B1
:102F2000E0C00000002400D0018000330088008051
:102F30000180003300880080E0000000002400D001
:102F40000000000000000000000000000000000081
:102F50000000000000000000000000000000000071
:102F60000000000000000000000000000000000061
:102F700001800000007200180180000000880080BD
:102F8000018000000072001801800000007200182B
:102F90000000000000000000000000000000000031
:102FA0000000000000000000000000000000000021
:102FB0000000000000000000000000000000000011
:102FC0000000000000000000E0800000002400D0AD
:102FD0000180003300000030018000330000003029
:102FE00000000000000000000000000000000000E1
:102FF00000000000000000000000000000000000D1
:103000000180000000880080E0C00000002400D0A3
:1030100001800033008800800000000000000000F4
:1030200000000000000000000000000000000000A0
:103030000000000000000000000000000000000090
:103040000000000000000000000000000000000080
:103050000000000000000000E0C00000002400D0DC
:103060000180000000720018000000000000000055
:103070000180000000720018000000000000000045
:103080000000000000000000000000000000000040
:103090000000000000000000000000000000000030
:1030A0000000000000000000000000000000000020
:1030B0000000000000000000000000000000000010
:1030C0000000000000000000000000000000000000
:1030D0000000000000000000E0800000002400D09C
:1030E0000000000000000000018000330088008024
:1030F00000020010000000000000000000000000BE
:1031000000000000000000000000000000000000BF
:1031100000000000000000000000000000000000AF
:10312000000000000000000000000000000000009F
:10313000000000000000000000000000000000008F
:10314000000000000000000000000000000000007F
:10315000000000000000000000000000000000006F
:103160000000000000000000018000000072001854
:103170000180000000720018018000000072001839
:10318000000000000000000000000000000000003F
:10319000000000000000000000000000000000002F
:1031A000000000000000000000000000000000001F
:1031B000000000000000000000000000000000000F
:1031C00000000000000000000000000000000000FF
:1031D00000000000000000000000000000000000EF
:1031E00000000000000000000000000000000000DF
:1031F00000000000000000000000000000000000CF
:10320000000000F838B504000400040004000400C5
:10321000040004000400040004000400040004008E
:10322000040004000400040004000400040004007E
:103230000400040004000C44807000E80C85008049
:103240000A0600000041AEDE0000000000000000A1
:10325000000000000000000000000000000000006E
:10326000000000007B752EDE000000000000000062
:10327000000000000000000000000000000000004E
:10328000000000007B740000AE9E00000000000003
:10329000000000000000000000000000000000002E
:1032A000000000000000000000000000000000001E
:1032B000000000000000000000000000000000000E
:1032C0000000000000000000FFFFFFFFFFFFFFFF06
:1032D000FFFFFFFFFFFFFFFFFFFFFFFFFFFFFFFFFE
:1032E000FFFFFFFFFFFFFFFFFFFFFFFFFFFFFFFFEE
:1032F000FFFFFFFFFFFFFFFFFFFFFFFFFFFFFFFFDE
:10330000FFFFFFFFFFFFFFFFFFFFFFFFFFFFFFFFCD
:10331000FFFFFFFFFFFFFFFFFFFFFFFFFFFFFFFFBD
:10332000FFFFFFFFFFFFFFFFFFFFFFFFFFFFFFFFAD
:10333000FFFFFFFFFFFFFFFFFFFFFFFFFFFFFFFF9D
:10334000FFFFFFFFFFFFFFFFFFFF000C05EB0C85FA
:1033500000500C8500C004000400040004000C852B
:1033600000500C8500A00C8700FF0C8300810C40EE
:10337000006C391C0C8500B004000400040004003B
:10338000040004000400040004000400040004001D
:043390000400040031
:00000001FF
