:020000040000FA
:10000000FFFFFFFFFFFFFFFFFFFFFFFFFFFFFFFF00
:100010005599AA660C8500E004008C85C0018C828D
:10002000BC108C8690778C43200008C90C8700F3A5
:100030000C83008104000400040004000400040098
:100040000400040004000400040004000400040090
:10005000040004000400CC813C138C8110812C84AA
:1000600000004C8000F88C87FFFFCC8400A0CC827D
:100070000020CC8080004C8600004C8100004C8524
:1000800000004C8300004C870000CC85D847CC434F
:1000900000000000040004000C44000000000C8577
:1000A00000800A06004019B50000000000000000B2
:1000B0000000000000000000000000000000000040
:1000C0000000000000000000000000000000000030
:1000D0000000000000000000000000000000000020
:1000E0000000000000000000000000000000000010
:1000F0000000000000000000000000000000000000
:1001000000000000000000000000000000000000EF
:1001100000000000000000000000000000000000DF
:1001200000000000000000000000000000000000CF
:1001300000000000000000000000000000000000BF
:1001400000000000000000000000000000000000AF
:10015000000000000000000000000000000000009F
:10016000000000000000000000000000000000008F
:10017000000000000000000000000000000000007F
:10018000000000000000000000000000000000006F
:10019000000000000000000000000000000000005F
:1001A000000000000000000000000000000000004F
:1001B000000000000000000000000000000000003F
:1001C000000000000000000000000000000000002F
:1001D000000000000000000000000000000000001F
:1001E00000000000000000000000000000000020EF
:1001F00000000020000000000000000000000000DF
:1002000000000000000000000000000000000000EE
:1002100000000000000000000000000000000000DE
:1002200000000000000000000000000000000000CE
:100230000000000000002500000000000000000099
:1002400000000000000000000000000000000000AE
:10025000000000000000000000000000000000009E
:10026000000000000000000000000000000000008E
:10027000000000000000000000000000000000007E
:10028000000000000000000000000000000000006E
:10029000000000000000000000000000000000005E
:1002A000000000000000000000000000000000004E
:1002B000000000000000000000000000000000003E
:1002C000000000000000000004000000000000002A
:1002D000000000000000000000000000000000001E
:1002E000000000000000000004000000000000000A
:1002F00000000000000000000000000000000000FE
:1003000000000000000000000000000000000000ED
:1003100000000000000000000000000000000000DD
:1003200000000000000000000000000000000000CD
:1003300000000000000000000000000000000000BD
:1003400000000000000000000000000000000000AD
:10035000000000000000000000000000000000009D
:10036000000000000000000000000000000000008D
:10037000000000000000000000000000000000007D
:10038000000000000000000000000000000000006D
:10039000000000000000000000000000000000005D
:1003A000000000000000000000000000000000004D
:1003B000000000000000000000000000000000003D
:1003C000000000000000000000000000000000002D
:1003D000000000000000000000000000000000001D
:1003E000000000000000000000000000000000000D
:1003F00000000000004000000000000000000000BD
:1004000000000000000000000000000000000000EC
:1004100000000000000000000000000000000000DC
:1004200000000000000000000000000000000000CC
:1004300000000000000000000000000000000000BC
:1004400000000000000000000000000000000000AC
:10045000000000000000000000000000000000009C
:10046000000000000000000000000000000000008C
:10047000000000000000000000000000000000007C
:10048000000000000000000000000000000000006C
:100490000400000000000000000000000000000058
:1004A000000000000000000000000000000000004C
:1004B000000000000000000000000000000000003C
:1004C000000000000000000000000000000000002C
:1004D000000000000000000000000000000000001C
:1004E000000000000000000000000000000000000C
:1004F00000000000000000000000000000000000FC
:1005000000000000000000000000000000000000EB
:1005100000000000000000000000000000000000DB
:1005200000000000000000000000000000000000CB
:1005300000000000000000000000000000000000BB
:1005400000000000000000000000000000000000AB
:10055000000000000000000000000000000000009B
:10056000000000000000000000000000000000008B
:10057000000000000000000000000000000000007B
:10058000000000000000000000000000000000006B
:10059000000000000000000000000000000000005B
:1005A000000000000000000000000000000000004B
:1005B000000000000000000000000000000000003B
:1005C000000000000000000000000000000000002B
:1005D000000000000000000000000000000000001B
:1005E000000000000000000000000000000000000B
:1005F00000000000000000000000000000000000FB
:1006000000000000000000000000000000000000EA
:1006100000000000000000000000000000000000DA
:1006200000000000000000000000000000000000CA
:1006300000000000000000000000000000000000BA
:1006400000000000000000000000000000000000AA
:10065000000000000000000000000000000000009A
:10066000000000000000000000000000000000008A
:10067000000000000000000000000000000000007A
:10068000000000000000000000000000000000006A
:10069000000000000000000000000000000000005A
:1006A000000000000000000000000000000000004A
:1006B000000000000000000000000000000000003A
:1006C000000000000000000000000000000000002A
:1006D000000000000000000000000000000000001A
:1006E000000000000000000000000000000000000A
:1006F00000000000000000000000000000000000FA
:1007000000000000000000000000000000000000E9
:1007100000000000000000000000000008000000D1
:1007200000000000000000000000000000000000C9
:1007300000000000000000000000000000000000B9
:1007400000000000000000000000000000000000A9
:100750000000000000000000000000000000000099
:100760000000000000000000000000000000000089
:100770000000000000000000000000000000000079
:100780000000000000000000000000000000000069
:100790000000000000000000000000000000000059
:1007A0000000000000000000000000000000000049
:1007B0000000000000000000000000000000000039
:1007C0000000000000000000000000000000000029
:1007D0000000000000000000000000000000000019
:1007E0000000000000000000000000000000000009
:1007F00000000000000000000000000000000000F9
:1008000000000000000000000000000000000000E8
:1008100000000000000000000000000000000000D8
:1008200000000000000003000000000000000000C5
:1008300000000000000000000000000000000000B8
:1008400000000000000000000000000000000000A8
:100850000000000000000000000000000000000098
:100860000000000000000000000000000000000088
:100870000000000000000000000000000000000078
:100880000000000000000000000000000000000068
:100890000000000000000000000000000000000058
:1008A0000000000000000000000000000000000048
:1008B0000000000000000000000000000000000038
:1008C0000000000000000000000000000000000028
:1008D0000000000000000000000000000000000018
:1008E0000000000000000000000000000000000008
:1008F00000000000000000000000000000000000F8
:1009000000000000000000000000000000000000E7
:1009100000000000000000000000000000000000D7
:1009200000000000000000000000000000000000C7
:1009300000000000000000000000000000000000B7
:1009400000000000000000000000000000000000A7
:100950000000000000000000000000000000000097
:100960000000000000000000000000000000000087
:100970000000000000000000000000000000000077
:100980000000000000000000000000000000000067
:100990000000000000000000000000000000000057
:1009A0000000000000000000000000000000000047
:1009B0000000000000000000000000000000000037
:1009C0000000000000000000000000000000000027
:1009D0000000000000000000000000000000000017
:1009E0000000000000000000000000000000000007
:1009F00000000000000000000000000000000000F7
:100A000000000000000000000000000000000000E6
:100A100000000000000000000000000000000000D6
:100A200000000000000000000000000000000000C6
:100A300000000000000801000000000000080000A5
:100A400000000000000000000000000000000000A6
:100A50000000000000000000000000000000000096
:100A60000000000000000000000000000000000086
:100A70000000000000000000000000000000000076
:100A80000000000000000000000000000000000066
:100A90000000000000000000000000000000000056
:100AA0000000000000000000000000000000000046
:100AB0000000000000000000200000000000008096
:100AC0000000000000000000000000000000000026
:100AD0000000000000000000000000000000000016
:100AE0000000000000000000000000000000000006
:100AF00000000000000000000000000000000000F6
:100B000000000000000000000000000000000000E5
:100B100000000000000000000000000000000000D5
:100B200000000000000000000000000000000000C5
:100B300000000000000000000000000000000000B5
:100B400000000000000000000000000000000000A5
:100B50000000000000000000000000000000000095
:100B60000000000000000000000000000000000085
:100B70000000000000000000000000000000000075
:100B80000000000000000000000000000000000065
:100B90000000000000000000000000000000000055
:100BA0000000000000000000000000000000000045
:100BB0000000000000000000000000000000000035
:100BC0000000000000000000000000000000000025
:100BD0000000000000000000000000000000000015
:100BE0000000000000000000000000000000000005
:100BF00000000000000000000000000000000000F5
:100C000000000000000000000000000000000000E4
:100C10000000000000400000000000000000000094
:100C200000000000000000000000000000000000C4
:100C30000000000000000000000000008200000032
:100C400000000000000000000000000000000000A4
:100C50000000000000000000000000000000000094
:100C60000000000000000000000000000000000084
:100C70000000000000000000000000000000000074
:100C80000000000000000000000000000000000064
:100C90000000000000000000000000000000000054
:100CA0000000000000000000000000000000000044
:100CB00000000000000000000000000000098000AB
:100CC0000000000000000000000000000000000024
:100CD0000000000000000000000000000000000014
:100CE0000000000000000000000000000000000004
:100CF00000000000000000000000000000000000F4
:100D000000000000000000000000000000000000E3
:100D100000000000000000000000000000000000D3
:100D200000000000000000000000000000000000C3
:100D30000000000000000000000000000000C200F1
:100D400043C800000000000000C8000000000000D0
:100D50000000000000000000000000000000000093
:100D60000000000000000000000000000000000083
:100D70000000000000000000000000000000000073
:100D80000000000000000000000000000000000063
:100D90000000000000000000000000000000000053
:100DA0000000000000000000000000000000000043
:100DB0000000000000000000000000000000000033
:100DC0000000000000000000000000000000000023
:100DD0000000000000000000000000000000000013
:100DE0000000000000000000000000000000000003
:100DF00000000000000000000000000000000000F3
:100E000000000000000000000000000000000000E2
:100E100000000000000000000000000000000000D2
:100E200000000000000000000000000000000000C2
:100E300000000000000000000000000000000008AA
:100E4000000000800800000000000080000000009A
:100E50000000000000000000000000000000000092
:100E60000000000000000000000000000000000082
:100E70000000000000000000000000000000000072
:100E80000000000000000000000000000000000062
:100E90000000000000000000000000000000000052
:100EA0000000000000000000000000000000000042
:100EB0000000000000000000000000000000000032
:100EC0000002C0120000000000000000000000004E
:100ED00000000000000000000000000000008C0086
:100EE0000000000000000000000000000000000002
:100EF00000000000000000000000000000000000F2
:100F000000000000000000000000000000000000E1
:100F100000000000000000000000000000000000D1
:100F200000000000000000000000000000000000C1
:100F300000000000000000000000000000000000B1
:100F400000001040001008200000000000000820F1
:100F50000000000000000000000000000000000091
:100F60000000000000000000000000000000000081
:100F70000000000000000000000000000000000071
:100F80000000000000000000000000000000000061
:100F90000000000000000000000000000000000051
:100FA0000000000000000000000000000000000041
:100FB0000000000000000000000000000000000031
:100FC0000000000000000000000000000000000021
:100FD0000000000000000000000000000000000011
:100FE0000000000000000000000000000000000001
:100FF00000000000000000000000000000000000F1
:1010000000000000000000000000000000000000E0
:1010100000000000000000000000000000000000D0
:1010200000000000000000000000000000000000C0
:1010300000000000000000000000000000000000B0
:1010400000000000000000000000000000000000A0
:101050000000000000000000000000000000000090
:101060000000000000000000000000000000000080
:101070000000000000000000000000000000000070
:101080000000000000000000000000000000000060
:101090000000000000000000000000000000000050
:1010A0000000000000000000000000000000000040
:1010B0000000000000000000000000000000000030
:1010C000000000000000000000000020300033009D
:1010D00000000020000001000000000000000000EF
:1010E0000000000000000000000000000000000000
:1010F00000000000000000000000000000000000F0
:1011000000000000000000000000000000000000DF
:1011100000000000000000000000000000000000CF
:1011200000000000000000000000000000000000BF
:1011300000000000000000000000000000000000AF
:10114000000000000000000000000000000000009F
:10115000000000400000000000000000000000004F
:10116000000000000000000000000000000000007F
:10117000000000000000000000000000000000006F
:10118000000000000000000000000000000000005F
:10119000000000000000000000000000000000004F
:1011A000000000000000000000000000000000003F
:1011B000000000000000000000000000000000002F
:1011C0000000000000000000000000000000000916
:1011D00019000000000000010900000000000000EC
:1011E00000000000000000000000000000000000FF
:1011F00004000000000004000000000000000000E7
:1012000000000400000000000000000000000000DA
:1012100004000000000004000000000000000000C6
:1012200000000400000000000000000000000000BA
:1012300000000400000000000400000000000000A6
:10124000000000000000000000000000000000009E
:10125000000000000000000000000000000000008E
:10126000000000000000000000000000000000007E
:10127000000000000000000000000000000000006E
:10128000000000000000000000000000000000005E
:10129000000000000000000000000000000000004E
:1012A000000000000000000000000000000000003E
:1012B000000000000000000000000000000000002E
:1012C000000000000000000000000000000000001E
:1012D000000000000000000000000000000000000E
:1012E00000000000000000000000000000000000FE
:1012F00000000000000000000000000000000000EE
:1013000000000000000000000000000000000000DD
:1013100000000000000000000000000000000000CD
:1013200000000000000000000000000000000000BD
:1013300000C00000000000000000000000000000ED
:10134000000000000000000000000000000000009D
:10135000000000000000000000000000000000008D
:10136000000000000000000000000000000000007D
:10137000000000000000000000000000000000006D
:10138000000000000000000000000000000000005D
:10139000000000000000000000000000000000004D
:1013A000000000000000000000000000000000003D
:1013B000000000000000000000000000000000002D
:1013C000000000000000000000000000000000001D
:1013D000000000000000000000000000000000000D
:1013E00000000000000000000000000000000000FD
:1013F00000000000000000000000000000000000ED
:1014000000000000000000000000000000000000DC
:1014100000000000000000000000000000020000CA
:1014200000080000000000000000000000000000B4
:1014300000000000000000000000000000000000AC
:10144000000000000000000000000000000000009C
:10145000000000000000000000000000000000008C
:10146000000000010000000000000000000000007B
:10147000000000000000000000000000000000006C
:10148000000000000000000000000000000000005C
:1014900000000000000000000000000000000080CC
:1014A00000000080000000000000000000000000BC
:1014B000000000000000000000000000000000002C
:1014C000000000000000000000000000000000001C
:1014D000000000000000000000000000000000000C
:1014E00000000000000800000000000000000000F4
:1014F00000000000000000000000000000000000EC
:1015000000000000800080000000000000000000DB
:1015100000000000000000000001000100010000C8
:1015200000000000000800010000000000000000B2
:1015300000000000000000000000000000000000AB
:10154000000000000000000000000000000000009B
:10155000000000000000000000000000000000008B
:10156000000000001000000000000000000000006B
:10157000000000000000000000000000000000006B
:101580000000000000002002200000000000000019
:10159000000000000000000000000004000400043F
:1015A00000000000000000800008000000000000B3
:1015B000000000000000000000000000000000002B
:1015C000000000000000000000000000000000001B
:1015D000000000000000000000000000000000000B
:1015E00000000000000000000000000000000000FB
:1015F00000000000000000000000000000000000EB
:1016000000000000000000000000000000000000DA
:1016100000000000000400000900000009000400B0
:101620000000000000880000000000000000000032
:1016300000000000000000000000000000000000AA
:10164000000000000000000000000000000000009A
:10165000000000001000000000000000000000007A
:1016600000001000000000000300800000000000E7
:10167000000000000000000000000000000000006A
:10168000000000000000000000000000000000005A
:1016900000000000000000800000000000000000CA
:1016A000000000000000000000000000000000003A
:1016B000000000000000000000000000000000002A
:1016C000000000000000000000000000000000001A
:1016D000000000000000000000000000000000000A
:1016E0000000000084000000000000001000000066
:1016F00000000000000000000000000000000000EA
:1017000000000000000000000000000000000000D9
:1017100000000000000000010000800000048000C4
:1017200000000000000080000001000080000001B7
:1017300000000000000000000000000000000000A9
:101740000000000000000000000000000000000099
:101750000000000000000000000000000000030086
:101760000000000000000000000000000000000079
:101770000000030000000000000000000000000066
:101780000000000200000002000000020000000251
:10179000000000000000000000400005200000855F
:1017A00020000000004100002000000200001000A6
:1017B000A040000000000000000000000000000049
:1017C0000000000000000000000000000000000019
:1017D0000000000000000000000000000000000009
:1017E00000000000000000000000000000000000F9
:1017F00000000000000000000000000000000000E9
:1018000000000000000000000000000000000000D8
:101810000000000000038009100000000003000920
:1018200000000000000300090000000040008000EC
:101830000200110000000000000000000000000095
:101840000000000000000000000000000000000098
:101850000000000000000000000000000000000088
:101860000000000000000000000000000000000078
:101870000000000000000000000000000000000068
:101880000200000000000000000000000000000056
:1018900000000000000000018801010000000001BC
:1018A000000100000000000100010000000009002C
:1018B00082000100000000000000000000000000A5
:1018C0000000000000000000000000000000000018
:1018D0000000000000000000000000000000000008
:1018E00000000000000000000000000000000000F8
:1018F00000000000000000000000000000000000E8
:1019000000000000000000000000000000000000D7
:1019100000000000010001010000000001000101C1
:1019200000000000010001010000000001000101B1
:1019300000000000000000000000000000000000A7
:101940000000000000000000000000000000000097
:101950000000000000000000000000000000000087
:101960000000000000000000000000000000000077
:101970000000000000000000000000000000000067
:10198000000401000000000000C000000000000092
:1019900000000000000021000309000000002100F9
:1019A00003090000000021000309000000002100DD
:1019B00003090800000011001100000000000000F1
:1019C0000000000000000000000000000000000017
:1019D0000000000000000000000000000000000007
:1019E00000000000000000000000000000000000F7
:1019F00000000000000000000000000000000000E7
:101A00000000000020000000000000800000000036
:101A10000000000000000000080900000080000035
:101A2000008900830000000000090003000000009E
:101A300000090003008900910040008300000000BD
:101A40000000000000000000000000000000000096
:101A50000000000000000000000000000000000086
:101A60000000000000000000000000000000000076
:101A70000000000000000000000000000000000066
:101A80000000000000000000000000000000000056
:101A900000000000000000000000000100000088BD
:101AA0000088008900C10000000000010001000062
:101AB0000000000100010008000900C10009000049
:101AC00000000000000000000000000000000040D6
:101AD0000000000000000000000000000000000006
:101AE00000000000000000000000000000000000F6
:101AF00000000000000000000000000000000000E6
:101B000000000000000000000000000000000000D5
:101B100000000000000000000000000000000000C5
:101B2000018801820000000001880100000000001F
:101B3000018801000000000000000000000000001B
:101B40000000000000000000000000000000000095
:101B50000000000000000000000000000000000085
:101B60000000000000000000000000000000000075
:101B70000000000000000000000000000000000065
:101B80000000000000000000000000000000000055
:101B90000000000000000000000000000000000045
:101BA00000000380048000000000038004000000A7
:101BB0000000038004000000000000000000000995
:101BC0000000000000000000000000000000000015
:101BD0000000000000000000000000000000000005
:101BE00000000000000000000000000000000000F5
:101BF00000000000000000000000000000000000E5
:101C000000000000000000000000000000000000D4
:101C10000000000000000000000000000084000040
:101C2000C200000000410000C2001100004100009D
:101C3000C200000000600000C200000000000000C0
:101C40000000820000000000000000000000000012
:101C50000000000000000000000000000000000084
:101C60000000000000000000000000000000000074
:101C70000000000000000000000000000000000064
:101C80000000000000000000000000000000000054
:101C90000000000043C80000000000000000000039
:101CA0000000FF00FF00FF000000FF000000FF0039
:101CB0000000FF000000FF000000FF000000000027
:101CC0000000000004000000000000000000000010
:101CD0000000000000000000000000000000000004
:101CE00000000000000000000000000000000000F4
:101CF00000000000000000000000000000000000E4
:101D000000000000000000000000000000000000D3
:101D100000000000000000000000000000000000C3
:101D200000000000FF00FF00FF000000FF000000B7
:101D3000FF000000FF000000FF000000FF000000A7
:101D40000000000000010000000000000000000092
:101D50000000000000000000000000000000000083
:101D60000000000000000000000000000000000073
:101D70000000000000000000000000000000000063
:101D80000000000000000000000000000000000053
:101D900000000008000000800000000000000000BB
:101DA0000000000000000000000000000000000033
:101DB0000000000000000000000000000000000023
:101DC0000000000000000000000000000000000013
:101DD0000000000000000000000000000000000003
:101DE00000000000000000000000000000000000F3
:101DF00000000000000000000000000000000000E3
:101E000000000000000000000000000000000000D2
:101E10000000000000000410082000000000000086
:101E20000000000000000000000000FF000000FFB4
:101E3000000000FF000000FF000000FF000000FFA6
:101E4000FFFFFF0000000000000000000000000095
:101E50000000000000000000000000000000000082
:101E60000000000000000000000000000000000072
:101E70000000000000000000000000000000000062
:101E80000000000000000000000000000000000052
:101E90000000000000000000000000000000000042
:101EA00000000000000000000000000000FF000033
:101EB00000FF000000FF000000FF000000FF000026
:101EC00000FFFFFFFF0000000000C3000000000053
:101ED0000000000000000000000000000000000002
:101EE00000000000000000000000000000000000F2
:101EF00000000000000000000000000000000000E2
:101F000000000000000000000000000000000000D1
:101F100000000000000000000000000000000000C1
:101F200000000000000000000000000C300048032A
:101F3000C0C7C06C30B04903C041C00C3000490379
:101F4000C041C00C300041030086006000B9008031
:101F50000000000000000000000000000000000081
:101F60000000000000000000000000000000000071
:101F70000000000000000000000000000000000061
:101F80000000000000000000000000000000000051
:101F90000000000000000800000000000009090027
:101FA0000000000000000000000000000000000031
:101FB0000000000000000000000000000000000021
:101FC0000000000000000000000000000000000011
:101FD00000040000000000000000000000000000FD
:101FE00000000000000000000000000000000000F1
:101FF00000000000000000000000000000000000E1
:1020000000000000000000000000000000000000D0
:10201000000000000000000000000100000000209F
:1020200000000100000000000000000000000000AF
:102030000000000000000000800000000000000020
:102040000000000000000000000000000000000090
:102050000000000000000000000000000000000080
:102060000000000000000000000000000000000070
:102070000000000000000000000000000000000060
:102080000000000000000000000000000000000050
:102090000000000000000040000000000000000000
:1020A0000000000000000000000000000000000030
:1020B0000000000000000000000000000000000020
:1020C0000000000000000000000000000000000010
:1020D0000000000000000000000000000000000000
:1020E00000000000000000000000000000000000F0
:1020F00000000000000000000000000000000000E0
:1021000000000000000000000000000000000000CF
:1021100000000000000000000000000000000000BF
:1021200000000000000000000000000000000000AF
:10213000000000000000000000000000000000009F
:10214000000000000000000000000000000000008F
:10215000000000000000000000000000000000007F
:10216000000000000000000000000000000000006F
:10217000000000000000000000000000000000005F
:10218000000000000000000000000000000000004F
:10219000000000000000000000000000000000003F
:1021A000000000000000000000000001000000012D
:1021B0000000000104000001000004000000000015
:1021C000000000000000000000000000000000000F
:1021D00000000000040000000200040000000000F5
:1021E00000000000000000000000000000000000EF
:1021F00000000000000000000000040004000000D7
:1022000000000000000000000000000000000000CE
:1022100000000000000000000000000000000000BE
:10222000000000000000000000000000002000008E
:10223000002000000020000000200000000000003E
:10224000000000000000000000000000000000008E
:10225000000000000000000000000000000000007E
:10226000000000000000000000000000000000006E
:10227000000000000000000004000000000000005A
:10228000000000000000000000000000000000004E
:10229000000000000000000000000000000000003E
:1022A000000000000000000000000000000000042A
:1022B000000000010000000000000000000000001D
:1022C000000000000000000100000000000000000D
:1022D00000010000000000000000000000000000FD
:1022E000000000000000000000000000000000C02E
:1022F00000000000000000000000000000000000DE
:1023000000000000000000000000000000000000CD
:1023100000000000000000000000000000000000BD
:1023200000000000000000000000000000000000AD
:102330000080001000040000000000000000000009
:102340000000000000000000000400000000000089
:102350000000000400000000000000000000000079
:10236000000000000000000000000000000000006D
:10237000000000000000000000000000000000005D
:10238000000000000000000000000000000000004D
:10239000000000000000000000000000000000003D
:1023A000000000000000000000000000000000002D
:1023B000000000000004000000000000002000C039
:1023C000002000000084000000000000000000C0A9
:1023D00000C000000002000080000021000000009A
:1023E00000010000000000000000000000000000EC
:1023F00000000000000000000000000000000000DD
:1024000000000000000000000000000000000000CC
:1024100000000000000000000000000000000000BC
:1024200000000000000000000000000000000000AC
:10243000000000000000008000000000000000809C
:1024400000000080000000000021000000000000EB
:10245000000000000000008000000200009000006A
:10246000000000200000000000000000000000004C
:10247000000000000000000000000000000000005C
:10248000000000000000000000000000000000004C
:10249000000000000000000000000000000000003C
:1024A000000000001000000000000000000000001C
:1024B000000000000000000000000000800100009B
:1024C000000000000000000000000000000000000C
:1024D000000090000000000000000000000100016A
:1024E0000088000100010000000000000000000062
:1024F00000000000000000000000000000000000DC
:1025000000000000000000000000000000000000CB
:1025100000000000000000000000000000000000BB
:10252000200000000000000000000000000000008B
:102530000000000000000000000000000000040493
:10254000000000000000000000000000000000008B
:10255000000000001100000000000000000000204A
:10256000001000000020002000000000000000001B
:10257000000000000000000000000000000000005B
:10258000000000000000000000000000000000004B
:10259000000000000000000000000000000000003B
:1025A000000000000000000000000000000000002B
:1025B0000000000000000000000000000400000017
:1025C0000000020000000000000000000084000085
:1025D000030000000000030109001000201000208B
:1025E000090080211000800180050000000000002B
:1025F00000000000000000000000000000000000DB
:1026000000000000000000000000000000000000CA
:1026100000000000000000000000000000000000BA
:10262000000000000000000000000000100000009A
:102630000000000000000000000000000000010099
:102640000000000001000000000000000000000089
:1026500000210000000500000008000001000180CA
:102660000080000008820100040440840000000093
:10267000000000000000000000000000000000005A
:10268000000000000000000000000000000000004A
:10269000000000000000000000000000000000003A
:1026A000000000000000000000000000000000002A
:1026B000000000000000000000000000000000A07A
:1026C00000000082000000200000008400001100D3
:1026D00000000200020000000000100800000008D6
:1026E00003A0009021000002000800040002000086
:1026F00000000000000000000000000000000000DA
:1027000000000000000000000000000000000000C9
:1027100000000000000000000000000000000000B9
:1027200000000000000000000000000000000000A9
:102730000000000000000000000000000000000099
:102740000000000000000000008000000000000009
:1027500000000000000000000000000001800000F8
:1027600000800000000000000080008000800080E9
:102770000000000000000000000000000000000059
:102780000000000000000000000000000000000049
:102790000000000000000000000000000000000039
:1027A0000000000000000000000000000000000029
:1027B0000000000000000000000000000000000019
:1027C0000000000000000000000000000000008089
:1027D0000000000000000000000080000000000079
:1027E000200003058010911120219183052180098B
:1027F00041C10000000000000000000000000000D7
:1028000000000000000000000000000000000000C8
:1028100000000000000000000000000000000000B8
:1028200000000000000000000000000000000000A8
:102830000000000000000000000000000000000098
:1028400000000000000000009000000000040000F4
:102850004010004000000000000000009000000058
:10286000000001008901C001840190018589018374
:10287000A0C101C100000000000000000000000035
:102880000000000000000000000000000000000048
:102890000000000000000000000000000000000038
:1028A0000000000000000000000000000000000028
:1028B0000000000000000000000000000000000018
:1028C000000000000000004000010084000000C083
:1028D0000000008200000000000000000000000076
:1028E0000090000000000100018801C10001830187
:1028F0000404C1888388000000000000000000007C
:1029000000000000000000000000000000000000C7
:1029100000000000000000000000000000000000B7
:1029200000000000000000000000000000000000A7
:102930000000000000000000000000000000000097
:1029400000000000000000C00000000200000011B4
:1029500000000000008000000000000000000000F7
:1029600005002000200320000500040005080410D5
:1029700009098580C18389900000000000000000E3
:102980000000000000000000000000000000000047
:102990000000000000000000000000000000000037
:1029A0000000000000000000000000000000000027
:1029B0000000000000000000000000000000000017
:1029C00000000200000000000000000003002100E1
:1029D00080000000030000008000000000000000F4
:1029E000000000200011002000034010008820A0FB
:1029F0004091110385050009898300000000000053
:102A000000000000000000000000000000000000C6
:102A100000000000000000000000000000000000B6
:102A200000000000000000000000000000000000A6
:102A30000000000000000000000000000000000096
:102A40000000000000000000000000008400000002
:102A50000100020000000000000002000000000071
:102A600000000000000100010001000101830011CD
:102A7000010305820100C10082019189000000006C
:102A80000000000000000000000000000000000046
:102A90000000000000000000000000000000000036
:102AA0000000000000000000000000000000000026
:102AB0000000000000000000000000000000000016
:102AC0000000000000000000000000000000000006
:102AD000004000000000000000880000000000002E
:102AE0000000000000000100010000010000019052
:102AF000010101830000C191A0828901C188000009
:102B00000000000000000000000000000000004085
:102B100000000000000000000000000000000000B5
:102B200000000000000000000000000000000000A5
:102B30000000000000000000000000000000000095
:102B40000000000000000000000000000000000085
:102B500000000000000000000000008000000000F5
:102B600000000000000000001000400500100300FD
:102B7000030004101003000084910285C02120800E
:102B80000000000000000000000000000000000045
:102B90000000000000000000000000000000000035
:102BA0000000000000000000000000000000000025
:102BB0000000000000000000000000000000000015
:102BC0000000000000000000000000000000000005
:102BD000000000000013C20000000000001300000D
:102BE0000081000000000000000000820000C20020
:102BF000000000000013C200116011820013C20027
:102C000011000000000000000000000000000000B3
:102C100000000000000000000000000000000000B4
:102C200000000000000000000000000000000000A4
:102C30000000000000000000000000000000000094
:102C40000000000000000000000000000000000084
:102C5000000043C800000000000000000000000069
:102C600000000000000000000000000000000082E2
:102C7000FFFF000000000000007F00FB00000000DC
:102C8000506030C0000000000000000000000000A4
:102C90000000000000000000000000000000000034
:102CA0000000000000000000000000000000000024
:102CB0000000000000000000000000000000000014
:102CC0000000000000000000000000000000000004
:102CD00000000000000000000000000000000000F4
:102CE00000000000000000000000000000000000E4
:102CF0000000F3FF0C00A000005000FF00FF0014D4
:102D0000001C0000000000000000000000000000A7
:102D100000000000000000000000000000000000B3
:102D200000000000000000000000000000000000A3
:102D30000000000000000000000000000000000093
:102D40000000000000000000000000000000000083
:102D500000080000008000000000000000000000EB
:102D60000000000000000000000000000000000063
:102D70000000000000000000B2AABAAA280020004B
:102D800000001C200B0004000000000000000000F8
:102D90000000000000000000000000000000000033
:102DA0000000000000000000000000000000000023
:102DB0000000000000000000000000000000000013
:102DC0000000000000000000000000000000000003
:102DD00000000000041008200000000000000000B7
:102DE00000000000000000000000000000000000E3
:102DF00000000000000000000400BEAAAAAA2000F3
:102E000000000A003C000F0000000000000000006D
:102E100000000000000000000000000000000000B2
:102E200000000000000000000000000000000000A2
:102E30000000000000000000000000000000000092
:102E40000000000000000000000000000000000082
:102E5000000000000000000000000000A08650F00C
:102E6000A0B00005008600C000B000000000000017
:102E7000000000000000000C00090080058600E052
:102E800000B00080000604DC0382000000000000A7
:102E90000000000000000000000000000000000032
:102EA0000000000000000000000000000000000022
:102EB0000000000000000000000000000000000012
:102EC0000000000000000000000000000000000002
:102ED00000000000000000000000000000000000F2
:102EE00000000000000000000000000000000000E2
:102EF00000000000000000000000000000000000D2
:102F000000001000FFFAFFFFFFFFFFFF00000000BE
:102F100000000000000000000000000000000000B1
:102F200000000000000000000000000000000000A1
:102F30000000000000000000000000000000000091
:102F40000000000000000000000000000000000081
:102F5000000000000000000000000009090000005F
:102F60000000000000000000000000000000000061
:102F70000000000000000000000000000000000051
:102F8000000000000000FFFAFFFFFBFFFFFF000052
:102F90000000000000000000000000000000000031
:102FA0000000000000000000000000000000000021
:102FB0000000000000000000000000000000000011
:102FC0000000000000000000000000000000000001
:102FD00000000000000000000000000000200000D1
:102FE00001000000000000000000FCFC3030000088
:102FF00000000000000000000000000000000000D1
:10300000000000000000000000001C3C200000A0A8
:103010000060000000000000000000000000000050
:1030200000000000000000000000000000000000A0
:103030000000000000000000000000000000000090
:103040000000000000000000000000000000000080
:103050000000000000000000000000000000000070
:10306000000000000000000000000000FCFC303008
:103070000000000000000000000000000000000050
:103080000000000000000000000000003C3C0000C8
:1030900000500030000000000000000000000000B0
:1030A0000000000000000000000000000000000020
:1030B0000000000000000000000000000000000010
:1030C0000000000000000000000000000000000000
:1030D00000000000000000000000000000000000F0
:1030E00000000000000000000000000000000000E0
:1030F00000000000040000000000000000000000CC
:1031000000000000000000000000000000000000BF
:1031100000000000000000000000000000000000AF
:10312000000000000000000000000000000000009F
:10313000000000000000000000000000000000008F
:10314000000000000000000000000000000000007F
:10315000000000000000000000000000000000006F
:10316000000000000000000000000000000000005F
:10317000000000000000000000000000000000004F
:10318000000000000000000000000000000000003F
:10319000000000000000000000000000000000002F
:1031A000000000000000000000000000000000001F
:1031B000000000000000000000000000000000000F
:1031C00000000000000000000000000000000000FF
:1031D00000000000000000000000000000000000EF
:1031E00000000000000000000000000000000000DF
:1031F00000000000000000000000000000000000CF
:1032000000000000000000000000000000000000BE
:1032100000000000000000000000000000000000AE
:10322000000000000000002000200000000000005E
:10323000000000000000000000000000000000008E
:10324000000000000000000000000000000000007E
:10325000000000000000000000000000000000006E
:10326000000000000000000000000000000000005E
:10327000000000000000000000000000000000004E
:10328000000000000000000000000000000000003E
:10329000000000000000000000000000000000002E
:1032A000000000000000000000000000000000001E
:1032B000000000000000000000000000000000000E
:1032C00000000000000000000000000000000000FE
:1032D00000000000000000000000000000000000EE
:1032E00000000000000000000000000000000000DE
:1032F00000000000000000000000000000000000CE
:10330000000000000000000000000000008200003B
:1033100000000000000000000000000000000000AD
:10332000000000000000000000000000000000009D
:10333000000000000000000000000000000000008D
:10334000000000000000000000000000000000007D
:10335000000000000000000000000000000000006D
:10336000000000000000000000000000000000005D
:10337000C00000000000000000000000000000008D
:1033800000000000000000000000000000008200BB
:10339000000000000000000000000000000000002D
:1033A000000000000000000000000000000000001D
:1033B000000000000000000000000000000000000D
:1033C00000000000000000000000000000000000FD
:1033D00000000000000000000000000000000000ED
:1033E00000000000000000000000000000000000DD
:1033F00000000000000000000000000000000000CD
:1034000000000000000000000000000000000000BC
:1034100000000000000000000000000000000000AC
:10342000000000000000000000000000000000009C
:10343000000000000000000000000000000000008C
:10344000000000000000000000000000000000007C
:10345000000000000000000000000000000000006C
:10346000000000000000000000000000000000005C
:10347000000000000000000000000000000000004C
:10348000000000000000000000000000000000003C
:1034900000008200000000000200000000000000A8
:1034A000000010000000000000000000000000000C
:1034B000000000000000000000000000000000000C
:1034C00000000000000000000000000000000000FC
:1034D00000000000000000000000000000000000EC
:1034E00000000000000000000000000000000000DC
:1034F00000000000000000000000000000000000CC
:1035000000000000000010000000000000000000AB
:1035100000000000000000000000000000000000AB
:10352000000000000000000000000000000000009B
:10353000000000000000000000000000000000008B
:10354000000000000000000000000000000000007B
:10355000000000000000000000000000000000006B
:10356000000000000000000000000000000000005B
:10357000000000000000000000000000000000212A
:103580000000000000000005000000000000000036
:10359000000000000000000300030000000300031F
:1035A000000000000000000000000000000000001B
:1035B000000000000000000000000000000000000B
:1035C00000000000000000000000000000000000FB
:1035D00000000000000000000000000000000000EB
:1035E00000000000000000000000000000000000DB
:1035F00000000000000000000000000000000000CB
:10360000000000000000000000400000000000007A
:1036100000000000000000000000000000000000AA
:10362000000000000000000000000000000000009A
:10363000000000000000000000000000000000008A
:10364000000000000000000000000000000000007A
:10365000000000000000000000000000000000006A
:10366000000000000000000000000000000000005A
:10367000000000000000000000000000100000003A
:1036800082000000000000000000000000000000B8
:10369000000000000000000000000000000000002A
:1036A0000000000000000000040000000000000016
:1036B000000000000000000000000000000000000A
:1036C00000000000000000000000000000000000FA
:1036D00000000000000000000000000000000000EA
:1036E00000000000000000000000000000000000DA
:1036F00000000000000000000000000000000000CA
:1037000000000000000000000000000000000000B9
:1037100000000000000000000000000000000000A9
:103720000000000000000000000000000000000099
:103730000000000000000000000000000000000089
:103740000000000000000000000000000000000079
:103750000000000000000000000000000000000069
:103760000000000000000000000000000000000059
:103770000000000000000000000000000000000049
:103780000000000000000000000000000000000039
:103790000000000000000000000000000000000029
:1037A0000000000000000000000000000000000019
:1037B0000000000000000000000000000000000009
:1037C00000000000000000000000000000000000F9
:1037D00000000000000000000000000000000000E9
:1037E00000000000000000000000000000000000D9
:1037F00000000000000000000000000000000000C9
:1038000000000000000000000000000000000000B8
:1038100000000000000000000000000000000000A8
:103820000000000000000000000000000000000098
:103830000000000000000000000000000000000088
:103840000000000000000000000000000000000078
:103850000000000000000000000000000000000068
:103860000000000000000000000000000000000058
:103870000000000000000000000000000000000048
:103880000000000000000000000000000000000038
:103890000000000000000000000000000000000028
:1038A0000000000000000000000000000000000018
:1038B0000000000000000000000000000000000008
:1038C00000000000000000000000000000000000F8
:1038D00000000000000000000000000000000000E8
:1038E00000000000000000000000000000000000D8
:1038F00000000000000000000000000000000000C8
:1039000000000000000000000000000000000000B7
:1039100000000000000000000000000000000000A7
:103920000000000000000000000000000000000097
:103930000000000000000000000000000000000087
:103940000000000000000000000000000000000077
:103950000000000000000000000000000000000067
:103960000000000000000000000000000000000057
:103970000000000000000000000000000000000047
:103980000000000000000000000000000000000037
:103990000000000000000000000000000000000027
:1039A0000000000000000000000000000000000017
:1039B0000000000000000000000000000000000007
:1039C00000000000000000000000000000000000F7
:1039D00000000000000000000000000000000000E7
:1039E00000000000000000000000000000000000D7
:1039F00000000000000000000000000000000000C7
:103A000000000000000000000000000000000000B6
:103A100000000000000000000000000000000000A6
:103A20000000000000000000000000000000000096
:103A30000000000000000000000000000000000086
:103A40000000000000000000000000000000000076
:103A50000000000000000000000000000000000066
:103A60000000000000000000000000000000000056
:103A70000000000000000000000000000000000046
:103A80000000000000000000000000000000000036
:103A90000000000000000000000000000000000026
:103AA0000000000000000000000000000000000016
:103AB0000000000000000000000000000000000006
:103AC00000000000000000000000000000000000F6
:103AD00000000000000000000000000000000000E6
:103AE00000000000000000000000000000000000D6
:103AF00000000000000000000000000000000000C6
:103B000000000000000000000000000000000000B5
:103B100000000000000000000000000000000000A5
:103B20000000000000000000000000000000000095
:103B30000000000000000000000000000000000085
:103B40000000000000000000000000000000000075
:103B50000000000000000000000000000000000065
:103B60000000000000000000000000000000000055
:103B70000000000000000000000000000000000045
:103B80000000000000000000000000000000000035
:103B90000000000000000000000000000000000025
:103BA0000000000000000000000000000000000015
:103BB0000000000000000000000000000000000005
:103BC00000000000000000000000000000000000F5
:103BD00000000000000000000000000000000000E5
:103BE00000000000000000000000000000000000D5
:103BF00000000000000000000000000000000000C5
:103C000000000000000000000000000000000000B4
:103C100000000000000000000000000000000000A4
:103C20000000000000000000000000000000000094
:103C30000000000000000000000000000000000084
:103C40000000000000000000000000000000000074
:103C50000000000000000000000000000000000064
:103C60000000000000000000000000000000000054
:103C70000000000000000000000000000000000044
:103C80000000000000000000000000000000000034
:103C90000000000000000000000000000000000024
:103CA0000000000000000000000000000000000014
:103CB0000000000000000000000000000000000004
:103CC00000000000000000000000000000000000F4
:103CD00000000000000000000000000000000000E4
:103CE00000000000000000000000000000000000D4
:103CF00000000000000000000000000000000000C4
:103D000000000000000000000000000000000000B3
:103D100000000000000000000000000000000000A3
:103D20000000000000000000000000000000000093
:103D30000000000000000000000000000000000083
:103D40000000000000000000000000000000000073
:103D50000000000000000000000000000000000063
:103D60000000000000000000000000000000000053
:103D70000000000000000000000000000000000043
:103D80000000000000000000000000000000000033
:103D90000000000000000000040004000400040013
:103DA00004000400020020000000000000000000E9
:103DB00000000000000000000000000000000400FF
:103DC00000000000020000000000000000001100E0
:103DD00000000000000000000000000000000000E3
:103DE00004000000000004000000000000000000CB
:103DF00000000000000000000000000000000000C3
:103E000000000000000000000000000000000000B2
:103E100000000000000000000000000000000000A2
:103E20000000000000000000000000000000000092
:103E3000000000000000000008000000000000007A
:103E40000000000000000000000000000000000072
:103E50000000000000000000000000000000000062
:103E60000000000000000000000000000000000052
:103E70000000000000000000000000000000000042
:103E80000000000000000000000000000000000032
:103E90000000000000000000000000000000000022
:103EA0000000000000000000000000000000000012
:103EB0000000000000000000000000000000000002
:103EC00000000000000000000000000000000000F2
:103ED00000000000000000000000000000C0000022
:103EE00000000000000000000000000000000000D2
:103EF00000000000040000000000000000000000BE
:103F000000000000000000000000000000000000B1
:103F100000000000000000000000000000000000A1
:103F20000000000000000000000000000000000091
:103F30000400000000000000000000000400000079
:103F40000000000000000000000000000000000071
:103F500000000000820000000000000000000000DF
:103F60000000000000000000000000400000000011
:103F700000000000000000400040000000000020A1
:103F80000000000000000000000000000000000031
:103F90000000000000000000000000000000000021
:103FA000000400000000000000000000000000000D
:103FB0000000000000000000000000000000000001
:103FC00000000000000000000000000000000200EF
:103FD000004000400040000000100000000400000D
:103FE0000000009000400040009000840020000489
:103FF00000000000000000000000000200000000BF
:1040000000000000000000000000000000000000B0
:1040100000000000000000000000000000000000A0
:104020000000000000000000000000000000000090
:104030000000000000000000000000000000000080
:104040000000000000000000000000000000000070
:10405000010000000000000000000000000000005F
:104060000000000000000000000000000000000050
:104070000000000000000000000000000000000040
:104080000000000000000000000000000000000030
:104090000000000000000000000000000000000020
:1040A00000000000000005000000000041000000CA
:1040B000100010201000410000002100410000000D
:1040C0001000000010001000100040000000000070
:1040D00000000000000000000000000000000000E0
:1040E00000000000000000000000000000000000D0
:1040F00000000000000000000000000000000000C0
:10410000000000000000000000000000100000009F
:10411000000000000000000000000000000000009F
:10412000000000000000000000110000000000007E
:1041300000000000008000000000080008000000EF
:10414000000000000000000000000000010000006E
:10415000080000000800000000000000C00000008F
:10416000000000000000000000000000000000004F
:10417000000000000000000000000000000000003F
:10418000000000000000000000000000000000002F
:10419000000000000000000000000000000000001F
:1041A000000000000000000000000000000000000F
:1041B00000000000000000000000000000000000FF
:1041C0000800100000000000000041000000410055
:1041D0000000000000001000000009000000418401
:1041E000000000C000020002000000C0000000004B
:1041F00000000000000000000004000000000000BB
:1042000000000000000000000000000000000000AE
:10421000000000000000000000000000000000009E
:10422000000000000000000000000000000000008E
:10423000000000000000000000000000000000007E
:10424000000000000000000000000000000000006E
:10425000000000000000000000000000000000005E
:10426000000000000000000000000000000000004E
:10427000000000000000000000000000000000003E
:10428000000000000000000000000000000000002E
:10429000000000000000000000000000000000001E
:1042A000000000000000000000000000000000000E
:1042B00000000000000000000000000000000000FE
:1042C000000000000000000041004100000000006C
:1042D00000000200100010001000000000000000AC
:1042E000008400100084008400840010000000009E
:1042F00000000000000000000000000000000000BE
:1043000000000000000000000000000000000000AD
:10431000000000000000000000001000000000008D
:10432000000000000000000000000000000000008D
:10433000C000000088000000000000000000000035
:104340000000000000000000080000001000000055
:10435000000000000000A0000010000000000000AD
:1043600000000000000000000000820000000000CB
:10437000000000000000000000000000000000003D
:10438000000000000000000000000000000000002D
:10439000000000000000000000000000000000001D
:1043A000000000000000000000000000000000000D
:1043B00000000000000000008800000082000900EA
:1043C00000000000000000000000000000000000ED
:1043D0004003000000400840080280090010080463
:1043E0001002000200401008000000000000000061
:1043F00000000000000000000000000000000000BD
:1044000000000000000000000000000000000000AC
:10441000000000000000000000000000000000009C
:10442000000000000000000000000000000000008C
:1044300000000000000000000000080002008500ED
:10444000000000000000000000000000000000006C
:104450000000010100000000000100012000000137
:104460000000010100000001010100000000000047
:10447000000000000000000000000000000000003C
:10448000000000000000000000000000000000002C
:10449000000000000000000000000000000000001C
:1044A000000000000000000000000000000000000C
:1044B00000000000000000000000000000000000FC
:1044C00000000000000000000000000000000000EC
:1044D00000000000000000000000000101000011C9
:1044E00000040001000001A10041000100000000E3
:1044F00000000000000000000000000000000000BC
:1045000000000000000000000000000000000000AB
:10451000000000000000000000000000000000009B
:104520000000000000000100000000A000020000E8
:10453000000000000000000000000000000000007B
:10454000000000000000000000000000000000006B
:1045500000000000000004000400400011034000BF
:1045600040830210400309000803092009030000EA
:10457000000000000000000000000000000000003B
:10458000000000000000000000000000000000002B
:10459000000000000000000000000000000000001B
:1045A0000000000000000000020000000000000009
:1045B00000000000000000000000000000000000FB
:1045C0000009000800890010000000000000000041
:1045D0000000000000000000020800080320112075
:1045E000880200C0038908108240000903020841C4
:1045F00000000000000000000000000000000000BB
:1046000000000000000000000000000000000000AA
:10461000000000000000000000000000000000009A
:10462000000000000000000000000000000000008A
:10463000000000000000000000000000000000007A
:104640000000000400080008001000000000000046
:104650000000000000000000000000000000010158
:10466000000183000005014000A18200000001005C
:1046700001000000000000000000004000000000F9
:10468000000000000000000000000000000000002A
:10469000000000000000000000000000000000001A
:1046A000000000000000000000000000000000000A
:1046B00000000000000000000000000000000000FA
:1046C00000000000000000000000000000000000EA
:1046D000000000000000000000000000004000009A
:1046E00000010000000800010000000001000100BE
:1046F00001000100000000000000000000000000B8
:1047000000000000000000000000000000000000A9
:104710000000000000000000000000000000000099
:104720000000000000000000000000000000000089
:104730000000000000000000000000000000000079
:104740000000000000000000000000000000000069
:104750000000000000000000000000000000000059
:1047600000040002000004001104111004002000E5
:1047700010041011400000000000000000000000C4
:104780000000000000000000000000000000000029
:104790000000000000000000000000000000000019
:1047A0000000000000000000000000000000000009
:1047B00000000000000000000000000000000000F9
:1047C00000000000000000000000001300000000D6
:1047D00000000000000000000000000000000000D9
:1047E0000000000000000042000000000000124233
:1047F0000000000000001242000000000000000065
:1048000000000000000000000000000000000000A8
:104810000000000000000000000000000000000098
:104820000000000000000000000000000000000088
:10483000000000000000000043C80000000000006D
:104840000000000000000000000000000000FFFF6A
:10485000FFFF00000000000000000000000000005A
:1048600000000000000014820000448800000408DA
:1048700002010500A00044880000000000000000C4
:104880000000000000000000000000000000000028
:104890000000000000000000000000000000000018
:1048A0000000000000000000000000000000000008
:1048B00000000000000000000000000000000000F8
:1048C00000000000000000000000000000000000E8
:1048D00000000001000000000000000000000000D7
:1048E0000000000000000000000014820000448866
:1048F00020104080000500A0000044880000000057
:1049000000000000000000000000000000000000A7
:104910000000000000000000000000000000000097
:104920000000000000000000000000000000000087
:1049300000000000000000080000008000000000EF
:104940000000000000000000000000000000000067
:104950000000000000000000000000000000000057
:104960000000000000000000000000000000000047
:104970000000000000000000000000000000000037
:104980000000000000000000000000000000000027
:104990000000000000000000000000000000000017
:1049A0000000000000000000000000000000000007
:1049B00000000000000000000000041008200000BB
:1049C00000000000000000000000000000000000E7
:1049D00000000000000000000000000000000000D7
:1049E00000000000000000000000A0A00204402021
:1049F00008100420024004200000112200110022AF
:104A000000000000000000000000000000000000A6
:104A10000000000000000000000000000000000096
:104A20000000000000000000000000000000000086
:104A30000000000000000000000000000000000076
:104A40000000000000000000000000000000000066
:104A50000000000000000000000000000000000056
:104A60000000000000000000000000000505010833
:104A70008010018002400180081011220000110006
:104A80002200000000000000000000000000000004
:104A90000000000000000000000000000000000016
:104AA0000000000000000000000000000000000006
:104AB00000000000000000000000000000000000F6
:104AC00000000000000000000000000000000000E6
:104AD00000000000008600E00090000000000000E0
:104AE000000000000000000000000000004009007D
:104AF000000008000086006000B008000000000010
:104B00000000100000000000000000000000000095
:104B10000000000000000000000000000000000095
:104B20000000000000000000000000000000000085
:104B30000000000000000000000000000000000075
:104B40000009090000000000000000000000000053
:104B50000000000000000000000002000000000053
:104B60000000000000000000000000000000000045
:104B700000000000000000000000000F0000000026
:104B80000000000000000000000000000000000025
:104B90000000000000000000000000000000000015
:104BA0000000000000000000000000000000000005
:104BB00000000000000000000000000000000000F5
:104BC00000000020000001000000000000000000C4
:104BD00000000000000000000000000000000000D5
:104BE00000000000000000000000000000000000C5
:104BF00000000000000000000000000000FF00F0C6
:104C000000000000000000000000000000000000A4
:104C10000000000000000000000000000000000094
:104C20000000000000000000000000000000000084
:104C30000000000000000000000000000000000074
:104C40000000000000000000000000000000000064
:104C50000000000000000000000000000000000054
:104C60000000000000000000000000000000000044
:104C70000000000000000000000000000000000034
:104C80000000000000000000000000000000000024
:104C90000000000000000000000000000000000014
:104CA0000000000000000000000000000000000004
:104CB00000000000000000000000000000000000F4
:104CC00000000000000000000000000000000000E4
:104CD00000000000000000000000000000000000D4
:104CE00000000000000000000000000000000000C4
:104CF00000000000000000000000000000000000B4
:104D000000000000000000000000000000000000A3
:104D10000000000000000000000000000000000093
:104D20000000000000000000000000000000000083
:104D30000000000000000000000000000000000073
:104D40000000000000000000000000000000000063
:104D500000000000000020002000200020000400CF
:104D6000200000000000040004000000110000000A
:104D7000000000000000040000000000000000002F
:104D80000000000000000000000000000000000023
:104D9000000000000000000004000000000000000F
:104DA00000000000001000100000000000000000E3
:104DB00000000000000000000000000000000000F3
:104DC00000000000000000000000000000000000E3
:104DD00000000000000000000100010001000100CF
:104DE00000000000000000000000000000000000C3
:104DF00000000000000000000100000000000000B2
:104E000000000000000000000000000000000000A2
:104E10000000000000000000000000000000000092
:104E20000000000000000000008000000000000002
:104E30000000000000000000000000000000000072
:104E40000000000000000000000000000000000062
:104E500000000000000000000000000100890004C4
:104E60000001000000000000000000000000000041
:104E70000000000000000000000000000000000032
:104E8000000000000000000000000000000000041E
:104E90000000080084008000040000C00000000042
:104EA00000008040080004010401880100000000A7
:104EB00000000000000000000000000000000000F2
:104EC00000000000000000000000000000000000E2
:104ED00000000000000000000000000000040004CA
:104EE00000800004820000000400000000000000B8
:104EF00000090000000090000000004000000000D9
:104F0000000000000000000000000000000082001F
:104F10000080000001000900040001000000000002
:104F2000000000000280010091209110112000007B
:104F300000410041000000000000002000000000CF
:104F40000000000000000000000000090000000058
:104F50000000000000000000000000000000000051
:104F600000840000000000000000000000000000BD
:104F70000020000000000000000000000000800091
:104F8000000000000000000000000000000000A081
:104F9000000000A00084001000210021002000007B
:104FA000000000000002004000200021000100205D
:104FB00000000000000000200000000000000000D1
:104FC00000000000000000000000000000000000E1
:104FD00000000000000000000000000000000000D1
:104FE00002000000000000000000000000001002AD
:104FF0000000002100000000100010001000000060
:10500000040010001000100084050005C0052010E9
:10501000004000000010001100850090009000800A
:105020000000000000000000008000800010002050
:105030000000000000000000000000000000000070
:105040000000000000000000000000000000000060
:105050000000000000000000000000000000000050
:10506000000000000000009041010000100000005E
:1050700008000000000000000000A1000000050082
:105080000000000100008000050000012100200454
:1050900002C02000000020000000002005000310D6
:1050A000800000000000000000000041002080009F
:1050B00000100020000000000000000000000000C0
:1050C00000000000000000000000000000000000E0
:1050D00000000000000000000000000000000000D0
:1050E0000000000000000000000000400000000080
:1050F0000000000000000000000000000400C000EC
:105100000000000000200000040000000004000077
:105110000180010001000000010082000080000009
:10512000008008000000C0000000C00000C0008037
:105130000800008000800000000000000000000067
:10514000000000000000100000000000000000004F
:10515000000000000000000000000000000000004F
:1051600000000000000000000088000400000000B3
:1051700000000000000040000000000000002100CE
:1051800021000000200000000200000004002000B8
:10519000210002000000000011C01104410210882B
:1051A000000040004102000000C000000040050077
:1051B00000040000000000080000000000000000E3
:1051C00000000000000000000000000000000000DF
:1051D00000000000000000000000000000000000CF
:1051E000000000000000000000000000008000003F
:1051F00000001000A00008000000000000000000F7
:105200000000000000000000000500000000002178
:1052100011001010001000081000101004001021E0
:10522000010000000000000000000021004000809C
:1052300000000000000000000080000000000000EE
:10524000000000000000000000000000000000005E
:10525000000000000000000000000000000000004E
:10526000000000000000000000002000000000001E
:1052700000000000000000000000210000001000FD
:10528000000000000040000010001000210021017B
:105290000000000000A00008008480002140000001
:1052A00003840020008400100210000000000000B1
:1052B000000080000010000000000000000000005E
:1052C00000000000000000000000000000000000DE
:1052D00000000000000000000000000000000000CE
:1052E00000000000000000000000000001000000BD
:1052F000000000000000000010000000000000009E
:10530000000000000000008000000000000000001D
:1053100000200000C0000000000000002000080085
:10532000000000000080000000000080000000007D
:1053300000000000020000800000000000000000EB
:10534000000000000000000000000000000000005D
:10535000000000000000000000000000000000004D
:105360000000000000000000000000000000081025
:10537000094004410041000000000000000000005E
:1053800000000000000000008580C18000000000D7
:1053900080800900000000028404400308410008E6
:1053A00011400041400200808080400000800000E9
:1053B00000008000020000800080028082000080E7
:1053C00000000000000000000000000000000000DD
:1053D00000000000000000000000000000000000CD
:1053E00000000000000000000000000000000000BD
:1053F0001100010100000001000000000000000099
:10540000000000000000000000040984A104000264
:105410000484C008008200400201C00101000101B3
:105420000000000100010001008204108908004012
:105430000000880284C001100010008283108202E4
:1054400000C000000000000000000000000000009C
:10545000000000000000000000000000000000004C
:10546000000000000000000000000000000000003C
:105470000000000001000101010000A00000000088
:10548000000000000000000000000000000000001C
:105490000041000108019008841101000100001082
:1054A0000000010000900100000082011004C0080B
:1054B0008240000010001000000000080801820077
:1054C000020882C000000000000000000000000090
:1054D00000000000000000000000000000000000CC
:1054E00000000000000000000000000000000000BC
:1054F0000000000009000400200409000000000072
:105500000000000000000000000000000009000092
:105510000000008500028005008080C0400020005F
:105520000411040540000900210041090002800225
:10553000000980800000004080000000000000039F
:1055400000000980808000000000000000000000D2
:10555000000000000000000000000000000000004B
:10556000000000000000000000000000000000003B
:1055700000000000000005910091002080910000D3
:10558000000000000000000000000000000000809B
:10559000000004000000000000000080008004887B
:1055A00000A0031191050908000204404005000015
:1055B00000008280008000000080000000000000E9
:1055C00000000000000080800000000000000000DB
:1055D00000000000000000000000000000000000CB
:1055E00000000000000000000000000000000000BB
:1055F00000000000000000000008000800831010F8
:10560000000000000000000000000000000000009A
:1056100000040202C0100010000800C040C00010CA
:105620000008000900A0101100010001000009019C
:105630000008C00810A008820000008488C002C0D2
:1056400010400008C0C00408848200000000000070
:10565000000000000000000000000000000000004A
:10566000000000000000000000000000000000003A
:1056700000000000000000000000011000C0010157
:10568000000000000000000000000000000000001A
:10569000000082A084004000C000A000C008C0003C
:1056A00002400104010101010100010401040101A2
:1056B00000008300C0000800110800000400100072
:1056C000A000080082030200100010080000000083
:1056D00000000000000000000000000000000000CA
:1056E00000000000000000000000000000000000BA
:1056F00000000000000000000000000040801100D9
:105700002103040000000000000000000000000071
:105710000000000000000000800000048011000074
:105720008000000008000502210210082100051178
:1057300021414000820510001000A0800000000000
:105740008000800080008003000280008000000054
:105750000000000000000000000000000000000049
:105760000000000000000000000000000000000039
:105770000000000000000000000000000000000029
:105780000000C20000500000000000000000000007
:1057900000000000000000000013000000001200E4
:1057A00000130000000000420000C2000000008161
:1057B0000000C2000000060000130000000000000E
:1057C00000000000000000008100001300000684BB
:1057D00000000000000000000000000000000000C9
:1057E00000000000000000000000000000000000B9
:1057F00000000000000000000000000000000000A9
:1058000000005535005C005500000000000000005D
:105810000000000000000000000000000000000088
:10582000000000000000000000FF4DFF00CFFFFF60
:1058300003FF0FFF000FFFFF00000000000000004B
:105840000000000000000000000000000000000058
:105850000000000000000000000000000000000048
:105860000000000000000000000000000000000038
:105870000000000000000000000000000000000028
:10588000000000005535005C0055000000000000DD
:105890000000000000000000000000000000000008
:1058A0000000000000000000000000FF4DFF000CA1
:1058B000FFFF00FF0CFF003CFFFF80000000000026
:1058C00000000000000000000000000000000000D8
:1058D00000000000000000000000000000000000C8
:1058E00000000000000000000000000000000000B8
:1058F00000000000000000000000000000000000A8
:10590000000000003C00FC00FF000C000000000054
:105910000000000000000000000000000000000087
:10592000000000000000000000000000003800300F
:105930000000F828141010100C080C0000000000E3
:105940000000000000000000000000000000000057
:10595000000055FF55FF000000000000000000009F
:105960000000000000000000000000000000000037
:105970000000000000000000000000000000000027
:105980000000000000003C000C00F30000000000DC
:105990000000000000000000000000000000000007
:1059A00000000000000000000000000000000028CF
:1059B00000000000000014000000080800000000C3
:1059C00000000000000000000000000000000000D7
:1059D0000000000055FF55FF00000000000000001F
:1059E00000000000000000000000000000000000B7
:1059F00000000000000000000000000000000000A7
:105A000000000000000000000086007000B00000F0
:105A10000000000000000000000000000000000086
:105A2000008600C000B000000086004003A0000017
:105A30000086006C00B000000000000C00000000B8
:105A4000000000800300000000000086006000B03D
:105A500000000000008003000000000000000000C3
:105A60000000000000000000000000000000000036
:105A70000000000000000000000000000000000026
:105A800000000000000000000000000000000445CD
:105A900005050000000000000000000000000000FC
:105AA0000000000200003C3C3C3C82808080000002
:105AB00000000000000000000000000000000000E6
:105AC00000002800A0000005040400000000000001
:105AD000000000043C00F000005514140000000019
:105AE00000000000000000000000000000000000B6
:105AF00000000000000000000000000000000000A6
:105B00000000000000000000000000000000000095
:105B10000445050500000000000000000000000032
:105B200000000000000000003C3C7C3C82000000C3
:105B300000140515000000008000000000000000B7
:105B4000000000003C00F0000055141400000000AC
:105B50000001000000001400500000501010000070
:105B60000000000000000000000000000000000035
:105B70000000000000000000000000000000000025
:105B80000000000000000000000000000000000015
:105B90000000000000000000000000000000000005
:105BA0000000000000000000400000000000FFFFB7
:105BB000F300050FFFFF00000000000000000000E0
:105BC000000000000000A2A2A200000C00140000CF
:105BD00000000000C0C0C0C070707000000C000564
:105BE00000000000000000000000000000000000B5
:105BF00000000000000000000000000000000000A5
:105C00000000000000000000000000000000000094
:105C10000000000000000000000000000000000084
:105C20000000000000000000000000000000000074
:105C3000FFFF3000000AFFFF00000000000000002E
:105C400000000000000000000000A200000F00554E
:105C5000000000000001C0C0C0C000007000003C97
:105C600000550000000000000000000000000000DF
:105C70000000000000000000000000000000000024
:105C80000000000000000000000000000000000014
:105C900000000000040000002100000203000000DA
:105CA00020000400000000000000000000000000D0
:105CB0000000210021000000000000000000210081
:105CC00020000400000000000000000000000000B0
:105CD00000000000040000000000000000000000C0
:105CE0000410002000000000000000000000000080
:105CF0000000000000000000000000000040000064
:105D00000000004000000000000000000000000053
:105D10000000000000000000900090009000820051
:105D200000000000000000000000000000009000E3
:105D3000040010000000000000000000000000004F
:105D40000000000000000000000000000000000053
:105D50000000000000000000000000000000000043
:105D60000000000000000000000000000000000033
:105D70000000000000000000000000000000000023
:105D80000000000000000000000000000000000013
:105D90000000000000000000000000000000000003
:105DA00000000000410000000000000000000000B2
:105DB00000000000000021000000000000000000C2
:105DC000000000000000000000880000000000004B
:105DD000000000000000000000C0000000002100E2
:105DE000000000C0000000000000210000000000D2
:105DF00000000000000000000000000000000000A3
:105E00000000000000000000000000000000000092
:105E10000000000000000000A0000000A000000042
:105E20000000000000000000000000000000000072
:105E3000000000000000000000000400000000005E
:105E40000000000000000000000000000000000052
:105E50000000000000000000000000000000000042
:105E600000000000000082000000000000000000B0
:105E7000000000400020000000000400000000209E
:105E80000000000000400040000000000000000092
:105E90000000000000000000000000000000000002
:105EA00000000000000000000000100000000000E2
:105EB00000000000000000000000000000000000E2
:105EC00000000000000003001000000000000000BF
:105ED0000000000000000088000200000000000038
:105EE00000000088000000004000000000000000EA
:105EF00000000000000000000000000000000000A2
:105F00000000000000000000000000000000000091
:105F10000000000000000000000000001000000071
:105F20001009000010000000000000001000100028
:105F300010000000080040000200000002001000F5
:105F4000A0008200002110020209000000410400AC
:105F5000000000200010A01000000002000000045B
:105F60000041201000040000001000400041000427
:105F70000000001100040000000400040000000004
:105F80000000000000000000000000000000000011
:105F90000000000000000000000000000000000001
:105FA00000000000000000002100000000000000D0
:105FB00000000000000000820000000000000082DD
:105FC0000004000000A00000000000000004000029
:105FD0000000000000900000210000000000000010
:105FE00000000000090000000000000000000000A8
:105FF00000000000000000000000000000000000A1
:106000000000000000000000000000000000000090
:106010000000000000000000000000000000000080
:106020000000000000000000000008000000000068
:106030000000000000000000000000000000000060
:10604000A00010000000820000000000080008000E
:106050000841000008008200820000000000A0004B
:10606000000000001000000000000000C000080058
:1060700010001000A000C000000008000000000098
:106080000000000000000000000000000000000010
:106090000000000000000000000000000000000000
:1060A0000000008800000000000000000000000068
:1060B00000000000000000000000050000000000DB
:1060C00000000000100000001000030000000000AD
:1060D000009000000500000000000000000000002B
:1060E000008200000000000000000000002000000E
:1060F000000000000000000000040000000000009C
:10610000000000000000000000000000000000008F
:10611000000000000000000000000000000000007F
:1061200000000000A00908210009A00000000000F4
:1061300000000000000000000000000084000000DB
:1061400000001000401110090000002008090000A4
:106150000005840510048400A0400200900490040F
:1061600000040004000000200011000920000004C9
:106170000200000402040000000000000000000013
:10618000000000000000000000000000000000000F
:1061900000000000000000000000000000000000FF
:1061A00000000000000000000000000000000000EF
:1061B000009000000000100000000000000000003F
:1061C00000000000000000000000000011000000BE
:1061D00010000000200400900000000000000000FB
:1061E00000000000000000000000000000000000AF
:1061F000000000000000000000000000000000009F
:10620000000000000000000000000000000000008E
:10621000000000000000000000000000000000007E
:106220000000000000000000000008000000000066
:10623000000000000000000010000000000000004E
:10624000000000000000000000411040000082003B
:10625000820010000200001110008400000084057C
:1062600000000000000002000000000000008800A4
:106270000004020000000200000010000000C00046
:106280000000000008000000000000000000000006
:1062900000000200000010000000000000000000EC
:1062A00000000000000000000000000000000000EE
:1062B00000000000000000000000000000000000DE
:1062C00000000000000000000000000000000000CE
:1062D00000000000000000000000000000000000BE
:1062E00000000000000000000000000000000000AE
:1062F000000000000000000000000000000000009E
:10630000000000000000000000000000000000008D
:10631000000000000000000000000000000000007D
:10632000000000000000000000000000000000006D
:10633000000000000000000000000000000000005D
:10634000000000000000000000000000000000004D
:10635000000000000000000000000000000000003D
:10636000000000000000000000000000000000002D
:10637000000000000000000000000000000000001D
:10638000000000000000000000000000000000000D
:1063900000000000000000000000000000000000FD
:1063A00000000000000000000000000000000000ED
:1063B00000000000000000000000000000000000DD
:1063C00000000000000000000000000000000000CD
:1063D00000000000000000000000000000000000BD
:1063E00000000000000000000000000000000000AD
:1063F000000000000000000000000000000000009D
:10640000000000000000000000000000000000008C
:10641000000000000000000000000000000000007C
:10642000000000000000000000000000000000006C
:10643000000000000000000000000000000000005C
:10644000000000000000000000000000000000004C
:10645000000000000000000000000000000000003C
:10646000000000000000000000000000000000002C
:10647000000000000000000000000000000000001C
:10648000000000000000000000000000000000000C
:1064900000000000000000000000000000000000FC
:1064A00000000000000000000000000000000000EC
:1064B00000000000000000000000000000000000DC
:1064C00000000000000000000000000000000000CC
:1064D00000000000000000000000000000000000BC
:1064E00000000000000000000000000000000000AC
:1064F000000000000000000000000000000000009C
:10650000000000000000000000000000000000008B
:10651000000000000000000000000000000000007B
:10652000000000000000000000000000000000006B
:10653000000000000000000000000000000000005B
:10654000000000000000000000000000000000004B
:10655000000000000000000000000000000000003B
:10656000000000000000000000000000000000002B
:10657000000000000000000000000000000000001B
:10658000000000000000000000000000000000000B
:1065900000000000000000000000000000000000FB
:1065A00000000000000000000000000000000000EB
:1065B00000000000000000000000000000000000DB
:1065C00000000000000000000000000000000000CB
:1065D00000000000000000000000000000000000BB
:1065E00000000000000000000000000000000000AB
:1065F000000000000000000000000000000000009B
:10660000000000000000000000000000000000008A
:10661000000000000000000000000000000000007A
:10662000000000000000000000000000000000006A
:10663000000000000000000000000000000000005A
:10664000000000000000000000000000000000004A
:10665000000000000000000000000000000000003A
:10666000000000000000000000000000000000002A
:10667000000000000000000000000000000000001A
:10668000000000000000000000000000000000000A
:1066900000000000000000000000000000000000FA
:1066A00000000000000000000000000000000000EA
:1066B00000000000000000000000000000000000DA
:1066C00000000000000000000000000000000000CA
:1066D00000000000000000000000000000000000BA
:1066E00000000000000000000000000000000000AA
:1066F000000000000000000000000000000000009A
:106700000000000000000000000000000000000089
:106710000000000000000000000000000000000079
:106720000000000000000000000000000000000069
:106730000000000000000000000000000000000059
:106740000000000000000000000000000000000049
:106750000000000000000000000000000000000039
:106760000000000000000000000000000000000029
:106770000000000000000000000000000000000019
:106780000000000000000000000000000000000009
:1067900000000000000000000000000000000000F9
:1067A00000000000000000000000000000000000E9
:1067B00000000000000000000000000000000000D9
:1067C00000000000000000000000000000000000C9
:1067D00000000000000000000000000000000000B9
:1067E00000000000000000000000000000000000A9
:1067F0000000000000000000000000000000000099
:106800000000000000000000000000000000000088
:106810000000000000000000000000000000000078
:106820000000000000000000000000000000000068
:106830000000000000000000000000000000000058
:106840000000000000000000000000000000000048
:106850000000000000000000000000000000000038
:106860000000000000000000000000000000000028
:106870000000000000000000000000000000000018
:106880000000000000000000000000000000000008
:1068900000000000000000000000000000000000F8
:1068A00000000000000000000000000000000000E8
:1068B00000000000000000000000000000000000D8
:1068C00000000400000000040000000000000020A0
:1068D00000000000000000000000000000000000B8
:1068E00011040000800011000000200000000400DE
:1068F0001100020000001100110000000000000063
:106900000000000000000000400000C000000088FF
:1069100000000002000000000082000000000000F3
:106920000000000000000000000000000000000067
:106930000002000000000000000000000000000055
:106940000000000000000000000000000000000047
:106950000000000000000000000000000000000037
:106960000000000000001000000000000100000016
:106970000100000000000000000000000000000016
:106980000000000000000000000001000000000006
:106990000000000000800000000000000000000077
:1069A00000000000000000000000000000000000E7
:1069B0000000008000000000000000000000000057
:1069C00000000000000000010001000000000001C4
:1069D00000000001000100000000000000000001B4
:1069E00000010000000000010000000000A0000005
:1069F0000001000000000000000000000000002076
:106A000000000000000000C0002000000020808284
:106A10000000000000004100402040000001000094
:106A200000880000000000000001000100000000DC
:106A30000001000100000000000000000000000054
:106A40000000000000000000000200020000000042
:106A5000000200100002000204000000000000001C
:106A6000000200020000000000080000000000001A
:106A70000000004000000000000000008200000054
:106A800000800000820000000000009000410080B3
:106A900040000010002100000400018001000020DF
:106AA00000000000000000000000000200020400DE
:106AB00000000002000200000000000000000000D2
:106AC0000000000000000000000010000000400175
:106AD00000020000000200000084000000004000EE
:106AE000400000000000000210021000040000003E
:106AF0000000000000000800000008000002002064
:106B0000800800910084049011A000000404008813
:106B100003200002210000104000000004000000DB
:106B2000000100000202000200000000000000005E
:106B30000000000000000000000040000000000015
:106B400000000000000000000000000000008400C1
:106B500001400080000000800000000000000000F4
:106B600001000100400000000280008000000000E1
:106B700000000000000000000800000000002000ED
:106B800000804000002000000141000000000100E2
:106B900000001080000000058800010000000100D6
:106BA0000040002000000180008000000000000084
:106BB00000000000000000000000000001000000D4
:106BC00000000000000000000000000000000000C5
:106BD0000200040002000000410003001000100148
:106BE0000301410000902000000000001000100090
:106BF0000000848440840201020008200200050194
:106C00000000401000010801000100010000000028
:106C1000080100000800000010008004100000A01F
:106C2000100000000000000400000000410500000A
:106C30000000000000010002000000000000000051
:106C40000000000000000000000000000000000044
:106C50001000000000000000000000000000000024
:106C60000002000200008800200000002000000058
:106C70001011001005008505890402040880040035
:106C80000020000089008220000200020020000095
:106C90000000C020001010008400082040000804FC
:106CA0001000000000000800100000212040000239
:106CB0000000000000000002008000000000000052
:106CC00000000000000000000000000000000000C4
:106CD00000000010100000A00500000000004100AE
:106CE0000000100010000000100040000000000034
:106CF0001000000080910040020005C100008000EB
:106D0000410040004020000011C0000040C0C1C050
:106D1000C0000000000400400201008800000320C1
:106D20000800100002000000100000000020000019
:106D3000000003004100000000000000000000000F
:106D40000000000000000000000000000000000043
:106D500000000000100000008200A0000000000001
:106D60000000000000000000000000000000000023
:106D70000000000000002004000000008840000027
:106D8000040000000100018000000000A0000000DD
:106D90004000400000000000000002200000000051
:106DA000000000004000000000000000000900009A
:106DB00000000000000000000000000000000000D3
:106DC00000000000000000000000000000000000C3
:106DD0000000000000000000410000000000000072
:106DE000000000840000000000000000000000001F
:106DF00041000000030010102010000003840590E3
:106E000000100400410021000000050000000020E7
:106E100041A04120100000000001000500000020FA
:106E200000012100080021A00000000000000090E7
:106E3000004000040040000100400000000000008D
:106E40000000000000000000000000000000000042
:106E5000000000000000000010000000040000041A
:106E60000000000000000000000000000000001111
:106E700000210021A041822100000100080800003B
:106E8000C01020040400C0000011000000008808A9
:106E900004800021048000000000000200020000C5
:106EA00000000002004000200000A021A01182008C
:106EB0000204021100040000200200000000000093
:106EC00000000000000000000000000000000000C2
:106ED00000000000000000000000000300000000AF
:106EE0000002000300000004000000030000000096
:106EF00000024003000000020000800300030503BD
:106F00000004800288C1410900050003800005C01B
:106F100000000003008040A00000000040830480C7
:106F200041400080000300050000000080830080D5
:106F300041890000000300000004008000030000FD
:106F40000004000000030005000000000000000035
:106F50000000000000000000000000000001000030
:106F6000000000000001000000000000000100001F
:106F70000000000001010000000000000401840086
:106F80000000000004414105011000100041824052
:106F9000104000A00009828401A100C00000010986
:106FA000A08401030020000100000000040088A16B
:106FB000A08400910004000300C000040008000148
:106FC00000000000000000010000000000000000C0
:106FD000000000000000000000000000000082002F
:106FE00040000840410000000000000001000000D7
:106FF0000002000001000000000201000100880002
:1070000090A0840184000808200040048402A000AD
:107010000800C1008982C0018800404085890000C5
:107020000000C000C00085820000000000000100D8
:1070300009000484400085A0000001080000010050
:10704000000000000000010000000000000001003E
:107050000000000000000000000000000000000030
:10706000000080008080830000000000000003001A
:1070700000000000000003000000000040000300CA
:1070800000000000004080000009000000098009A5
:10709000001080001000038000200000808083101A
:1070A000000000098000800083C100000000110082
:1070B0000300C002800080008300000040800000C8
:1070C00003000000000000000300000000000200B8
:1070D00003000000000000000000000000000000AD
:1070E0000000000000040000000300000004000095
:1070F0000003000000410000000300000000000049
:1071000000030280000000000380088000000000EF
:10711000410000100000800000030004020008008D
:107120000003000000800000800000030004000055
:107130000000000300000041020000830002800004
:107140000000000300040000000000030000000035
:1071500000400003000000000000000000000000EC
:10716000000000000000000000000001000000001E
:10717000000000010000000000000001000000000D
:107180000000000100100088000801080102A0C0F2
:10719000880400A00041840408C000410084848267
:1071A0000102000300000002000810A090910000FE
:1071B0000000000000010082008890A0000500008F
:1071C0000800C000000100000000000000010000F5
:1071D00000000001000100000000000000000000AD
:1071E0000000000000000100000000000108010094
:1071F000010000000000010000000000000001008C
:1072000000000000000000900040000000401084DA
:1072100011008200020040A00800C000024041406E
:107220000200020040900000C14008A0A001020836
:107230000100000000000000C10008A00400C09090
:10724000010000000000000001000100000000003B
:10725000010000000000000000000000000000002D
:107260000000000000000000030200000009408050
:1072700003002000000200000300000000040000E2
:1072800003000000000000000200020004000000F3
:1072900088C1850040004000080300000000008015
:1072A000838005000009800000000385000080083D
:1072B0001180030000000500000003008000800032
:1072C000808003000000000000000300400900006F
:1072D00000000300000005000000000000000000A6
:1072E000000000000000000000000000000000009E
:1072F000000000000000000000000000000000008E
:107300000000000000000000000081810013C200A6
:10731000006011820013C200000012000013000080
:10732000066012000013000000000000810000133E
:1073300000000081000000000000000012000013A7
:10734000000000000000000000000000000000003D
:10735000000000000000000000000000000000002D
:10736000000000000000000000000000C3C3FFFF99
:10737000F0F0FFFF00FFFFFFF0F0FFFF0000FFFF56
:10738000F0F0FFFF0000FFFF9999FFFFFF6F000083
:1073900000000000FF07FF04000000000000FFFFE6
:1073A000C3C3FFFF00FFFFFFC3C3FFFF0000C3C352
:1073B000FFFF9999FFFFF0F0FFFFC3C3FFFF00003D
:1073C000FFFFF0F0FFFF0000FFFFC3C3FFFF00FF60
:1073D000FFFFC3C3FFFFF0F0FFFF00FFFFFF000050
:1073E0000000000000000000000000000000C3C317
:1073F000FFFFF0F0FFFF00FFFFFFF0F0FFFFFFFFD8
:10740000FFFFF0F0FFFFFFFFFFFF9999FFFF9000E4
:10741000000000000000FF07FF0400000000000063
:10742000FFFFC3C3FFFF00FFFFFFC3C3FFFF000059
:10743000C3C3FFFF9999FFFFF0F0FFFFC3C3FFFF36
:10744000FFFFFFFFF0F0FFFFFFFFFFFFC3C3FFFFE2
:1074500000FFFFFFC3C3FFFFF0F0FFFF00FFFFFFD0
:10746000000000000000000000000000000000001C
:10747000000000000000000000000000000000000C
:1074800000000000000000000000000000000000FC
:1074900000000000000000000000000000000000EC
:1074A00000000000000000000000000000000000DC
:1074B00000000000000000000000000000000000CC
:1074C00000000000000000000000000000000000BC
:1074D00000000000000000000000000000000000AC
:1074E000000000000000000000000000000000009C
:1074F0000000FFFFC3C3FFFF0000FFFF0F0FFFFFF0
:107500000000FFFFC3C3FFFF0000FFFF0F0F0000DD
:1075100000FF80F081FF000000000018101800003C
:107520000000FFFF0F0FFFFFFF00FFFF0F0FFFFF28
:1075300000000000FFFF0F0FFFFF0000FFFFFF0034
:10754000FFFFFF00FFFF0F0FFFFFC3C3FFFF0F0F82
:10755000FFFF0F0FFFFF0F0FFFFF9999FFFFFF00C6
:10756000000000FF0000000000000000000000001C
:1075700000000000FFFFC3C3FFFFFFFFFFFF0F0F6F
:10758000FFFFFFFFFFFFC3C3FFFFFFFFFFFF0F0F63
:10759000000000FF0070007E0000000000001010DE
:1075A00000000000FFFF0F0FFFFFFF00FFFF0F0FA6
:1075B000FFFFFFFF0000FFFF0F0FFFFFFFFFFFFFB9
:1075C000FF00FFFFFF00FFFF0F0FFFFFC3C3FFFF21
:1075D0000F0FFFFF0F0FFFFF0F0FFFFF9999FFFF27
:1075E000FF00000000FF000000000000000000009D
:1075F00000000000000002C7016000B449400241E1
:1076000001000004494002410100000449400241D8
:1076100001000004514000860A7C03A0000000869F
:10762000006C03A0000002C601800384494002C729
:10763000014003A44940000002C7014003A449409F
:10764000024101000004494002C7014003A449402F
:1076500002C7016000B449400241010000044940F2
:107660000241010000045140000000000000000041
:10767000000000000000000000000000000000000A
:1076800000000000000000000000000000000000FA
:10769000000000000000000000000000080808AA28
:1076A000BEBE8282010101C3FF003C3C03033F3F99
:1076B0000C080808043C000000000E0A0C000C5DD9
:1076C000000000000000000000000C0C08000C5D31
:1076D00000000000000000000000000000000000AA
:1076E000000000000000000000000000000000009A
:1076F000000000000000000000000000000000008A
:107700000000000000000000000000000000000079
:107710000000000000000000000000000000000069
:107720000000FCC0FCC000000000FF003A3A41032A
:107730007D3F0C0000000404000000000000000079
:107740000000000000000000000000000800080029
:107750000000000000000000000000000000000029
:107760000000000000000000000000000000000019
:107770000000000000000000000000000000000009
:1077800000000000000000000000000000000000F9
:1077900000000000000000000000000000000000E9
:1077A000001EFFFFEF2FEC2C0C3CFFFFFF00F1F160
:1077B0001755FFFFFFACFF00080DFFFF0000FFFCA7
:1077C000FFC00055FFFF0000000000000000FF3C6C
:1077D000FF00101CFFFF0000000000000000000080
:1077E0000000000000000000000000000000000099
:1077F0000000000000000000000000000000000089
:1078000000008000000000000000000000000000F8
:107810000000000000000000000000000000000068
:107820000000001EFFFFE323E0200030FFFFFF0009
:10783000B0B017550000FFACFF00080DFFFF0000BF
:10784000FF00FF000505FFFF000000000000000032
:10785000FF30FF30101CFFFF00000001000000009F
:107860000000000000000000000000000000000018
:107870000000000000000000000000000000000008
:1078800011000088040000009000000000000000CB
:1078900020001100040000008400000084000000AB
:1078A0000400000011001000402000000008021039
:1078B0000200000000000000040000A0040000001E
:1078C000000000000000000000008000C001000077
:1078D0000240000000000000000000000020000046
:1078E00000200000000000000000000000880000F0
:1078F0000000000000000088000000000000000000
:107900000000000500000000000021000000000051
:107910000000000000000000000005000000114011
:1079200088008400000084000100018000000080C5
:1079300001000000000000000000000000008210B4
:107940000000000000000000000000000400110220
:10795000002001A000000000000000090009000054
:107960000000000000000000000000000000000017
:107970000000000000000000000000000000000007
:1079800000000000000000000000000000000000F7
:1079900000000000000000000088000080000002DD
:1079A00000200000C00088084000002008000000FF
:1079B00040000000000000000090000000000000F7
:1079C0000000000000C000000000000000000000F7
:1079D0000003000110410000000000010001000050
:1079E0008001000000000000000000000000000016
:1079F0000000000000000000000000000000000087
:107A00000000000000000000000000100000000066
:107A1000000000000000000000000400000004005E
:107A2000008090800010030003800141008001006D
:107A30000000010000009000000090000000000025
:107A400000000000004100000020000004000000D1
:107A5000000000C0000801C000000000002000205D
:107A600000000420000900000000000000000000E9
:107A70000000000000000000000000000000000006
:107A80000000000000000000000000000040004076
:107A900000000000000000000000000000000000E6
:107AA0000000000004000000100000000010002092
:107AB00010830010A08900C0800000900510030012
:107AC0004190000200040002000000900400000049
:107AD00000008000C003000084410000000080001E
:107AE0000000000000010000000000000000000095
:107AF0000000000000000000000000000000000086
:107B00000000000000000000000000001000828063
:107B10000080000000000000C000000000008400A1
:107B20000000000000000100840001000000A080AF
:107B300000808840900009200010200800001000FC
:107B40000000000382080000000500000200C000E1
:107B50000000820002000282000002C0000000005B
:107B60002000000010000020A00000000000000025
:107B70000000000000000000000000000000000005
:107B800000000000000000000000000000000900EC
:107B90000000100000000000400000002000000075
:107BA00020004100000000000900000010118020AA
:107BB0001040000020000040000002900000200063
:107BC00000900000000000901140419000000082F1
:107BD0000000008210000800808980008289000077
:107BE0000000000000000000000000900000000005
:107BF0000000000000000000000000000000000085
:107C00000000000000000000000000000000000074
:107C100000000000000000000000830000000000E1
:107C2000000020000000000000000000000002A092
:107C30000400C0400420010000890000040010007E
:107C4000840000008400000000000000020000002A
:107C50000041900090000000824140020800414035
:107C60001000000000004040000000000003C000C1
:107C70000000000000008400000000000000000080
:107C800000000000000000000000000000000000F4
:107C9000000000C000C00800008200820020000038
:107CA00005000000080004000800030008000000B0
:107CB000001140A0200308401000080100008010BF
:107CC0000084100021C00010210000820000008408
:107CD0000000000041000000080003000001410016
:107CE0009008000005200000088800000000100037
:107CF0000000000000000000000000000000000084
:107D00000000000002000000000000000000000071
:107D1000000000001000C000000000000000000093
:107D20001000000000000000000000000000000043
:107D3000000000040008A14001800100824084107E
:107D40001000100010000800000000000010840067
:107D500000050000004040000000842100000004F5
:107D60000040028000008480000084008400000045
:107D7000A0004000000082000000000000000000A1
:107D800000000000000000000000000000000000F3
:107D900000000000008808400000100020000000E3
:107DA000030000001100000000A0210000000000FE
:107DB0000008000000C00008902000A1004010084A
:107DC0000200901000010088A00000200000008444
:107DD00000002184000010004100000000000200AB
:107DE000C001100082412000000000040040008813
:107DF000008800040990000000400000000000001E
:107E00000000000000000000000000000000000072
:107E10000000000000000000000000000841010018
:107E2000A00082000000000000001005C00000005B
:107E300000008880020000008280058000080000A9
:107E4000018083000303000400002100A0008200E1
:107E500000000040C000000000410000A000000041
:107E600010004102C10003C0010002000080842113
:107E70000000000090000000000000000000000072
:107E800000001000000010000004000000000000CE
:107E90000000000000000000000080000000000062
:107EA00000000000000000000000000000000000D2
:107EB000210080800200400003A1401089A10440FD
:107EC00085C0009141114102800210090041411119
:107ED00000000000000000000000000000000000A2
:107EE0000000038309842185C11000A08983854196
:107EF00020850000000000000000000000000000DD
:107F00000000000000000000000000000000000071
:107F1000000000000000000000000000C0000000A1
:107F20000000000000000000000000000000000051
:107F300040002090A084019001200582C084C009E7
:107F40000005048382844002000540010100000115
:107F50000000000000000000000000000000000021
:107F600000000000A18385840541C191A00482081E
:107F70000882014000000000000000000000000036
:107F800000000000000000000000000000000000F1
:107F900000000000000000000000000000000400DD
:107FA00040000400000000A000C10000000000002C
:107FB0000000000041000300A0009103C1002082E6
:107FC000212082084009C0828289820900000120A4
:107FD0000040000000000000000000000000000061
:107FE0000000000000000001000000020184A089E0
:107FF00005021000C1400000000000000010000059
:108000000000000000000000000000000000000070
:10801000000000000000010000000000000000005F
:10802000800080008041000000000010000000007F
:108030000000000000001111C000C00020850841B0
:10804000A000040988888389C08008829185020085
:1080500041084180410900000000000000000000CC
:1080600000000000000000000909000009000309E9
:108070001184A1914100908200090000000000805D
:1080800000000000000000000000000000000000F0
:1080900000000000000000004000000000000000A0
:1080A00000000000008000800000000008000000C8
:1080B0000000000000000000004080080040008830
:1080C00009020020408988830904809180859003FB
:1080D0000303002000020305000000000000000070
:1080E00000000000000000000000418900088088B6
:1080F0000289821080A04083C0050000000041007A
:10810000000000000000000000000000000000006F
:10811000000000000000000000000000000000005F
:10812000000000A000C000400004000000000000AB
:108130000000000000000000000000A002210082FA
:1081400000080190202002408483018882110210DF
:108150009141010000000001010100000000000049
:10816000000000000000000000000000000884A0E3
:108170000203004089A1C008911011050000000011
:1081800000000000000000000000000000000000EF
:1081900000000000000000000000000000000000DF
:1081A00000000000000000000000004001400182CB
:1081B000000001000000000000000000A088C001D5
:1081C00090010240830885410403040405C14188ED
:1081D0001101C020008801410001010000000000E1
:1081E0000000000000000000000000000000084047
:1081F000C0040800840008A08501A0010382820059
:10820000C008C000400000000000000000000000A6
:10821000000000000000000000000000000000005E
:108220000000000000000002000000000080038049
:108230000400090020000000000000000000000011
:108240000010000880008311050202098400838366
:108250000411A109048009000590114110000000DB
:10826000000000000000000000000000000000000E
:108270000080000080090000A041051020402080FF
:10828000000000808000800000000000000000006E
:1082900000000000000000000000000000000000DE
:1082A00000000000000000000000000000000000CE
:1082B00000880000C2000000000000000000000074
:1082C0000A000013000000000A500013C200210041
:1082D00012420013C2000A0000820000C200815056
:1082E000000000000000000000000000000000008E
:1082F000000041880013C200420006600013C20063
:1083000006821200001300000000000000000000C0
:10831000000000000000000000000000000000005D
:10832000000000000000000000000000000000004D
:108330000000355535550000000000000000000029
:108340000000000000000F553CFF04EF04EF0C0597
:108350003C5504450CCF05450FCF30FF3CFF003F97
:10836000FFFF00000000000000000000000000000F
:108370000000000000000000033F7D7D00FF3CFF87
:108380003C0FFFFF000000000000000000000000A4
:1083900000000000000000000000000000000000DD
:1083A00000000000000000000000000000000000CD
:1083B0000000000000003555000000000000000033
:1083C00000000000000000000F553C00000004EF1A
:1083D0000505555505050F0F05040F0C00FF0CFF93
:1083E0000003FFFF0000000000000000000000008C
:1083F00000000000000000000000033F41410CFFAE
:108400000CFF0000FFFF0000000000000000000063
:10841000000000000000000000000000000000005C
:10842000000000000000000000000000000000004C
:10843000000000000000000000000000000000003C
:1084400000000000000000000000AFA0FCFCFDF8F0
:10845000ADA8FFF0AA3CFA3FFA30FAFA7D28551091
:108460001010C380808000000000000000000000A9
:108470000000000000000000B2B2B2000000C30023
:1084800000F800280000F8280000000000000000AC
:1084900000000000000000000000000000000000DC
:1084A00000000000000000000000000000000000CC
:1084B00000000000000000000000000000000000BC
:1084C000000000000000000000000000AFA00C0C45
:1084D0005D580D0800F0AA3C0A3F0A3050507D2834
:1084E000000000000000000000000000000000008C
:1084F00000000000000000000000F0F0F000C3C326
:10850000000000000000000000000000000000006B
:10851000000000000000000000000000000000005B
:10852000000000000000000000000000000000004B
:1085300000000086006000B000000500001C000084
:10854000000000000000000000000086004003A8BA
:1085500000800586009C03890000058602DC03A9D3
:1085600000800000000C000000000000000000007F
:1085700000000000000000000000000000860ADC8F
:1085800003B000A00086008C03800000008600205D
:1085900003B0000000000000000000000000000028
:1085A00000000000000000000000000000000000CB
:1085B0000000000000000000000F000F000000009D
:1085C0000000000000000000000000000000A828DB
:1085D00000014141FF003C000D0F7DFFAFAFA0A0A7
:1085E000053FF53F00000000000000000000000013
:1085F0000000000000000000000000000000AF3F8D
:10860000AF30FFFFFFFFAAAAF0F0D0F0DFFF753018
:108610005500000000000000000000000000000005
:10862000000000000000000000000000000000004A
:1086300000000100000000000000000F003C0000EE
:10864000000000000000000000000000000000002A
:10865000A00000010001FA0A3808000200823F3041
:108660003F300530F5300000000000000000000041
:1086700000000000000000000000000000000000FA
:10868000A03FA030F0FEFFFEAAAA3CF010001F0F92
:10869000303000000000000000000000000000007A
:1086A00000000000000000000000000000000000CA
:1086B00000000020000000000000000000FF00AFEC
:1086C00000000000000000000000000000000000AA
:1086D000FFB2FF0000FF5CFFFF03AA02007F7F7F65
:1086E000F720F720000F0F0F00000000000000002F
:1086F000000000000000000000000000000000007A
:108700000000FD80FD8000000000AAFFAAC0757572
:1087100000FF00000000000000000000000000005A
:108720000000000000000000000000000000000049
:108730000000000000000000020000000000000037
:108740000005000000000000000000000000000024
:108750000000FFB2FF0000FF5CFFFC00A800000269
:108760000202F720000000171717000000000000A9
:1087700000000000000000000000000000000000F9
:1087800000000000FD80000000000000AA3FAA00D9
:10879000454500FF00000000000000000000000050
:1087A00000000000000000000000000000000000C9
:1087B00000000000000000000000000000000000B9
:1087C00000000000000000000000000000000000A9
:1087D0000000000000000000000000000000000099
:1087E0000000000000000000000000000000000089
:1087F0000000000000000000000000000000000079
:108800000000000000000000000000000000000068
:108810000000000000000000000000000000000058
:108820000000000000000000000000000000000048
:108830000000000000000000000000000000000038
:108840000000000004100000040000000000000010
:108850000000210011000000000082210901C00079
:108860004000020004048000040020012000C00039
:108870000000910100000000000010000000000056
:10888000100000881000000000210000001000000F
:1088900000000000000000040000000000040000D0
:1088A00000000000000000000000000000000000C8
:1088B00000000000000000000000000000000000B8
:1088C00000000000000000000000000000000000A8
:1088D00000000000A00000000000000003C0002015
:1088E00005000100000000800200000001400100BE
:1088F0000300000002040000A000000005000000CA
:108900000000010000000500000000A000000000C1
:108910000000000000000000008000000000008057
:108920000000000000000000000000000000000047
:108930000000000000000000000000000000000037
:108940000000000000000000000000000000000027
:1089500000A0000000000000000000000001A100D5
:1089600002012000000000000001000000090001D9
:108970008001002002008000008480000000800050
:10898000000000C080000001800000000001000025
:108990000005000400010000000580010020002007
:1089A0000021002100000000000100000001000083
:1089B00000010000000000000000001100000000A5
:1089C0000000000000200000000000000000041073
:1089D00000000010000000000000000088000008F7
:1089E0000200014000000000000000408200A08260
:1089F0000004020400200100080000002000000024
:108A000020000000000020000408200000000020DA
:108A1000000000A000800020000000A020040080D2
:108A200000800084A08400000000002000000020DE
:108A30000000002000000000000000000090000086
:108A40000000000000000000002000000000000006
:108A50000000000000200000000000000000800076
:108A60000000822100400000000000011000008989
:108A70000000A001A005C1100008C0A00000000176
:108A8000000880C0002000000008002008840000CA
:108A90000004000404000040040100C18004001030
:108AA0000000052000000000000000000020000081
:108AB00000000000000000000000000000000000B6
:108AC00000000000000000000000020000000000A4
:108AD0000000000000001080000000000002000004
:108AE000100000000340C080C0000000004085214D
:108AF000840800000504038404000085040082004B
:108B000000200080400000800000000084800200FF
:108B10000005009000800100880001040004048525
:108B20000000000000800000000000000000008045
:108B30000000000000000000000000000000000035
:108B40000000000000000000000000002000009075
:108B50001000000010C108041004100041000200C1
:108B600004C00001000041004101200003904100C9
:108B7000000085401000A004A0050510830110022C
:108B8000004088840084100010C00000400080086D
:108B900010008001000485000500A1048900820006
:108BA0001001000000010000800002000000000031
:108BB00000000000000000000000000000000000B5
:108BC0000000000000000000000000009000000015
:108BD000881184000000080484C182C110100000C4
:108BE00000119000004000000000004088000000DC
:108BF000C00082000808880009902184C0801040CD
:108C0000849100802003C00010414000000011004A
:108C100004890000040800912020400420A02000C6
:108C20002000100420200020000020000000000090
:108C30000000C00000000000000000000000000074
:108C4000000000000000000000000000000021887B
:108C5000418800001000000000000000008805C0EE
:108C600000880088100210004100C188054000847F
:108C7000000010C0200084101040A005A00580094D
:108C800003A09008024041840085000021A000005C
:108C900008200820412000200000080041400082F8
:108CA000418900012188084000200000100000A038
:108CB000100000004100050000000000000000005E
:108CC00000000000000000000000000000000000A4
:108CD000000000000000000000000000080000008C
:108CE00000090000000000000100000002000080F8
:108CF0000009821185000100410000802184218447
:108D00002008000010020188000000200000000080
:108D1000000000000020008000800008100010000B
:108D2000100008040804000000210080C0000000BA
:108D300088020000000000000000000000000000A9
:108D40000000000000000000000000000000000023
:108D500000000000000009000000200000000000EA
:108D600000001000090000A0410021000200414065
:108D700041004100051041A1000082021085A005BC
:108D8000200500C0400200101010C0004103411037
:108D9000411000000000112040100008111008844C
:108DA00041112190100002004100042000000090B9
:108DB0000000050408000000100000200000000072
:108DC000000000400000000000040000000000005F
:108DD0000000000000410000A00010008900000019
:108DE000841000100041A0001000C0088400011190
:108DF0000200100000418241C0401000108000407D
:108E00002184C18400000180100000001102408212
:108E10000000001000000000C083C1041083400067
:108E2000400000044020000000001000000000008E
:108E3000000004000200000000000000000000002C
:108E400000000000C0000000000000000000000062
:108E5000000000000000000000000000000083404F
:108E600080410802094000000000000000000005E9
:108E700091909082008240000500208004808885C7
:108E80000088098209050882850389404108044059
:108E9000C188210903820000021083408220032040
:108EA000084108912184414002098091090203C1CF
:108EB0000880848011000480000080001000000001
:108EC000000083801080008000000000000000008F
:108ED0000000000000000000000000000000000092
:108EE000110110014101000000000000000000001D
:108EF00040898309C00800849108912001C00020A6
:108F00001183848541400103C083C104110490048E
:108F10000409A008890500040000200102001101D5
:108F20000101010583840104019101A0088400204E
:108F30000120080811C000A000C0000008000000C7
:108F4000000000A00984000400C000000000000030
:108F50000000000000000000000000000000000011
:108F600000000000001001010001000000000000EE
:108F7000000008001008A0050403880189002002F1
:108F800041024101114010A183880801A00205A1FE
:108F900083A102018502850010090000408804A019
:108FA000C100118208000289A0888420C000888244
:108FB0000410851011008200A1040210020082003A
:108FC000A01084000800820004108440010000000A
:108FD000000200000000000000000000000000008F
:108FE00000000000040010000840044000000000E1
:108FF00000000000800400008002000582200400C0
:109000008900030091091080821088C14009050081
:109010002002900809030800100482A00000110833
:1090200082001004A000021191088408848211417A
:1090300011008288A000A01010002000028900000A
:1090400000008000804180050000800080800200D8
:109050000000008000000000000000000000000090
:10906000000000000000031000024004840400001F
:1090700000000000000011008000038008800082D2
:10908000000289A000031083004004A1021089049B
:109090001120828420830902400289218803000074
:1090A0000908002002C0C08308898041410441842E
:1090B00004880990000203A0008880092020000293
:1090C000000000000280800000800000200000807E
:1090D0000000000000000000000000000000000090
:1090E0000000000000000000018800090191100448
:1090F000880000000000000000A01002C1C0218212
:1091000000020040898584A1C1A004090288008969
:1091100011C1A1C182200109010205A082058511AA
:10912000000001A10009001185090104401100029D
:1091300011200002044000A001C10040100803A15A
:10914000000200C0000200A0089000040082910408
:1091500000400000000000000000000000000000CF
:1091600000000000000000000000010001090000F4
:10917000000000000000000000008201A1C0218466
:1091800010A0C011C08588001089090188A089003D
:1091900011C041118911A101108283409010110169
:1091A000419000001101031110019010048903A1E6
:1091B00002058300C10240A082000420C00082C0DA
:1091C000C000C00800000000000000A0A0000400D3
:1091D000C000048200000000000000000000000049
:1091E000000000000000000000000000020041C07C
:1091F00004114000000000000000000020200800D2
:109200001080400080828040800980102120090564
:1092100089028400032005C00209020003C11082F4
:109220000209918000008303851088094100100223
:109230002020840208004180821141110880000230
:10924000001100118000000000000000000000007C
:10925000000000000080000000000000000000008E
:1092600000000000000000000000000000000A00F4
:109270000013C20006000000000000000000000013
:10928000001300000A8241880013C20000004188D8
:109290000013C200000021840013C2000088066091
:1092A0000013C2000A88000021840013C200418418
:1092B00006500013C200000012420013C200004119
:1092C0000A500013C200000021000013000000003B
:1092D000060000130000066000000000000000000F
:1092E000000000000000000000000000000000007E
:1092F0000100000000080000000000000000000065
:10930000EFECE3E00000000000000000FF3F6626F5
:10931000FF0F36361E1E1E1ECF0C46047E3C0E0C62
:109320003C1E3C1EFF420F020000BF02BF02FFE7CF
:109330000F073C000000240024004F420F000600ED
:109340000600000000001F180F00000000000000D1
:10935000000000000000000000000000000000000D
:1093600000000000000000000000000000000000FD
:1093700000000000000000000000000000000000ED
:1093800000002F2C2320000000000000000000033C
:109390000002F0003636FF996600FF006600183CB8
:1093A000080C3C1E0000BD000D000000BF020000C4
:1093B000002400043E0606062F0F2400424200004F
:1093C0003E3C0600000000001818000000000000ED
:1093D000000000000000000000000000000000008D
:1093E000000000000000000000000000000000007D
:1093F000000000000000000000000000000000006D
:10940000000000000000000000000000000000005C
:10941000000000000000000000000000000000004C
:10942000000000000000000000000000000000003C
:10943000000000000000000000000000000000002C
:10944000000000000000000000000000000000001C
:10945000000000000000000000000000000000000C
:1094600000000000000000000000000000000000FC
:1094700000000000000000000000000010000000DC
:109480000000000000002CEC2FEF000000000000A6
:10949000000000F0F0F0B0B6B9BF66F066F0B4B40A
:1094A00066FF24F6BDF672723CFF90F67E7E0000E9
:1094B0003437F4F706F6FCFC20202020002400249A
:1094C000003099B90024002400000000002400248A
:1094D000000000000000000000000000000000008C
:1094E000000000000000000000000000000000007C
:1094F000000000000000000000000040000000002C
:10950000000000000000000020E023E30000000055
:1095100000000000007272722026292F3C003CFFE0
:10952000B4B400992490BD90727200C390F61818DC
:1095300000000407C4C706F60C0C202020FF0024FE
:10954000F0F4003000300024F0F4000000000024AB
:10955000F0F4000000000000000000000000000027
:1095600000000000000000000000000000000000FB
:1095700000000000000000000000008600F00390E2
:1095800000000000000000000000008600E000B0C5
:1095900000000086005C03B900A0008600DCA3A8E0
:1095A0000085058600DC03A900800586029C0389EE
:1095B000008000000586003C038900000086004C06
:1095C00003A000000086004C03A000000086000CF1
:1095D000038000000086006003A0000000860040B9
:1095E00003A0000000000080010000000000000057
:1095F000000000000000000000000000000000006B
:1096000055FFDFDF000000000000000000008000C8
:1096100000005F5F0000000055FF2D2DACACACAC2E
:109620003F143FD7ACACACACC4F4C7F7FF003A3A38
:109630000F17FFFF00003C000000000A3C3E000046
:1096400000000C5D00000A0A0800010101C3A0002F
:10965000A000003C0A3E000000000C5D000000007D
:1096600000000C5D00000000002000000000000071
:1096700000000000000000000000000000000000EA
:109680000000FFFFFFFF00000000000000000000DE
:10969000828200805F5FA8A0280000AA2D2DFF0F06
:1096A000F000031403D7FFF00F0004340737FF0066
:1096B0003C3C0F1700000000BCA0A0A0000A000A5C
:1096C0003C202020000000000800080000000000EE
:1096D000BC3CA00000000A0A0000000000000000DE
:1096E0003C202020000000000000000000000200DC
:1096F000000000000000000000000000000000006A
:109700000000000000000000000000000000000059
:10971000E3A0A0A000000100FFFCF0F0151FB5BF02
:10972000F330A22004540CFCFFF3AAA20D057D55D2
:10973000AAAAFF3F575700FF000000000000000FDB
:10974000414FFFB0FF80030FFFFFFFE8FF00001E47
:10975000FFFFE3A0A0A0000F282F00000000002DB5
:10976000FFFFFFF0FFC0002DFFFF400000000000E2
:1097700000000000000000000000000000000000E9
:1097800000000000000000000000000000000000D9
:109790000000A0A0A0A000000000F3F0F0F0101A5C
:1097A000B0BAFF00AA00005500FF0C000800010538
:1097B0004155AAAA0030545400FF000000000000E8
:1097C00000004141FFB0FF80000CFFFFFFE8FF00F9
:1097D000001EFFFFC300000000002828000000005A
:1097E000002DFFFFFF30FF00002DFFFF00000000F5
:1097F0000000000000000000000000000000000069
:109800000000000080000000800040000000000018
:109810000000000000008000000000008400000044
:109820008800000000000000200000002020200030
:10983000041004000001000100010001000000010B
:1098400011012101C001000140200001002100217F
:1098500000000001000100A1000100210020000023
:1098600000000000000000010011000300210000C2
:1098700000000000000000000000000000000000E8
:109880000000820000000400000002000000000050
:1098900000000000000000000400000000000900BB
:1098A0000000110000000000000000000000001097
:1098B00000000100A100A00200020002000200005E
:1098C0000002000200020202000201800002008287
:1098D00000820000000200020010001000900080D2
:1098E0000000000000000000002000A00090009098
:1098F0000000000000000000000000000000000068
:109900000004000420010005000000000000000128
:109910000001000100000400000000000000000041
:1099200000000000000000000000008200000400B1
:1099300080000004000000010000000000C00000E2
:1099400000C00090000000000000000000000000C7
:109950000084000000000001000000000000000082
:1099600000000000000000000000000000000000F7
:1099700000000000000000000000000000000000E7
:10998000000100800091012000A0000000080000FC
:109990000040042000200000000000000000000043
:1099A0000000400000000000000000000000000077
:1099B0000000040000800000002000000000000003
:1099C0000000000000110000000000000000000086
:1099D0000000000000210000002000000000004105
:1099E0000000000000000000000000000021000056
:1099F0000000000000000000000000000000000067
:109A000000000004008400002000000000000000AE
:109A1000002040000020000000000400000000C002
:109A2000000000A0A0004002209100000000008281
:109A30000000000400210001000400A0004000001C
:109A4000000100900000040100900090808400005C
:109A500000200040000000820000040000A004007C
:109A600004880020080000A0000000400000002042
:109A70000000040000000000020000004000000898
:109A8000000000000004840000000000100400003A
:109A90001000000001001000000990000500000007
:109AA0000000000088000305C08091200005000030
:109AB000C000A000A080A0844004A0809009000005
:109AC000000084200011000011208400020002091F
:109AD000040090898221000310000011C12002219E
:109AE00001090111000001100040000910000021CF
:109AF000C0000000010000000000000000000100A4
:109B0000008000000000008005000001000000004F
:109B100000000000008208000083100010410000D7
:109B2000000009002100020040000000C000020007
:109B3000000000000201000108000400210102856C
:109B4000080000C0000000820000410000901000EA
:109B50000201020000A0000004008000400090000C
:109B600010000500090004000200000000000000D1
:109B70001000000000000040000000000000000095
:109B8000000000000000000000001000002010088D
:109B9000A0001000000010000000000400401002AF
:109BA000000000400000840000000100C000030429
:109BB000010900048400002000208200A100A020F0
:109BC000C020002100080200840000000000000006
:109BD000004101400000000000009100040000006E
:109BE0000400000000000000000000100000000061
:109BF000020000000000C0000000000000000000A3
:109C000000000000000000000000000011204000E3
:109C1000090010A041010001900800910800C0084F
:109C20008020801000040504000400008002400031
:109C30004108210080C1850100020002000400C12A
:109C40002100210411400082004080A00000008417
:109C5000000000A00241001000201000008300005E
:109C60000000000000C00000080004200400000202
:109C700000C000024000002010000400040020008A
:109C8000000005020000000000004000000082808B
:109C90008900000000000004C004204000041000FF
:109CA000210020802000908010851082100010106C
:109CB000C111A00900000404040400030000008096
:109CC0000020040300C1902004008440041100001F
:109CD00000090020020001C0001100C0001108208E
:109CE00008091040A020C021C0000100A12085105B
:109CF0008480000010800100C00000000100C1004D
:109D000001000000008000000000000001000000D1
:109D1000000000002102100200004100100205C0F6
:109D2000210010841084100800400002000200008E
:109D300004018491040021400588009000044188BA
:109D400080008020A104820400C00810008409085B
:109D5000000000C0009000008241008800202182A5
:109D6000090008844090000441A005000000001094
:109D7000001000004102000000000010041002006A
:109D8000008400020002000000000000000000004B
:109D900000000000C011889184800000A00002C073
:109DA0001000000900098400000382000080108078
:109DB000000000201040880400830000880002801A
:109DC00000002000208020A020A190000005C000FD
:109DD0000008000000040041000403C0000002006D
:109DE0000000022100000300000002000200020047
:109DF0000080C00000001080C000C00000802180F2
:109E00000000000000800080000000000000000052
:109E1000000000008003200488000011800311046A
:109E2000200941058003A004A00000108003000465
:109E30000009002040A09190894004200440008443
:109E4000110503890810080202110908000388009F
:109E5000210000210000808310A0098041800003C0
:109E60000000210500000083400000410080808345
:109E700085008880001140030010000000008983E5
:109E8000100040800080000300000000000200007D
:109E900000000000000090A10989C0080004902182
:109EA000908309C00288900303C1C18400A090017F
:109EB00000010800000189820285C1040004C1403C
:109EC000C0C008C0014020918383018200A100012D
:109ED00010000800000000000403858400C000108A
:109EE000000188000100A00000A10104004000C0A2
:109EF000888304A021900089010100010000000076
:109F000091839084030400C0000100000000000061
:109F10000000000000000000A001820509040521E6
:109F20008800031190A0910191018201A102418951
:109F300000210001000401020401C10202008303A8
:109F40001001C00311058920A00084C09085C108BC
:109F500082404000C0A0C100000004008200020452
:109F60002102010000000000014102000800A100E0
:109F700003008201408404C083C0000000C00100CF
:109F8000010090010200054083C1000000000100B3
:109F90000100000000C0000001010002090410805F
:109FA00003030900C00411000341210209041080C9
:109FB00083030002000405000380C0098400030439
:109FC00090858902C0208208108902082080090437
:109FD000C189000080000000830000002110000003
:109FE0000080038010030000000003100000000048
:109FF000100003000011000080808380000000003A
:10A000004000030000030000A180839100000000D5
:10A0100040000300000000800000090984404091D6
:10A02000A19000038080111102C00003851100116E
:10A03000918280038011000940408003090580114E
:10A040000021030304890009410221404102000963
:10A05000828889080005000000800083000000005D
:10A060000080408000030005000004000003000998
:10A0700000009000000300008009C1800083000000
:10A080000000000000030200000091808083004077
:10A090000000200000030000000000000000A0A15C
:10A0A00085030504C005401041C12185004182029D
:10A0B0008891040590A182000000010190010188AF
:10A0C000209182200109004010C08202004000114E
:10A0D0004090A0A1080800C000C0000200110000CC
:10A0E000009000408384200300020040000400A18F
:10A0F00000008200A000900100400491040400834D
:10A10000000000000000000101108402A1049083FF
:10A11000100100000100000100000000000000002C
:10A120000908080004010320018500000000010265
:10A13000C1040400C000098809A011000400110036
:10A140009102901108018908400390080409A1C0F8
:10A15000892140854000C1400000000000000088C7
:10A1600000004189C0044000A0C08300C00004007A
:10A17000900001010000000001908391049088018B
:10A18000908801000000000000008302059082001A
:10A1900088C00100010000000000010000900100E3
:10A1A0000000030810000020110003081000000048
:10A1B000118003889100040091000300840082094B
:10A1C000910003022188040911804003050283A045
:10A1D0002108080391214109C10000042103000066
:10A1E0000000000083028000A10000800300000046
:10A1F0000000210003020000000020008383808013
:10A200000002800003000000000000008310A08016
:10A21000000000000300200000000000030009000F
:10A220004000000000480013040000480A480013E2
:10A2300004000000004800130400214812480013E5
:10A24000040021000A500013C200004821840013BA
:10A25000C20006480A500013C20011001200001389
:10A260000000000000000A000013000000001200BF
:10A270000013000000000A0000130000000021008D
:10A2800000130000810000000000000000004100F9
:10A2900000130000810000840000C2000000006084
:10A2A0000000C2000000FFFFC33CFF3C33CCFFFFB7
:10A2B000C33C00FFF00F00F0CC3300C3CC33F0FF01
:10A2C00033CC3030CC33383D383D0115033F0F3FA0
:10A2D00055550F17FFFF0C0C0CAE003C0A3E00FF5B
:10A2E00000FF00003C3C000000000F0F0000FFFFDB
:10A2F00000003C3C00003C3C00003C3C00003C3C7E
:10A300000000FFFF00000F0F0000FFFF0000555589
:10A31000000000FF00005555000000FF00003C3C1D
:10A32000FFFF00F000000000FF003CC3FF3C33CC07
:10A33000FF003CC3FFFF0FF000F0CC3300C3CC3371
:10A34000F0FF33CC3030CC330000383D05050F0F23
:10A350000F0355550F170000000000AA00000A0A5D
:10A3600000FF00FF00003C3C000000000F0F000059
:10A37000000000003C3C00003C3C00003C3C000075
:10A380003C3C0000000000000F0F00000000000037
:10A390005555000000FF00005555000000FF00006B
:10A3A0003C3C00F000F0000000003CC33C3CF00FDF
:10A3B000F0F033CC3F3F33CCF3F3C33CC3C333CCD7
:10A3C0003F3F33CCF3F3FF00FFFFFFE83CE8FFF033
:10A3D0003CAAFF00EFEFFFF80F0828F82828753097
:10A3E00030303C3C0000AAAA00000000FF00000042
:10A3F0003C3C0000F0F000003C3C0000F0F00000AD
:10A40000FF0000003C3C0000FFFF0000FF000000D8
:10A41000FF000000FFFF0000FF0000003C3C0000C8
:10A4200000FFFFFF000000000000FFFFC33CFFFF34
:10A430000FF0FFFF33CC3F3F33CCF3F33CC30000BE
:10A4400033CC3F3F33CCF3F300FFFFFFC3E800E81A
:10A4500000F03CAAFF002020F7F0070000F0000009
:10A46000550000003C3C0000AAAA00000000FF00CC
:10A4700000003C3C0000F0F000003C3C0000F0F02C
:10A480000000FF0000003C3C000000000000FF0056
:10A490000000FF00000000000000FF0000003C3C46
:10A4A000000000FFFFFF000000000000FFFFC58666
:10A4B000CA96388908A3C586CAD63BB908A3C586FB
:10A4C000CA96388908A3C586CAB63BB950400586E6
:10A4D00002DC03A900800086009C03800000008647
:10A4E000000C0380000002C601E003844940000024
:10A4F00002C7014003B4494002C701200394494008
:10A5000002C7014003A449400241018003044940BD
:10A510000241010000044940024101800304494016
:10A52000A241010C000441400500001C0000000095
:10A530000000100000000000000000000DAD5DFDF7
:10A540000010000000000000FF00BCBC0000000084
:10A55000AA3CFFF035353535FF00F1F1FC3C55558F
:10A560007C503C00001400140000000010DFFFFFCE
:10A57000000000A80028BFFFBFFFEAAAC000003CFF
:10A580000A3E0000000000000000A0AA303C551464
:10A590000F0C00000000000000003030A0A00504F7
:10A5A0000F0C000000000000000000000000000090
:10A5B000000000000000000004000000000008A8E7
:10A5C00058F80000000000000400FF001C1C000000
:10A5D0000000AA3C00F0000FF0FFFF00B0B00C3C00
:10A5E00055555050000000140F1F0000000010DFF0
:10A5F0000000000000A00000BEFEBFFFC000C000C1
:10A6000000000A0A00000000000000000000000036
:10A61000000000000000000000000000003000A06A
:10A620000504000000000000000000000000000021
:10A63000000000000000000000000000AAAAFC3C8E
:10A64000B0BAB5BF0000000000000000000000002C
:10A6500000000000BF80BF80072F072FAAAA3C3F41
:10A660003C3C00FF30BA30300C0C0CAE0000000057
:10A670000F3F55550000FF3CFF00FFFFFDFF0000AE
:10A6800000000000000028002800003C0A3E2020B6
:10A6900028003C0C140400000000000000002A0008
:10A6A0002A2A05050C0C0000000000000000000034
:10A6B0000000000000001000000000000010AAAA26
:10A6C0000C3C101A151F08000000000000100000CC
:10A6D000000000000000BF8000000000072FAAAAB1
:10A6E0003C305C5C00FF00AA0000000000AA0000F3
:10A6F00000000F0355550000FFF0FF00FFFFFFFFB4
:10A700000000000000000000F8F0280000000A0A25
:10A71000A0A0AA0000001404000000000000000037
:10A720002A00000005000C000000000000000000EE
:10A730000000000000000000000004000000000213
:10A740000000000004000000001000008200000073
:10A7500000000000040004000000000000100040A1
:10A76000A00000002100000000010000C100000066
:10A77000400040000000000000008041C040001088
:10A780008000000000000000000000000000000049
:10A7900000000000000000000000000000000000B9
:10A7A00000000000000000000002000000000000A7
:10A7B0000000000000000000000000000000000099
:10A7C0000080000000000000000000800000030086
:10A7D0000000000000000000000000000000000079
:10A7E00000804000000000000000C020880004003D
:10A7F00000000100210000000000000002C00380F2
:10A800000080400000000000000000002000000068
:10A810000000000000000000000000000000000038
:10A8200000000000000000000000008000000000A8
:10A830000000000000000000000000000001000017
:10A8400000000000000100010001000500010000FF
:10A8500000100000000000040000000000000001E3
:10A8600000000000000000010000000000000000E7
:10A870000000000000000000000000040080000054
:10A8800000010001000000000000000000080000BE
:10A8900000020000000000000000000000000000B6
:10A8A00000000001000100000000000000000000A6
:10A8B0000000000000000000000000000000001088
:10A8C00000100000000000040004000400840040A8
:10A8D00000000080000000000008A0000000000050
:10A8E000000800000000000000020000000000005E
:10A8F0000021000000000000000000110000000026
:10A9000000000040001000000000000000080008E7
:10A910000000000000000011000000000000000026
:10A920000000000000020002000000000000000023
:10A930000000000000000000000000000000000017
:10A9400000030440400000000040050000040088AF
:10A95000000000A00001000000000500100005003C
:10A96000050000000000004000008500000000001D
:10A97000000041000000000004000001050010007C
:10A980000000020102410801000040A0030010087D
:10A990000000400000011000030011011000000041
:10A9A000000200000001410000000001000241011E
:10A9B0000000000000000000000000000000000097
:10A9C0000000009083000140000010A100110080F1
:10A9D000100000000010844000000041000010033F
:10A9E000100040088810840084808200400010100D
:10A9F000C0100000C0050000001083000020080007
:10AA000000030000014001C0C11084000100820069
:10AA10008400000501000002C041000000020005A2
:10AA20000000008000000002000000000002008022
:10AA30000002000000000000000000000000000014
:10AA4000000000008811100121010000000020001A
:10AA50000000800000000000004000000000000036
:10AA6000020010000000100000000200840000003E
:10AA70004100410003000000100041000000000000
:10AA8000000104000000400000014001000004003B
:10AA900000000001000000000000050000000000B0
:10AAA0000000050000000000000000000008000099
:10AAB0000000000000000000000000000000000096
:10AAC000000000000000059088208220100900008E
:10AAD00010000040020000000000004000000000E4
:10AAE0000011000000000000901190000100100013
:10AAF0000200C00000000000000010000000C000C4
:10AB000000000002004000000109004001100000A8
:10AB1000000900000002000000000000000000002A
:10AB20000000000000000000000000000000000025
:10AB300000000000000000000000004000000000D5
:10AB400000000000000000001110040103010200D9
:10AB5000410000000088000000000000000100002B
:10AB60000000000010000000000103008000000849
:10AB700020000500100041008020C10003A100A1B9
:10AB80000084000000080020000000400040410058
:10AB900000A01008800000008008000000000001F4
:10ABA0000000000080C0000100000502000000005D
:10ABB0000000000000000000000000000000000095
:10ABC0000000000000000000000084A0000200203F
:10ABD00009000003A0100003A0008800C0110010AD
:10ABE00000219011C0200810100300081000401030
:10ABF0000003850000001103C003408040001002E4
:10AC000000020021000000111080000084A190804B
:10AC1000001000101000402100004021C000000082
:10AC200000028400100040000002000000801000BC
:10AC30000000000000000000000000000000000014
:10AC4000000000000000A000000000000801030058
:10AC50000020100002A00000100000040088410045
:10AC600000000208210000041000109009000300F9
:10AC70000500000020001008A083000000C005406F
:10AC8000032004C0200000901020400800008041F4
:10AC900000002008000000040008200840200002F6
:10ACA000000420000002020000000000000000007C
:10ACB0000000000020000000000000000000000074
:10ACC00000000000000000000000000000008920DB
:10ACD0008200000000218200080000110209C00962
:10ACE000000002000180000084000000100000004D
:10ACF00000000000000001000180200200000000B0
:10AD0000000000800000004000001085C10000002D
:10AD100002C00421880000000000000000000000C4
:10AD200000000000000000800000000000000000A3
:10AD300000000000000000000000000000002000F3
:10AD40000000000000000000000000000000000003
:10AD5000808300004080002000082090214103A053
:10AD600080800000030000000000000000000000E0
:10AD700000050010002000204005004100080221CD
:10AD80000083898009000000000304008283000022
:10AD9000000000830090008000800003000000009D
:10ADA000020000030000000041000003000000005A
:10ADB000000000030000000000000003000000008D
:10ADC0000000000000000000000000000000000083
:10ADD0000000084104C0031000019088C1C0008336
:10ADE000004140820290820200C00000000000008A
:10ADF000000000010001000100010100000100014C
:10AE0000000000030884008800C088918910A040D9
:10AE10000002000000830009004000400001000023
:10AE20000000000000010000000000000001000020
:10AE30000000000000010000000000000001000010
:10AE40000000000000000000000000000000000002
:10AE5000000000000400C000820083000000000029
:10AE600001010100A0009000A0008200000000008D
:10AE7000000000000000002000010000010001406F
:10AE80000001000108002000A00083C18200A0088A
:10AE900088A0C1A100000001010000A00102000083
:10AEA0000008000001000000000000000100000098
:10AEB0000000000001000000000800000100000088
:10AEC000010000000101000000000000000000007F
:10AED0000000000000008005000005008300040061
:10AEE000050040412021020003001000A1000000E5
:10AEF000000000000000000000000010000310002F
:10AF000008802120211080110000850003850002A7
:10AF10000083000083080000000208000000038096
:10AF20000000008005000300000000000500030091
:10AF30000000000005000300000000800500030081
:10AF4000000041000000032000000000000000009D
:10AF500000000000000000000080008080030083EB
:10AF600000050090212103900000808000800000F7
:10AF70000000000000000000050000800080038049
:10AF8000090411410902080305000005000080833F
:10AF9000000000800090008300000000800080100E
:10AFA0000003050000000000000305000000000091
:10AFB000000305000000004100030500000500003B
:10AFC0000003050000000041000300000000000035
:10AFD0000000000000000000000000904010088207
:10AFE00000A100A08420C111A00900200402048453
:10AFF00000400000000000000000000000040040CD
:10B000000102010101000100010100C0002082A035
:10B01000020300C01040824100C100000000020095
:10B020000801000100000000000000010000000015
:10B03000000000010000000000000001000000000E
:10B0400000000001000000000000000100000000FE
:10B05000000000000000000000000000C190040893
:10B06000094008C001A00005000000000020000009
:10B0700000010004000000000000000000000000CB
:10B08000000000000100011100890100A021C000A2
:10B09000A000100091202088A0000202000085007E
:10B0A0000300020002000100000000000000010097
:10B0B000000000000000010000000000000001008E
:10B0C000000000000000010000000100000000007E
:10B0D000000000000000000000000000000003412C
:10B0E0000080A08080800200202002000300002059
:10B0F0000009000200000000000000000000030042
:10B100002100200005000300108202901100004180
:10B1100080000500800003C18000000500000000E1
:10B120008300080000008000030000000000000011
:10B130000300000000000200030000000500000002
:10B1400003000000000000000300000040000000B9
:10B1500000000000000000000000000000000000EF
:10B16000000000130000000000000000C20000000A
:10B1700000000013000000000000000000000000BC
:10B18000000000000000008200500000C20000002B
:10B1900012000013000000000A000013000000006D
:10B1A000000000000000000000000000000000009F
:10B1B000000000000000000000000000000000008F
:10B1C000000000000000000000000000000000007F
:10B1D000000000000000000000000000000000006F
:10B1E0000000F0F0FFFF00FFFFFFC70606063C3C33
:10B1F000000000000000000000000000000000004F
:10B2000000003F037E7E000000003D343D34BD243D
:10B210000D040F0F0F0F0F0F0000FFFF0000FF00C6
:10B2200000000000FF000000FF000000FFFF000022
:10B23000FFFF00003C3C0000FFFF00000F0F00007C
:10B24000FF000000FFFF00000F0F00000F0F0000C5
:10B25000FF000000000000000000000000000000EF
:10B2600000000000F0F0FFFF00FFFFFFC70606062A
:10B270003F3C0F0000000000000000000000000044
:10B28000000000003F034242000000003D34000087
:10B290003C3C0C0C0F0F0F0F0F0F000000000000C4
:10B2A000FF0000000000FF000000FF0000000000A1
:10B2B0000000000000003C3C0000000000000F0FF8
:10B2C0000000FF000000000000000F0F00000F0F43
:10B2D0000000FF000000000000000000000000006F
:10B2E000000000000000000000000000000000005E
:10B2F000000000000000000000000000000000004E
:10B30000000000000000000000000000000000003D
:10B31000000000000000000000000000000000002D
:10B32000000000000000000000000000000000001D
:10B33000000000000000000000000000000000000D
:10B3400000000000000000000000000000000000FD
:10B3500000000000000000000000000000000000ED
:10B360000000000000000000FFFFC3C3000000FF5A
:10B370000018F0F800660C6E000000002424242F52
:10B380000000000000000000707C737F00000000DF
:10B3900024E7FCFCF0FF3C660000FFFF000000FF1C
:10B3A0000000F0F00000FFFF0000000000FF0000C0
:10B3B000F0F00000FFFF000000FF0000FFFF0000B2
:10B3C00000FF0000FFFF000000FF0000FFFF000083
:10B3D00000FF0000FFFFFFFF0F0F00000000000054
:10B3E00000000000000000000000FFFFC3C30000D9
:10B3F00000FF0018F0F800660C6E00000000242426
:10B4000024240000000000000000404C434F0000D6
:10B41000000024E7C0C0F0003C660000000000000F
:10B4200000FF0000F0F0000000000000000000FF3E
:10B430000000F0F000000000000000FF000000002D
:10B44000000000FF00000000000000FF00000000FE
:10B45000000000FF00000000FFFF0F0F00000000D1
:10B4600000000000000000000000000002C7018092
:10B4700000A451400086007000B00000008400E08D
:10B4800000B0000000000000000000000186006025
:10B4900000B000000500021C0009008002C6014047
:10B4A00003A4494002C7018003844940000002C749
:10B4B000016000B4494002410100000449400241DA
:10B4C00001000004494002410100000449400241DA
:10B4D0000100000449400241010000044140000015
:10B4E0000000000000000000000000000000080054
:10B4F00000003C3C3D3C00000000003C507C000053
:10B5000000000F8F0F8F00000000000000000000FF
:10B5100000000000F000000000000000000000F843
:10B5200000280C5D0000FF00BFBF170FFFFF0000E9
:10B53000FFFFFFFF0000000000000000000000000F
:10B5400000000000000000000000000000000000FB
:10B5500000000000000000000000000000000000EB
:10B5600000000000000000000000000000000000DB
:10B57000080000000000050000000000003C003C46
:10B58000000000000F8F0FAF00000000000000005F
:10B59000000000000000F0000000000000000000BB
:10B5A0000000000000000000FF008080170F000076
:10B5B00000004000FFFF000000000000000000004D
:10B5C000000000000000000000000000000000007B
:10B5D000000000000000000000000000000000006B
:10B5E000000000000000000000000000000000005B
:10B5F00000000000000000000008AEAAAAAA000097
:10B600000000FFFF000000002828000000000000EC
:10B61000000000000000000000000000000000002A
:10B620000000FF3CFF0000FF3FFFFFFFFB082F0073
:10B630002FFF0000FBFF10000000000000000000D2
:10B6400000000000000000000000000000000000FA
:10B6500000000000000000000000000000000000EA
:10B6600000000000000000000000000000000000DA
:10B6700000000000A0000000282800000C000000CE
:10B6800000000000F0F0200020002828000000004A
:10B6900000000000000000000000000000000000AA
:10B6A00000000000FFF0FF0000FF30FF0000FB087B
:10B6B000070007FF0000FFFF00000000000000007F
:10B6C000000000000000000000000000000000007A
:10B6D000000000000000000000000000000000006A
:10B6E000000000000000000000000000000000005A
:10B6F0000000000000008004004000200000004026
:10B7000000400000400400000000000000000000B5
:10B710000000000100002000000000000000000008
:10B7200000000004000000200000000000000000F5
:10B7300000000004000400002004000000000000DD
:10B7400000000000000000000000000000000000F9
:10B7500000000000000000000000000000000000E9
:10B7600000000000000000000000000000000000D9
:10B770000000000000000000028000800080000047
:10B780000080008000000180000000000000000038
:10B790000000000000040000400000000000000065
:10B7A0004000A00000000000008000000000000039
:10B7B0000000000000919080000004800000000064
:10B7C0000000000000000000000000000000000079
:10B7D0000000000000000000000000000000000069
:10B7E0000000000000000000000000000000000059
:10B7F0000000000000000000000000A000000004A5
:10B80000000000010000000520030001000000010D
:10B810000000000000000000000400000000000024
:10B820000000000000000000000000000000000018
:10B830000000000000000000000000C00000000048
:10B8400000000000000000000000000000000000F8
:10B8500000000000000000000000000000000000E8
:10B8600000000000000000000000000000000000D8
:10B8700000000000000000000000000000210000A7
:10B88000008000000008200020A001A0002000008F
:10B890000020000000000000000000800000000008
:10B8A0000000000000000000000000002020000058
:10B8B0000000000000000000000000000000000088
:10B8C0000000000000000000000000000000000078
:10B8D0000000000000000000000000000000000068
:10B8E0000200000000000000000000000000000056
:10B8F000000000000000000000000000000000C187
:10B900000005080191010001050020C12010001070
:10B9100005000020212000000000000000000000C1
:10B920000000000000000000000004000000000013
:10B9300041000000000000012000000000000000A5
:10B9400010000000050000000000000000000000E2
:10B9500000000000000005000000000000004100A1
:10B960000000000000000000000040000000000097
:10B9700000000800000000000000000000000000BF
:10B98000A004A0C01004040400080021C12001A1EB
:10B990001000000000800080000000000000000097
:10B9A0000000000000000000000000000000000097
:10B9B0000000000000000000000401000000000082
:10B9C0000000000000000000000000000000000077
:10B9D0000000000000000000000000000000000067
:10B9E0000000000000000000000000000100000056
:10B9F000000000000800000000000000000000003F
:10BA000000000800000090048041000010000800C1
:10BA1000001000000088000000000000000000008E
:10BA20000000200040004000000000000000400036
:10BA300011000004020000000000000000000000EF
:10BA400000000000000000000000000000000000F6
:10BA500000004000000000000000000000000000A6
:10BA600000000000000000000000000000000000D6
:10BA700000002000000000000000000000000000A6
:10BA80000000000000000000040008102000020078
:10BA900000002080001000000000000000000000F6
:10BAA0000000000000000000000000000000000096
:10BAB0000000000000000000000000000000000086
:10BAC0000000000000000004000900000000000069
:10BAD0000000000000020000000000000000000064
:10BAE0000000000000000000000000000000000056
:10BAF0000000000001000000000000000000000045
:10BB0000000000000000410010040084902010009C
:10BB10000040008210100010002000009000000083
:10BB200000000004004000000000002000000000B1
:10BB30000000000000000000000005000000000000
:10BB400000004100000000000000000000000000B4
:10BB500000000000000000000000000000000000E5
:10BB600000000000000000000000000000000000D5
:10BB700000000000000000000000000000000000C5
:10BB8000000000000000000000008280C00208A148
:10BB9000000900800803A080000010800004040059
:10BBA00000000008008090800000000800000000F5
:10BBB0000021000000080000C0088400000004000C
:10BBC000840000000000000800001000C000000019
:10BBD00000008400000000000000000000000000E1
:10BBE0000000000000000000C00010000000000085
:10BBF0000000000000000000000000000000000045
:10BC0000000000000000000000000084110002405D
:10BC1000208411001009000002020000112003001E
:10BC20000808000000000090000000000000000074
:10BC300000000000090002000000044000000200B3
:10BC40000000008200A00240000000002040002010
:10BC5000008800900000002000004002000000006A
:10BC600000000000000000000000000000000000D4
:10BC700000000000000000000000000000000000C4
:10BC800000000000000000000000000000000000B4
:10BC900000000000000001C00000008000000080E3
:10BCA0000000008000000000000000000000000014
:10BCB0000000000000000000000000000100000083
:10BCC0000000000000000000000000000000010073
:10BCD0000000000000000000000000000000000064
:10BCE0000000000000000000000000000000000054
:10BCF0000000000000000000000000000000000044
:10BD000000000000000000000000000000000085AE
:10BD10002002008085020003028211C1000500801C
:10BD2000850000800000080382002040041100000C
:10BD30000000000000000000000000000000000003
:10BD40000000000000800211000500050321000032
:10BD500000000000000000000000000000000000E3
:10BD600000000000000000000000000000000000D3
:10BD700000000000000000000000000000000000C3
:10BD800000000000000000000000000000000000B3
:10BD900002020100A0888800001100A1048800A010
:10BDA000A008088802C00000010182000101000013
:10BDB0000000000000000000000000000000000083
:10BDC000009000080020002001000000000000009A
:10BDD0000000000000000000000000000000000063
:10BDE0000000000000000000000000000000000053
:10BDF0000000000000000000000000000000000043
:10BE00000000000000000000000000000000000032
:10BE10000000000085900400C04004008490892048
:10BE2000C082080105008200C0000000010001205E
:10BE30000100000000000000000000000000000001
:10BE400000000000000000000000000000200003CF
:10BE500000000000000000200001000000000000C1
:10BE600000000000000000000000000000000000D2
:10BE700000000000000000000000000000000100C1
:10BE800000000101000000000000000000000000B0
:10BE9000000000020520C0000000828080048200B3
:10BEA000088289808820C100200011050800020056
:10BEB0004100090000000000000000000000000038
:10BEC00000000000000000000000000020001180C1
:10BED00005A1110900000000000000210020000061
:10BEE0000000000000000000000000000000000052
:10BEF0000000000000000000000000000000000042
:10BF000041000500030900000000000000000000DF
:10BF10000000000000004005001020820582412141
:10BF20000002409003910000808080800080050224
:10BF300000204102802000000000000000000000FE
:10BF40000000000000000000800000000000104021
:10BF500000040005031000000000000000000000C5
:10BF600000000000000000000000000000000000D1
:10BF700000000000000000000000000000000000C1
:10BF80000000000021000000000000000000000090
:10BF90000000000000000000011000A000110010CF
:10BFA0000101C0020308001000A0400420A0A0402E
:10BFB000000500A0010390890000000000000000BF
:10BFC00000000000000000000000820002000000ED
:10BFD000010100010000010100000000000000005C
:10BFE0000000000000000000000000000000000051
:10BFF0000000000000000000000000000000000041
:10C000000000000000000000000000000000000030
:10C010000000000000000000000083C0824040419A
:10C02000C10182844105A182A00020040401820193
:10C03000A0080002008500000000000000000000D1
:10C0400000000000000000000000000000000000F0
:10C0500000000004002101010000000000C00100F8
:10C0600001000100000000000000000000000000CE
:10C0700000000000000000000000000000000000C0
:10C08000000000000000009000010000000000001F
:10C09000000000000000000000000000C040088810
:10C0A00082880810C180C0050900820080800020BD
:10C0B00000100080000000C100040000000000002B
:10C0C0000000000000000000000000000000000070
:10C0D000000000001180050402200500000005009A
:10C0E000040020001000000000000000000000001C
:10C0F0000000000000000000000000000000000040
:10C10000000000000000000000A00041000000004E
:10C11000000000000000000000000000000011000E
:10C120000013C200000021840013C2000050000070
:10C1300000130000000000000000C2000A00000020
:10C1400000000000000000000000000000001200DD
:10C1500000130000420000420000C200004800003E
:10C1600000420000C20000000000000000000000CB
:10C1700000000000000000000000000000000000BF
:10C18000000000000000000000840000C200000069
:10C19000000000000000000000000000000000009F
:10C1A000000C000000000C00AF14AFBE3030303F78
:10C1B00000000000000000000000000055550000D5
:10C1C000000000000000000000000000000000006F
:10C1D0000000000000000000353CFFFF353CFFFF81
:10C1E0000000000C000C0000000000000000000037
:10C1F000000000000000000000000000000000003F
:10C20000000000000000000000000000000000002E
:10C21000000000000000000000000000000000001E
:10C2200000000000000000000000051405BE3030D2
:10C23000303F000000000000000000000000175523
:10C2400003000000000000000000000000000000EB
:10C2500000000000000000000000353C0000353CFC
:10C2600000000000000C555D000000000000000010
:10C2700000000000000000000000000000000000BE
:10C2800000000000000000000000000000000000AE
:10C29000000000000000000000000000000000009E
:10C2A000000000000000000008080000AFA03C3CB7
:10C2B000FA0A0A0A00000000E3A0A0A0FFFF3F3F27
:10C2C000C3C30000000000000000000000000000E8
:10C2D000000000000000000000000000AAAA3F3C8F
:10C2E000FCFE0C0E0000000000000000000000003A
:10C2F000000000000000000000000000000000003E
:10C30000000000000000000000000000000000002D
:10C310000000A0A0AAAA0000000000000000000089
:10C320000000000000002800000000000000AAAA91
:10C33000FC0CFA0A0A0A00000000A0A0A0A0CFCFBF
:10C34000FFFFC3D20050000000000000000000000A
:10C350000000000000000000000000000000AAAA89
:10C36000303CFCF40C040000000000000000000061
:10C3700000000000000000000000000000000000BD
:10C3800000000000000000000000000000000000AD
:10C390000000000000AAAA00000000000000000049
:10C3A0000000000000000000008600F00380000094
:10C3B00000860AFC038000000086008000800000E8
:10C3C00000860A6000B000000000000000000000CD
:10C3D00000000000000000000086004003B00000E4
:10C3E0000000001C0000000000000000000C000025
:10C3F000000000000000000000000000000000003D
:10C40000000000000000000000000000000000002C
:10C4100000000000000C0000001000000000000000
:10C4200000000000000000000000FF003A3A00F0A9
:10C430000CFC3C3CFA0A5050505FF4F0140000C36E
:10C440000FCF00000000141414F4000000000000DE
:10C4500000000000000000000000000000000000DC
:10C4600000000000000000000000000000000000CC
:10C4700000000000000000000000000000000000BC
:10C4800000000000000000000000000000000000AC
:10C49000000000000000000000000000000000009C
:10C4A000000000000000000008000000FA0A3C3C08
:10C4B00000F00CFCFC0CAAAA5050505FF4F01400E1
:10C4C00000000F0F000000001414141400000000FE
:10C4D000000000000000000000000000000000005C
:10C4E000000000000000000000000000000000004C
:10C4F000000000000000000000000000000000003C
:10C50000000000000000000000000000000000002B
:10C51000000000000000000000000000000000001B
:10C520000000000000000000000000000100FFFF0C
:10C530000F0F0F0F00FF787878780F0F003CF00096
:10C54000F00014001F0F00000000000000000000B9
:10C550000000000000000000000000000000EAC031
:10C56000AA00000000000000000000000000000021
:10C5700000000000000000000000000000000000BB
:10C5800000000000000000000000000000000000AB
:10C59000000000000000000000000000000000009B
:10C5A000000000000000000000400000000000004B
:10C5B000FFFF0F0F0F0F0000FF55AA000F0F003CE9
:10C5C000FAAAF00014001F0F000000000000000095
:10C5D000000000000000000000000000000000005B
:10C5E000C0C00000000000000000000000000000CB
:10C5F000000000000000000000000000000000003B
:10C60000000000000000000000000000000000002A
:10C61000000000000000000000000000000000001A
:10C62000000000000000000000000000000000000A
:10C6300000000000000000000000000000000000FA
:10C6400000000000000000000000000000004000AA
:10C6500000000000000000000000000000000000DA
:10C6600000080000000000000000000000000000C2
:10C6700000000000000000000000000000000000BA
:10C6800000000000000000000000000000000000AA
:10C69000000000000000000000000000000000009A
:10C6A000000000000000000000000000000000008A
:10C6B000000000000000000000000000000000007A
:10C6C000A0000000000000000000000000000000CA
:10C6D000000000000000000000000000000000005A
:10C6E000200000000000000000000000000000002A
:10C6F000000000000000000000000000000000003A
:10C700000000000000000000000000000000000029
:10C710000000000000000000000000000000000019
:10C720000000000000000000000000000000000009
:10C7300000000000000000000000000000000000F9
:10C7400000000000000000000000000000000000E9
:10C7500000000000000000000000000000000000D9
:10C7600000000000000000000000000000000000C9
:10C7700000000000000000000000000000000000B9
:10C7800000000000000000000000000000000000A9
:10C790000000000000000000000000000000000099
:10C7A0000000000000000000000000000000000089
:10C7B0000000000000000000000000000008000071
:10C7C0000000000000000000000000000000000069
:10C7D0000000000000000000000000000000000059
:10C7E0000000000000000000000000000000000049
:10C7F0000000000000000000000000000000000039
:10C800000000000000000000000000000000000028
:10C810000000000000000000000000000000000018
:10C820000000000000000000000000000000000008
:10C8300000000000000000000000000021000000D7
:10C840000000000003000300410000000000110090
:10C8500000000000000010000000000000000000C8
:10C8600000000000000000000000000000000000C8
:10C8700000000000050010000000000000000000A3
:10C8800000000000000000000000000000000000A8
:10C890000000000000000000000000000000000098
:10C8A0000000000000000000000000000000000088
:10C8B00000000000000000000000000084000000F4
:10C8C000100084000000000884008200C000000006
:10C8D0000000C0210000000000000009000000006E
:10C8E0000000000000000000000000000000004107
:10C8F00000000000004100000041000000000000B6
:10C900000000000000000000000000000000000027
:10C910000000000000000000000000000000000017
:10C920000000000000000000000000000000000007
:10C9300000000000000000000000000000000400F3
:10C940000000000010000000000000400500000092
:10C9500000000000000000000000000000000000D7
:10C9600000000000000000000000000000000000C7
:10C9700000000000000000000000000000000000B7
:10C9800000000000000000000000000000000000A7
:10C990000000000000000000000000000000000097
:10C9A0000000000000000020000000000000000067
:10C9B0000000000000000000000000000000000077
:10C9C0001004000000000040000000000000000013
:10C9D0000000000000000040000000000000000215
:10C9E0000000000000000000000000000000000047
:10C9F0000000000000000000000000000000000037
:10CA00000000000000000000000000000000000026
:10CA10000000000000000000000000000000000016
:10CA20000000000000000000000000000000000006
:10CA300000000000000000000000000000000000F6
:10CA40000000020000004100410000000000000062
:10CA500000000000000000000000000000000000D6
:10CA600000000000000000000000000000000000C6
:10CA70000000000000000000000000820000000034
:10CA8000000000000000000800000082000000001C
:10CA90000000000000000000000000000000000096
:10CAA0000000000000000000000000000000000086
:10CAB0000000000000000000000000000000000076
:10CAC0000000000000210000840084219003100079
:10CAD000C00000091000000000001011002100003B
:10CAE0000800C0000000000000000000000000007E
:10CAF0000000000000000000000000000000000333
:10CB0000100000080000000000000000000000000D
:10CB10000000000000000000000000000000000015
:10CB20000000000000000000000000000000000005
:10CB300000000000000000000000000000000000F5
:10CB40000000000000000020000020002000008203
:10CB50000000000000400000000000000000000095
:10CB600000000000000200020000000000000000C1
:10CB70000000000000000000400000000000000075
:10CB800000000000000000000000000000000000A5
:10CB90000000000000000000000000000000000095
:10CBA0000000000000000000000000000000000085
:10CBB0000000000000000000000000000000000075
:10CBC00000000000000000000020840000000000C1
:10CBD0000000000000090000A0400240002000000A
:10CBE0000000000000000000000000000000000045
:10CBF0000000000000000000000000000000000035
:10CC00000000000000000000000000000000000024
:10CC10000000000000000000000000000000000014
:10CC20000000000000000000000000000000000004
:10CC300004000000000000000000000000000000F0
:10CC400000000000000000000000000000000000E4
:10CC500000000000000000000000000000000000D4
:10CC600000000000000000000000000000000000C4
:10CC700000000000000000000000000000000000B4
:10CC800000000000000000000000000000000000A4
:10CC90000000000000000000000000000000000094
:10CCA0000000000000000000000000000000000084
:10CCB0000000000000000000000000000000000074
:10CCC0000000000000000000000000000000000064
:10CCD0000000000000000000000000000000000054
:10CCE0000000000000000000000000000000000044
:10CCF0000000000000000000000000000000000034
:10CD00000000000000000000000000000000000023
:10CD10000000000000000000000000000000000013
:10CD20000000000000000000000000000000000003
:10CD300000000000000000000000000000000000F3
:10CD400000000000000000000000000000000000E3
:10CD500000000000000000000000000000000000D3
:10CD600000000000000000000000000000000000C3
:10CD700000000000000000000000000000000000B3
:10CD800000000000000000000000000000000000A3
:10CD90000000000000000000000000000000000093
:10CDA0000000000000000000000000000000000083
:10CDB0000000000000000000000000000000000073
:10CDC0000000000000000000000000000000000063
:10CDD0000000000000000000000000000000000053
:10CDE0000000000000000000000000000000000043
:10CDF0000000000000000000000000000000000033
:10CE00000000000000000000000000000000000022
:10CE10000000000000000000000000000000000012
:10CE20000000000000000000000000000000000002
:10CE300000000000000000000000000000000000F2
:10CE400000000000000000000000000000000000E2
:10CE500000000000000000000000000000000000D2
:10CE600000000000000000000000000000000000C2
:10CE700000000000000000000000000000000000B2
:10CE800000000000000000000000000000000000A2
:10CE90000000000000000000000000000000000092
:10CEA0000000000000000000000000000000000082
:10CEB0000000000000000000000000000000000072
:10CEC0000000000000000000000000000000000062
:10CED0000000000000000000000000000000000052
:10CEE0000000000000000000000000000000000042
:10CEF0000000000000000000000000000000000032
:10CF00000000000000000000000000000000000021
:10CF10000000000000000000000000000000000011
:10CF20000000000000000000000000000000000001
:10CF300000000000000000000000000000000000F1
:10CF400000000000000000000000000000000000E1
:10CF500000000000000000000000000000000000D1
:10CF600000000000000000000000000000000000C1
:10CF700000000000000000000000000000000000B1
:10CF800000000000000000000000000000000000A1
:10CF90000000000000000000000000000000000091
:10CFA0000000000000000000000000000000000081
:10CFB0000000000000000000000000000000000071
:10CFC0000000000000000000000000000000000061
:10CFD0000000000000000000000000000000000051
:10CFE0000000000000000000000000000000000041
:10CFF0000000000000000000000000000000000031
:10D000000000000000000000000000000000000020
:10D010000000000000000000000000000000000010
:10D020000000000000000000000000000000000000
:10D0300000000000000000000000000000000000F0
:10D0400000000000000000000000000000000000E0
:10D0500000000000000000000000000000000000D0
:10D0600000000000000000000000000000000000C0
:10D0700000000000000000000000000000000000B0
:10D0800000000000000000000000000000000000A0
:10D090000000000000000000000000000000000090
:10D0A0000000000000000000000000000000000080
:10D0B0000000000000000000000000000000000070
:10D0C0000000000000000000000000000000000060
:10D0D0000000000000000000000000000000000050
:10D0E0000000000000000000000000000000000040
:10D0F0000000000000000000000000000000000030
:10D10000000000000000000000000000000000001F
:10D11000000000000000000000000000000000000F
:10D1200000000000000000000000000000000000FF
:10D1300000000000000000000000000000000000EF
:10D1400000000000000000000000000000000000DF
:10D1500000000000000000000000000000000000CF
:10D1600000000000000000000000000000000000BF
:10D1700000000000000000000000000000000000AF
:10D18000000000000000000000000000000000009F
:10D19000000000000000000000000000000000008F
:10D1A000000000000000000000000000000000007F
:10D1B000000000000000000000000000000000006F
:10D1C000000000000000000000000000000000005F
:10D1D000000000000000000000000000000000004F
:10D1E000000000000000000000000000000000003F
:10D1F000000000000000000000000000000000002F
:10D20000000000000000000000000000000000001E
:10D21000000000000000000000000000000000000E
:10D2200000000000000000000000000000000000FE
:10D2300000000000000000000000000000000000EE
:10D2400000000000000000000000000000000000DE
:10D2500000000000000000000000000000000000CE
:10D2600000000000000000000000000000000000BE
:10D2700000000000000000000000000000000000AE
:10D28000000000000000000000000000000000009E
:10D29000000000000000000000000000000000008E
:10D2A000000000000000000000000000000000007E
:10D2B000000000000000000000000000000000006E
:10D2C000000000000000000000000000000000005E
:10D2D000000000000000000000000000000000004E
:10D2E00000000000000000004000110100000000EC
:10D2F000000000000000000000040000000000002A
:10D300000000040000000000000004000000000015
:10D3100000004000000000000000000000000000CD
:10D3200000000000000020040000000000000000D9
:10D33000000000000000000080000000000000006D
:10D34000000000000000000080000000000000005D
:10D3500000000000000000000000000000000000CD
:10D3600000000000000000000021010090400000CB
:10D37000000000000000000000000080000000002D
:10D38000000000000000000000000000000000009D
:10D39000000000000000000000000000000000008D
:10D3A00000000000000000000180000000000000FC
:10D3B000000000000000000000004000000000002D
:10D3C000000000000000000000002000000000003D
:10D3D000000000000000000000000000000000004D
:10D3E000000000000000000000000000000000003D
:10D3F0000000000000000008000000000000000025
:10D40000000000000000000000000000000000001C
:10D41000000000000000000000000000000000000C
:10D42000000000000000000000C00000000000003C
:10D4300000000000000000000000000000000000EC
:10D4400000000000000000000000000100000001DA
:10D4500000000000000000000000000000000000CC
:10D4600000000000000000000000000000000000BC
:10D4700000000000000000000000000000000000AC
:10D48000000000000000000000000000000000009C
:10D49000000000000000000000000000001000007C
:10D4A000000000000000000000000000000000007C
:10D4B000000000000000000000000000000000214B
:10D4C0000000000000000000000000000008000054
:10D4D000000200000000000000000000000000004A
:10D4E000000000000000000000000000000021001B
:10D4F00011000084410000000040110000000010F5
:10D500000000008200000000000000000000000099
:10D5100000004100000000000000000000000000CA
:10D5200000000000000000000000000000000000FB
:10D5300000000010000000000000000000000000DB
:10D5400000000000000000000000000000000000DB
:10D5500000040000000000000000000000000000C7
:10D5600000000000000000000000000000000000BB
:10D57000000000000000100000000080000000001B
:10D58000000000000000000000000000000000009B
:10D59000000000000000000000000000000000008B
:10D5A000000000000000000000000000000000007B
:10D5B000000000000000000000000000000000006B
:10D5C000000000000000000000000000000000005B
:10D5D00000000080000000000000000000000000CB
:10D5E000000000000000000000000000000000003B
:10D5F000000000000000100000000000000000001B
:10D60000000000000000100000000000000000000A
:10D6100000000000000010000000000005000000F5
:10D6200000000000800041000000000000008000B9
:10D6300000002000000003000000000000000300C4
:10D6400010000000000000000000000000000000CA
:10D6500000001000000000000000000000000000BA
:10D6600000000000000000000000000000000000BA
:10D670000000002100001002000000000000000077
:10D680000000000000000000000200000000000098
:10D69000000000000000000000000000000000008A
:10D6A00040000400000040000000000000000000F6
:10D6B000100000000000000000000000000000005A
:10D6C00000000000C000A000004100000021000098
:10D6D0000000C00000000000001100000000000079
:10D6E000000000000000000000000000000000003A
:10D6F0000000000041000000000010A01000000029
:10D70000030005000001800000000082000000000E
:10D7100000000000000000000000100000000000F9
:10D7200003000000000000000000410000A0000015
:10D730004100100000000010000000001000000078
:10D74000000003001000000000000000000000A026
:10D7500000C041004100000800000002000000007D
:10D7600000000000000000000000000000000000B9
:10D7700000000000000000000000000000000000A9
:10D7800000000000C0000004200000008400000031
:10D790000000000000000000000000001000000079
:10D7A0000000000000000000000000000000000079
:10D7B0000000000000000000000000000000000069
:10D7C0000000000000000000000000000000000059
:10D7D0000000000000000000008000000080000049
:10D7E0000000000000000000000000000000000039
:10D7F00000000000000000000008110005001008F3
:10D8000010C0100010000408000000000000000418
:10D8100000000004000400000000000010000000F0
:10D820000000000003004000800000000000000035
:10D8300000000000000000000000001000000000D8
:10D840000000000000000000000180008001800155
:10D8500080000000000041004100000900000000BD
:10D8600000000000000000000000000000000000B8
:10D870000000000000000000000000800000000028
:10D880000080000000000000208000000000000078
:10D890000080000000000000000000000000000008
:10D8A00000000000000000000000042000008400D0
:10D8B00000000000004182000000000000000000A5
:10D8C000000010000000000082001040040004204E
:10D8D0000420040000000041C000C00000880000D7
:10D8E000841100000000000000000000000000049F
:10D8F00000000000000000000000000080000000A8
:10D900002100000000000000000000008520211020
:10D9100000030303000000000000000000000000FE
:10D920000000000000000000000000008080008077
:10D9300000800000000000000000000000008000E7
:10D940000200000000000000800011000000000044
:10D95000008000000000000000000000000000083F
:10D96000090900090041000000000000000000005B
:10D970000000000000000000000000000000840023
:10D980000000010000000000000000000000040191
:10D990000001000000000000000000000000000086
:10D9A00000000000000000000000000000008820CF
:10D9B00000C0881000A0000000000000000000006F
:10D9C00082000100000000000000100000000000C4
:10D9D0000002041088C000080000000000000000E1
:10D9E0000001010000000001000000000000000034
:10D9F0000000000000000000000000000000000027
:10DA000001000102010300004000A100A1009100FB
:10DA1000000000840101010000000000000000007F
:10DA200000000000000000000000000000000000F6
:10DA30000000008400000000000000000000000062
:10DA40000000000000C00091000000000000000085
:10DA5000000002000500C0000100000000000000FE
:10DA60000000000000820001000000000000000033
:10DA700000000000000000000000000000000000A6
:10DA80000000100002002091212140002000200011
:10DA90004000200021002041400000000000000064
:10DAA0000000000000000000000000000000000076
:10DAB000000000000000000000090900090011003A
:10DAC000090000000000000000C00000000000008D
:10DAD00000000000000240000200030000000000FF
:10DAE00000000000000000800011000000000000A5
:10DAF0000000000002000000000000000000000024
:10DB00000000000000800000008000000000000015
:10DB1000000000004040002100102005000000002F
:10DB200000000000000000000000000000000000F5
:10DB300000000000000000000000000000000000E5
:10DB40000000000000000000000000008000000055
:10DB500000800400008000000000218080000000A0
:10DB600000000000000003000000000003000000AF
:10DB700000000000000000000000000000000000A5
:10DB8000000000000000000400A0002000A0000031
:10DB90000000000000000101000000010000000082
:10DBA0000000000000000000000000000000000075
:10DBB000000000000000000008000000000000005D
:10DBC00000000000000000000000000000008200D3
:10DBD0000082000800820008000204C001088408D6
:10DBE0000000000000000000010000000000010033
:10DBF0000000000000000000000000000000000025
:10DC000000000000000000000100014000000100D1
:10DC10000041000100010002010000A1000000001D
:10DC200000000000000000000000000000000000F4
:10DC300000000000000000000000000000000000E4
:10DC40000008000000010000000001880100000041
:10DC5000010000040000000000000400C0011000EA
:10DC6000080800000000000000000108000001009A
:10DC700001000000000000000000000000000000A3
:10DC8000000000000000000000000300400202103D
:10DC900041000083000400030080200003400203D1
:10DCA0000300000000000000000000000000000071
:10DCB0000000000000000000000011001100400002
:10DCC00011000000000900020000000003800400B1
:10DCD000020009000000000000000000000900111F
:10DCE0008000000000000000000000000380090028
:10DCF0000200200000000000000000000000000002
:10DD00000000000000000000000000000082010090
:10DD1000C2000000000000000000066000000000DB
:10DD2000C200000000000000000000000000000031
:10DD300000000000000000000000000006000013CA
:10DD4000000000000000000000000000000006824B
:10DD50000013C200068800000000000000000684D6
:10DD60000013C2000000000000000000000000607E
:10DD70000000C2000A600000000000000000000077
:10DD80000000000000000000000000000000181863
:10DD9000F80000000000000000000000000000008B
:10DDA0000000100000000000000000000000000063
:10DDB0000000000000000000000000000000000063
:10DDC0000000000000000000000000000000000053
:10DDD000F8183030000000000000000000000000D3
:10DDE0000000000000000000000000000000000033
:10DDF0003D3D7F7E000000000000000000000000AC
:10DE00000000000000000000000000000000000012
:10DE100018180000000000000000000000000000D2
:10DE200008000000000000000000000000000000EA
:10DE300000000000000000000000000000000000E2
:10DE4000000000C000000000000000000000000012
:10DE50000000F818000000000000000000000000B2
:10DE600000000000000000000000000000000000B2
:10DE70000000FFFF000000000000000000000000A4
:10DE80000000000000000000000000000000000092
:10DE90000000000000000000000000000000000082
:10DEA0000000000000000000000000000000000072
:10DEB0000000000000000000000000000000000062
:10DEC0000000000000000000000000000000000052
:10DED0000000000000000000000000000000000042
:10DEE0000000000000000000000000000000000032
:10DEF0000000000000000000000000000000000022
:10DF00000000000000000000000000000000000011
:10DF10000000000000000000F0F0F0F2000000003F
:10DF2000606060E3000000080000000000000000E6
:10DF300000000000000000000000000000000000E1
:10DF400000000000000000000000000000000000D1
:10DF500000000000000000000000000000000000C1
:10DF600000000000000000000000666F0F000000CD
:10DF70000000000000001809180800000000000060
:10DF80000000000000000000000000000000000091
:10DF9000000000000000000000000000004200003F
:10DFA00000006060606000000000000000040000ED
:10DFB0000000000000000000000000000000000061
:10DFC0000000000000000000000000000000000051
:10DFD0000000010000000000000000000000000040
:10DFE000000000000000000000000000666F0F004D
:10DFF0000000000000000000000000000000000021
:10E000000000000000000000000000000000000010
:10E0100000000000000000000886006C00B0000056
:10E020000086006000B0000000000010000000004A
:10E0300000000000000000000000000000000000E0
:10E040000000000000000000018600C003B00000D6
:10E05000000000000000000000000586006C03B016
:10E0600004000086006000B000000086008C038081
:10E07000001000000000000000000800000C00007C
:10E08000000000000000000000000000000001008F
:10E090000000000000000000000000000000002D53
:10E0A000000F000000000000000000000000000061
:10E0B0000000000000000000000000000000000060
:10E0C0000000000000000000000000000000000050
:10E0D0000000000000000000000000000000000040
:10E0E0000000000000000000000000000000002010
:10E0F0000000000000000000000000000000000020
:10E1000000000000000000000000000000000020EF
:10E1100000000000000000000000000000000000FF
:10E12000002D000F000000000000000000000000B3
:10E1300000000000000000000000000000000000DF
:10E1400000000000000000000000000000000000CF
:10E1500000000000000000000000000000000000BF
:10E16000000000000000000000008000000000002F
:10E17000002000000030000000000000000000004F
:10E18000000000000000000000000000000000008F
:10E19000000000000200000000000000000000007D
:10E1A00000000000000000000000050505C7000099
:10E1B000000000000000000000000000000000005F
:10E1C000000000000000000000000000000040000F
:10E1D000000000000000000000000000000000003F
:10E1E000000000000000000000000000000000002F
:10E1F00004000000100010000000000000000000FB
:10E20000000000000000000000000000000000000E
:10E2100000000000000000000000000000000000FE
:10E2200000000000000000000000000005050505DA
:10E2300000000000000000000000000000000000DE
:10E2400000000000000000000000000000000000CE
:10E25000400000000000000000000000000000007E
:10E2600000000000000000000000000000000000AE
:10E27000000004000000000000000000000000009A
:10E28000000000000000000000000000000000008E
:10E29000000000000000000000000000000000007E
:10E2A0000000000000020000000200000002000266
:10E2B0000002000000000000040000000000000058
:10E2C000000000000000000000000000000000004E
:10E2D000000000000000000004000000000000003A
:10E2E000000000000000000000000000000000002E
:10E2F000000000000000000000000000000000001E
:10E30000000000000000000000000000000000000D
:10E3100000000000000000000000000000000000FD
:10E32000000000000000008000000080000000806D
:10E33000A08000800000000000000000000000003D
:10E3400000000000000000000000000000000000CD
:10E3500000000000000000000000000000000000BD
:10E3600000000000000000000000000000000000AD
:10E37000000000000000000000000000000000009D
:10E38000000000000000000000000000000000008D
:10E39000000000000000000000000000000000007D
:10E3A000000000000000000100000001000000016A
:10E3B000000000000000000000000000000000005D
:10E3C000000000000000000000000000000000004D
:10E3D000000000000000000000000000000000003D
:10E3E00000000000000000C000000000000000006D
:10E3F000000000000000000000000000000000001D
:10E40000000000000000000000000000000000000C
:10E4100000000000000000000000000000000000FC
:10E4200000000000000000000002000000020000E8
:10E4300000020000000000000000000000000000DA
:10E4400000000000000000000000000000000000CC
:10E4500000000000000000000000000000000000BC
:10E4600000000000000000000000000000000000AC
:10E47000000000000000000000000000000000009C
:10E48000000000000000000000000000000000008C
:10E49000000000000000000000000000000000007C
:10E4A000000000000000000000001100000000005B
:10E4B000000000000000000000000000000000005C
:10E4C000000000000000000000000000000000004C
:10E4D000000000000000000000000000000000003C
:10E4E00000000000000000000000000000C18000EB
:10E4F000800000A00000800000000000000000007C
:10E500000000004000000000000000A000200020EB
:10E5100000200020000000000000000000000000BB
:10E5200000000000000000000000000000000000EB
:10E5300000000000000000000000000000000000DB
:10E5400000000000000000000000000000000000CB
:10E5500000000000000000000000000000000000BB
:10E56000000000000000002100000000000000206A
:10E570000400040000000000020000000000000091
:10E580000000000000800000000000030021008067
:10E5900000800080008000000000000000000000FB
:10E5A000000000000000000000000000000000006B
:10E5B000000000000000000000000000000000005B
:10E5C000000000000000000000000000000000004B
:10E5D000000000000000000000000000000000003B
:10E5E0000000000002000000000002010000000026
:10E5F0000000000000000000000000000000000219
:10E6000000010000000010000000000000000000F9
:10E6100000000000000000000000000000000000FA
:10E6200000000000000000000000000000000000EA
:10E6300000000000000000000000000000000000DA
:10E6400000000000000000000000000000000000CA
:10E6500000000000000000000000000000000000BA
:10E6600000000000000000000000000000020000A8
:10E67000000000000000000000000000000000009A
:10E6800000800040000000000000000000000000CA
:10E690000000000000000000C000000000000000BA
:10E6A000000000000000000000000000000000006A
:10E6B000000000000000000000000000000000005A
:10E6C000000000000000000000000000000000004A
:10E6D000000000000000000000000000000000003A
:10E6E00000000001000180010400800080000001A2
:10E6F0008000000005000000000004A080A00000D1
:10E70000000100858000800000010001000004007D
:10E7100000020020000004000000000000000000D3
:10E7200000000000000000000000000000000000E9
:10E7300000000000000010000000000000000000C9
:10E74000C000000000000000000000000000000009
:10E7500000000000000000000000000000000000B9
:10E7600000000000002000204020010504000400FB
:10E7700082200400000000000000000001000400EE
:10E780000000822000204000400000020002000043
:10E79000010000800080840085000000000000006F
:10E7A0000000000000000000000000000000000069
:10E7B0000000000000000000000000000000000059
:10E7C0000000000000000000000000000000000049
:10E7D0000000000000000000000000000000000039
:10E7E0000000000000000000000000000200020025
:10E7F00000A0008804000000000000A00002020049
:10E8000000000040000200840082000000000000C0
:10E81000022002200020000000000000000000880C
:10E8200000000000000000000000000000000000E8
:10E8300000000000000000000000000000000000D8
:10E8400000000000000000000000000000000000C8
:10E8500000000000000000000000000000000000B8
:10E8600000000000000000000000000000000000A8
:10E870000000000000000100000000000000008017
:10E880000000000000800080000000000000000088
:10E8900000000080008000800000000000000000F8
:10E8A0000000000000000000000000000000000068
:10E8B0000000000000000000000000030000000055
:10E8C0002000000300000000002000000000000005
:10E8D0000000000000000000000000000000000038
:10E8E00000000000000000000000800303844100DD
:10E8F000008080830004800000000000800300048A
:10E900000000000082038084058000000083000076
:10E9100040830380820380808080000082030300A4
:10E92000A180008000000000000000000000000046
:10E9300000000000000000000000000000010000D6
:10E9400000000100000100000000000000000000C5
:10E9500000000000000000000000000000000000B7
:10E96000000000000000000000000000884190034B
:10E970009100004088418889020000A0000088A121
:10E9800088898800000289018485200400400005F0
:10E99000408800040004898940400204009089A155
:10E9A000A0A0C190002000000000000000000000B6
:10E9B0000000000000000000000000000000000057
:10E9C0000000010001000000000000000100000044
:10E9D0000000000000000000000000000000000037
:10E9E0000000000000000000000000000000000126
:10E9F0009000030041C0400190000100A100000010
:10EA0000A001900001000300900084000488C1A0D0
:10EA100000000000000001009001408404889190F3
:10EA20009001A08400884120000000000000000048
:10EA300000000000000000020000000000000000D4
:10EA4000000000002000030000000000210003007F
:10EA500000000000000000000000000000000000B6
:10EA600000000000000000000000000000000000A6
:10EA7000001100008900838080110000090003005C
:10EA80000000001100000900030080408000808029
:10EA9000030000000000000003008003800080806D
:10EAA000030080030000008083C10000000000001C
:10EAB00000000000000000000080000000000000D6
:10EAC00000000900000000000003000000000041F9
:10EAD0000003000000000000000000000000000033
:10EAE0000000000000000000000000000000000026
:10EAF0000000000000898000808300800009800001
:10EB00008003000000000009850080030000808071
:10EB100000008003000080000000000300800080EF
:10EB20000080C003000080800000C083000000005F
:10EB300000000000000000000000000000000000D5
:10EB400000000000000000000000000100000000C4
:10EB500000000001000000000000000000000000B4
:10EB600000000000000000000000000000000000A5
:10EB70000000000000409011A000904100409091E2
:10EB8000A09090A1000000A09091A09090030000A0
:10EB90001090C0C0884100900490908200410040D5
:10EBA00000908204899100A08290000089030000F7
:10EBB0000000000000000000000000000000000055
:10EBC0000000000000000100010000000000010042
:10EBD0000000000000000000000000000000000035
:10EBE0000000000000000000000000000000000025
:10EBF000000000000000400190900000404089416A
:10EC000091908200A0C00000A1019090020091901C
:10EC1000030003000001104001400000000000005C
:10EC20004140400000019000A101A00000019002BD
:10EC300000000000000000000000000000000000D4
:10EC40000000000000000000030040000000000081
:10EC500003000500000000000000000000000000AC
:10EC600000000000000000000000000000000000A4
:10EC7000000000000000000000030080050080008C
:10EC80000388408000000080000003030080000033
:10EC900020008300400000218000030000050500E3
:10ECA000000083C1800000218000032000000021BB
:10ECB0008080000000000000000000000000000054
:10ECC0000000000000000000000000000000000044
:10ECD0000000000000000000000000000000000034
:10ECE0000000000000000000000000000000000024
:10ECF000000000000000000000000A0000130000F7
:10ED000081000A0000130000000000002100001331
:10ED1000000081000A000013000000000000000055
:10ED2000000000000A00001300000A000A0000139F
:10ED300000001100000000000000000000000000C2
:10ED4000000000000000000000000000000000FFC4
:10ED50000000FFFF000000FF000000FF00000000B7
:10ED600000000000000000000000000000000000A3
:10ED70000000000000000000000000000F0F0F0F57
:10ED800000000F0F000000FF00000F0F0000000048
:10ED90003C3C00000F0F000000FF00005555000034
:10EDA0000F0F0000FFFF0000FFFF0000555500009F
:10EDB000FFFF0000555500000000000000000000AB
:10EDC0000000000000000000000000000000000043
:10EDD00000FF00000000000000FF000000FF000036
:10EDE0000000000000000000000000000000000023
:10EDF00000000000000000000000000000000F0FF5
:10EE00000F0F00000F0F000000FF00000F0F0000A9
:10EE100000003C3C00000F0F000000FF00005555B3
:10EE200000000F0F0000000000000000000055551A
:10EE30000000000000005555000000000000000028
:10EE400000000000000000000000000000000000C2
:10EE5000FFFF0000FF0000003C3C000000FFFFFF40
:10EE600000000000000000000000000000000000A2
:10EE70000000000000000000000000000000000092
:10EE8000FF000000FF000000FF000000FF00000086
:10EE90000000FF000000FF000000FF000000FFFF77
:10EEA0000000F0F00000AAAA0000AAAA0000FFFFDC
:10EEB0000000AAAA00000000FFFF00000000000000
:10EEC0000000000000000000000000000000000042
:10EED000000000000000FF0000003C3C000000FFBC
:10EEE000FFFF000000000000000000000000000024
:10EEF0000000000000000000000000000000000012
:10EF00000000FF000000FF000000FF000000FF0005
:10EF100000000000FF000000FF000000FF000000F4
:10EF200000000000F0F00000AAAA0000AAAA000059
:10EF300000000000AAAA0000FFFFFFFF0000000081
:10EF400000000000000000000000000000000000C1
:10EF5000000000000241010000044940024101009C
:10EF6000000441400000000000000000000000001C
:10EF70000000000000000000000000000000000091
:10EF80000000000002C601800384494002C70180DE
:10EF900003844940000002C701800384494002C73E
:10EFA00001C00384494002C7016000B4494002C760
:10EFB00001800384494002C701800384414000006E
:10EFC0000000000000000000000000000000000041
:10EFD0000000000000000000000000000000000031
:10EFE0000000000000000000000000000000000021
:10EFF0000000000000000000000000000000000011
:10F0000000000000000000820000000000000080FE
:10F010000000003000000000000800000030000088
:10F0200028000000000000000000000000000000B8
:10F0300000140000000000000014000000000000A8
:10F0400000000000000000000000000008000000B8
:10F0500000000000000000000000000000000000B0
:10F0600000000000000000000000000000000000A0
:10F070000000000000000000000000000000000090
:10F080000000000000000000000000000404000078
:10F0900000800000000000000000000800000000E8
:10F0A0000000000000000000000A0000000000084E
:10F0B00000000000000000000C0000000000000044
:10F0C0000808000000000000000000000000000030
:10F0D000010000000000000000000000000000002F
:10F0E0000000000000000000000000000000000020
:10F0F0000000000000000000000000000000000010
:10F10000000000000000000000004100000000506E
:10F11000000041000000101000000000410000004D
:10F12000101000000008000800001000000000009F
:10F1300000000000000C0000000030000010000083
:10F14000101000000000000000000000004000005F
:10F1500000000000000000000000000000000000AF
:10F16000000000000000000000000000000000009F
:10F17000000000000000000000000000000000008F
:10F18000000000000000000000000000000000007F
:10F19000000000000000000000000000000000006F
:10F1A000000000000000000000000000100000004F
:10F1B000000100000000000000000000000000103E
:10F1C000000000000000000000000000000000003F
:10F1D000000000000000000000000000000000002F
:10F1E000000000000000000000000000000000001F
:10F1F000000000000000000000000000000000000F
:10F2000000000000000000000000000000000000FE
:10F2100000000000000000000000000000000000EE
:10F2200000000000000000000000000000000000DE
:10F2300000000000000000000000000000000000CE
:10F2400000000000000000000000000000000000BE
:10F2500000000000000000000000000000000000AE
:10F26000000000000000000000000000000000009E
:10F27000000000000004000000000000000000008A
:10F28000000000000000000000000000000000007E
:10F29000000000000000000000000000000000006E
:10F2A000000000000000000000000000000000005E
:10F2B000000000000000000000000000000000004E
:10F2C000000000000000000000000000000000003E
:10F2D000000000000000000000000000000000002E
:10F2E000000000000000000000000000000000001E
:10F2F000000000000000000000000000000000000E
:10F3000000000000000000000000000000000000FD
:10F3100000000000000000000000000000000000ED
:10F3200000000000000000000000000000000000DD
:10F3300000000000000000000000000000000000CD
:10F3400000000000000000000000000000000000BD
:10F3500000000000000000000000000000000000AD
:10F36000000000000000000000000000000000009D
:10F37000000000020000000000000000000000008B
:10F38000000000000000000000000000000000007D
:10F39000000000000000000000000000000000006D
:10F3A000000000000000000000000000000000005D
:10F3B000000000000000000000000000000000004D
:10F3C000000000000000000000000000000000003D
:10F3D000000000000000000000000000000000002D
:10F3E00000000000000000000000000041000000DC
:10F3F000000000000000000000000000000000000D
:10F4000000000000000000000000000000000000FC
:10F4100000000000000000000000000000000000EC
:10F4200000000000000000000000000000000000DC
:10F4300000000000000000000000000000000000CC
:10F4400000000000000000000000000000000000BC
:10F4500000000000000000000000000000000000AC
:10F46000000000000000000000000000000000009C
:10F47000000000000000000000000000000000008C
:10F48000000000000000000000000000000000007C
:10F49000000000000000000000000000000000006C
:10F4A000000000000000000000000000000000005C
:10F4B000000000000000000000000000000000004C
:10F4C000000000000000000000000000000000003C
:10F4D000000000000000000000000000000000002C
:10F4E000000000000000000000000000000000001C
:10F4F000000000000000000000000000000000000C
:10F5000000000000000000000000000000000000FB
:10F5100000000000000000000000000000000000EB
:10F5200000000000000000000000000000000000DB
:10F5300000000000000000000000000000000000CB
:10F5400000000000000000000000000000000000BB
:10F5500000000000000000000000000000000000AB
:10F56000000000000000000000000000000000009B
:10F57000000000000000000000000000000000008B
:10F58000000000000000000000000000000000007B
:10F59000000000000000000000000000000000006B
:10F5A000000000000000000000000000000000005B
:10F5B000000000000000000000000000000000004B
:10F5C000000000000000000000000000000000003B
:10F5D000000000000000000000000000000000002B
:10F5E000000000000000000000000000000000001B
:10F5F000000000000000000000000000000000000B
:10F6000000000000000000000000000000000000FA
:10F6100000000000000000000000000000000000EA
:10F6200000000000000000000000000000000000DA
:10F6300000000000000000000000000000000000CA
:10F6400000000000000000000000000000000000BA
:10F6500000000000000000000000000000000000AA
:10F66000000000000000000000000000000000009A
:10F67000000000000000100000000000000000007A
:10F68000000000000000000000000000000000007A
:10F69000000000000000000000000000000000006A
:10F6A0000000000000030000000000000000000057
:10F6B0000000000000000000000000030000002027
:10F6C000000000000000000000000000000000003A
:10F6D000000000000000000000000000000000002A
:10F6E000000000000000000000000000000000001A
:10F6F000000000000000000000000000000000000A
:10F7000000000000000000000000000000000000F9
:10F7100000000000000000000000000000000000E9
:10F7200000000000000000000000000000000000D9
:10F7300000000000000000000000000000000000C9
:10F7400000000000000000000000000000000000B9
:10F7500000000000000000000000000000000000A9
:10F760000000000000000000000000000000000099
:10F770000000000000000000000000000000000089
:10F780000000000000000000000000000000000079
:10F790000000000000000000000000000000000069
:10F7A0000000000000000000000000000000000059
:10F7B0000000000000000000000000000000000049
:10F7C0000000000000000000000000000000000039
:10F7D0000000000000000000000000000000000029
:10F7E0000000000000000000000000000000000019
:10F7F0000000000000000000000000000000000009
:10F8000000000000000000000000000000000000F8
:10F8100000000000000000000000000000000000E8
:10F8200000000000000000000000000000000000D8
:10F8300000000000000000000000000000000000C8
:10F8400000000000000000000000000000000000B8
:10F8500000000000000000000000000000000000A8
:10F860000000000000000000000000000000000098
:10F870000000000000000000000000000000000088
:10F880000000000000000000000000000000000078
:10F890000000000000000000000000000000000068
:10F8A0000000000000000000000000000000000058
:10F8B0000000000000000000000000000000000048
:10F8C0000000000000000000000000000000000038
:10F8D0000000000000000000000000000000000028
:10F8E0000000000000000000000000000000000018
:10F8F0000000000000000000000000000000000008
:10F9000000000000000000000000000000000000F7
:10F9100000000000000000000000000000000000E7
:10F9200000000000000000000000000000000000D7
:10F9300000000000000000000000000000000000C7
:10F9400000000000000000000000000000000000B7
:10F9500000000000000000000000000000000000A7
:10F960000000000000000000000000400000000057
:10F970000000000000000000000000000000000087
:10F980000000000000000000000000000000000077
:10F990000000000000000000000000000000000067
:10F9A0000000000000000000000000000000000057
:10F9B0000000000000000000000000000000000047
:10F9C0000000000000000000000000000000000037
:10F9D0000000000000000000000000000000000027
:10F9E0000000000000000000000000000080000097
:10F9F0000000000000000000000000000000000007
:10FA000000000000000000000000000000000000F6
:10FA100000000000000000000000000000000000E6
:10FA200000000000000000000000000000000000D6
:10FA300000000000000000000000000000000000C6
:10FA400000000000000000000000000000000000B6
:10FA500000000000000000000000000000000000A6
:10FA60000000000000000000000000000000000096
:10FA70000000000000000000000000000000000086
:10FA80000000000000000000000000000000000076
:10FA90000000000000000000000000000000000066
:10FAA0000000000000000000000000000000000056
:10FAB0000000000000000000000000000000000046
:10FAC0000000000000000000000000000000000036
:10FAD0000000000000000000000000000000000026
:10FAE0000000000000000000000000000000000016
:10FAF0000000000000000000000000000000000006
:10FB000000000000000000000000000000000000F5
:10FB100000000000000000000000000000000000E5
:10FB200000000000000000000000000000000000D5
:10FB300000000000000000000000000000000000C5
:10FB400000000000000000000000000000000000B5
:10FB500000000000000000000000000000000000A5
:10FB60000000000000000000000000000000000095
:10FB70000000000000000000000000000000000085
:10FB80000000000000000000000000000000000075
:10FB90000000000000000000000000000000000065
:10FBA0000000000000000000000000000000000055
:10FBB0000000000000000000000000000000000045
:10FBC0000000000000000000000000000000000035
:10FBD0000000000000000000000000000000000025
:10FBE0000000000000000000000000000000000015
:10FBF0000000000000000000000000000000000005
:10FC000000000000000000000000000000000000F4
:10FC100000000000000000000000000000000000E4
:10FC200000000000000000000000000000000000D4
:10FC300000000000000000000000000000000000C4
:10FC400000000000000000000000000000000000B4
:10FC500000000000000000000000000000000000A4
:10FC60000000000000000000000000000000000094
:10FC70000000000000000000000000000000000084
:10FC80000000000000000000000000000000000074
:10FC90000000000000000000000000000000000064
:10FCA0000000000000000000000000000000000054
:10FCB0000000000000000000000000000000000044
:10FCC0000000000000000000000000000000000034
:10FCD0000000000000000000000000000000000024
:10FCE0000000000000000000000000000000000014
:10FCF0000000000000000000000000000000000004
:10FD000000000000000000000000000000000000F3
:10FD100000000000000000000000000000000000E3
:10FD200000000000000000000000000000000000D3
:10FD300000000000000000000000000000000000C3
:10FD400000000000000000000000000000000000B3
:10FD500000000000000000000000000000000000A3
:10FD60000000000000000000000000000000000093
:10FD70000000000000000000000000000000000083
:10FD80000000000000100000000000000000000063
:10FD90000000000000000000000000000000000063
:10FDA0000000000000000000000000000000000053
:10FDB0000000000000000000000000000000000043
:10FDC0000000000000000000000000000000000033
:10FDD0000000000000000000000000000000000023
:10FDE0000000000000000000000000000000000013
:10FDF0000000000000000000000000000000000003
:10FE000000000000000000000000000000000000F2
:10FE100000000000000000000000000000000000E2
:10FE200000000000000000000000000000000000D2
:10FE300000000000000000000000000000000000C2
:10FE400000000000000000000000000000000000B2
:10FE500000000000000000000000000000000000A2
:10FE60000000000000000000000000000000000092
:10FE70000000000000000000000000000000000082
:10FE80000000000000000000000000000000000072
:10FE90000000000000000000000000000000000062
:10FEA0000000000000000000000000000000000052
:10FEB0000000000000000000000000000000000042
:10FEC0000000000000000000000000000000000032
:10FED0000000000000000000000000000000000022
:10FEE0000000000000000000000000000000000012
:10FEF0000000000000000000000000000000000002
:10FF000000000000000000000000000000000000F1
:10FF100000000000000000000000000000000000E1
:10FF200000000000000000000000000000000000D1
:10FF300000000000000000000000000000000000C1
:10FF400000000000000000000000000000000000B1
:10FF500000000000000000000000000000000000A1
:10FF60000000000000000000000000000000000091
:10FF70000000000000000000000000000000000081
:10FF80000000000000000000000000000000000071
:10FF90000000000000000000000000000000000061
:10FFA0000000000000000000000000000000000051
:10FFB0000000000000000000000000000000000041
:10FFC0000000000000000000000000000000000031
:10FFD0000000000000000000000000000000000021
:10FFE0000000000000000000000000000000000011
:10FFF0000000000000000000000000000000000001
:020000040001F9
:1000000000000000010000000000000000000000EF
:1000100000000000000000000000000000000000E0
:1000200000000000000000000000000000000000D0
:1000300000000000000000000000000000000000C0
:1000400000000000000000000000000000000000B0
:1000500000000000000000000000000000000000A0
:100060000000000000000000000000000000000090
:100070000000000000000000000000000000000080
:100080000040000000000000000000000000000030
:100090000000000000000000000000000000000060
:1000A0000000000000000000000000000000000050
:1000B0000000000000000000000000000000000040
:1000C0000000000000000000000000000000000030
:1000D0000000000000000000000000000000000020
:1000E0000000000000000000000000000000000010
:1000F0000000000000000000000000000000000000
:1001000000000000000008000000000000000000E7
:1001100000000000000000000000FFFFFFFFFFFFE5
:10012000FFFFFFFFFFFFFFFFFFFFFFFFFFFFFFFFDF
:10013000FFFFFFFFFFFFFFFFFFFFFFFFFFFFFFFFCF
:10014000FFFFFFFFFFFFFFFFFFFFFFFFFFFFFFFFBF
:10015000FFFFFFFFFFFFFFFFFFFFFFFFFFFFFFFFAF
:10016000FFFFFFFFFFFFFFFFFFFFFFFFFFFFFFFF9F
:10017000FFFFFFFFFFFFFFFFFFFFFFFFFFFFFFFF8F
:10018000FFFFFFFFFFFFFFFFFFFFFFFFFFFFFFFF7F
:10019000FFFFFFFFFFFFFFFFFFFFFFFFFFFFFFFF6F
:1001A000FFFFFFFFFFFFFFFFFFFFFFFFFFFFFFFF5F
:1001B000FFFFFFFFFFFFFFFFFFFFFFFFFFFFFFFF4F
:1001C000FFFFFFFFFFFFFFFFFFFFFFFFFFFFFFFF3F
:1001D000FFFFFFFFFFFFFFFFFFFFFFFFFFFFFFFF2F
:1001E000FFFFFFFFFFFFFFFFFFFFFFFFFFFFFFFF1F
:1001F000FFFFFFFFFFFFFFFFFFFFFFFFFFFFFFFF0F
:10020000FFFFFFFFFFFFFFFFFFFFFFFFFFFFFFFFFE
:10021000FFFFFFFFFFFFFFFFFFFFFFFFFFFF0000EC
:1002200000000000000000000000000000000000CE
:1002300000000000000000000000000000000000BE
:1002400000000000000000000000000000000000AE
:10025000000000000000000000000000000000009E
:10026000000000000000000000000000000000008E
:10027000000000000000000000000000000000007E
:10028000000000000000000000000000000000006E
:10029000000000000000000000000000000000005E
:1002A000000000000000000000000000000000004E
:1002B000000000000000000000000000000000003E
:1002C000000000000000000000000000000000002E
:1002D000000000000000000000000000000000001E
:1002E000000000000000000000000000000000000E
:1002F00000000000000000000000000000000000FE
:1003000000000000000000000000000000000000ED
:1003100000000000000000000000000000000000DD
:1003200000000000000000000000000000000000CD
:1003300000000000000000000000000000000000BD
:1003400000000000000000000000000000000000AD
:10035000000000000000000000000000000000009D
:10036000000000000020000000200000000000004D
:10037000000000000000000000000000000000007D
:10038000000000000000000000000000000000006D
:10039000000000000000000000000000000000005D
:1003A000000000000000000000000000000000004D
:1003B000000000000000000000000000000000003D
:1003C000000000000000000000000000000000002D
:1003D000000000000000000000000000000000001D
:1003E000000000000000000000000000000000000D
:1003F00000000000000000000000000000000000FD
:1004000000000000000000000000000000000000EC
:1004100000000000000000000000000000000000DC
:1004200000000000000004000000000004000000C4
:100430000000110011000000040000000000040092
:1004400000000000000004000000000004000000A4
:10045000000004000400000004000000000004008C
:100460000000000000000000040000000000000088
:100470000000000000000000000004000000000078
:100480000400000000000000000000000000000068
:10049000000000000000000000000000000000005C
:1004A0000400000000000000000000000000000048
:1004B000000000000000000000000000000000003C
:1004C000000000000000000000000000000000002C
:1004D000000000000000000000000000000000001C
:1004E000000000000000000000000000000000000C
:1004F00000000000000000000000000000000000FC
:1005000000000000000000000000000000000000EB
:1005100000000000000000000000000000000000DB
:1005200000000000000000000000000000000000CB
:1005300000000010000000000000000000000000AB
:10054000000000000000000000000010000000009B
:10055000000000000000000000000000000000009B
:100560000000001000000000000000C000000000BB
:10057000000000000000000000000000000000007B
:10058000000000000001000000000000000000006A
:10059000000000000000000000000000002000003B
:1005A000000000000000000000000000000000004B
:1005B00000000000008000000000000000000000BB
:1005C000000000000000000000000000000000002B
:1005D000000000000000000000000000000000001B
:1005E00000000000000000000000000000000010FB
:1005F00000000000000000000000000000000000FB
:1006000000000000000000100000000000000021B9
:10061000000000000000000000000000000000805A
:1006200000000000000000000000000000000000CA
:1006300000000000000000000000000000000000BA
:1006400000000000000000000000000000000000AA
:10065000000000000000000000000000000000009A
:10066000000000000000000000000000000000008A
:10067000000000000000000000000000000000007A
:100680000000000000000000110000000000000059
:10069000000000000000000000000000000000005A
:1006A000001000000000000000000000000000003A
:1006B000000000000000000000000000000000003A
:1006C000000000000000000000000000000000002A
:1006D000000000000000000000000000000000001A
:1006E000000000000000000000000000000000000A
:1006F00000000000000000000000000000000000FA
:1007000000000000000000000000000000000000E9
:1007100000000000000000000000000000000000D9
:100720000000008000000000000000000000000049
:1007300000000000000000000000000100000000B8
:1007400000000000000000000000000000000000A9
:100750000000000000000000000000000000000099
:100760000000000000000000000000000000000089
:100770000000000000000000000010000000000069
:100780001000100000000000000000000001000048
:1007900041004100100000000000000000000000C7
:1007A0000000000000000000000000000000000049
:1007B00000000000002100000000000000200000F8
:1007C0000000000000000000000000000000000029
:1007D0000000000000000000000000000000000019
:1007E0000000000000000000000000000000000009
:1007F00000000000000000000000000000000000F9
:1008000000000000000000000000000000000020C8
:1008100000000000000000000000A0000000000038
:100820000000A000A0000000000000000000000088
:1008300000000000000000100000000000000000A8
:1008400000000000000000000000000000000000A8
:100850000000000000000000000000000000000098
:100860000000000000000000000000000000000088
:100870000000000000000000000000000000000078
:100880000000000000000000000000000000000068
:100890000000000000000000000000000000000058
:1008A0000000000041000000000000000000000007
:1008B00000000000000000000080000000000000B8
:1008C0000000000000000000000000000000000028
:1008D0000000000000000000000000000000000018
:1008E0000000000000000000000000000000000008
:1008F00000000000000000000000000000000000F8
:1009000000000000000000000000000000000800DF
:1009100000000000000000000000000000000000D7
:1009200000000000000000000000000010000000B7
:100930000000000000000000000080010000000036
:100940002100002000000000000000000000000066
:100950000000000000000000000000000000000097
:100960000000000000000000000000000000000087
:100970000000000000000000000000000000000077
:100980000000000000000000000000000000000067
:100990000000410000000000000000000000000016
:1009A0000000000000000000000041000000000006
:1009B0000000000000000000000000000410000023
:1009C00000000000008000000000000000000000A7
:1009D0000000000000000000000000000000000017
:1009E0000000000000000000000000000000000007
:1009F00000000000000000000000000000000000F7
:100A000000000000000000000000000000000000E6
:100A100000000000000000000000000000000000D6
:100A20000000000000000000A0000000080000001E
:100A300000000000000000000000000000000000B6
:100A400000000000000000000000000000000000A6
:100A50000000000000000000000000000000000096
:100A60000000000000000000000000000000000086
:100A70000000000000000000000000000000000076
:100A80000000000000000000000000000000000066
:100A90000000000000000000000000000000000056
:100AA0000000000000000000000000000000000046
:100AB0000000000000000000000000000000000036
:100AC0000000000000000002000000000000000222
:100AD0000000000000000000000000000000000016
:100AE0000000000000000000000000000000000006
:100AF00000000000000000000000000000000000F6
:100B000000000000000000000000000000000000E5
:100B100000000000000000000000000000000000D5
:100B200000020000000000000000000000000000C3
:100B3000000000000000000000A000000000000015
:100B4000000001000000000000A000000000000004
:100B500000A00000000000000000000000000000F5
:100B60000000000000000000000000000000000085
:100B70000000000000000000000000000000000075
:100B80000000000000000000000000000000000065
:100B90000000000000000000000000000000000055
:100BA000000000A0000000000000000000000000A5
:100BB0000000000000000000000000020000000033
:100BC00000000000400000000000000004000000E1
:100BD0000000000000000000000000000000000015
:100BE0000000000000000000000000000000000005
:100BF00000000000000000000000000000000000F5
:100C000000000000000000000000000000000000E4
:100C100000000000000000000000000000000300D1
:100C200000000000000000000000000000000000C4
:100C30000000000000000200000000000080000032
:100C40000000000000000040000000000200000260
:100C50000000020002000000000000000000000090
:100C60000000000000000000000000000000000084
:100C70000000000000000000000000000000000074
:100C80000000000000000000000000000000000064
:100C90000000000000000000000000000000000054
:100CA000000200000200020000000000000000003E
:100CB00000000000000000000040000000002000D4
:100CC0000000000000000000000100000000000023
:100CD0000001000000000000000000000000000013
:100CE0000000000000000000000000000000000004
:100CF00000000000000000000000000000000000F4
:100D000000000000000000000000000000000000E3
:100D100000000000000000000000000000000000D3
:100D200000000001000000000000000000000000C2
:100D300000000000000000000000000100000000B2
:100D40000100000000000000000000C000000001E1
:100D50000000008200000001000000000000000010
:100D60000000000000000000000000000000000083
:100D70000000000000000000000000000000000073
:100D80000000000000000000000000400000000023
:100D90000000000000000000000000000000000053
:100DA00000000000008200000001000000000000C0
:100DB00000000000000000000000000000C0000073
:100DC0000001000000000000000000000000000022
:100DD000000200000000000000020000000000000F
:100DE0000000000000000000000000000000000003
:100DF00000000000000000000000000000000000F3
:100E000000000000000000000000000000000000E2
:100E100000000000000000000000000000000000D2
:100E200000000000000000000000000200000000C0
:100E300000000000000000000000000000000000B2
:100E400000000002000000000000000000000000A0
:100E50000000000043C800000000000043C800007C
:100E60000000000000000000000000000000000082
:100E70000000000000000000000000000000000072
:100E80000000000000000000000000000000000062
:100E90000000000000000000000000000000000052
:100EA000000000000000000000000000000043C837
:100EB0000000000000000000000000000000000032
:100EC00000000000000043C8000000000000000017
:100ED0000000000000000000000000000000000012
:100EE0000000000000000000000000000000000002
:100EF00000000000000000000000000000000000F2
:100F000000000000000000000000000000000000E1
:100F100000000000000000000000000000000000D1
:100F200000000000000000000000000000000000C1
:100F300000000000000000000000000000000000B1
:100F400000000000000000000000000000000000A1
:100F500000004008000001800000400800000180FF
:100F60000000000000000000000000000000000081
:100F70000000000000000000000000000000000071
:100F80000000000000000000000000000000000061
:100F90000000000000000000000000000000000051
:100FA00000000000000000000000000040080000F9
:100FB00001800000000000000000000000000000B0
:100FC0000000000040080000018000000000000058
:100FD0000000000000000000000000000000000011
:100FE0000000000000000000000000000000000001
:100FF00000000000000000000000000000000000F1
:1010000000000000000000000000000000000000E0
:1010100000000000000000000000000000000000D0
:1010200000000000000000000000000000000000C0
:1010300000000000000000000000000000000000B0
:1010400000000000000000000000000000000000A0
:101050000000000000000000061008600000000012
:101060000610086000000000000000000000000002
:101070000000000000000000000000000000000070
:101080000000000000000000000000000000000060
:101090000000000000000000000000000000000050
:1010A0000000000000000000000000000000000040
:1010B00000000610086000000000000000000000B2
:1010C00000000000000000000000061008600000A2
:1010D0000000000000000000000000000000000010
:1010E0000000000000000000000000000000000000
:1010F00000000000000000000000000000000000F0
:1011000000000000000000000000000000000000DF
:1011100000000000000000000000000000000000CF
:1011200000000000000000000000000000000000BF
:1011300000000000000000000000000000000000AF
:10114000000000000000000000000000000000009F
:10115000000000000000000000000000000000008F
:10116000000000000000000000000000000000007F
:10117000000000000000000000000000000000006F
:10118000000000000000000000000000000000005F
:10119000000000000000000000000000000000004F
:1011A000000000000000000000000000000000003F
:1011B000000000000000000000000000000000002F
:1011C000000000000000000000000000000000001F
:1011D00000000000000000000000000000000020EF
:1011E000301031400000002030103140000000007D
:1011F00000000000000000000000000000000000EF
:1012000000000000000000000000000000000000DE
:1012100000000000000000000000000000000000CE
:1012200000000000000000000000000000000000BE
:1012300000000000000000000020301031400000DD
:10124000000000000000000000000000000000009E
:1012500000203010314000000000000000000001BC
:1012600040000002800000014000000280000000F9
:10127000000000000000000000000000000000006E
:10128000000000000000000000000000000000005E
:10129000000000000000000000000000000000004E
:1012A000000000000000000000000000000000003E
:1012B000000000000000000000014000000280006B
:1012C000000000000000000000000000000000001E
:1012D000000140000002800000000000000000004B
:1012E000000090990900000000009099090000009A
:1012F00000000000000000000000000000000000EE
:1013000000000000000000000000000000000000DD
:1013100000000000000000000000000000000000CD
:1013200000000000000000000000000000000000BD
:10133000000000000000000000000000909909007B
:10134000000000000000000000000000000000009D
:10135000000000009099090000000000000000005B
:101360000000000000000400000000000400000075
:101370000000000000000000040000000000000069
:101380000000000000000400000000000400000055
:101390000000000000000000040008000000000041
:1013A0000000000000000000040000000000040035
:1013B0002000000000000000000004000000000009
:1013C0000000000000000000040000000000040015
:1013D0000000000000000000000004000000000009
:1013E00000000000000000000000000000000000FD
:1013F00000000000000000000000000000000000ED
:1014000000000000000000000000000000000000DC
:1014100000000000000000000000000000000000CC
:1014200000000000000000000000000000000000BC
:10143000001001000000000000000000000000009B
:10144000000000000000000000000000000000009C
:10145000000000000000000000000000000000008C
:10146000000000000000000000200020000100003B
:10147000000000000000000000000000000000006C
:10148000000000000000000000000000000000005C
:10149000000000000000000000000000000000004C
:1014A00000000000000000C000000000000000007C
:1014B0000000800000000000800000000000040028
:1014C000000000A00000000100040004000400046B
:1014D0000001000500000000000000000000000006
:1014E00000000000000000000000008000800020DC
:1014F00000000000000000000000000000000000EC
:1015000000000000000000000000000000000000DB
:1015100000000000000000000010000000000400B7
:101520000200000000000000000000210000000098
:10153000000000002000000000002011000000005A
:1015400001000000000000000040008000800080DA
:101550000080000400840000000000000000000083
:10156000000000000000000000000000000000007B
:10157000000000000000000000000000000000006B
:10158000000000000000000000000000000000005B
:10159000000000000000000000000000000000004B
:1015A000000000000000000000100000000000002B
:1015B00000000000000000000000000000C000006B
:1015C0000000000000000084800000040000800093
:1015D00080008004000400400004000400000000BB
:1015E00000000000000000000000000010000000EB
:1015F00000000000000000000000000000000000EB
:1016000000000000000000000000000000000000DA
:1016100000000000000000000000000000000000CA
:1016200000000000000000000000000000000000BA
:1016300000000000000000000000000000000000AA
:1016400000000000000000000000200000800000FA
:1016500020002000208000800080008000800000AA
:1016600000000000000000000000000000008000FA
:10167000000000000000000000000000000000105A
:10168000000000000000000000000000000000005A
:10169000000000000000000000000000000000004A
:1016A000000000000020000000000000000000001A
:1016B00000000000A000A000A000A0048000A08402
:1016C000A001A0052000A00041004100020141004E
:1016D00041014101410141000300000000010000FF
:1016E00000000000000000010000000000000000F9
:1016F0000400A00000000000000000000000000046
:1017000000000000000000000000000000000000D9
:101710000000000000000000000000000000A00524
:101720000000000000000080080000000000000031
:101730000000000000002100210021002180200085
:10174000210021042184C1002100000500000104C2
:101750000005000400040004000000000000000474
:101760000000000000000000004000000000000039
:101770000000000000000000000200000000000067
:101780000000000000000000000000000000000059
:101790000000000000000000000000000000000049
:1017A0002100000000000000000000000000000018
:1017B0000000000000000000000000000000200009
:1017C00000000000210000002100000010000000C7
:1017D00000008520200041004100050000000000BD
:1017E00010044100000000000000000000000000A4
:1017F0000000000000000000000000800000000069
:1018000000000000000000000000000000000000D8
:1018100000000000000000000000000000000000C8
:1018200000000000000000000000000000000000B8
:1018300000000000000000000000000000000000A8
:101840000100000000000000000000000000000097
:101850000000000002800100000000000000000005
:1018600000000080000000000000000000000000F8
:1018700000000000000000020002000200900000D2
:101880000000000000000000000000000000000058
:101890000000000000000000000000000000000048
:1018A0000000000000000000000000000000000038
:1018B0000000000000000000000000000001000126
:1018C000001121848000800000000500000141001B
:1018D00041004184820020000000820002000200DA
:1018E0000004000400400000000000400000000070
:1018F0000000000000000000C0C0A08000800000C8
:10190000000000000000A000000000000000000037
:1019100000000000000000000010000000000000B7
:101920000000000000000000000000008200000035
:10193000080000000000400000000021000000043A
:1019400000040004001020002005820000000004B4
:101950004005C00500002105C10500000900010087
:1019600083000080008000800000000000800000F4
:101970000000000000000000000000030020000044
:101980000000000000000000000000000000000057
:101990000000000000000000000000000000000047
:1019A00000000000000000000000000000008000B7
:1019B0000000000000000000000000000000000027
:1019C00000000000000300090000000000030009FF
:1019D000800000000000000011000000000300096A
:1019E00009000000000300094000008000008000A2
:1019F00041000000000000000000000000010001A4
:101A0000A000000000000000000000000000000036
:101A100000000000000000000000000000000000C6
:101A200000000000000000000000000000000000B6
:101A30001000000000000000000000000000000096
:101A40000000000000000001000100000000000193
:101A50000001100000000000000000000000000174
:101A6000A00100000000020984A101A00084000080
:101A700084000000000000000000000000000010D2
:101A80000000010201000000000000000000000052
:101A90000000000000000000000000000000000046
:101AA0000000000000000000000000000000000036
:101AB0000000000000000000000000000000000026
:101AC0000000000001000101000000000100010110
:101AD00000000000010001012000A0001100110120
:101AE0004001900003000305C000C000050009A1EB
:101AF0000200C00002000200000000000000000020
:101B00000080000040800300000000000000000092
:101B100000000000000000000000000000000000C5
:101B200000000000000000000000000000000000B5
:101B300000000000000000000000000000000000A5
:101B40000000000000002100030900000000210047
:101B500003090000000021000309800000002100AB
:101B60000309001000002100030900050000A10086
:101B700083090002000000000000000000000000D7
:101B8000000000400400000080030000000000008E
:101B90000000000000000000000000000000000045
:101BA0000000000000000000000000000000000035
:101BB0000000000000000000000000000000000025
:101BC000000000000000000000090000000000000C
:101BD000000900030000000000090003000000806D
:101BE00005090000000000002009008300800000BB
:101BF0008009008300000000008000000000000059
:101C000000000000000101000000040100000000CD
:101C100000000000000000000000000000000000C4
:101C200000000000000000000000000000000000B4
:101C300000000000000000000000040000000000A0
:101C40000000000000000000000000010000000093
:101C5000000000010001000000000001040100C0BC
:101C6000001001C1000000A000C001910083000825
:101C70009002A0C102A1000000C00084000000008A
:101C80000000000000000120000001000000000032
:101C90000000000000000000000000000000000044
:101CA0000000000000000000000000000000000034
:101CB0000000000000000000000000000000000024
:101CC0000000000000000000000000900000000084
:101CD00001880140000000000108009000000000A1
:101CE0000000008200000004038891820200108836
:101CF00085890902408404020201020002004002B8
:101D00000000000000000000030000004000000090
:101D100000000000000000000000000000000000C3
:101D200000000000000000000000000000000000B3
:101D300000000000000000000000000000000000A3
:101D40000000000000000000000000000000000093
:101D50000000038004000000000003800000000079
:101D600011000004000000000000038204000000D5
:101D70000000838304008080000000030000000056
:101D800080000000000000000000000000130000C0
:101D90000000000000000000000000000000000043
:101DA0000000000000000000000000000000000033
:101DB000000000000000000000008200001300008E
:101DC0000000000000000000000000000000000013
:101DD000C200000000000000C200000081000013EB
:101DE000C200000000000013C2000000000000005C
:101DF000C200000000000000C2002100000000003E
:101E00000000060000000000000000000F0F0000AE
:101E10003C3C00000000000000000000000000004A
:101E200000000000000000000000000000000000B2
:101E300000000000000000000000000000000000A2
:101E40000000000000000000000000000000000092
:101E50000000FF00FF00FF000000FF0000003C3C0E
:101E60000000FF00000000000000FF00FF00FF0076
:101E70000000FF000000FF000000FF000000000065
:101E800000000000000000000000000000000F0F34
:101E900000003C3C000000000000000000000000CA
:101EA0000000000000000000000000000000000032
:101EB0000000000000000000000000000000000022
:101EC0000000000000000000000000000000000012
:101ED00000000000FF00FF00FF000000FF00000006
:101EE0003C3C0000FF00000000000000FF00FF007D
:101EF000FF000000FF000000FF000000FF000000E6
:101F000000000000000000000000000000000000D1
:101F100000000000000000000000000000000000C1
:101F200000000000000000000000000000000000B1
:101F300000000000000000000000000000000000A1
:101F40000000000000000000000000000000000091
:101F50000000000000000000000000000000000081
:101F60000000000000000000000000000000000071
:101F70000000000000000000000000000000000061
:101F80000000000000000000000000000000000051
:101F90000000000000FFFFFFFF0000000000000045
:101FA0000000000000000000000000000000000031
:101FB0000000000000000000000000000000000021
:101FC0000000000000000000000000000000000011
:101FD0000000000000000000000000FF000000FF03
:101FE000000000FF000000FFFFFFFF0000000000F6
:101FF000000000FF000000FF000000FF000000FFE5
:10200000FFFFFF00000000000000000000000000D3
:1020100000000000000000FFFFFFFF0000000000C4
:1020200000000000000000000000000000000000B0
:1020300000000000000000000000000000000000A0
:102040000000000000000000000000000000000090
:1020500000000000000000000000000000FF000081
:1020600000FF000000FF000000FFFFFFFF00000076
:102070000000000000FF000000FF000000FF000063
:1020800000FFFFFFFF000000000000000000000054
:1020900000000000000002C701E000B44140000061
:1020A0000000000000000000000000000000000030
:1020B0000000000000000000000000000000000020
:1020C000000000000000008600E003B004000000F3
:1020D0000000000000000000000000103000480375
:1020E000C041C01030004903C0C7C0F033B0450341
:1020F0000086007030904803C0C7C07030B04903FC
:10210000C0C7C07030B041030086006000B000005E
:1021100000000000000000000000000000000000BF
:1021200000000000000000000000000000000000AF
:10213000000000000000000000000000000000009F
:10214000000000000000000000000000000000008F
:10215000000000000000000000000000000000007F
:10216000000000000000000000000000000000006F
:102170000000000000007FFF7FFFF66F969600FFD3
:102180005955FF009F00F66FFF6963C3C3C35FAF7C
:102190005FAF000000000000000000000000000031
:1021A000000000000000000000000000000000002F
:1021B000000000000000000000000000000000001F
:1021C000000000000000000000000000000000000F
:1021D00000000000000000000000000000000000FF
:1021E00000000000000000000000000000000000EF
:1021F00000000000000000007FFF7FFF96FF969622
:10220000FF005555FF00F6006FF969FF63C3C3C3B4
:1022100055AA55AA000000000000000000000000C0
:1022200000000000000000000000000000000000AE
:10223000000000000000000000000000000000009E
:10224000000000000000000000000000000000008E
:10225000000000000000000000000000000000007E
:10226000000000000000000000000000000000006E
:10227000000000000000000000000000100000004E
:102280000000D7EBBE7DFFFFFFFCFFFFFFFB000060
:1022900000000F0F0F1B00000000000000000000F6
:1022A000000000000000000000000000000000002E
:1022B000000000000000000000000000000000001E
:1022C000000000000000000000000000000000000E
:1022D00000000000000000000000000000000000FE
:1022E00000000000000000000000000000000000EE
:1022F00000000000000000000000000000000000DE
:1023000000000000DFEFBFFDFFFFFFFDFFFFFFFF4D
:10231000000000000F0F0F0F000000000000000081
:10232000210011000400020002000400000004006B
:102330001100020000000000020000000000000088
:10234000040004000400000000000400000002007B
:102350000400040000000000000000000000020172
:102360000000000000000000000000000400000069
:102370002100040000000000000100000000000037
:102380000000000000000000000000000400000049
:102390000000040000000000000000000000000039
:1023A000000000000000000000000000000000002D
:1023B000000000000000000000000000000000001D
:1023C000000000000000000000000000000000000D
:1023D00001000000000000000000000000000000FC
:1023E00001080000000000000400000000000000E0
:1023F000000000000000000000000040000000009D
:102400000000A0000000000000000000000000002C
:1024100000000000000000000000000000000000BC
:10242000000000000000000000000040000040002C
:10243000000000080000000000C0000400000000D0
:102440000000000000200000000000000008000064
:10245000000000000000000000000000000000007C
:102460000000840000C00000001100000000000017
:102470000000000000010001020000000001000453
:102480000000000000000000000000000004000048
:1024900000000000102000020000000002080001FF
:1024A0000001020100200000001000000080000573
:1024B00001000000009004000041000000800000C6
:1024C0000021000004000080001000000000000057
:1024D00000000000001000000000000000050000E7
:1024E00000000000210000000010000800000000B3
:1024F0000000000000000240000401000000002075
:1025000000800000000000000008001000110080A2
:102510000000000000000180008000210000018018
:1025200000200020012002800000000000000000C8
:10253000000000000000000000000000000000009B
:10254000000000000000000000200000000000006B
:10255000000000200000000000000000000000005B
:10256000000000000000000000000000000000006B
:10257000000080000000800000000000000000005B
:1025800000000000000000400040000000020000C9
:102590000000000000000000000000000000000833
:1025A0000000000000000004000000000000000027
:1025B000100000000000000000000000000000000B
:1025C000000000000000000000000080000000008B
:1025D00010000000000000000200000000000000E9
:1025E00000000000000000000000000000002000CB
:1025F00000000000020000000200C0000000A00077
:102600000000000082000000008084800000008044
:1026100000000000840000000000000300000041F2
:102620000080000000000000000000000800000022
:102630000000A000000400000300000000080000EB
:102640000000000000001000000000040000000076
:102650000000210021000000020000000010000026
:1026600000001010000000020000094000000240BD
:1026700021000000000000004000000010002100C8
:10268000410000000000050000000511100041009D
:10269000410000002100000000010000800800004F
:1026A000000000000000000000000000000000002A
:1026B0000840000021000880000000000000000029
:1026C0000000080000000000000000000080000082
:1026D0000000000000001000C00001001000080011
:1026E00000000000010000000080000000800000E9
:1026F0009000000000000000000001000000002128
:1027000002090000020300000010C01000020000D7
:102710000000000000100000000000020000108017
:1027200000000000000000000000000000000000A9
:102730000000000000001004200000000000000065
:102740000000000000000000000000000000000485
:102750000000000000000000000005000200020070
:1027600005400300000008010000000000200000F8
:1027700000000804000000004100400000000000CC
:1027800003004100101000000001088200000083D7
:1027900041010800000000000000000000000002ED
:1027A00003000000000003200200001000000000F1
:1027B0000000000000000000000001000000000018
:1027C0000000000000000000000000000000000009
:1027D0000080000000000000000000000000000079
:1027E00001000000000000040008000000000000DC
:1027F00000000000000000000000000001000000D8
:1028000000000000844000000000004000000000C4
:10281000004000400000A000000000000000000098
:10282000C0001000000000000000000000000000D8
:102830000000000000000000004000000000000058
:102840000090000000000000000000000000008474
:1028500041000000001008000000210021000000DD
:1028600002000000210000000000800100000000C4
:102870000000000000000000000000001100210125
:102880001100000008010582028402821182050203
:102890000082000003020900000000008500000023
:1028A0002100000000000000000000000000000007
:1028B0000000000000000000000000000000000018
:1028C00000000000000000000000000000100021D7
:1028D00000000000000000000000000000000000F8
:1028E0000000010000000000880000000404100047
:1028F000000000000000000010001009001000009F
:102900000004400002410020000000000000000917
:102910000080000088000280000000000000040029
:1029200000000000000000000000000000000000A7
:1029300000000000000008008000A000400000002F
:102940000000000000000000000000000000000087
:1029500000000000000000008000048000800000F3
:1029600000008000040000000000000000000000E3
:1029700000008000C00000000000000900110021DC
:102980000011008080004000008000000290C00024
:102990000005801100412000200000000000000020
:1029A0000000000000008000000008000000090096
:1029B000040000000000000000000400030001000B
:1029C0000000000000000000000000000000000007
:1029D00000000000000000000000888201020010DA
:1029E0000020000010000000000000000000A00017
:1029F0000000C00010000500000000000000000002
:102A00000001000004020808C09000400090051179
:102A100005000090400020000000010000000000C0
:102A20004000000002000000A000000001000000C3
:102A3000000000000000000040000000A000840032
:102A4000C100A10000000000000001000000010022
:102A50000000000000000000000000000000000076
:102A600000A00000040008008800A0000000000092
:102A70000000000100000000010000000000000054
:102A8000000000000001900084002000020000010E
:102A90000000009100C002000484400040000000DB
:102AA000000000000001010001000084000000009F
:102AB0000100010000000490C000C0900800000068
:102AC0000400900009000200020000000300000062
:102AD00008000000020000000000000000110000DB
:102AE0000000000000000000800000000000040062
:102AF0000800110002030200090008000905000097
:102B00000000000010000009000083000000C14127
:102B100000110311008841C1800083418000C14140
:102B200002000200040004200800020008804002A5
:102B300004002000400011000000000000008000A0
:102B400000800000408000800000000000000000C5
:102B50000000000000000000000000000000000075
:102B600000000000800000000000008008800000DD
:102B70000000000000000000000000004080808095
:102B800000000000000000000000808080008590B0
:102B900000208000800041410008800000002100EA
:102BA0000083000000000000000000040010080086
:102BB00000000002004010020082000040000000FF
:102BC00000000004008401840004040000000000F0
:102BD00000000000000000000000000000000000F5
:102BE000000000000000820000000004000800C097
:102BF00000A0000000000000880000A00082010882
:102C0000040800000000000000000000828402822E
:102C100041090241400490020010A005402000A09C
:102C200001A0A004000000000000A00000000000BF
:102C30000000A000008200C100050010000000009C
:102C40000000400000A10002000000C0000000C021
:102C5000000000000040000500010000000000022C
:102C600000000000000000000000000000010088DB
:102C7000000000C000A000C100000000000400022D
:102C80000001000000000008000400000000040033
:102C900004900800080085A00940C000900001A031
:102CA00000080100000200A000C0000100000000B8
:102CB0000001000000000002000000000000000011
:102CC00000000000001000020091000200800000DF
:102CD000004100020000000000040040000000006D
:102CE00000000000000000000000000000000002E2
:102CF00000000000000000000004000900000000C7
:102D00000011000200000000008000000000000030
:102D1000802080000000000083002000110080005F
:102D20000303038040000080000000050040000015
:102D30000000000200110000000000000010000070
:102D4000000000000000008000000000C200000041
:102D500000000000C200000000420000C2000000AD
:102D600000000000C2000000000000130000008806
:102D7000000000000000000006600013C200008494
:102D800011820013C2000000000000810000C20098
:102D9000000011820013C200210081810013C200D3
:102DA000000000810000C200000081810013C20009
:102DB00000001100001300000000000000000000EF
:102DC00000000000001300000000000000000000F0
:102DD00000000000000000000000000000000000F3
:102DE00000000000000000000000000000000000E3
:102DF00000000000000000000000000000000000D3
:102E000000000000000000000000000000000000C2
:102E10000000000000000000FF0000FF0F0FAA5597
:102E2000FF0000FF0F0F00FF0000FFFF0000000089
:102E30000000000000000000C0C0C0C00000000092
:102E40000000000000000000000000000000000082
:102E50000000000000000000000000000000000072
:102E60000000000000000000000000000000000062
:102E70000000000000000000000000000000000052
:102E80000000000000000000000000000000000042
:102E900000000000000000000000FF0000FF0F0F16
:102EA000AA55FF0000FF0F0FFF00FFFF000000000A
:102EB00000000000000000000000C0C0C0C0000012
:102EC0000000000001000000000000000000000001
:102ED0000000AFFFAF0F00000000FEFE404000000A
:102EE0000000FAFAAAAA000000000000000000009A
:102EF00000000000000000000000000000000000D2
:102F000000000000000000000000000000000000C1
:102F1000FC3C000000FF00FF00000000F0F00F0F7D
:102F20003CC33CC3F0F00F0FFF0000FFF0F00F0FA9
:102F30000000000001000000000000002000000070
:102F4000000000003C3C0000000000000000000009
:102F500000000000AAFFAA0000000000BEBE0000A2
:102F600000000000F0F00000000000000000000081
:102F70000000000000000000000000000000000051
:102F80000000000002000000000000000008000037
:102F90000000FC3C000000FF00FF00000000F0F01B
:102FA0000F0F3CC33CC3F0F00F0FFF0000FFF0F029
:102FB0000F0F0000000000000000000000000000F3
:102FC000000000000000F03C0000000000000000D5
:102FD00000000086006000B00000A00000100000AB
:102FE00000A000000014000000000000001000001D
:102FF00000050086004000B000000086006000B0C0
:103000000000008600FC03B08405008600FC03B0CD
:10301000848500000000001400000000A08E00FC69
:1030200003B40C40128E01FC03B40C40128E017CE0
:1030300000B41000008600FC03B08085008600E02C
:1030400003B004800086006000B80000008600E045
:1030500000B000000000000000FFA5FF000000001D
:103060000000000000000000000000000000000060
:103070000000000000000000000000000000000050
:103080000000200000000000000000000000000020
:103090000000020000000000000000000000CF3F20
:1030A000C33CFF7FFFFF2000000000000080000005
:1030B0000000F5F0F7F30000000000000000000041
:1030C0000000000000000000000000005457000055
:1030D0000000000000000000000000FF35FF0000BD
:1030E00000000000000000000000000000000000E0
:1030F00000000000000000000000000000000000D0
:1031000000000000000000000000000000000000BF
:1031100000000000000000000000000000000000AF
:10312000CF3FC33C007F00FF000000000000000014
:10313000000000005F0FDFCF000000000000000073
:1031400000000000000000000000000000005457D4
:1031500000000000000000000000000080800080EF
:10316000000000000000000000000000000000005F
:103170000000000000000000F0FCFFFF0000000065
:10318000000000000000200000000000000000001F
:10319000000000000000000000000000000000002F
:1031A0000000DFCF7F3FCFFFFFCFAA002800000045
:1031B000000000000000FFFF6F6900000000000039
:1031C00000000000000000000000000000000000FF
:1031D0000000000000000000555C0000000000003E
:1031E000008000000000000000000000000000005F
:1031F00000000000000000000000F0FC003C0000A7
:1032000000000000000000000000000000000000BE
:1032100000000000000000000000000000000000AE
:1032200000000000D7C37D3C3FFFFF3FAA002800FD
:1032300000000000000000006F69FFFF00000000B8
:10324000000000000000000000000000000000007E
:1032500000000000000000000000555C00000000BD
:10326000040000000400210004000000000004002D
:103270000000040000000000020000000300000045
:10328000000000000200020000000000000000003A
:103290000000210000000000000002000000080003
:1032A00000000000000020000000000002001100EB
:1032B000000000000000000000000000000002000C
:1032C00000000000000000000000000003000400F7
:1032D00000000000000000000000000000000000EE
:1032E00000000000000000000000000000000000DE
:1032F00000000000000000000000000000000000CE
:1033000000000000000008000000000000000000B5
:1033100000000000000000000000000000000000AD
:10332000000000000000000000000000000000009D
:10333000000000000000000000000000000000008D
:10334000000000000000000000000000000000007D
:10335000000000000000000000000000000000006D
:10336000040000000000000000000500000005004F
:103370000000000000000000000002010810001121
:1033800000000000000000000000000000A000009D
:103390000000000000000800000104090001001105
:1033A00000C0000000000000000000000005002137
:1033B0000009000000000000000000000000000004
:1033C00000000000000000000000000000000000FD
:1033D00000000000000000000000000000000000ED
:1033E00000000400000000000000002100000000B8
:1033F0000010900000000000000000100108010013
:10340000002000000000000000000000001000107C
:1034100000210000000000000000000201C00010B8
:1034200000A000000000000000000000200000C01C
:103430000084008200000000000000100000000076
:10344000000000000000000000000000020000007A
:103450000200000000000000000000050000020063
:10346000000000110000000000000000000000004B
:10347000000000000000000000000000000200202A
:1034800000010040000000000000000000000000FB
:103490000000000400000000000000000000000028
:1034A00000080040000000000000000000000000D4
:1034B00000000000000000080008000000000000FC
:1034C0000000219005000000000000000000050041
:1034D00000000000000000000000000000000000EC
:1034E00000000000000010000000000000000000CC
:1034F0000000C0000000000000000000000000808C
:103500000090000808802000000040000000080033
:103510000000000000000000020000200000000485
:1035200020008280008000000800000000000000F1
:103530001000A0000000C000000800000008000803
:103540000021C021A0001000100090000000000029
:1035500020000000C0001000200000110011000039
:1035600000000000000000001000100041001000EA
:103570000000000000000000100000A0000000009B
:103580000000080000000001000000001000000022
:10359000000000000000080008000000000010000B
:1035A0000000000000000800000010000000000003
:1035B00000000288098900000000050000000000EA
:1035C0000000000000000300000000000082000076
:1035D00000000000000000000000100000000000DB
:1035E000004000000000000000000021A0000000DA
:1035F0008400000000000010000000000000000037
:1036000000000000000900000010000000000000A1
:10361000000000000000000000100000000000009A
:103620000000000000000000000000000800000092
:10363000000000000004A0100000000000000000D6
:1036400000000010000000008200000008000000E0
:103650000011000000000000000000000000000059
:103660000000000000000000001100000000000049
:103670000000008800004100100000000900100058
:103680000000000000000000080000000000000032
:1036900000000000000041001000000000001000C9
:1036A00000001000000000001000000000000000FA
:1036B0000000000000008082000800A000000082DE
:1036C000058200A0200000000000000000000000B3
:1036D00000000000000000000000000000000000EA
:1036E0000000000000000088000000002000000032
:1036F00000000020000000000000000000000000AA
:1037000000000000000000000000000000050000B4
:10371000000000000004080000000020000000007D
:103720000000022000000200200020040000000031
:10373000080900000009C00040001000000000005F
:1037400000000021000300090000A00800000000A4
:103750000000000000000000000000000000000267
:103760000011020000000009000900000200000032
:103770000000000000000000100402000000000033
:103780000000080021000000000000880000000088
:103790000000000000000000100010000000000009
:1037A00000000800210000000000000000000000F0
:1037B000000000000000000000002000040800825B
:1037C000002011000400000810A000000004008286
:1037D0000010200400400000000000000000000075
:1037E00000000000000000000000000000000000D9
:1037F00000008200000000000040000008100000EF
:103800000200040000000000C000A0001000100032
:1038100000000000000000000000000000000000A8
:10382000000090000000880004000000000000007C
:10383000000000008800000008008804200000004C
:103840000000000000000000000000000000000078
:1038500000000000C000A0000000A0001000000058
:10386000A00000000000A0410000080000000000CF
:103870000000000000008300008083C100000300FE
:1038800080C183C103000300000203410000030064
:1038900000C1400000008300008083C100000300DD
:1038A00080C183C103008300000203418000030044
:1038B0000082050000000000000000100000000071
:1038C0000000000808000000000000800000020066
:1038D00003000000000000000000000000000000E5
:1038E00000000000000000000000000000000000D8
:1038F0000000000000000282838200C083C10082B9
:10390000018282C183C101A0058200000101008201
:103910000182A0C001000282838200C083C10082B4
:10392000018282C183C101A0418200000101408265
:103930000182A0C10000000000000000880100001A
:1039400000000000400100000000000000820000B4
:1039500000008300000000000000000000000000E4
:103960000000000000000000000000000000000057
:10397000000000000000000082008482008300003C
:10398000828283820083C082C08302830083C1005D
:103990008300838200830110820084820083000000
:1039A000828283820083C082C08304830083C1003B
:1039B00083008382008301020000000000000000F9
:1039C0000300000000000000019000000000000063
:1039D000000000A100000005010000000000000040
:1039E00000000000000000000000000000000000D7
:1039F00000000000000000000000000000800083C4
:103A000000000080028000838080418309A0008341
:103A1000C10040000280008341000000008000835C
:103A200000000080028000838080418309A0008321
:103A3000C10040000280008341000000000000003F
:103A400000009000000000000000030000000000E3
:103A5000000000000040000500834100000000005D
:103A60000000000000000000000000000000000056
:103A70000000000000000000000000000002000044
:103A80008302000000000000838203C100030000E5
:103A9000830200000000000003000000000200009C
:103AA0008302000000000000838203C100050000C3
:103AB000830200000000000003000000000000007E
:103AC0000000000041A00000000003000000000012
:103AD0000000000000000041000041000000000064
:103AE00000000000000000000000000000000000D6
:103AF00000000000000000000000000000000001C5
:103B00000082838304000000008283C101C100821F
:103B10000082838300000000008405820000C00151
:103B20000082838300000000008283C101C1008203
:103B300000828383000000000084058200000000F2
:103B4000C000000000000102000000008900000029
:103B500000000000000000000082000000000000E3
:103B60000000000000000000000000000000000055
:103B70000000000000000000000000000000000045
:103B8000838301000104000082820182C183C0831B
:103B90008383000101830000828200A0000110C124
:103BA0008383000401C1000082820182C183C0833B
:103BB0008383000101830000828200A0000102C112
:103BC000000000400140828888000100000100825E
:103BD000108800000000000000000100000100004B
:103BE00000000000000000000000000000000000D5
:103BF00000000000000000000000000000000000C5
:103C00000000028341000204000000800480C183A0
:103C1000808302C0110302830000008000000403BF
:103C200000840283040002C1000000800480C1837C
:103C3000808302C01103028300000080000004039F
:103C400000840000000010000000000502000003D6
:103C5000008080030000000000000000100200202F
:103C60000000000000000000000000000000000054
:103C70000000000000000000000000000000000044
:103C800000000000000000000000124200000000E0
:103C90000000124281480013C200124200000000DE
:103CA000000012420000000000001242000000006C
:103CB0000000124281480013C200124200000000BE
:103CC0000000124200000000000000000000214837
:103CD0000013C200124200000000000000000000BB
:103CE0000000000012420000000000000000000080
:103CF00000000000000000000000000000000000C4
:103D000000000000000000000000000000000000B3
:103D100000000000000000000000000000000000A3
:103D20000000000000000000000000000000000093
:103D30000000000000000000000000000000000083
:103D40000000000000000000000000000000000073
:103D50000000000000000000000000000000000063
:103D60000000000000000000000000000000000053
:103D70000000000000000000000000000000000043
:103D80000000000000000000000000000000000033
:103D90000000000000000000000000000000000023
:103DA0000000000000000000000000000000000013
:103DB0000000000000000000000000000000000003
:103DC00000000000000000000000000000000000F3
:103DD00000000000000000000000000000000000E3
:103DE00000000000000000000000000000000000D3
:103DF00000000000000000000000000000000000C3
:103E000000000000000000000000AEDE0000000026
:103E100000000000000000000000000000000000A2
:103E200000000000000000007B75AEDE0000000016
:103E30000000000000000000000000000000000082
:103E400000000000000000007B750000AEDE0000F6
:103E50000000000000000000000000000000000062
:103E60000000000000000000000002000000000050
:103E70000000000000000000000000000000000042
:103E8000000000000000000000000000866FC0027B
:103E9000000000000000408C07000000000000004F
:103EA00030020000000000004003F661866FC0028F
:103EB000000000000000408C07000000000000002F
:103EC00030020000000000004003F6610000966729
:103ED000C002000000000000408C01000000000053
:103EE00000000000000000000000000000000000D2
:103EF00000000000000000000000000000000000C2
:103F0000000000000000000000000000000010A001
:103F1000000084000400840004000400000000008D
:103F20000400400002000200000000000200200027
:103F3000000000001100000000000500000000006B
:103F4000040000000200000000000000000000006B
:103F50000000000008000200000000000000110046
:103F60000900040000000000040004000400040034
:103F70000400040004000400040004002000A00069
:103F800004000400000000000000110004401100C3
:103F900001000200410001000200000000000000DA
:103FA0000000080001000100000000000000000007
:103FB0000400000000008400000000000000000079
:103FC0000800000000000000000000000000820067
:103FD000000000000000000001008200000000005E
:103FE000000082000000000000000100010001004C
:103FF00001000100010001000000010001000100BA
:10400000050000000000000000000000000000802B
:104010000000800000008000100080000020800070
:104020000040002102040001000400000000000024
:104030000000400000000000000000000000000040
:104040000000400000000000000000000000000030
:10405000000000C000000000000000108000802070
:10406000800080000004000000000000002000012B
:104070000001002000210001000100058001000571
:104080008005002100000000000000010000000089
:10409000000002000400000020080041040000802D
:1040A000202000A100840080000400910000000096
:1040B000900000000100000004000000000000006B
:1040C00000410000010000000000000000000000AE
:1040D0000000820000000000001100000000040049
:1040E000048004100400008000000000000000A113
:1040F00000200020008082820020042000A02020D8
:1041000000A004A0C084000800000000000400001B
:1041100000000000050008200084000000000020CE
:10412000000000000004808800908000800080C0B3
:1041300000020000004000000000000000820000BB
:1041400000000900210000900008000000000000AD
:104150000000000021A0000000C00000400000841A
:10416000000000000000000000000000000410201B
:10417000000080000000800400000020000080009B
:1041800000048000020000080000009000004100D0
:10419000000000000000000000800000000000009F
:1041A0000080080010000000200000004000020015
:1041B00004000000820000800000000000000000F9
:1041C00000000800100000000000000010001000B7
:1041D000000000000000000000000000900000004F
:1041E000000000000000000000000000C00084216A
:1041F0000080000004000000048000000000A00017
:104200000400008004000000000000000000000026
:104210000000000000000000000000C02005800039
:104220002004030000A00400040803004100000073
:10423000100000000000000000000000000000006E
:10424000000000001000000020000000000000003E
:104250000800210000000000210000000000820092
:10426000000010A021000000000141000500100026
:1042700000001040000000000000000000000000EE
:104280001000410900002000000010008000100014
:1042900000000000100003000000000108008582FB
:1042A0002000898000410240011085800400000048
:1042B000A000C100100800000000A02000000000C5
:1042C00008000000000000000010000000000800CE
:1042D0000000A000001000100000A000000000007E
:1042E000411000100000021000101020881008007B
:1042F000100000001090000084000003C008C000FF
:10430000A0000100C0080000010000000000400003
:1043100000410000000000000000820000081000C2
:10432000040205000004098504002100102000C0DB
:104330000004040010204108100011004104000096
:1043400008840000418809040040090004000000BE
:1043500000000900000010004100000010040000EF
:1043600000100040000041200000200000000984EF
:104370002100100000000000000000000000050007
:10438000000800000040000000002000000010882D
:104390000000000003014141000240000020000035
:1043A000000001000000000000400100000010803B
:1043B0008400008001200080000000000000000058
:1043C00000000000000000000000000000000100EC
:1043D00084000000002000000000000000000080B9
:1043E000000010000080400000800021000000005C
:1043F00000000000000000000000000000000000BD
:10440000C0050200000000000000000001000000E4
:1044100000000000002000400040200000000000DC
:1044200090004100002021018900102000C0C1013E
:1044300041000000002000010085000021901000D4
:10444000009080000010000000001000000000003C
:104450002000000000000000080040C0080021C04B
:104460004120000000000000000000048240210004
:1044700003000021051002000000410000000000C0
:104480000020210404900000009041000000210061
:1044900000000920009000000082000000001000D1
:1044A00000000000820000C0102004000011000085
:1044B0002020A0400008008000048804880000003C
:1044C0000800000040000000820010000000000012
:1044D00000000900000000000000820009008200C6
:1044E00000100480000004000000000008800408A0
:1044F0000000A00020840000000000000008C000B0
:10450000000000000000014100000040C021004008
:10451000000000008400000000000000C000A000B7
:10452000000000000000800000000000000000808B
:104530000000050000000000040011000000000061
:1045400000000000000040040920000841080000AD
:1045500000000000000021090011001120051100D9
:104560000000000020000000000005009000000096
:104570008000008088000080000000000000000033
:1045800000801180900000000300008084802000E3
:104590008088059190094120090000000500000075
:1045A00080001100100000000800000088000000DA
:1045B000000800C010A000C0000090000000000033
:1045C0000000900000000000030000010001010055
:1045D0000000000010000000080000009000010032
:1045E000000000008800010000009000A000100002
:1045F0000000880410C008820010A0004000C00025
:104600000000C088001011040010030800081040CA
:10461000010240880010118201A10000A0000000EA
:10462000000008000000000000000110000200115E
:1046300000000104000000A00000002000820089AA
:10464000010100080000000000000000000201015C
:104650000101000000000000000000000104000053
:10466000000100000000000000000000C001020086
:1046700004A004C004000400880008820000004078
:1046800001010000020184008800C0001000020047
:1046900088000800080108008800080110000400D4
:1046A00008000401100011008200C000108009847D
:1046B0000882200520001100118011081080099047
:1046C0000940414000800000000000001000084048
:1046D0002002400800000000000000044000049197
:1046E0001105210200000004000000040000000287
:1046F000A000800080C000040000800080852000B1
:104700000480202111100010000080008002891117
:104710000900800002054110910088088909000005
:10472000000080000020890040000000910000008F
:104730000400100080000080C1800880000000801C
:10474000200004008000008000800000008008102D
:1047500000100411400800000000000000001008D4
:1047600000110211100900090009000400090000ED
:104770000000000040808000000000008080008079
:104780000000008011000080000000001080800008
:10479000000400892102008400910004110940896D
:1047A0000004009000A100020000000000800080D2
:1047B0000000000000000400001008108810A09005
:1047C000040800C001A004A0C01000100088000868
:1047D00000000000010001000800000000000400CB
:1047E00001010000010005010000000000000400BC
:1047F0000000008200C001848210000404C0A0A058
:10480000C0880008004000A090100082A0A000A076
:1048100008880082000885090288A010848500119C
:10482000A108004000100003081000C000C00010E4
:10483000000801000190000000000000004000009E
:104840000000010000040000010000000000000062
:10485000000000C0000000010000000000C00000D7
:10486000000000080001000000000000002000001F
:104870000000000008A00484020002A00841881083
:104880000200C010010401900100000082A1108804
:10489000C0001000820588C0080010001188108236
:1048A00083011000001000020000008800000001D9
:1048B000000000C0400040000208020000000000AC
:1048C0000003000040001008040810000000000071
:1048D00000000000040009110802080000000000A8
:1048E00000000000408011401111400000000080D5
:1048F0000000000000008010000000000000808325
:10490000808000000000020020C10210110000029F
:10491000800000000000000280400010800089112B
:1049200091002103840000900000000000000009B5
:1049300000400009000000000013C2000000000059
:104940000013C200000000000013C2000A000000B3
:104950000013000000000000000000000000824181
:104960000013C22000000600001300000000824176
:104970000013C2200000000011820013C2A00082B8
:1049800081810013C220216011820013C200000047
:1049900000810013C220000000820013C220210009
:1049A00000000013C200008200810000C22000004D
:1049B00000000000000000007F6F3F0F00000000BB
:1049C0000000000000000000FFFF2F240000000096
:1049D0000000000000000000EFE32F23660F3CFF03
:1049E000000000000000000036FF360F6FFC6F0C67
:1049F00000000000001000000000000000000000A7
:104A000000000000000000000000FF9FFFFF00000A
:104A10000000000000000000000000000000000096
:104A20000000FD000400FF0C00000000000006066E
:104A3000060C00000000000000007E663C00000044
:104A4000000000000000000000002F242F240000C0
:104A500000000000000000000000ECE02C20660FC9
:104A60003C00000000000000000036F0360060FC52
:104A7000600C0000000000000000000000000000CA
:104A8000000000000000000000000000FF3FFFFFEA
:104A90000000000000000000000000000000000016
:104AA00000020000FD000400F30000000000000010
:104AB0000606060C000000000000000000000000D8
:104AC00000000000000000000000000000000000E6
:104AD00000000000000000000000000000000000D6
:104AE00000000000000000000000000000000000C6
:104AF00000000000000000000000000000000000B6
:104B000000000000000000000000000000000000A5
:104B10000000000000000000000000000000000095
:104B20000000000000000000000000000000000085
:104B30000000000000000000000000000000000075
:104B400000000000FFFF00000000FCFFFFFF00006E
:104B50000000000080000000000000000000C0C055
:104B6000FCFC64F46DFD00000000000000006F0C10
:104B70006FFC003CFF3C0000000000000000000053
:104B800000000000F0F00000000000000000000045
:104B9000000000003C3C3F3C000000000000000022
:104BA0000000000024243434006600720000FF3F3F
:104BB000000000000000000000000000B4B43C3C15
:104BC000000000000C00FCFF000000000C000000D2
:104BD00000000000000000000000000000000000D5
:104BE00024E724E704940D9D00000000000000006D
:104BF000600C60FCF066F066000000000000000041
:104C0000000000000000F0F00000000000000000C4
:104C10000000000000003C3C3D3C000000000000A3
:104C2000000000000000242404040066007200005C
:104C30000030000000000000000000000000000044
:104C40000000018650F0A0B00085008600F0A0B002
:104C50000000A1865070A0B000050086006000B082
:104C600000000000000000030000008600FC03B00C
:104C70000405008600E003B30400008600FC03B8CE
:104C800004050000008600FC03B004150086009CAB
:104C900003800005008600FC03B004800086009CB1
:104CA000008000050086009C0088000500860090BA
:104CB000008000000086007C00B8000500860060CF
:104CC00000B0000000000000000000000000000034
:104CD00040007FFF000000000F5F3F7F00000000EA
:104CE0003FFFFFFF00000000000000000000000088
:104CF00000000000000000000000000000000000B4
:104D00000000000000000000000000FF40FFF5B4BC
:104D1000E1A00357FF57000000003C0C3CFCAA0038
:104D20003A0000005457F000B0100040007FAA0085
:104D30003A0000005457000000000000000000008E
:104D400000000000553500000000000000000000D9
:104D5000000040007FFF0000000000553C7D000087
:104D6000000000C000000000000000000000000083
:104D70000000000000000000000000000000000033
:104D800000000000000000004000000000FF00FFE5
:104D9000FF3CC3000054FC54000000000000000071
:104DA000AA003A0000005457F000B0100040007F05
:104DB000AA003A00000054570000000080000000E4
:104DC0000000000000005535000000000000000059
:104DD000FEFCBE3C000000000000000000000000DF
:104DE00000000000000000000000000000000000C3
:104DF00000000000000000000000000000000000B3
:104E000000000000000000000000000000003C3C2A
:104E10003C3DBE143C3C0101FDFD000000000000D3
:104E20000000FD008000000000FFFFFC000000000B
:104E300000FFFD008000000000FF000000000000F7
:104E40000000000000000000000000000000000062
:104E50000000FAF0AA0000000000000000000000BE
:104E60000000000000000000000000000000000042
:104E70000000000000000000000000000000000032
:104E80000000000000000000000000000000000022
:104E900000000005FA50F0F001FD01FD00000000E7
:104EA00000000000FD00800000000CCF00C00000EA
:104EB0000000033FFD00800000000CCF0000000058
:104EC000800000000000000080000000040082005C
:104ED000040004000400000080000800000000003E
:104EE0000000000011008800110080008500000013
:104EF000000000000500000000000000110000108C
:104F00009000020104000000040091000000000075
:104F1000000000000400000003000000000000008A
:104F2000000000000500800020008000200000003C
:104F30000000000080002000840011002000040018
:104F400004000400000020000400200020080100EC
:104F5000030001000000010004000200080000003E
:104F600000000000000090000200000002000200AB
:104F70000400000000000000000000000400080021
:104F80000080410001080000000000000200000055
:104F90000000000000000100000000000000000010
:104FA00004000000000000002000010020000100BB
:104FB00000000000000004000100200000000100CB
:104FC000010001000100000000000000000001805D
:104FD00080A1000000000010000100000000000996
:104FE00000200004824104100001000400000005BC
:104FF0000500000005000501000000000000004061
:105000002009A005200520054040020800000000FE
:1050100000C000000400800000000002000000004A
:105020000000000000000000000400040001000473
:10503000000100040404A0000004000111010000AC
:105040000001000100050000000100000000000058
:105050000004200200000000002004020010902044
:1050600000400080009021C001210404008000085D
:105070000090000000000000004000000008000058
:10508000008801840984018401C0018001000000BE
:105090000008000000000100040000000080001073
:1050A000000000009000000000000080008000046C
:1050B0000080000400900190212100900004000471
:1050C00000000004002000A000009020000000006C
:1050D00000000080002000C10084102000020000B9
:1050E0000004800200108000001080840000000096
:1050F0000004020002000000000000840000000024
:10510000008421000005C0A1080505041004000466
:10511000000800C0000000100000000000000000B7
:10512000000000000000001000000000002100004E
:10513000002000000020000080000000002000028D
:10514000000000090040800008000020000000006E
:1051500000002102001002800020C000840288802C
:105160002004100202100000200000092000880026
:10517000101100A00100010000000000100000411B
:10518000000000218421848421049082C0A10000B9
:10519000000008000000000010008200A0000000D5
:1051A0008400A00000000000000000418200108484
:1051B0001020C0001000108000000400000000411A
:1051C000A0808400008888820400004000800000E5
:1051D0000000000000000020820000000390040096
:1051E00002C004002000024110000820414141415A
:1051F000C100000080000000200100000084108435
:1052000008010800000010012005A0052005A005E8
:105210001000000108004101000084A003822182E7
:1052200000000000210000008090820000000000CB
:1052300080002000020010408000000020200000BC
:1052400020014100088810000200000080000000DA
:1052500084830001000000020000400000210000E3
:10526000010008000100000801200000008000C0CB
:105270000084200000002000000000020000000068
:10528000001100020000000000400184418401C0C0
:10529000118408000010000000400000050000001C
:1052A00000000000000000000000021010000010CC
:1052B00000000210000000000080020300000180D6
:1052C000000011200000000001000100000020008B
:1052D00000002104C00200008280101108040000B8
:1052E00008840802002003A00820A0400004002039
:1052F000090108200500C18803002000000000000B
:1053000009000000020020A009A080C0A004200520
:105310000005A0050800100102C020020000418223
:10532000001041104182104000C0004102010040C5
:10533000004000880382008800400000000002C096
:1053400020000002000000C011829009024100000C
:105350000204041090200000000041C0414040833E
:1053600000000002100008800004008202824080D9
:105370000400002084A00000202020048500820575
:10538000C000000500410000000000200200218054
:10539000018400840584100000100809200000002A
:1053A00010000000000000414011040040C0004017
:1053B0000009000000000005004000001005000585
:1053C0000240010000009021C040C002118801C0CD
:1053D0000020A0910102200002000000A020A0A057
:1053E00041000801C1824101000080C0000110415C
:1053F00091048310100510000040030005400810C0
:10540000000008000800100041C0001000908884CF
:105410000805A005A005A005000000100000002060
:105420000000108441004191C110051000000000EF
:1054300000000288000010820302000002C0100079
:10544000020000012100000088404100110010C04E
:105450000340000020000000000000400000410068
:1054600000000000002004000020000004000020D4
:1054700000202000040000A000090000000010002F
:1054800000001000000010000000100000410000AB
:105490000200008421842184218400000000000097
:1054A0000090000000000000002004000000000048
:1054B00000000000000000000000000010000000DC
:1054C00010000000000400000000040000000000C4
:1054D0000100008000000100000004000000000046
:1054E0000000000040210020804040400809A0400A
:1054F000821004080000000000000000000080008E
:10550000020000000289052020402084024000049F
:10551000110410100500A100C100200008100008AF
:105520008320201100000080100041000080020351
:10553000A0408940204000000000C0000000004062
:105540008009081010051090108300050841801193
:105550000909834140411085004008901021400016
:105560000400040008000101000110000100A10076
:10557000410105000001200008009000000010001B
:1055800004000100020000A0901100A00108010029
:10559000C000000091010100890085000100009019
:1055A000A0880589019000000088C01089C000040F
:1055B000010009011001010000000200410000008B
:1055C00000001001A00001000208002000080109ED
:1055D000080184018501000001C100A0C00400A0F1
:1055E0000100A000000000000010000500110005EF
:1055F00002040311A108840108900800C082080079
:105600000000000000000040010001C10001000195
:105610000000008901910101050021A12000A100E5
:10562000000100030001012100008201C000C088C8
:105630001040020005C1410203010100000800C042
:105640000101400008080800000188000810080057
:1056500005000100000001050101A101C188A110A0
:10566000A0000100000800000001080404C141A0DE
:105670004188030040204002C0410000004100007A
:105680000041002000100000000510000841054105
:1056900011081100101010201008210009881105B0
:1056A0000302040810200920200200000003000269
:1056B0000080008040000820408510410200020068
:1056C000080002098400884010004009100890007A
:1056D00085050900020009000585090508408200CA
:1056E00005092108080002802011094109202041F4
:1056F000024009400391034040048940008021801A
:10570000088080000080000009000000104180092E
:1057100002404140110800200241081100A0000988
:105720004089008902A020044020A0900000008051
:10573000000004000080100900214020A088000023
:1057400000000200800003020010094000100890D1
:105750008020008940A0028900C100400020008410
:105760000002900400A100020000100400100801D3
:1057700000000100900001020005011040A1040892
:10578000000201108290040800A000A000020104A1
:105790008240C1040090000200410110010402890E
:1057A000000401100282000510C011914182000026
:1057B000000884C088C0008801020040018910C030
:1057C00000A0000400884000010900100100A09022
:1057D000000208090485011100400040004040A17A
:1057E00000C0008410A00088C00000C000080010A5
:1057F00089400208020002000105010000010002C8
:1058000000000004000000028200100410001000DC
:1058100001400001000000000090000001000100B4
:1058200001880009010101821000118210010300AA
:10583000000010C0C08882000810000101020101B0
:105840000188000000900101000001A00088000113
:10585000004085028411110100100108008201043A
:105860000000C182880008001084010000000000D0
:10587000000041000409C04040004090400941023E
:105880000300001100000000000080000000000084
:1058900000412100024040024000090009101009A7
:1058A000400003C01104090940008900404105205F
:1058B000C000000000100080000000802120404156
:1058C0001020090002000800080341000908100028
:1058D00040030480898341881020030009800580EB
:1058E00002041000028090000400A10002000409DC
:1058F0000011100000000013C2000000000000139F
:105900000000420000000013C20000500000000030
:10591000C200000000000000000042000000000083
:105920000000000006000013C20000008200001307
:1059300000000081000021000013000081000A0027
:1059400000130000000021000013C200008281004B
:105950000013C200068211820013C2000000000082
:105960000000C200118400410013C2000A000000C0
:105970000000C2000000C4C7F4F7FF3C550F553CBF
:105980000FFF5C5C0FFF0000000000000000000043
:105990000000000000001CDC1FDF0F3CFF55353508
:1059A000353514BE14BEFFFFFFF7000002005F286C
:1059B0005F7D0F550F550000000000000000000043
:1059C0003C003CFF0F000FFF0F0F0C0F000000000A
:1059D000000C0F0C003C003F2D0F2D0F1E5F3CFFF5
:1059E00000105515000000000014FFFF5D5D5D5FB5
:1059F000008200FF0055005504073437003C550F66
:105A0000553C0F005C5C00F000000000000000004E
:105A1000000000000000000010D013D30F3C005520
:105A200000F00FFF0A0A5F5FFFBFFFFF00000000EA
:105A30000A280A7D3C003CFF000000000000000036
:105A400000000F550F55553C553C00000C00000060
:105A5000000000000F0F003C003028007DFF0A4BC3
:105A600000C30010551500000300001405150000C8
:105A7000000F0000007D003C0055BFBCB3B0EB2818
:105A8000EB283CAAF0FFFAFC0AFC00000000000032
:105A900000000000000000000000FC0CFC0CEFEC1B
:105AA0002F2CF7E3B6A23CAAF0FF00000000FFFF96
:105AB000FDFFBF1FBA1A3C3CAAAA0000000000006C
:105AC000000000003FAF3FA0AA3CAA3C000000003D
:105AD0003FFF0000FF300000FCFF0000BE82BF8FD0
:105AE000AFEFA0E3FF0C0000FF000C00FFFFC000C1
:105AF000FF00FF3000000000000000008F8C83805A
:105B0000FCFCC0C03CAAF000FA0C0A0C000000002B
:105B1000000000000000000000000000FAFA0A0A7D
:105B2000E3E02320756134203CAAF000000000006F
:105B3000F7FFFFFFB515B010FF00F0F00000000008
:105B400000000000000030AF30A0FFF000F00000C7
:105B5000000030000000CF0000000C000000BE82FA
:105B6000B080AF2CA020F3000000F3000000FFFF86
:105B7000C000FF00FF300000000000000001A08610
:105B800000F000B30000008600E000B30000A08633
:105B900050F0A0B00005A0865070A0B000050086AF
:105BA000006000B300000086006000B30000A5861E
:105BB00050F0A3B004A5008600E003B30400000089
:105BC0000086008003800000008600E003B304002C
:105BD000008600F003B00400008600F003B004006B
:105BE0000086003C039000000086007000B80000B2
:105BF0000086008C008000000186006000B800056F
:105C0000FEFCBE3C0000000000000000F0F0F0F0E0
:105C1000000000000000FFFF0003FFFE3C7D3F7F0F
:105C20000000000014CFD7CF0000000000FF00FFED
:105C300000000000FFFDFFBFFA3F0A3FFFFBFFFF30
:105C400000003CFCAAFA1414BEBE000000000000D4
:105C5000000000000000001700170000000054546E
:105C60005555FFFF00A000FF03FF000000003C3C73
:105C70003C3CFE0400000020007F000000000555B1
:105C80005555FAF0AA00000000000000000040EAAC
:105C9000E0E00000000003003FFF000300020055A9
:105CA0000F5F00000000140CD70C0000000001FF83
:105CB00000FF00000000FFFFFFFFFA300A30FFFF87
:105CC000FF7F00003C0CAA0A101FB0BF00000000BC
:105CD0000000000200000000000F000F00000000A4
:105CE00000000101FFFF00A000FF03FF0000000013
:105CF0003C3C3E3CFE0400000020007F0000000011
:105D0000050000000000000000000000000000008E
:105D100014FF1FFF000000000000FFFF0000000054
:105D200000000000FFBABABA000000000000000046
:105D30000000000000000000417DCFCFFA50FA5073
:105D4000000000000000FDFDFD08550555F50000B0
:105D500000000000008000000000000000000000C3
:105D60000000000F000FFC3CF828141514FF000081
:105D7000000000000000FFFC00000035005500009E
:105D80000000000000000000000000000000000013
:105D9000000014141F1F000000000002FFFF00009D
:105DA000000000000000FF30303000000000000064
:105DB00000000000000000000000417D0C0C7D7D13
:105DC000282800000000000008FD08083C0C3CFCEE
:105DD00000000000000000000000000000000000C3
:105DE00000000000001E001E3C3C000014151415AD
:105DF0000000000000000000030000000035005516
:105E0000000000000000000000A0080009A0200021
:105E10000488200000000400000008C00400000006
:105E20000000080004200000000004000000000042
:105E300004000088000000000000000000000000D6
:105E4000090000000400020000002100040002001C
:105E500000000200000000002000100011100200ED
:105E60000800000000000400040004000400040016
:105E700000000400000000000000200004000400F6
:105E800000000000000004000400000010000000FA
:105E90000004200000002000200000000200080094
:105EA0000000000004000000040000008800000062
:105EB0008200020004000000000000000000000357
:105EC000840000000000000000000000A0050000A9
:105ED00000000000000000000000000000000000C2
:105EE00000000000000000000000000000000000B2
:105EF00000000000000000000000000000000000A2
:105F00000000000000000000204100000000000030
:105F10000088080000400002098800880000001086
:105F2000000000880000000000A000000900000040
:105F30000000000009000000000000000000000058
:105F4000000000C00000008400000000000000000D
:105F50000000000000000000000000000000000041
:105F6000400000000000000000000000008400006D
:105F70000000000000000000000000000000000021
:105F800000000000000000000000000000000020F1
:105F900000000000000000410010000000030000AD
:105FA000900000000000001100000000001100003F
:105FB00000000000001100000009000000110000B6
:105FC00000110000001100000000000000050000AA
:105FD00000000000000000000000000000000000C1
:105FE0000008000000000000000000080008001188
:105FF0000000000000000000000000000000001190
:106000000000002000000000000000000000000070
:1060100021000008004004000040000004000000CF
:1060200021880500052005C00000000000000000D8
:106030000300080010002000000000001182000092
:106040000000000000000500000000040000000047
:1060500000000000030041000000100011000000DB
:10606000001011020000000002000000000000000B
:106070001100100000000290050000000000210047
:1060800010001000050008000000210009000300B6
:106090002100044008110840842102090002820006
:1060A0000000080000110800001004110000881111
:1060B00008000000A0004000A000A0008800000030
:1060C0000000080210000000000000000002820032
:1060D000002000000004C000000000000000A0003C
:1060E000000000029002000000000008A020024111
:1060F0009000400010090020000084118409C02095
:106100000220820000090800080088000000004109
:1061100084090000000020400000001011A00010C1
:106120000082110020900000200009000082090078
:1061300020004100000000000000000000820082FA
:1061400003900000008808001090008821000008DB
:1061500000004000000000082100000000000000D6
:10616000000000002000000000000084000000404B
:106170002100000009900000110000000040000014
:1061800000000000000200000000200010002000BD
:106190000000000200820000020000090008001157
:1061A00000000000000302000000000000000000EA
:1061B00000000000001000008800C0000000000087
:1061C0000000000908110011001108040021000955
:1061D000000000100000000000410000000000036B
:1061E0000008000300000003000008000000040392
:1061F0001004000400000008000000000000080077
:1062000084000000000040020000000000000802BE
:106210000000020082000200000000C00000020036
:106220000004000000000000000000000900000061
:10623000000008000002090000000000000010003B
:10624000000000000000000000000000000021002D
:1062500000000000410000000000000000000000FD
:106260000000000000000000000800000000000026
:10627000000000000000000000000888000000008E
:1062800000000000000000000000000011000000FD
:10629000080000000000000000000008100010408E
:1062A0009005000084110200C00000110002881156
:1062B0000440000082000009100084200000A004B7
:1062C0000809880208052020001184000800A02089
:1062D00000090204101082400000000000110000BC
:1062E00000008800C02084400000C0219000000011
:1062F00020000000900000000020000008110200B3
:1063000002110200A00000000000C0090009C00046
:106310000020000382000200A0090009000009001B
:10632000000000000200040041001010008800007E
:10633000000000004100000000000000000000001C
:10634000000000002100008200001000000000009A
:10635000000000000000000000000010000000002D
:1063600041000000000000000000000020000000CC
:106370000000000000400000000000004100080094
:1063800000000000000000002100000000020000EA
:1063900000000800000000000000000000000409E8
:1063A0000400000304030040C0000000000084005B
:1063B000C000000000090004000000000000C04010
:1063C00000218240C0110000C003C004C003881037
:1063D000880988090008000000008200000500000C
:1063E00000050000001190200200000000000000E5
:1063F000000000000000840000008800200000046D
:106400000800000088000421000000000000004097
:10641000000300008800A000000000000800200425
:10642000000000000000000000000000000000006C
:10643000000000000000000000000000000000005C
:10644000000000000000000000000000000000004C
:10645000000000000000000000000000000000003C
:10646000000000000000000000000000000000002C
:10647000000000000000000000000000000000001C
:10648000000000000000000000000000000000000C
:1064900000000000000000000000000000000000FC
:1064A00000000000000000000000000000000000EC
:1064B00000000000000000000000000000000000DC
:1064C00000000000000000000000000000000000CC
:1064D00000000000000000000000000000000000BC
:1064E00000000000000000000000000000000000AC
:1064F000000000000000000000000000000000009C
:10650000000000000000000000000000000000008B
:10651000000000000000000000000000000000007B
:10652000000000000000000000000000000000006B
:10653000000000000000000000000000000000005B
:10654000000000000000000000000000000000004B
:10655000000000000000000000000000000000003B
:10656000000000000000000000000000000000002B
:10657000000000000000000000000000000000001B
:10658000000000000000000000000000000000000B
:1065900000000000000000000000000000000000FB
:1065A00000000000000000000000000000000000EB
:1065B00000000000000000000000000000000000DB
:1065C00000000000000000000000000000000000CB
:1065D00000000000000000000000000000000000BB
:1065E00000000000000000000000000000000000AB
:1065F000000000000000000000000000000000009B
:10660000000000000000000000000000000000008A
:10661000000000000000000000000000000000007A
:10662000000000000000000000000000000000006A
:10663000000000000000000000000000000000005A
:10664000000000000000000000000000000000004A
:10665000000000000000000000000000000000003A
:10666000000000000000000000000000000000002A
:10667000000000000000000000000000000000001A
:10668000000000000000000000000000000000000A
:1066900000000000000000000000000000000000FA
:1066A00000000000000000000000000000000000EA
:1066B00000000000000000000000000000000000DA
:1066C00000000000000000000000000000000000CA
:1066D00000000000000000000000000000000000BA
:1066E00000000000000000000000000000000000AA
:1066F000000000000000000000000000000000009A
:106700000000000000000000000000000000000089
:106710000000000000000000000000000000000079
:106720000000000000000000000000000000000069
:106730000000000000000000000000000000000059
:106740000000000000000000000000000000000049
:106750000000000000000000000000000000000039
:106760000000000000000000000000000000000029
:106770000000000000000000000000000000000019
:106780000000000000000000000000000000000009
:1067900000000000000000000000000000000000F9
:1067A00000000000000000000000000000000000E9
:1067B00000000000000000000000000000000000D9
:1067C00000000000000000000000000000000000C9
:1067D00000000000000000000000000000000000B9
:1067E00000000000000000000000000000000000A9
:1067F0000000000000000000000000000000000099
:106800000000000000000000000000000000000088
:106810000000000000000000000000000000000078
:106820000000000000000000000000000000000068
:106830000000000000000000000000000000000058
:106840000000000000000000000000000000000048
:106850000000000000000000000000000000000038
:106860000000000000000000000000000000000028
:106870000000000000000000000000000000000018
:106880000000000000000000000000000000000008
:1068900000000000000000000000000000000000F8
:1068A00000000000000000000000000000000000E8
:1068B00000000000000000000000000000000000D8
:1068C00000000000000000000000000000000000C8
:1068D00000000000000000000000000000000000B8
:1068E00000000000000000000000000000000000A8
:1068F0000000000000000000000000000000000098
:106900000000000000000000000000000000000087
:106910000000000000000000000000000000000077
:106920000000000000000000000000000000000067
:106930000000000000000000000000000000000057
:106940000000000000000000000000000000000047
:106950000000000000000000000000000000000037
:106960000000000000000000000000000000000027
:106970000000000000000000000000000000000017
:106980000000000000000000000000000000000007
:1069900000000000000000000000000000000000F7
:1069A00000000000000000000000000000000000E7
:1069B00000000000000000000000000000000000D7
:1069C00000000000000000000000000000000000C7
:1069D00000000000000000000000000000000000B7
:1069E00000000000000000000000000000000000A7
:1069F0000000000000000000000000000000000097
:106A00000000000000000000000000000000000086
:106A10000000000000000000000000000000000076
:106A20000000000000000000000000000000000066
:106A30000000000000000000002082000404840028
:106A4000110004000500A0400400040000080040FC
:106A50000000000002400840080000008000040020
:106A60000400040000000000040004000200000014
:106A700000000000080004010000040009000000FC
:106A800000000400090000000004040004000000ED
:106A90002020000080200400040004008400000086
:106AA00011010000000000000300040004000002C7
:106AB0000400000000040000040400800500010040
:106AC0000400000000000000050000008400888031
:106AD000008002008800000008400200000008005A
:106AE0000005040000000400000400000000000095
:106AF0000000000900040004000400000000000081
:106B00000000000000000000000000000000000085
:106B10000005038000000480000000000000050064
:106B20000000002000000000000000040000010040
:106B3000000001000000000000030400210200002A
:106B400000012000001040010000000000010002D0
:106B50000000004000A00000000000000001000054
:106B6000001000A0000200200001002000020082AE
:106B700002000082000000000000004000C0000091
:106B800000000001000100000010000000000000F3
:106B900020010000000800000021000000000000AB
:106BA00000200000000300000002000000080400B4
:106BB000002100000020000100030000000100820D
:106BC00000009040002100000102002000020404A7
:106BD00004830000008300000002844004080002D7
:106BE0000000000004100088048000200080048061
:106BF0008200010000000000000200000080000090
:106C00000000000000400040000000000000000004
:106C10000000012000100041000000820000000080
:106C200000000088004100A000000090000000006B
:106C3000000004A0000800A0000200A00000002046
:106C400009000000000000000400030921202108C1
:106C50000088000120A0000803004100200020025D
:106C60002008100000000000412104001120024013
:106C700000000010000000400820050020880801E6
:106C800000000882040000001008000000000084DA
:106C9000058400088009000041040090040010A051
:106CA0000020100090C0004004400400009000004C
:106CB00080A010000408210021840400008400004A
:106CC00004000000000000090011A12100200021A3
:106CD00000000041000201000080000008201004B4
:106CE0002004200000000000000000A001001000AF
:106CF0000280C000000000000080000008000000CA
:106D000000040000000084000011000000000000EA
:106D100000000000100020200000008000000100A2
:106D2000000000801000040090000000000000003F
:106D300000004000840001008200C0000400000048
:106D4000000011000000020000001000200082007E
:106D50004110030020C003020001000103400000B5
:106D600020000808020200080509080800000000C9
:106D70000000000000000000000000200000801063
:106D80000800100000000008001080001000000043
:106D90000000000041000000840020008420210049
:106DA00004000000040000000090210004004100E5
:106DB0001000210000000000A100000041000000C0
:106DC0000400410102000008000000000010A000C3
:106DD000400000002005850900800408C040000034
:106DE0000010100510800180A01108101000100084
:106DF0000808080000000000000000000000000873
:106E0000200000400000000010800004200000006E
:106E1000000000008200000000002110000021900E
:106E2000A011A110840009101004100000008503B7
:106E3000001000050800084110004000200002007A
:106E400000008300C00210000402000804000010CB
:106E50000400402004C10220890010052001000523
:106E6000059003A041004102204041841008210008
:106E7000210208002000080000000000001000109F
:106E800000820004200408A000001000050000405B
:106E9000101000000000000008A00000202000C02A
:106EA000000000A000A0108889A0101141910040AE
:106EB00041400402000040004182400000000902FD
:106EC00021010000000100001000018000001108F5
:106ED000C0808900018001200080400000840108FA
:106EE000008400000004A0040002009100000000E3
:106EF0000000008588030000100000000000000072
:106F00000000000000000000A000000000000002DF
:106F100000000010100000000000000000000180D0
:106F20000000C000000090001000040010020002E9
:106F300000000009108000000100000011000000A6
:106F400000801020000000201000000000820020BF
:106F500000C000C021C0024000A0000520C0000009
:106F6000000883824100110010020300030003C0E7
:106F700020000000000400A00301410000C0082020
:106F800041204020000020000800080100001000FF
:106F90000000001010850008100100090000210009
:106FA00000001000008205C000C0000810A000888A
:106FB00003100002008203884100000082000000EC
:106FC0000000000003020010031000000401001084
:106FD00000C000001008882140090000008800055A
:106FE0000000008002001004A04101001005000014
:106FF0000000A0000000000500000020000082202A
:10700000002004200409000001000000000400002A
:107010000000000000000004100000400008820092
:107020001000840010110000821000050080000094
:107030000000000082800003C00000000010021069
:1070400000408200A01110C0C000880088008302A8
:1070500003090010001020200000000000000000C4
:1070600085008200020005004100000000000800C9
:1070700004880089008520A04003202011204109B8
:1070800005088009022121210805801110401120E6
:10709000000003034040024004091100000000000A
:1070A0000800080510880040100040000000008023
:1070B000048000030000000000004003800009007D
:1070C00000008003000000400080008300000000FA
:1070D0000004400000008200010004000000840061
:1070E000000010008200010000000000000000000D
:1070F0000400008300A0002000211100880040014E
:10710000010040000200010000000801080000002A
:1071100000010000910021000101000100000000B9
:107120000000010004210109004001900104004019
:1071300000A00040008900880002008401012000B6
:1071400000000000408390840405004002C10084D8
:10715000008800A0201084A0A0909141011001009F
:107160000090010001C001010100000101000000C8
:1071700000000000000000A100000000000800C0A6
:10718000018201008800C0828804210088000384F5
:107190000501880100002000C0409100A10000010D
:1071A00000000008000421008908210141001000AE
:1071B0008800200088019000C00004000900000839
:1071C0000000010001000801840004022100020007
:1071D00082000420090040909084100590401080A7
:1071E0000400100010212000082040000941400048
:1071F0001100090008000900031021212103038068
:10720000052010021003090005212121400500007E
:10721000C100052191200000040008004021090060
:1072200000020000008000800800410005101040AE
:10723000850004008900111000008500800003050E
:1072400000000000400003008010000000008300E8
:1072500009000000808083001008101010048804CA
:107260008000410000008000000800081188808331
:107270000011000000090008022000212021212126
:1072800020050920040541108441009103102002CB
:107290000088004100A000080000408805C01109D6
:1072A0000340004000080040000203900009C0C0F5
:1072B00000080000804188880002418080A1808011
:1072C0000003000000000000088300008008048024
:1072D000008300800080808980030101010000009C
:1072E000C00020000000000020000489008500A1EB
:1072F00010090000000000000000000190012000C3
:1073000000000190001101C0C121202100C00088AF
:107310004188000800050085A083000001200121AC
:1073200000A100A100000000000100000111C082C6
:10733000A084409100900482118490400002821049
:10734000A0842041000000A000C000C10000028213
:10735000C0840041000202C0048408418200084049
:1073600010000384000800110000000000A000824B
:107370000001000000000000000100010100010008
:1073800001000000000000040004000100000101F1
:107390000100008800010000000100400000010918
:1073A000000301010120A0000200080020008590D8
:1073B00089404100C04084A0C0008800089084A09B
:1073C00040000800200801000004000000008500C3
:1073D0000500000040A08502C0C0820088C0900265
:1073E00090838521890000000084001000000000C7
:1073F000000900210000000000000008002010002B
:1074000040034005210003002041412003090503FA
:107410004021200441000808110008100800000065
:10742000408805840903200000000000000080005F
:10743000820908000200910080038004000400001B
:1074400080030900000000000300080000000000A5
:1074500083052000001180008384800000000580E7
:10746000000000130000000000000013C200000034
:1074700000000000C2000600000000000000000044
:1074800000000000000000000000001300000000E9
:10749000000000000000000000500000C2000000DA
:1074A000000000840000C2004188000000000000CD
:1074B000000011820013C20041008100001300008F
:1074C0000000810000130000110000000000000017
:1074D00000008200001300000000060000130000FE
:1074E00000003C660FFFFF6C0F6C00000000000006
:1074F000000000000000C2027F7F00000000E7FFE4
:107500002400BF9B3E1A3C0F66FFFF3C0F663C3CCD
:107510000F0F9F067E7E1E1E1E1E3F3F3E3C6F2F9E
:10752000662400004E4EFFC3FF3EC7060000000069
:10753000FF3C0F66FF0E0E0EFF2C242400000000FF
:1075400066000F0000FF00FFF0F0FFFF00FFFFFFED
:107550009999FFFF00FFFFFFF0F0FFFFC3C3FFFF9C
:1075600000FFFFFF3C660F00F06C006C00000000A5
:107570000000000000000000C2027C7C000000004F
:1075800000000000A78326023C0F6600003C0F6647
:107590006666FF009F061818FF9966000600060041
:1075A0006600660000004E4E3C00F938C100000045
:1075B0000000003C0F66060606062C2C2424000062
:1075C00000006600660000FF00FFF0F0FFFF00FF14
:1075D000FFFF9999FFFF00FFFFFFF0F0FFFFC3C31C
:1075E000FFFF00FFFFFF00000000000000000000A0
:1075F000000000000000000000000000000000008B
:10760000000000000000000000000000000000007A
:10761000000000000000000000000000000000006A
:10762000000000000000000000000000000000005A
:10763000000000000000000000000000000000004A
:10764000000000000000000000000000000000003A
:10765000000000000000000000000000000000002A
:1076600000000000000000006CF06CFF0F36FF36D9
:10767000000000003C3C3C3C00000000F0F0F1F059
:10768000000000000000FF3FB4B466FFFF3CF0665E
:10769000F0663CFFFFF0663C07C737F7F036FF3671
:1076A00000C0FFFF00FF0FFF000030303F3F603C95
:1076B0006F3C0000000000000000F000FFFF30FF02
:1076C00000FF0000000000000400FFFF0000FFFFBB
:1076D0000F0FFFFF9999FFFFFF00FFFF0F0FFFFF45
:1076E0000000FFFFC3C3FFFFC3C36C006C0F003675
:1076F000F036000000003C3E3C3C00000000F0F092
:10770000F0F00000000000000030B4B40099003C2C
:10771000F066F0663C0000F0663C04C434F40036C9
:107720000F3600C0FFFF00FF00FF0000606F606FBA
:1077300060606F6F00000000000000000000FFFFAD
:1077400030FF00FF0000000000000F00FFFFFFFF00
:10775000FFFF0F0FFFFF9999FFFFFF00FFFF0F0FC4
:10776000FFFFFFFFFFFFC3C3FFFFC3C3008600E0AF
:1077700000B30000008600F000B00085A0865070C5
:1077800000B90085000000000000000000860060D5
:1077900000B30000008600E000B300000086006037
:1077A00000B300000086006C00B0000000000086FE
:1077B000007C00B000000086006000B00000008681
:1077C000002C03900000008600200390008002C679
:1077D00001200394494002C7016000B4494002C738
:1077E00001200394494002C7012003944940FF3C13
:1077F000F0AA0000000000000000000000000000EF
:1078000000003C3C3C3C0000000000000000000088
:10781000000000000000000000005F305F3F00003B
:107820000000FF3C550F0000000030303F3F0000DB
:1078300000000000FF3C0F553CAAFFF000000000D4
:10784000FFFF00300CFF00FFFFFF003000FF03FFD1
:10785000FFFFC00000FF03FF00000000000055F51F
:10786000FFFF82000FFF00FFFFFF0C0000FF03FF80
:10787000003CF0AA00000000000000000000000032
:10788000000000003C3C3CBC000000000000000088
:107890000000000000000000000000005030503FD9
:1078A00000000000003C550F0000000030353A3F5A
:1078B000000000000000003C0F553CAA00F0000052
:1078C0000000FFFF00300CFF00FFFFFF003000FF53
:1078D00003FFFFFFC00000FF03FF000000000000E7
:1078E0005505FFFF820000FF00FFFFFF0C0000FFB7
:1078F00003FF000000000055FF55000000000000DD
:107900000000000000000000000000000000000077
:107910000000FFFFFFFF000000000000000000006B
:10792000000000000000A8F8ADFD000000003F418D
:107930003F7D0000000000005C5CF0FF00000000E4
:1079400000000000FFBAAAAA1455145FBEBEBC3CDA
:107950000C0F5D5FFCF03C2004553C7D00000000F6
:1079600000000000FFBAAAAA04553C7DBABA38301C
:10797000151515FF000000000F3C0F3C0000000033
:1079800000000000000000000000000000000000F7
:1079900000000000BFFFEFFF00000000000000003B
:1079A000000000000000000008580D5D000000000D
:1079B0000341037D0000000000005C5C000F00003C
:1079C000000000000000303000001414141FA0005C
:1079D000A000000F000F3C203C200455045500007F
:1079E0000000000000003030000004043C3C38304F
:1079F000383005050505A004C00020040908002052
:107A0000840004A080011140030011000800A000C0
:107A100080020000840182002082A1002100000079
:107A200000000202000104000020000000000982A2
:107A30000000020000000000000221000400040019
:107A40000001000400000000840004001000800019
:107A500000002000000000040010200091008400BD
:107A600000000000804020000000800004000001B1
:107A700000008000000000001180210091000084BF
:107A8000008021000100040200C0040000009000FA
:107A9000050004800000040820008400200000008D
:107AA00000040000018084080000000004000000C1
:107AB0008400000000000000000000000402080034
:107AC000000000400000000000001000010001055F
:107AD0000400000001000000008000800900020096
:107AE00020000000000002800100000020000000D3
:107AF00000200000040000000000000000A0024080
:107B000000020000200000100008000000010090AA
:107B100000090004000300410000002100010004EE
:107B2000008400000000000100410002000000008D
:107B30000001000000000000000000C00000000084
:107B40000000000000000002000000000000002013
:107B50000000004000200010000080200000000015
:107B600080010004000000A00001000004000001EA
:107B7000008800050000042100000001A0000000B2
:107B800001800000000000000010009000030002CF
:107B9000000000C000A10082049000008284000464
:107BA000A080A00000000000000800C000A182002A
:107BB0000000004000000000000000000000000085
:107BC0000000001000000000008000000010000015
:107BD0008280000000000000000000002021002141
:107BE000000002400480000000000040002100006E
:107BF0000020000000A000000184000000040041FB
:107C000000098000108205021020041040110200BB
:107C1000000200000240040000050090800000897E
:107C200020200020000000080008100009000000CB
:107C3000000000001088100000820000000000001A
:107C400008100000000000000001080000100020E3
:107C50008009000080014010000020840084200082
:107C600000C00804820121840000800482C1824196
:107C700000C00005000082050000200500008021F2
:107C8000100800042041830084800180010000204E
:107C90000140A0802000218085008884020020000F
:107CA0004020018010900808908090008300080018
:107CB0000000080008001002840000000000C0104E
:107CC000000000050000002100219040000000108D
:107CD000008010A082051020A12100400100840036
:107CE0000110000000800340C0030000208003401A
:107CF00003C0000010A0000020A00000C18400000C
:107D000020A0100121004000200800000084002075
:107D1000100005408040108280001084000100C1E6
:107D200000200502030004002000000000001020D5
:107D30008200000008000000009000000000080021
:107D4000000000000000000010000500800080001E
:107D50000001000000011010400090010500020029
:107D600010000400020102C00801020141004100AC
:107D700002002001100004000900000000000000C3
:107D800000000400000800000100010000090000DC
:107D90000000000000214041880002100000002087
:107DA000882000C000001004010001000000000055
:107DB00001000200002000000000000000000000A0
:107DC0000000100000000000100000000000024051
:107DD0000400004088008820010001000520000008
:107DE000002100008810011001051040084000002B
:107DF000080009000104000001000011000000005B
:107E000000000000010210012100A040908441A167
:107E1000000400A000C089844182408203010390D5
:107E2000009020001000218800C105000404008893
:107E30004003098809000000008800020088000053
:107E4000002000001000000010002100210021008F
:107E50001100800011101100808503004100038291
:107E600000000301030009C008004140091009C0D7
:107E700000888004004102042100080400000584F9
:107E80000000000000004110000810000200200265
:107E9000002000800010000002402004A000000824
:107EA0000000881101000100100000200000850082
:107EB0002000098810008210400000000020C0004F
:107EC00004210000C005884000008400000000007C
:107ED00000090000040300800000100800400000BA
:107EE00000008800A004040000050100100000212B
:107EF00000000000208000C083800000008000207F
:107F0000842100001000C000080010080404820052
:107F1000204010000088008203001010400021C0A3
:107F2000000002C000848482090100000082084031
:107F30009001000003008800000002000090039000
:107F40000000110000000000100000000088410047
:107F500003001000820108008040090910C00010D1
:107F600004200084100021001000844000890004D7
:107F7000804000204140000002400221110000A08A
:107F800000000500028880A00020800401900810F5
:107F90000300040082000041840800030005A005DE
:107FA00000050200000900412121000484000000B6
:107FB000000020200000000002000000000210402D
:107FC0000000000000000400840010050000040010
:107FD0000200820084050340000010000020010020
:107FE000000001008200000000008200208082105A
:107FF000008002C100000000080001800140000074
:1080000000000000000000002000000020800000B0
:10801000000000000000A103001100402008000043
:1080200003002000000000800400C0000080000069
:108030000900000000002108800491090808410897
:1080400000400004090800000000000000000000DB
:108050000000000000000000828080002080098075
:10806000008309A0A1050503040580030403402043
:10807000C185890209A14100030800000011052102
:10808000030505C100002041C0050002008241C176
:10809000000000000000000008010000A001010134
:1080A00000888208000400A00882C0904182000875
:1080B00000000000C00088000301400140000101F1
:1080C00001010001000000010000000000000000AC
:1080D00000000000000000000000098282C0910240
:1080E00000020089080521C10004A001C0000000B1
:1080F0000000400988410041011003010000000117
:10810000010002A10005A00201A183090085004031
:108110000040A10003900800080000A0010101A098
:108120000000000000000088010000108401A08809
:1081300085010004000000C00001400010C00901DA
:10814000A10000000002010000000000000000008B
:108150000000000000000000000000008801A100F5
:108160000240C108A101A1A0890304C001000120AF
:1081700001C10100A0004102A1918301C00040C0E3
:1081800009018401A10002849100A100020084047D
:10819000030520012000C021080308030800402037
:1081A00002804020410008000400410041899108FC
:1081B0000900C04100000005008000402100A180AE
:1081C000A00303110300100320022103000000009C
:1081D000000000000000000000000000000040401F
:1081E0000800050010800203200085400482100072
:1081F0000800050208410009828005029010000075
:1082000083808502A105100583000541C12005007A
:10821000418005A1C14000000000100000000520C1
:108220002005000283110080000000000080808093
:108230009080888080000000050002008000080215
:1082400000831191C0202109009041A12103000069
:10825000000000000000000000000000000000001E
:1082600000410010884080822005202140C100206C
:108270000020000400030010200300058490000883
:10828000000800410005830503A0000240A0008211
:10829000000280400282800900000000010000000E
:1082A000000001010001050100408884900400C025
:1082B0000420101009108202040000000100820056
:1082C0000102000200C085A1002000040108000492
:1082D000000000000000000000000000000000009E
:1082E00000000082C0110810881100A020C1831076
:1082F000000500C1000500904001009000A08485A9
:108300004000000100010003200200C18284828538
:10831000000200A0C08302840488018301A101003F
:108320000108000200200000000000080091000089
:108330000000100102A0100002100008000200005E
:1083400000000001004100010002000001020000E5
:10835000000000000000000000000000000000001D
:108360000000000040010889C0001021A1A089017F
:108370000400218200900100000000009001C10073
:10838000850004A0010000000185004084038400F2
:10839000A100014084010200880041400388089048
:1083A00002100880000000800003000000000008A8
:1083B00000200000800580208003008000800000F5
:1083C00000000000110209100910020021002085A0
:1083D0004120030000000000000000000000000039
:1083E0000000000000008010008880098020031138
:1083F0008540040240802100410003002000040267
:10840000C020900011004041050005852180858332
:10841000030002002080911002000500A0800000EF
:108420000000C2000A0000000013C200004100006A
:1084300000000000000000000013C20000880000DF
:108440000013C20000820000000000000084000051
:10845000000000000000000000000000000000001C
:1084600000000000000000001100001300002100C7
:10847000210000130000066000880000C200000018
:1084800000600000C200000000420000C2000600C0
:1084900012420013C200060012420013C20006007E
:1084A000FFFF00000000000000000000553C553CAC
:1084B00000000000000000000000000000000000BC
:1084C0000000000000000000FFFFFFFF00FF00FFB2
:1084D00014D73F3F553CFF0F000000000000000094
:1084E00000000000000000000000000000000CCFB1
:1084F0000CCFFCFC0002000000000C5D0CFF14150A
:10850000FFFF003C1F3F053D0F3F00FF5DFF3C3D6F
:108510007D7D3C3C3D3D0F0F3F7F04553C7D045528
:108520000F5FFF004D4D00000000000000000F0035
:108530000FFF00000000000000000000000000002D
:10854000000000000000000000000002000000FF2A
:1085500002FF14D70303553C000F00000000000089
:10856000000000000000000000000000000000000B
:108570001414D7D7FFFF0002C0000000000000FF66
:1085800000050005003C143C00000F0F00000C0C1F
:1085900000050005001405150000005504043C3CCE
:1085A00004040F0F00000000AAAAAAAAFCFCAFA0B6
:1085B000C00000C300000000FFFFFFFF000000003C
:1085C000AAAAAAAA000000000000000000040000FF
:1085D000EFFFFFFFFAFA5050BEBEFA500000000055
:1085E000000000000000000000000000000000008B
:1085F00000003CFF3C0000000000BFFFFFFFFFFF4A
:10860000C000FFC0FF00FFFF0F00FF00FFA0F2F25D
:10861000F0F0FF00FFF0FFFF0000FF0CFF00FFFF86
:10862000C000FF00FF3000000000ABAAAAAA0C0C9B
:10863000AFA0C000000000000000000040000000EB
:108640000000ABAAAAAA0000000000000000000081
:108650000000FFFFDFFF7D287D281414FA50000082
:10866000000000000000000000000000000000000A
:1086700000000000AAF0AAF0300000C0FFFFFFFFDA
:10868000FFFFC000FFC0FF00FFFF0000FF00FFA0D2
:10869000F2F2F0F0FF00FF00FFFF3C00FF0CFF00D4
:1086A000FFFFC000FF00FF3005865070A0B00085BE
:1086B00000865AF000B800000086006000B000801C
:1086C000A08650F0A0B00085A08650F0A0B00005B4
:1086D0000186006000B000A00086006000B30000CA
:1086E000000000000000000000000000000000008A
:1086F0000000008600A00390008005860A800380A9
:1087000000000086006C00B000000086006C00B025
:1087100000000186006C00B000000086002C039071
:1087200000000086002C0390000000000000000004
:10873000000000000000000000000000000055558F
:108740005555101005000005000500000000000050
:1087500000000000000055555555000000000F00B6
:10876000003C0000000000000000000000000000CD
:1087700000000000FCC0FCC0F5FF353C3D3DFF059E
:108780005C5F3CFF0000000000BF00BFF0007020F5
:1087900000DF00DF0000000000FF0000FFFF00A07E
:1087A00000FF30FFFFFFC00000FF03FF00000000DC
:1087B00000000000000000000000000000000000B9
:1087C00055575555101005000C000C0F0000000007
:1087D0000000000000000000555557550000000043
:1087E0000F00003C0000000000000000000000003E
:1087F000000000000000AAAAFCC00500353C383883
:10880000FA00505300C30000000000100010F000F8
:108810007020001000100000000000FF0000FFFFAB
:1088200000A000FF30FFFFFFC00000FF03FF0000BB
:108830000000FFFFFFFF0000000000000000FFFF3E
:108840000000000000000000FF0000FF00FF00002B
:108850000000000000000000000000000000000018
:108860000000000000000000000000000000000008
:1088700000000000000000005500B4F0003CF5F5D9
:10888000ABA8ABA81E5F3CFF00000000000000008A
:10889000FCC0FF000008030300000000FFFFD7F04A
:1088A000F838F82814FF15FFFF30B0300C5D0F5F6B
:1088B0000000000000000080000000000000000038
:1088C000FFFF4000000000004040BE0000050055D2
:1088D0000000000000000000000000000000800018
:1088E0000000000000000000000000000000000088
:1088F000000000000000000000005500FF00003CE8
:108900000505FFFC03000A4B00C300000000000047
:108910000000000000000000000000000000FFFF59
:10892000FFF03838282800000505FF00A0000000EF
:108930000F0F000000000000000000000000000019
:108940000000000000000000000000000000000027
:108950000000000000000000000000000000000017
:108960000000000000000000000000000000000007
:1089700000000000000000000000000000000000F7
:1089800000000000000000000000000000000000E7
:1089900000000000000000000000000000000000D7
:1089A00000000000000000000000000000000000C7
:1089B000000000000400000020000200820184008A
:1089C000A0019100900005008000840000012100BA
:1089D0009120C1000000200009000000800002007A
:1089E00010000421840000000000040000000200C8
:1089F00020000000000020000400050021002000ED
:108A000000000400820004000008000004000900C7
:108A10002000200020000000000000008400000072
:108A20001100000004000400000011000400000018
:108A3000000000000400010000000000000020020F
:108A4000202011082000040000000400040000049D
:108A500090092009200000008800A00000002005E7
:108A60000400030003A02000000000000000000537
:108A70000004010504000000000000000000900058
:108A800001000000000020000000000000000000C5
:108A900000000100910083000000000000000200BF
:108AA00000000000000000000000000000000000C6
:108AB0000000000000000000000000000000821123
:108AC0000000024000090020000100000002000038
:108AD00000058008042004010008000000000001D7
:108AE00000090001000080050004110300020005D8
:108AF000000000000040000000C004000001000071
:108B0000000000002100000000041100000000002F
:108B10000040800000040000000900000003000085
:108B200000040001000080050000000000000000BB
:108B300000000000110004000000002120000000DF
:108B40000308202000A000C000200002004100080F
:108B5000000200A004100189014000000010000084
:108B6000004000840004000004A000809040000049
:108B700000820002000200800000000001000008E6
:108B8000000000100000002000000480000002002F
:108B9000000000A120200090000000200000000440
:108BA000000000C10004001004A00010000000003C
:108BB000000000000000041000000421200008084C
:108BC00008A005020000000290034002004004C01B
:108BD0000000001000000040214000410002004061
:108BE000004000C005200000088404C000C08004CC
:108BF0000000200000100808A0048003000000000E
:108C00000000000000080000801000880082004082
:108C10000000004000080000008200908000000575
:108C20000009000400A00000000400900000000003
:108C300000000000000200000088000000000000AA
:108C400000000000000800408882110800020000B7
:108C500085000000000082200080028000A00080CB
:108C600000000000000000001000100009000000DB
:108C7000208000000100000084002180200400000A
:108C80000000000000000085000020000000C0007F
:108C900082808203821100000041840810000200DB
:108CA00010840004008000001000008800000021F3
:108CB0000000000000000000000000000000004074
:108CC000200008900800A041100008009001081042
:108CD00008840300100008000320200041008240A7
:108CE00010042008000200082100200008040801E8
:108CF0000000000000001000000000008000880557
:108D0000000020040000800000001100000020008E
:108D100041010200000000000800000110000801ED
:108D200000000000090021000000000040000400D5
:108D30000401000005000000000000000000000029
:108D4000000000000808000002C0001000411108E7
:108D5000880504208403A0098400009009000241D2
:108D60000288A009200400118810080009110021C0
:108D700010200002C000000220028200100020002B
:108D80002084000020040010040002400010821122
:108D900001101040000082000011080000040005CE
:108DA0000004001000000020000000008800C00047
:108DB00085000104A0008400840008000000000079
:108DC00000000010000400C0100241C0050900A00E
:108DD0000808001000200220082041A021021004F1
:108DE00008401085210800841000000000A0081031
:108DF0000805C10103001088800400100000000075
:108E000041C00811000000C000A003000008008855
:108E1000050808C008100000000800000082058254
:108E2000100021A0410040100400100102090000C0
:108E30000000008808000088008400000090000006
:108E4000000180000000000000000000000000821F
:108E500000000084408400A000800080000000A08A
:108E600002A002200240A0000000000000008400D8
:108E70000820C08420200000820020809000000094
:108E800000000000C0200000000000000000000002
:108E90000021100008001000C0090005000000219A
:108EA0000000000000000003842110000004A00462
:108EB0008800C00000000100000000000000000069
:108EC000000000020200000088000010009000C0B6
:108ED000800888000408200010A004102000000969
:108EE000000803901004800921030008000200021A
:108EF000218208000000030803024100000202A0D2
:108F0000000021102001200500002000C002000008
:108F100080002000000408000800414002C00984CD
:108F2000020041C000000090004103002102100235
:108F3000410000880302218200200000410000005F
:108F40000082000000000000080004210009000960
:108F500084002009201000C11100C0001020004131
:108F600000200009A00900850284000200084000DA
:108F700010001000100008001004C002100240028F
:108F8000400200002000010485880000000904045C
:108F9000100004000100908000000000004000412B
:108FA00088118400020000218400000400000000F9
:108FB000000010008200000010400080000000400F
:108FC0000040080010000841C041C00040020008F5
:108FD000000402400900000000000400080800022C
:108FE00080020940800002000900050008212102DA
:108FF00089202121091100110040401000090003BF
:1090000000000021000500100002094000008588D2
:109010000420902008800202C009110441020000CF
:1090200080000280008080090409200041090202BA
:1090300085094110030488200540021141400000C9
:1090400000000000000000000000000000002101FE
:109050000000820000010400000000000000010088
:109060000000040000008890849009000390000133
:10907000000020010001000000000000000100A02D
:1090800000900004004000000001400001000000CA
:1090900008088409C010014001018201000001009C
:1090A000409008C0011000200800900088000100D6
:1090B000020020010101000009014101110000012D
:1090C00000000000000000000000000000000000A0
:1090D00001020008011001009001840811090890A4
:1090E0000004009001030001A0200800892085856C
:1090F0001100088210048801000000040100000033
:10910000000100000000000088001100028402013C
:10911000000004008300051041040100011000104C
:109120000001000000000000000000000004000139
:10913000000000000190010101001100C0A04001E9
:10914000C00000000000000000000000A0000400BB
:10915000100005800480050808004002082005056D
:1091600040050980020420900840090910402000B1
:1091700085C190008421A1211041110040100540BB
:109180000811004000080000000302008200408037
:1091900009030000210441008500200520004180D2
:1091A0001010020900000000000000000900040087
:1091B00000020900020040004002090020400800AF
:1091C0000808880000000000000000000500020000
:1091D000900000000988008500C1890480400002D9
:1091E00003090002410840021002880880820490AE
:1091F00003098084C18200104182212108080008EF
:1092000040844008C0000000A100000003200005C9
:10921000090982040000024008A18991110808048C
:109220000003008905020000000000000000028920
:109230000010401040090304004000090584052087
:1092400000A000841010000040000000000000009A
:10925000000004000000000500C1001140081001DA
:10926000000000000000010100000000C001A08417
:10927000018800900289211000000184000902C1C8
:109280000000010801000500A0001100A00000017D
:10929000000100011001000041058810C004000910
:1092A0000120001000890002A0A0C0C090A000888A
:1092B000014000000004A10201C000C1000120041F
:1092C00000C1001100100082000001000000000039
:1092D000000000000000000000000011010100007B
:1092E0008304C08410880240000000A00000000138
:1092F0001020C0A0100808C00100018901200090C2
:109300000000014001000100840008C000000400CA
:1093100000010021000100820000200504108201EC
:10932000C0C001000090000001000000000000002B
:10933000000000000010000000000188010301018E
:1093400000008201C003880008A0000000000000A7
:10935000000000010011000000C0020040C0101019
:109360000000888920401188A000020002112040DE
:10937000034000890004009080004040402040826B
:109380002100090005900810050080008000000001
:1093900000000008008800400000000000830089F1
:1093A0000020808010004103024004000000000003
:1093B000000000000900008809100900408040C139
:1093C00002404100820809200909900000000000C5
:1093D00000000000000200200010008000000013C8
:1093E0000000000000000000C200000000000013A8
:1093F0000000000000000013C20000000000000098
:109400000000000000000013C20000000000000087
:10941000C20000000A500013C2000050000000000B
:1094200000130000060000410000C20042000000DE
:109430000000000000000A000013C200000000410C
:109440000000C200060000000013C200000000007F
:1094500000000000000000000000000000000F0FEE
:109460000600FF18FF006666000604000000FF3CCF
:10947000660FFF6CF06C00000000FC0CFC0CEFCBE6
:109480006E4A3C3C66666E6EFF0C9F067E7E000058
:1094900000000000000000000000CFCFCFCF000090
:1094A00000000000E73F243FFF9F7C1CFF0FBD2D05
:1094B000000000000000000000000404000C000098
:1094C0002D2DFF2DFF66FC6C0E06060626060606F1
:1094D000000000000000000000000000000000008C
:1094E0000F0F0000FF19FF00666624240000000033
:1094F000003C660F0F6C006C00000000F0F00000F4
:10950000AD892C08FF000F0F0000FF009F06181800
:109510000000000000000000000000003C0C000CF7
:10952000000000000000E703240360007C1CF00042
:10953000B424000000000000000000000000000053
:1095400000002D2D002D99009C0C0C000000240023
:10955000000000000000000000000000000000000B
:1095600000000000000000000000000000000000FB
:1095700000000000000000000000000000000000EB
:1095800000000000000000000000000000000000DB
:1095900000000000000000000000000000000000CB
:1095A00000000000000000000000000000000000BB
:1095B00000000000000000000000000000000000AB
:1095C000000000000000000000000000000000009B
:1095D000000000000000000000000000000000008B
:1095E0000000000066F63C3C2020F0F00000000087
:1095F000006E006EFC60FC6F23E32FEF00000000A4
:1096000000000C3C62E37AFB42FC7EFC0026006614
:1096100078787878000000FF000000000E9E6EFE53
:10962000003CC0FC0000F0F0F0FF90F6B4B466FF20
:10963000E4FCF63CF6F6000000000000000000002C
:10964000240000000000427E7272242FE7EF003CED
:10965000007C003066760000000000000000000082
:1096600000002424242400903C3C2060F0F0000002
:109670000000006E00FE0C600C6F20E02CEC00007F
:1096800000000000202020A138B942C07EC00000A8
:109690000040009966FF3C3C000000000000089874
:1096A00068F82424E4E40000F0F6F0F6B4B4B4B4AE
:1096B0000099C0D8903C909000000000000000008D
:1096C000000000000000202000FFF0F02420E7E070
:1096D000000000600000000000000000000000002A
:1096E0000000000024602460008600E000B000005C
:1096F000A0865070A0B80085008600E000B300008E
:10970000A08650F0A0B800050086006000B30000FD
:10971000A0865070A0900005A0865270A0B00005F1
:10972000008600FCA3B000050000008600800080D9
:1097300000000086007C00B000000086006000B0E1
:109740000000008600F003B000000086007C00B03E
:109750000000008600F00080000000000000000013
:1097600000000086006000B00080000000003CFFA8
:109770000FFFF8F0FAF00000000000000000000009
:109780000000A808A0A0000000040000000000FFE6
:1097900014FF000000003CFF3CFFFFFF280000001A
:1097A00000000000000000000000000002000000B7
:1097B0000000100000000000303FF5F50000000040
:1097C000053FF53F0000000055555514000000000E
:1097D00051515555C0008200043CFFFF00000000BD
:1097E0000000000000000000000000000000000079
:1097F0003CFF0FFFF8F0F0F0000000000000000058
:109800000000000000000000000000000000000058
:1098100000FF14FF000000003CFF3CFFFFFF28009A
:109820000000000000000000000000000000000038
:1098300000000000000000000000303F05050000AF
:1098400000000530F53000000000000000140000AA
:10985000000000000404C00082000404FFFF0000B8
:1098600000000000000000000000000000000000F8
:10987000000000000000000000002D2D0055000039
:109880000000000000003C0000000F0F3C3C000006
:10989000000003530F5F0000000000000000FF55B0
:1098A00030300000000000000000FF3C0F550000B9
:1098B00000000000000008000000000000000000A0
:1098C0007DF57DA000000000000000000000000009
:1098D000000000000000000000000000050DFFFF78
:1098E000000000000000000000000000050F000F55
:1098F0000000000000000000000000000000000068
:1099000000000000000000003C00000000FF555572
:109910000000000000500C5C00000000000000008F
:10992000AA0030300000000000000000003C0F558D
:1099300000008000000000000000000000000000A7
:10994000000028F528A00000000000000000000032
:109950000000000000000000000000000000000CFB
:10996000FFFF000000000000000000000000000AEF
:10997000000F0201020004C0040020A1000000004A
:1099800000C011010401200080880001A100804076
:109990008000040003820000000000001001C000ED
:1099A000002084008000200021000201020102004A
:1099B000020400000401000400040304110000007C
:1099C000030003000400A000840021000000040044
:1099D0000400200004000000020004001104110033
:1099E0000400020404002100040003000000090038
:1099F00004001100014001000000000001400000CF
:109A000000000000900400048500200000200400F5
:109A10000480040000008200820200000000012097
:109A20001100008004000400820000000104A10471
:109A30000100018000000004008000800080000020
:109A40000000000000000000050504048400000080
:109A50009000900001000000200001000000008044
:109A60000000000021800000A000000004000000B1
:109A700000000000000000010000000000000001E4
:109A8000000000000040000500200001000000016F
:109A900000000001000800020001000000000003B7
:109AA00000000000009000A1000100000000000084
:109AB00088010201000000C0000400010001000153
:109AC00021000420000000000000400004A021004C
:109AD000000000084001000000000000000200013A
:109AE00004000004000000000001000104008000E8
:109AF00080408000802080002002000000002010B4
:109B0000000200000000000000400080000800008B
:109B1000004000000040000000A1004004000011CF
:109B200000200000000000000020002000000000D5
:109B30000000030401040000000000800004000491
:109B4000000400000080900000410000001100109F
:109B50000011040004000120000000000010008932
:109B600000400020009000000020000400042109B3
:109B700004002080200020802000000400100082CB
:109B800040400004000400080090000800840040E9
:109B900000008003001040C10040000121C000000F
:109BA000008400C100C08009058400408340042077
:109BB00004828304800820000004000000080000E4
:109BC0000010001000000000030011A0008200C07F
:109BD00000008020000000908000000500000000D0
:109BE0000004218400010008000400840000000239
:109BF00000021082000200008084002082100040D9
:109C000000081080008410400400004010118240C1
:109C10002040004108820209082000C11002A00370
:109C2000040500200020002010A0001040C1029078
:109C30000190010208A0020041000480000084801D
:109C40000000C00000020008002100000008000021
:109C5000C000A00004808400C000200590A0000087
:109C60000005208000004002000000800010000974
:109C7000000210020000C00000000400008082000A
:109C80000804000000011040100800000300082133
:109C900010000540100000000000000141004100DC
:109CA000100002000300110882081000800000016B
:109CB00002002000020008110200824100010000A1
:109CC00005021000089141010901108421A0210121
:109CD0000001000420008041100820000003000063
:109CE0000000000000000801100000001000110139
:109CF0000000022000010004410010C0000010001C
:109D00000300100000000020208000090000020075
:109D1000000400000400000882001003004000005E
:109D200000000000000000030080108021034003B9
:109D300010020109A00001040190850003C0004049
:109D400000000080001000400040002000000000E3
:109D50000020A004C0A10100200483800100108421
:109D6000100082000000C00000020041000010004E
:109D700000400000108000041000A000000010004F
:109D800000002004408800080408410808C009C0F9
:109D9000084011A004048382080010020320001070
:109DA00008002108411010100010088400000483EE
:109DB000038210029000000009200040008800008B
:109DC000030800000000000041002184200003106F
:109DD0001002108480C041100220408400020582DD
:109DE00008030820400140400200001002844000A7
:109DF00000000000000240100000050400004002C6
:109E0000024008020580000008040310400084118D
:109E1000000010050000018020089000909108804B
:109E2000100090001002A005002120008400080509
:109E300001080411008002001000A0900009C00376
:109E4000C00000800000001110000040A009C00008
:109E50000008110301410400000000800008900088
:109E60000000C08289A100020100000888000000F3
:109E70000500104110094010010000001080000092
:109E80000500000001002140C100000021904010A9
:109E90008089030000901110081010C02088412014
:109EA00000840390102010000084000010A0100017
:109EB0002101090905200004100120000400418946
:109EC0001001024000010000094011080088000054
:109ED00002100500A100001041104121800483847C
:109EE00011008384A1880090000000000010000988
:109EF00000000800000210024020000008020502D5
:109F000041401000080204020080040020004000CC
:109F1000010404204000200000030020042101006F
:109F200000800000000000804002080000030000E4
:109F30000040002000880080000000400021004018
:109F40000010004001909040000084002000840038
:109F5000A00800418200040000000000008420836B
:109F6000200000002040040000000000000000115C
:109F70000004000000110080008001C00200108970
:109F8000008000000200009101910404104088202C
:109F900004100802024080C00341822002008010A9
:109FA0004108C008028420842041024000080020AB
:109FB0002008C008410980118941200204A1100530
:109FC00005030080880000808000000020412020E0
:109FD000044109201100020084801100898280C19F
:109FE0008502034180400504210208081011002069
:109FF000040909008803001108002100800389205A
:10A00000C1840284808385844080418900A089C006
:10A01000C0050103012100082004000105A00084FF
:10A02000028901C02004A0848310012001010001E5
:10A030000001010041000000200004010190108592
:10A04000034000400008080402C0844000000001F2
:10A0500041000000000000900888C0A0001008899E
:10A0600002410205C19008018901C1000000000100
:10A070000401000000009001C000110001009041A7
:10A080004089080200C190051105A1880004010063
:10A0900000410001010000900020000200010100C9
:10A0A00001000108000040040802882083410000EC
:10A0B000010400030040009000040083000000053C
:10A0C0000005000801A00210410085008205000083
:10A0D00009A089021085100102008200C010919031
:10A0E0000201208289A008088200A0009002C08896
:10A0F000400009A011004101000000010100010120
:10A10000400140050500110382A008014102C12160
:10A11000100004410308080403001189020208200A
:10A120004000100810000441A0C0848204839041C4
:10A130000900089110032083000000800005000042
:10A14000048305C10585040309098810400089209E
:10A1500000001080020589C01141090209004180F8
:10A16000104109408000C00041020903800002083C
:10A1700090020400C021100903030000090410002C
:10A18000030384108004900083830811000490006E
:10A190008303A008102005204011852004108402AC
:10A1A0002108040004050441110588A00804C084A6
:10A1B000C008200803110405080902051004100551
:10A1C00088204183900541029182008000809000A8
:10A1D0008080000090C0009103A041100020084042
:10A1E0000482809000408000042089C10009002082
:10A1F00002028420000040112180000390800011A1
:10A200002100050380918091A1000003C109801104
:10A2100083008003821002C00241092084010101F1
:10A2200010000101C00000010100000191099088A7
:10A23000410410820101000001000300210000011F
:10A24000000010010008408801892008900484C0A3
:10A2500085A040820000400800C000841089008969
:10A26000C1C10408104100A102A090051088000897
:10A27000008300101083001001890184C005A01024
:10A2800000850140C005A04040094188C089A00860
:10A29000C08504028883840285110100A00000109B
:10A2A0000002000301000000002000000001102156
:10A2B00010210300028221000540C000040001C0FB
:10A2C00000000002000003080503A001C000901078
:10A2D0000405080040200000000001400100018248
:10A2E0008201C00088014040820589118801020373
:10A2F000820000A1A000094000010000010000212F
:10A30000019000000001010109004000410011031B
:10A3100083110000040003A1910020A0200321006C
:10A32000020020C1209010000000009100050010E4
:10A33000840384218220A1008800408984100900C0
:10A340000300090004004100418040A010400400C7
:10A3500080A0009000110000000004110584080492
:10A3600005000002000200218080050284C1042053
:10A370000808850802A09111C0800020000020007C
:10A380000410030009000840111083098010C00068
:10A390001190838809004008911000000013C2004A
:10A3A000820000000013C200000000000013C20081
:10A3B0000000000000130000810000000000000009
:10A3C00000840000001300000000000000130000E3
:10A3D000410000000000C20000000000000000007A
:10A3E000C200000000000013000000000A0000137B
:10A3F000C200004100000013C2000000004800003D
:10A400000400004800480000040000480048001311
:10A4100004000048004800130400004830F53FF5F0
:10A420000A7D5F7D14BE5F5FC34DFF4D00000000DD
:10A4300000FF00FF3CFF0F5530F53FF500FF3C3CAF
:10A44000C4C7F4F700000000000000000A5F0A5FC4
:10A450003437F4F70000000000000000000000AAFC
:10A460003DBF0505F5F500000000555D55550F3F52
:10A470000F0F557D003C0008FFFF000000036666DB
:10A480006666FFFFA5A5F0FF33CCFFFFA5A50F0F64
:10A49000CCCC3C3CCCCCF0FF33CC3C3CCCCC3005E1
:10A4A0003F050A285F2814BE0A0A004D3C4D0000F3
:10A4B0000000000500553C000F5530053F050F0F0B
:10A4C00055550407343740000F00000002001414F3
:10A4D000BEBE0407C4C7000000000000000000006A
:10A4E00000AA05AF0CFC0CFC00000000000C0000F2
:10A4F000003C0000003C003C0008FFFF00000000A2
:10A50000CCCCCCCCAAAA5A5AF0FF33CCAAAA5A5A1D
:10A51000FFFF3333FFFF3333F0FF33CCFFFF333321
:10A52000AFA03F3FFEF4AEA4F3F3BE827DF57DA065
:10A5300011111010BE500000FA3FFA30FA3FFA3005
:10A54000FFB4AAB4FA0AFCFC0000000000000000FE
:10A55000EFECE3E0FAFCFA0C00000000F3F3BE823B
:10A5600000007C2C00007D287D2800000000F0F019
:10A57000F8F0FF808080FF00FF28002000008200AC
:10A580000000F00F0FF033CC3F3FAA55FFFFF00F54
:10A59000F0F033CCFF0F6996EBEB3CC33C3C3CC383
:10A5A0003C3CAFA030305E540E043030BE8228F503
:10A5B00028A001010000145000000A3F0A300A3FA1
:10A5C0000A3055B400B4FA0A0C0C00000008000070
:10A5D00000002F2C23200AFC0A0C00000000303061
:10A5E000BE82000000000000FAFA50500000000097
:10A5F00000002800FF808080000028280020000044
:10A6000000000000F00F0FF033CC3F3F55AA00FFD1
:10A610000FF0FFFF33CCFF0F6996EBEBC33CFFFF5E
:10A62000C33CFFFFA08600F000B30000A08600F04E
:10A6300000B30000A08650F0A0B00005008600E046
:10A6400000B300000086006000B30000058602E051
:10A6500000B00000008600E000B30000A08650704B
:10A66000A0B000050000A0865070A0B800050086CC
:10A6700000800080000000860090038000000186BA
:10A6800000F0008000000286017638B908A3C58674
:10A69000CA7638B908A3C586CA96388908A3C5867C
:10A6A000CAF6388908A3FFFFFFC3000000000000BE
:10A6B0000000000000000000000000000000FB108F
:10A6C0000000037D3F7DF03CF03C000000000000F6
:10A6D0000000000000000000010000410F4FFF00DB
:10A6E000FF00FFFFFFFF0000000000002CAE6DEF39
:10A6F0000000000000010000AAAAF3300F1E0F1E88
:10A7000010101414050DFFFF0000000005AF7D7D43
:10A710000000000000FF0F0FB0A0A0A0000514155E
:10A7200000000000005DFFFFFFFFFFC30A000A14E6
:10A730000000000000000000000000000000000019
:10A740000000000003413F4100FF00000000000046
:10A7500000000000000000000000000000000F0FDB
:10A76000FF80FF003F3F3FFF000000000000048625
:10A7700045C78000000000000000F330F3300014F3
:10A78000FFBE10100000000CFFFF0000000005AF2E
:10A790002828000000003C3C555530000000000017
:10A7A0001414A0A03030000CFFFF00000040000097
:10A7B0000000FFFFF0F000000000CCFFFFCC000025
:10A7C0000000BCBCFFA0C0C3434300000000000069
:10A7D00000000000000000000000FFFF7800000003
:10A7E0000000F282F000C000000000000000000045
:10A7F0003C003CFF00080000000800003FFF3AAAB0
:10A8000005AF3C3C000000000C1CFFFF00000000F6
:10A810003F053FF50000000000000000F828F000B0
:10A820000014051500000000141CFFFF00000000CC
:10A8300000000000FFFFFF0000000000CCFFFFCC85
:10A84000000000000000FF00000340400000000086
:10A85000000000000000000000000000FFFF780082
:10A8600000000000F000F000000001000000000007
:10A870000000550F550F0000000000000000355586
:10A88000300005AF05AF000000000014FFFF00001E
:10A890000000300530F5000000000000000000005E
:10A8A00000000014001400000001000CFFFFA102D2
:10A8B0001104A1000400200021A0912004A00200A6
:10A8C0000000004000402002A005A005A0050000F7
:10A8D0000000000000000000000011020200000063
:10A8E0000000000000000000000004000400000060
:10A8F0001000000010009000000000001000001088
:10A9000008000000000011000000401004000400D6
:10A910000000200000000400204040001100022040
:10A92000000000000000000000000000040004001F
:10A9300020800000040003000000020020800121AC
:10A940000000000000800080048021842184218494
:10A9500000000000000000000000900500009100D1
:10A9600000000000000000000000000404040400D7
:10A970000000010020000100410000000000100064
:10A9800000000000000000000000000001000000C6
:10A99000000000000000000008000080910000009E
:10A9A000848000000000000000000000040004009B
:10A9B0000000000100000000000100010000000490
:10A9C00000000009004080900401000420052005DB
:10A9D00020050000000000900000000000000000C2
:10A9E000110004000400000000000000000000004E
:10A9F000800000C090009000900280C040000000E5
:10AA000002024008000000001100000000000000E9
:10AA100004008802800040008040000040000001E7
:10AA20008020400100000000800080200021000004
:10AA30000000000140020000000000400040000053
:10AA40000080000300400080041001080008018419
:10AA5000018401C000080000000000000021000087
:10AA60000000900001000100000200000000000052
:10AA70009000101100004100110041801000010001
:10AA80000008018001400000000090410008000023
:10AA900000000100099140100110408004110100E4
:10AAA0000040409101209010000040004080008252
:10AAB0000010000000202001009021000020001064
:10AAC00000022120080400C00340008205040000A9
:10AAD000A005A005200400A0000010A0110000881F
:10AAE000110041084100000000000000000000408B
:10AAF0000000000000100000001000009009800815
:10AB0000000080841040004000000000008200012E
:10AB100000A00040024004100082000000881000E5
:10AB2000401000C021108000410000000000000023
:10AB3000000000021084100800020000820000A142
:10AB400010039005008288A184051021100500A142
:10AB5000C00521842184C1889000904100008408B0
:10AB6000100010101020C021C00040008410A02050
:10AB7000008010001000100000000010000011887C
:10AB8000404020004000109110800005000082002D
:10AB90008840A0000480102010410810001100110E
:10ABA00088000400A00582000441900900000040D4
:10ABB000C000C00090801000104009010400000196
:10ABC00010008401100010002000030041900500D7
:10ABD00000000000A009A001A0011000000000007A
:10ABE000000000004100410011001100020002209D
:10ABF00002001000110010401000000084108400BA
:10AC0000C008C00841010000100021000000000140
:10AC10004100000000020940410010211000000026
:10AC200000409040034041002100001080020000DD
:10AC3000214000000500000100000840100401113F
:10AC4000002010200340900500000121002020007A
:10AC500000000021002003C021042104040000089A
:10AC6000000300000000C00400000000000000001D
:10AC7000008000009000824100802000000011034D
:10AC8000110011C10580C040000910210003C0005F
:10AC90000002C000000000800080000810A0000931
:10ACA0000000C080404000C00010C000C0050491FA
:10ACB000001100408200000082201000100803C034
:10ACC0000000008400880009042008C103201084CB
:10ACD0002004002010000500A0058804850400025F
:10ACE0001000000800000088008200004100000001
:10ACF000000003820520400000001000000000005A
:10AD000000082100040000002140004041002040D4
:10AD1000000100088000000100400000044000889D
:10AD200000000300090205044000000004A109021C
:10AD300000400000212041880000000005021000B2
:10AD40000010044100080011C02001880110008596
:10AD5000004101A110A184000402028420852090FA
:10AD600000808208820810008420C00010001003B8
:10AD7000100984000400889010008203100010085D
:10AD8000000000800411891184104005C010C0101B
:10AD9000C0000002000040050802009000001105FC
:10ADA0000409900008008400100290009010012017
:10ADB0000000C005A020000084200000044088831B
:10ADC0000400008400200084048402002084118494
:10ADD0001084410000880382200403008804410499
:10ADE000A005040000880000009000821100048883
:10ADF000410000840000110005821000000002885C
:10AE000010000000001080118285008300A00084E3
:10AE1000210041000010020241A1000002000000D8
:10AE20000803042000100000410000000000821010
:10AE30001084081010024020022010000821800019
:10AE400020001185100520002000400400000002B1
:10AE5000000800200000880300009100000010801E
:10AE6000A0804182000000000000000000000000FF
:10AE7000000000100000000000050000012100415A
:10AE80000003100000008420100240088808880396
:10AE9000A000A00000000000010000400009010522
:10AEA000020010A0118410400004104000090000AE
:10AEB000030000100100A00201800080000084A0B7
:10AEC00004400000102005024120A0024140008003
:10AED00002008000808080800000020000000803E3
:10AEE0000010110809090840212000092003000072
:10AEF0000000210000000000800040008000008071
:10AF00000080400000800000828302050585092042
:10AF10000003030002800009800380050800000090
:10AF200000838000008402800003000000101000F5
:10AF300000830511218000000083041140801080EF
:10AF400000030000210000808800000105000101CD
:10AF5000008200900484C02088100090059000902A
:10AF600001010001000101010301000100000000D6
:10AF70000000880001000000200882829082020404
:10AF80000040088400A000840000848585041185A9
:10AF900000890083900800C00002080184000100BD
:10AFA000000000118410A0880010000100000001C2
:10AFB0000100101101C0A188000402058584A14090
:10AFC0000102004120A003C00040000800110082DF
:10AFD00001010000000000100000092191009120F3
:10AFE0009100000000000040008900000004000102
:10AFF0000001000000000000000008002000A0C0C8
:10B000000810090009A004000820000011018408AC
:10B010008885C1020800080010A04100400084009B
:10B020000800099082008800A04009030800090078
:10B0300010000900000110000800C1030500100005
:10B040004000C1C00000000090001100048004A175
:10B05000020802200000000400800002A108200471
:10B060001000104100000002008000C01100022109
:10B070002102214100000000000000020040000009
:10B08000800000841040A1800840098000009011D9
:10B0900004804185C1008000A000800003000008FA
:10B0A00000008000030000024000800083918000C7
:10B0B0008800800003000010080080008391900544
:10B0C000000080008380000503000000030440A00E
:10B0D0004002030204088000090090000000000004
:10B0E000848003000000088900082089A021052031
:10B0F00000410840204000000000008000000000E7
:10B100008000038000800000000085000000000037
:10B1100040050041042040410080801000000003F1
:10B120000000008000850003008080000080008314
:10B130000000000000000003000800008080008381
:10B14000008000801080000300800002108009034E
:10B1500011C1009001900391100088001100A0001F
:10B16000008889080088028800C0000501A020909E
:10B1700000010000010104010090008400A0088883
:10B180000008108441A0041000829004090290A0DD
:10B1900000000182020210C1C1C100100420828897
:10B1A000000300C00008008400A10040100008C097
:10B1B0000009A0000000000000010001908840A0EC
:10B1C0000811000408020840000900040088A18456
:10B1D00001A1010000210101000000040084000021
:10B1E00000008840908208918888080088C000008C
:10B1F000200000000001000100000010000000001D
:10B200000000822184000440A0A0029105090201EF
:10B210004102000003889002A10011C0004100001B
:10B220000000000803010400A00188048304A0407A
:10B2300010008400010101000000008883000288E2
:10B24000020010C0C10102A04000C0038300A1C0E1
:10B250001000C09020000209084005000080000096
:10B260000000000000800000800800800000000056
:10B27000000000004100024120202000008000006A
:10B2800000000000000300000000808011038440E3
:10B29000042141800000830211058208C0000040A3
:10B2A0000900000000000308000003400080830044
:10B2B000090000000041032110000000000083008D
:10B2C0000000090000800302C000800080880300A5
:10B2D00089008000808000000013C2000060000030
:10B2E0000013C20000000A004013C20000000088E2
:10B2F0000000C2000000000000000000000000008C
:10B3000000000000000000000013000006600000C4
:10B3100000000000420000000000001300000000D8
:10B32000000000000000000000000000000000001D
:10B330008100001300000000000000000000000079
:10B3400011000013000000000000001300000000C6
:10B3500000000013000000000F66FF3CE7CF24CF81
:10B3600000000000000000000000000000000000DD
:10B37000000000007E180909F737C7077E187E18FD
:10B3800000000000000000000000000000000000BD
:10B39000670366000000000000000F00FFFF0000D0
:10B3A000800000FF00FFF0F0FFFFF0F0FFFF00FF64
:10B3B000FFFF00FFFFFF0000FFFF00FFFFFF000097
:10B3C000FFFFF0F0FFFFC3C3FFFF00FFFFFF000020
:10B3D000FFFF00FFFFFFF0F0FFFF0F66003CE70CF0
:10B3E000240C00000000000000000000000000002D
:10B3F00000000000000000000000F434C4046F6F7F
:10B40000090900000000000000000000000000002A
:10B410000000660066000000000000000F00200031
:10B420000000000000FF00FFF0F0FFFFF0F0FFFF62
:10B4300000FFFFFF00FFFFFFFFFFFFFF00FFFFFF19
:10B44000FFFFFFFFF0F0FFFFC3C3FFFF00FFFFFFA1
:10B45000FFFFFFFF00FFFFFFF0F0FFFF0000000015
:10B4600000000000000000000000000000000000DC
:10B4700000000000000000000000000000000000CC
:10B4800000000000000000000000000000000000BC
:10B4900000000000000000000000000000000000AC
:10B4A000000000000000000000000000000000009C
:10B4B000000000000000000000000000000000008C
:10B4C000000000000000000000000000000000007C
:10B4D00000000000000000000000000000004C4FD1
:10B4E0007C7F3CF03CF00000000000000000000009
:10B4F00000003C3C3C3C819998980000000052764A
:10B50000D3F7F0FF663C00000000000000000000E0
:10B510000000000000000000000060007C3C000013
:10B520000000FFFFFFFF3F3FFFFFC3C3FFFF0F0F01
:10B53000FFFFFF00FFFF0000FFFF0F0FFFFF0F0FD8
:10B54000FFFF0F0FFFFF0F0FFFFFFF00FFFF0F0FAA
:10B55000FFFFFF00FFFFC3C3FFFF9999FFFF0F0F1E
:10B5600040437073660066FF0000000000000000AA
:10B570000000000000F03C3C00188080000000004B
:10B58000103491B5F000663C00000000000000009F
:10B5900000000000000000000000000000003C3C33
:10B5A00000000018EFEFFFFF3F39FFFFC3C3FFFFAD
:10B5B0000F0FFFFFFF00FFFFFFFFFFFF0F0FFFFF5A
:10B5C0000F0FFFFF0F0FFFFF0F0FFFFFFF00FFFF2A
:10B5D0000F0FFFFFFF00FFFFC3C3FFFF9999FFFF9E
:10B5E0000F0FA08600F000B30000008600D0A0B0CE
:10B5F000000500A650F003F0040500865A74A0B8B8
:10B60000000500000000000300000086006000B09C
:10B61000000000860080008000000086006000B00E
:10B620000000000005860A800088008002C60160D4
:10B6300000B4494002C7016000B4494002C701E0BC
:10B640000384494002C7016000B4494002C701E0D9
:10B650000384494002C701800084494002C7018039
:10B6600000944940000000000535555500000000D9
:10B6700000000000AAAAAA3014551755FFFF3C3C51
:10B680000008820800000000000000000000000028
:10B690000C0C5D0C0000000000000100A0A00000E8
:10B6A0003C55FF0F0000AAAA200000051415000059
:10B6B00000001E1EAAFFFE7CD6543CFF4D4DFA0A28
:10B6C0003C3CFFFF003C0000000000000000AC3CE0
:10B6D000FFFA5555000FF02020200005003DA0A0E6
:10B6E000BCA004FF3CFF00000000053555550000DC
:10B6F000000000000000AAAAAA3014551755FF3C0C
:10B70000FF3C00088208000000000000000000006C
:10B7100000000C0C0C0C080000000000000030A021
:10B7200000003C55000F000020002000000500052F
:10B73000000000001E1E0055EA68C24000C34D4DC7
:10B74000FF00ACAC0000003C000000000000000066
:10B75000AC3C000A5555000FF00000000005000544
:10B76000A0A0BCA004FF04FF000000000000000037
:10B77000C0C0C30000000000AAE8AA28053555553E
:10B7800000000000000000000000000000000000B9
:10B790000000000000000000000080000000010028
:10B7A000BABAFF307D7D033F0000B0A0A0A000002A
:10B7B0003C3DFF08FF00287D5F5F000000005555FD
:10B7C00000FFFCC0FCC000FF0C0C00000000C31711
:10B7D000FF17E8FFE8C30005FF05B0303030005523
:10B7E000005DFFFFC00000005500000000000000E9
:10B7F00000008282C0C000000000AAE8AA28053527
:10B80000555500000000000000000000000000008E
:10B810000000000000000000000000000000000028
:10B8200000000000FF004141033F00003000000025
:10B830000000000508080000287D0A0A000000003A
:10B840003C3C0F0FBEBE828200FF0C0C00000000CB
:10B8500000173C17E83CE8000005FF05A0000000C9
:10B860000000000CC000C0000000550084A02004AF
:10B87000040484A02000000080A0A1001111800118
:10B880000811A0901100000000000000000000005E
:10B890002100210000000084000000002010200092
:10B8A0000000040000000000000000100000410043
:10B8B000000000000010000021A080002000000017
:10B8C00000000000404010000000000800000001DF
:10B8D0000200C00204002040040080000810400064
:10B8E00002000000412000400000000080202100F4
:10B8F000910401002100010004002000200000400C
:10B90000044001C0090004008200000000000000A3
:10B910000000000000050000000000000000010021
:10B920000100040000000000000000000000000012
:10B9300000000005000000000000000020000100E1
:10B9400000000000000085910000840000800000DD
:10B95000000401004180010000800000040001009B
:10B960000000010000000080008000000000048052
:10B9700000000000000000000002000000080000BD
:10B980000084000000900091000000000000000012
:10B990000000000000840000000000000000000023
:10B9A0000000000000000000000000000000000097
:10B9B00000C0000000200000000000000001200086
:10B9C00000000000000000002000008200A0000035
:10B9D0008001000080038021802100000000000021
:10B9E0000411000100000000000000000001002020
:10B9F00080001010000000000000008300000080A4
:10BA000000000000004100000040000000110000A4
:10BA1000000000080000000000000000000000001E
:10BA200000000008A000000000000000000000006E
:10BA3000000000000000008000000000000000087E
:10BA4000010000000010000000080110001190101B
:10BA5000200010400010108240A004A00010000040
:10BA6000000005A0004000000000001100000040A0
:10BA70000080042120839001404110840001049142
:10BA8000800400820008000082820082040003A07B
:10BA900000C000000000008203001000030000004E
:10BAA00041001000000004008500030010000300A6
:10BAB000000000C000008040C1108000C1001000E4
:10BAC000000000000303000000002084400000008C
:10BAD000000800C008C00385020084038420880099
:10BAE000204020090021000200C00320108803C06C
:10BAF00000410883008801200404C0840100000480
:10BB00000404408000000000080003000000000062
:10BB1000C021000082210021000000000000000080
:10BB2000000000001000000040002000C0100021B4
:10BB3000841040210021000020022003201020005A
:10BB40000110000040210084901140028500000592
:10BB500000000000002100000040910041A005808D
:10BB600002008580C10400A0009000000000114088
:10BB7000002190C082200005A00102014000800148
:10BB800020882000040110000000000000010001D6
:10BB90001100000009000000000000000000020089
:10BBA0000000000000001000000002002000201033
:10BBB0000000000000001100000020102000900094
:10BBC000004002C020080200020241000008800478
:10BBD00005014020028404400000910080010421FE
:10BBE000042100A000008210031008090200C10116
:10BBF000C10900C0080205900001024001408421F3
:10BC0000024000214102012000000000C00000406D
:10BC100010400011002100000000000000000000A2
:10BC20000000040000000000000000000000000010
:10BC300001000000000000000000000001100100F1
:10BC400008009000010000800100009000000080CA
:10BC5000028010020100010004C000100210400226
:10BC6000918201A00000C0000400029000409100F9
:10BC7000040808200021000000008410008400A0B7
:10BC80000904800000000500000180088300100105
:10BC90009000800000080082410008080000038234
:10BCA0000000000010000000000000000000000084
:10BCB0000500000000004000090000000000050031
:10BCC000000010A0100200000000030009A0800284
:10BCD00000A00802808541000304000011C010107C
:10BCE0004082842184218084028900C088100584D8
:10BCF00002824110410000020800050000A100037B
:10BD0000000800A104008800002100082003200092
:10BD1000000420002000002010000000102110006E
:10BD2000100010008400C00000100000000010216E
:10BD30000000001000104041850840000000000095
:10BD400088210000C01000104000A008A00284213B
:10BD500010001000000020020041840220020000B8
:10BD60002000000041A005A0202002044002201075
:10BD7000040001000010C00008800000004102081B
:10BD8000008204820020020488200084000802004F
:10BD900000400020008880000008009000824108D8
:10BDA000000000400000004011400400410000007D
:10BDB000000002000000000004101100048841840B
:10BDC000000000C009002008A010004005830540C5
:10BDD00002001000412002400411110009C04184FA
:10BDE000050000004090842008C020080000028464
:10BDF000000408100000C1400490000008824100C7
:10BE0000000000080100008288801000000000800F
:10BE1000C0002000008000000204820008400000F2
:10BE20000000000000000000000000000000000012
:10BE300000000000000000000000000000000020E2
:10BE400000000000000000000100030002000008E4
:10BE500000000100000000000000000400000009D4
:10BE600002000009001085000580000001000004A8
:10BE700000000080C0000008040004001000000062
:10BE800000000003008021000900000003004000C2
:10BE90008000000080808000200000000000000082
:10BEA0000000000000000000000000000000000092
:10BEB0000000000002024120004141030000000098
:10BEC00000000000000000C0808221A041418003EA
:10BED000830440400002800304400241004182008C
:10BEE0008000050040000308804003A04140200579
:10BEF000800480A00300090080000080020003800D
:10BF0000040000801000A002A0A0820800C0000071
:10BF1000010002000000048282880288008800007C
:10BF20000000000000000000000000000000000011
:10BF300000000000000001010001000101000000FC
:10BF4000000000000000000020834009000400A061
:10BF500084012005000500008401C10100000001EA
:10BF600041000400000000000102048809890091DA
:10BF7000209084C1408801A004888410A088000219
:10BF8000A04000C0028801C008914101041002A035
:10BF90000000001000C000010201200040001089D4
:10BFA0000000000000000000000000000000000091
:10BFB0000000000000000000000000080021010057
:10BFC00001000000000000000000000000000191DE
:10BFD00000A0200090082088050088008988910032
:10BFE0002100080089009190088288010404C0891A
:10BFF0000340C000C082044108054000080008005A
:10C000001040900184000400C0828240C0108380F0
:10C010004041000000880091002080100041000095
:10C020008020000000000000000000000000000070
:10C03000000000000000000000004000418020419E
:10C040001000100020000500200000000005030083
:10C0500002214141000011808803080008001000FF
:10C060004009080090050800020011802002858028
:10C070000385A0000002A0000940A01103112100C7
:10C08000820082802003A0001000858000809080C4
:10C090009080000000200800001000200080200098
:10C0A000038000000000000000000000000000000D
:10C0B0000000000000000000000000004009002017
:10C0C0000009080300000000000000000000030356
:10C0D0008041C0118005408405880002851141041B
:10C0E000008500888388000800830090008210A0EB
:10C0F00080208088820302110002202003000008B3
:10C100000090008280840005008380C080082004A5
:10C11000A1A0858420829000000000010000A020E2
:10C12000909090200020000000000000000000001F
:10C1300000000000000000000000000000000000FF
:10C1400000010000000000000000000000000000EE
:10C15000008802A108A0020801050104000990A0BE
:10C1600000400011008508100009000800840084C8
:10C170000102C0C110C188200108C005110001C022
:10C1800000019008020888100090C01002A040C171
:10C190000489A08484000800000000200000000042
:10C1A000820810848400900000000000000000005D
:10C1B000000000000000000000000000000000007F
:10C1C000010001410100000000000000000000002B
:10C1D00000004184898282014000010900A0010120
:10C1E0000002000801A00100004002019001A0012E
:10C1F000049009A189A09100882082082003900161
:10C2000090008200020040018400828484000201C8
:10C21000A000800300208011000041000280020085
:10C2200020008080800080000000000000000000EE
:10C2300000000000000000000000000000000000FE
:10C240000000200020201011030000000003002146
:10C2500000000000C0809008031083000803110054
:10C260000921400004034100090040008020002013
:10C2700000100009032105840205C000A080090800
:10C280002003000080008040802180008080002109
:10C290000003000000000013C20041000000001372
:10C2A000C200000000820013C2000A00000000006B
:10C2B000000000000000000000000000000000007E
:10C2C0000000000000000000C200000000000000AC
:10C2D00000000000000000000013C2000000008801
:10C2E0000000C200410000810000C2000000000008
:10C2F00000000000005000810013C2002184810072
:10C300000013C200006011000013000000001100C3
:10C310000013000042500000000000000000000078
:10C3200000007D7D55FF00000000000000000000BF
:10C3300000000000000000000000000000000000FD
:10C34000000000000000003C043C00000C5D000008
:10C350000000000000000000000A3C3E00000F0F3B
:10C360004D4DC3FF3030303F03033F3F0F000F3CC4
:10C3700000000000436B577F7F5F003C2800E8C04F
:10C38000000005000010001000000000550F550FC0
:10C39000000000000000000000000000000000009D
:10C3A000002800087D7D55FF00000000000000000F
:10C3B000000000000000000000000000000000007D
:10C3C00000000000000000000000040400000C0C4D
:10C3D00000000000000000000000000A3C3E003C9D
:10C3E0000F3F4D4D003C3030303F14D714D70F0075
:10C3F0000F3C00000000022A163E3F0F003C2800C0
:10C4000028000000000000000000000000003C00C8
:10C410003CFF000000008000000000000000FFBEA4
:10C42000FFFA000000000000000000000000000013
:10C4300000000000000000000000000000000000FC
:10C44000000000000000000000003C203C003828F4
:10C45000282800000000EAAAC0000000FFC0C0C0F9
:10C46000FF00FFA0AFA03C3CF0FF00FFFC3CAAAFE8
:10C470003030FF0000000000FF0FF000200000003F
:10C48000FFFFF0800000000000A00000000000009E
:10C49000F0AAFF3C00000000F2F082000000000063
:10C4A0000014005000000000000000000000000028
:10C4B000000000000000000000000000000000007C
:10C4C000000000000000000000000000202000002C
:10C4D0003000000000000000AAAA00000000FF00D9
:10C4E00000000000A0A0FF003A3AF00000000C3C61
:10C4F000AAA03030FF00000000003A3A3A3A0000AB
:10C500000000FFFF8080A00000000000000000008D
:10C510000000F0AA003C00000000F0F00000A0863F
:10C5200050F0A0B00005A18650F000B80005A09E14
:10C5300050FCA0B0A00500000000000000000000BA
:10C5400000000000000000000000000000000000EB
:10C55000001000000000000000000000008000004B
:10C560000086003000B0000000860A7C00B00000A9
:10C5700000860A7C00B000000086006000B8000061
:10C58000058600EC00800080008600F0038000003B
:10C59000008600E003880000008600E003880000B9
:10C5A000FFFFFFFF3F3F3FFF0000000000000000D3
:10C5B000FFFFFF7F0000008000000000000000007F
:10C5C000000000000000000000000000000000006B
:10C5D000000000000000000000000000000000005B
:10C5E0000000C300C70500410F4F0000000000001D
:10C5F0000000000000002D2D2D2DFFFF010005057E
:10C60000AFAFFB79BA38053D0000AAAA3F30FFFF63
:10C610000C0C3C3CAFA0FF00FF0F7D28F0F000FFAA
:10C620000C0CFFFF30A03F7F3F7F000000000000A8
:10C630000000DFFFFFFF000000000000000000001E
:10C6400000000000000000000000000000000000EA
:10C6500000000000000000000000000000000000DA
:10C6600000000000C300C20000000F0F0000000027
:10C67000800000000000000000AA55FFFFFF050039
:10C6800014BE14BED351921000000000FA0A3C3CC4
:10C6900000000C0CFC0CAAAA0000000FFF00B4B4B0
:10C6A00000FF0C0CFFFFFABEFFFF000000000000BF
:10C6B00000000000FFFFFFFFC000000000000000BE
:10C6C000000000000000000000000000000000006A
:10C6D000000000000000000000000000000000005A
:10C6E000000000000000FFFF010000000000000F3C
:10C6F000000F000000000000000058F85DFD000081
:10C700000000503F5F3FFDADF8A800080A0A78FF1F
:10C7100078AA0F0F003CFCC0FCC03C003C0FFA7D27
:10C72000507D0F0F003CFFFFAAAA3FFF030000004F
:10C73000000000000000FDFFFFF7C0000000000047
:10C7400000000000000000000000000000000000E9
:10C7500000000000000000000000000000000000D9
:10C760000000000000000000AFAF0000000000006B
:10C77000000F000F800000000000000008A80DADB1
:10C780000000000050305F305D0D580800080008C0
:10C79000785578000F0F003CEBEB28283C003C0F4D
:10C7A000FA2850280F0F003C000000000000000095
:10C7B000000040A000002000000000000000000079
:10C7C0000000002000108000000000002000000099
:10C7D0000004000000000000000000000000000055
:10C7E0000000000000002000000000A00000000089
:10C7F0000090000000000000200000002000000069
:10C80000202000000090000000000900000020002F
:10C810004100000002000000000041000000000490
:10C820002090000000004000008220020000000074
:10C83000000000002000A005002100000000000012
:10C8400000000000008000800400000000000000E4
:10C8500000000000000000000000000000000000D8
:10C8600000000000000000000000000000000000C8
:10C870000000C00000000000820000000200020072
:10C8800000000000000000000000020000000000A6
:10C89000000000008800000000000400000000000C
:10C8A0000000820000000200000000000000000004
:10C8B00000000000000000000000000800000084EC
:10C8C0000000000000010000000100000000000066
:10C8D0000000000000000000000000000000000058
:10C8E00000000000000000000000000800800000C0
:10C8F00000004100000000000000000000000000F7
:10C900000000000000000000000000900000000097
:10C910000000000000000000000000000000000017
:10C92000000000840000000000000000000800007B
:10C9300000080000000000000000001100110011BC
:10C9400000110000000000020000000800000000CC
:10C9500000000000000000000000000000000000D7
:10C9600000001000000000000000000000000000B7
:10C970000000900004000000000000000000000023
:10C9800000000000000000000000000000000000A7
:10C990000000000000000000000000000000000097
:10C9A0000000002000000020000000000000000542
:10C9B0001100038200A00000000000080008000031
:10C9C0000082000000000000000000410000004163
:10C9D0000000000000000000000010000000100037
:10C9E0000000000000000000050000000000000042
:10C9F0000000000000000400090000000000030027
:10CA0000008200C00000000000000082210004003D
:10CA100010000000000000000000210003000000E2
:10CA20002190050003004100080003000000000001
:10CA300005000003000000030009000000210000C1
:10CA400000410003102100000000000000880000E9
:10CA50000090000000000000000000000000000046
:10CA600000000000000000000000002100000000A5
:10CA70000005000000000200020002004021024107
:10CA8000000000210020004000210010A040000014
:10CA9000C00000050009020040108409A008002120
:10CAA0000000A0000003A0008400000384098400AB
:10CAB0004000000202001000000010000200000010
:10CAC0000000020020000020000000000000000024
:10CAD0000000000000000000000000000000000056
:10CAE0000000000002004000000000000000000004
:10CAF00000080000000000200000002000200000CE
:10CB0000000002880040000000000000000000005B
:10CB100000000008004000000090212000200200DA
:10CB2000000002000082000000002040020000001F
:10CB3000000008400940A005900088084000000857
:10CB4000000810080008000000200000000000009D
:10CB500000200002000000000000000000000000B3
:10CB600000000000000000000000040000000000C1
:10CB70000000040020000000002000000000000071
:10CB80000000400200048800400000002003000074
:10CB9000000988030200100300008800020000035F
:10CBA00000000200900000000000100000111021A1
:10CBB000000000000000001100080000000000005C
:10CBC00000004100050000000000000000C000005F
:10CBD0000002104000000000000000000000000003
:10CBE0000000000000000000000000000000000045
:10CBF0000000000000000000000000000000000035
:10CC00000200000000000000000000A00000000082
:10CC100000000000000000000210000000000300FF
:10CC200000000000000002000000000008000000FA
:10CC30000000000000000000000000058400000863
:10CC400084110000000800080000A0000000000897
:10CC500000210080008000000000000000000000B3
:10CC60000000000000000000000040000400000080
:10CC7000880800030000002100000000C000C00080
:10CC80000000002190050021002000030002080997
:10CC9000080808000800000088000809900000004B
:10CCA0000000A0088803842090000000A003A000DA
:10CCB0000000A011820000000002880000000000B7
:10CCC000200000884100100000A00008000000C003
:10CCD00000900900000000080000000200000000B1
:10CCE0000000000000000000000000000200000042
:10CCF0000000000000000000000000000000000232
:10CD00000000009000000000000000000008008803
:10CD10000010000000820020009000881000000039
:10CD2000090000000000040000000882000020004C
:10CD30000940000010004100400021000282000074
:10CD40000000C00082210000000888088808000058
:10CD50000000000000000000008000000000000053
:10CD600000000000000000000000000000000000C3
:10CD7000000000000000000000000000200900008A
:10CD8000000000000000040000000000000400009B
:10CD9000200400210000000000000400000010201A
:10CDA00088009000002104000000840000000404BA
:10CDB000000088009020880090210040C00484205A
:10CDC00000008300008083C10000030080C183C194
:10CDD0000300830000090341000003008082020079
:10CDE0000000000000000000000000000000000043
:10CDF0000000000000000000000000000000000033
:10CE00000000000000000000000000000000000022
:10CE10000000000000000000000000000000000012
:10CE20000000000000000000000000000000000002
:10CE300000000000000000000000000000000000F2
:10CE400000000082838200C083C10082018282C10F
:10CE500083C101A04182000001010282018202C15E
:10CE600000000000000000000000000000000000C2
:10CE700000000000000000000000000000000000B2
:10CE800000000000000000000000000000000000A2
:10CE90000000000000000000000000000000000092
:10CEA0000000000000000000000000000000000082
:10CEB0000000000000000000000000000000000072
:10CEC000000000008200A082008300008282838232
:10CED0000083C082C08302830083C10082008382FA
:10CEE00000830104000000000000000000000000BA
:10CEF0000000000000000000000000000000000032
:10CF00000000000000000000000000000000000021
:10CF10000000000000000000000000000000000011
:10CF20000000000000000000000000000000000001
:10CF300000000000000000000000000000000000F1
:10CF400000000000000000008080008300000080DE
:10CF5000028000838080028303A00083C10005005B
:10CF600002800083418000000000000000000000FB
:10CF700000000000000000000000000000000000B1
:10CF800000000000000000000000000000000000A1
:10CF90000000000000000000000000000000000091
:10CFA0000000000000000000000000000000000081
:10CFB0000000000000000000000000000000000071
:10CFC000000000000000000000020000830280005A
:10CFD00000000000838203C10040000083020000C3
:10CFE000000000008300800000000000000000003E
:10CFF0000000000000000000000000000000000031
:10D000000000000000000000000000000000000020
:10D010000000000000000000000000000000000010
:10D020000000000000000000000000000000000000
:10D0300000000000000000000000000000000000F0
:10D040000000000000000000000000010082838357
:10D05000C0000000008283C101C10083008283837D
:10D06000020000000084C1824000000000000000B7
:10D0700000000000000000000000000000000000B0
:10D0800000000000000000000000000000000000A0
:10D090000000000000000000000000000000000090
:10D0A0000000000000000000000000000000000080
:10D0B0000000000000000000000000000000000070
:10D0C000000000000000000000000000838301C099
:10D0D00001C1000082820182C183C0838382010179
:10D0E00001830000828200400101C0A00000000016
:10D0F0000000000000000000000000000000000030
:10D10000000000000000000000000000000000001F
:10D11000000000000000000000000000000000000F
:10D1200000000000000000000000000000000000FF
:10D1300000000000000000000000000000000000EF
:10D14000000000000000000000000000000002835A
:10D15000410002C1000000800480C18380830284FA
:10D1600041030283000000800080210300020000D0
:10D1700000000000000000000000000000000000AF
:10D18000000000000000000000000000000000009F
:10D19000000000000000000000000000000000008F
:10D1A000000000000000000000000000000000007F
:10D1B000000000000000000000000000000000006F
:10D1C000000000000000000000000000000000005F
:10D1D00000000000000012420000000000001242A7
:10D1E00081480013C20012420000000000001242F9
:10D1F000000000000000000000000000000000002F
:10D20000000000000000000000000000000000001E
:10D21000000000000000000000000000000000000E
:10D2200000000000000000000000000000000000FE
:10D2300000000000000000000000000000000000EE
:10D2400000000000000000000000000000000000DE
:10D2500000000000000000000000000000000000CE
:10D2600000000000000000000000000000000000BE
:10D2700000000000000000000000000000000000AE
:10D28000000000000000000000000000000000009E
:10D29000000000000000000000000000000000008E
:10D2A000000000000000000000000000000000007E
:10D2B000000000000000000000000000000000006E
:10D2C000000000000000000000000000000000005E
:10D2D000000000000000000000000000000000004E
:10D2E000000000000000000000000000000000003E
:10D2F000000000000000000000000000000000002E
:10D30000000000000000000000000000000000001D
:10D31000000000000000000000000000000000000D
:10D3200000000000000000000000000000000000FD
:10D3300000000000000000000000000000000000ED
:10D3400000000000000000000000000000000000DD
:10D35000000000000000AEDE000000000000000041
:10D3600000000000000000000000000000000000BD
:10D37000000000007B7500000000000000000000BD
:10D38000000000000000000000000000000000009D
:10D39000000000000000000000000000000000008D
:10D3A000000000000000000000000000000000007D
:10D3B000000000000000000000000000000000006D
:10D3C000000000000000000000000000000000005D
:10D3D0000000000000000000866FC0020000000096
:10D3E0000000408C07000000000000003002000038
:10D3F000000000004003F661000000000000000093
:10D40000000000000000000000000000000000001C
:10D41000000000000000000000000000000000000C
:10D4200000000000000000000000000000000000FC
:10D4300000000000000000000000000000000000EC
:10D4400000000000000000000000000000000000DC
:10D450000000000000000000000000010040000982
:10D460000408000100010008802100000090000075
:10D4700000000000000000000000000000000000AC
:10D48000000000000000000000000000000000009C
:10D4900000000000400040000000000000400000CC
:10D4A0008000002100004008000000000040000053
:10D4B0000400C020800000040404910080080041A2
:10D4C00020042102C000A00483A000008008000006
:10D4D0000000040000000020002020000040048024
:10D4E00000C00080000820080080048800000004BC
:10D4F000000000000000000000000000000000002C
:10D500000004000000000000000000000000000017
:10D51000000000000000000000000000000000808B
:10D52000000004000090000000000000C000008027
:10D53000000001002080200000800080200010807A
:10D540000088018000802000028020000000200070
:10D550000000900001000000008004800100000134
:10D560000000042000010000000000000000000096
:10D5700000000000000000000000000000000000AB
:10D58000000000000000000000000000000000009B
:10D59000000800000000000000000000000000C0C3
:10D5A00000000000000080000000000000000000FB
:10D5B0000000000000080000000000000000000063
:10D5C0000000000000000001000000410008000011
:10D5D0000000000000020000000000000000000148
:10D5E0000020002101800020000300000000000056
:10D5F000000000000000000000000000000000002B
:10D60000000000000000000000000000000000001A
:10D6100000000010000000000000000000000000FA
:10D6200000000000000000000400000000000000F6
:10D6300000000000000200000000000000000000E8
:10D6400000000000000000009020000000C000006A
:10D6500000000000000000000000000000000000CA
:10D660000020000000000008000880000082000088
:10D670000088000000100082000000001000000080
:10D68000000000000000000000000000000000009A
:10D69000000000000000000000000000000000008A
:10D6A000000000000000000000000020000000005A
:10D6B0000000000000848000000804082000200012
:10D6C0008000A00880090001002080010000824045
:10D6D0000004A08900082000200020A08020002055
:10D6E00010200420000800000000000002001000CC
:10D6F000000000000000000000000000000000002A
:10D700000000000000000000000000000000000019
:10D7100000000000000000000000000000410000C8
:10D7200000000000000000000000880000800000F1
:10D730000021000000008200200000000100010024
:10D74000010520000300108800080080201004005C
:10D750000380008009040000010011000100048022
:10D76000C080008001800000200100000000000057
:10D7700000000000000000000000000000000000A9
:10D780000000000000000000000000000000000099
:10D790000000000000000000000000000000800009
:10D7A0004000000000000000040120000000020012
:10D7B000400041000000110020010000000088002E
:10D7C000030000004000000005010001840020214A
:10D7D00011002001200000000400200004001000BF
:10D7E00004000000000020000000002000000000F5
:10D7F00000200000000000000004000000400000C5
:10D800000000000000000000000000000000000018
:10D810000000000000000000000000000000040004
:10D8200010000000400084000000044020000000C0
:10D83000020000208220000000210140840800082E
:10D840000508900000000020C000000800400521ED
:10D8500003900000014000000000010000000108EA
:10D86000C00001030000000000000083200000044D
:10D870008008000020000004008800000000000074
:10D880000000000000000000000000000000000098
:10D890000000000000000000000000000000000088
:10D8A0000000000000000000000000000000024036
:10D8B0000400001000004110000000000000C10042
:10D8C000000841004100108403012110850104007B
:10D8D0000000C100410480402100800000000000E1
:10D8E0000088100000820088000020090004010068
:10D8F0000080400000000100008084000000C000A3
:10D900000000000000000000000000000000000017
:10D910000000000000000000000000000000000007
:10D9200000000005000000000000000000000000F2
:10D93000018001000090000000000000A000000035
:10D94000020000000000000000000040000002088B
:10D9500000000000040000A1028000000200000896
:10D960000000000000009000000000000104000022
:10D9700000002008080800050082000400000000E4
:10D98000000000080000000000000000000000008F
:10D990000000000000000000000000000000000087
:10D9A0000000000004000000000000000000000073
:10D9B0000000800000000000000040000082110014
:10D9C00000000208402040400300000002840000E4
:10D9D00000000000842040204000108421820004C8
:10D9E00000080400200000040082040010081090C9
:10D9F00000000000000001000040000000000000E6
:10DA00000000000000000000000000000000000016
:10DA10000000000000000000000000000000000006
:10DA200000000000000000000003000040000000B3
:10DA30000000040002048800042082084010002135
:10DA4000902100000500040000000000000000001C
:10DA50000003000500004000032000020000040055
:10DA60000000000001001000000004000000000899
:10DA7000200088030482822000A0888300820003A3
:10DA80000083000000000000000000000000000013
:10DA90000000000000000000000000000000000086
:10DAA0000000000000000000000000000000000076
:10DAB00000000000008000002100000000000000C5
:10DAC00000000000020482038091114140400000E8
:10DAD000000403108003800400C18083020300411E
:10DAE000C00400101088082085112011008000005B
:10DAF000040004808990200405900085210200051F
:10DB0000A010000200000000000000000000000063
:10DB10000000000000000000000000000000000005
:10DB200000000000000000000000000000000000F5
:10DB3000000000000000000800829140004000004A
:10DB40000000000000004189848802880120030150
:10DB500084000000010184038490A08890200000CC
:10DB6000400040000001A121098540A00090020270
:10DB70000004A04000409040900090C00940000088
:10DB80000008010801000000000000000000000083
:10DB90000000000000000000000000000000000085
:10DBA0000000000000000000000000000000000075
:10DBB0000020000000000000200084000888882168
:10DBC00000000000000000000200C1A108898809CF
:10DBD000830002040411A100040010C01000899108
:10DBE000000000A0000100A00800C1C0830108914E
:10DBF0008500028411004182030983202080890866
:10DC0000080003C1108009090000000000000000A6
:10DC10000000000000000000000000000000000004
:10DC200000000000000000000000000000000000F4
:10DC30000000000000410000000080118000008012
:10DC4000001100000000000000004011A02003C1EE
:10DC5000419140002100809010009140408080055B
:10DC600008400205008004202100A00920802141F5
:10DC70000940900085000503898011C104A0092096
:10DC8000C0A0800300118203C00300000000000058
:10DC90000000000000000000000000000000000084
:10DCA0000000000000000000000000000000000074
:10DCB0000000000000000000000000000080800064
:10DCC0000000008000000000000000002002802012
:10DCD0008221C085050000A020840310404000057B
:10DCE000890885C0028500400084001005C0A0207E
:10DCF00000C00382808000C10283802088031188D5
:10DD0000C020838240000800400041000000000065
:10DD10000000000000000000000000000000000003
:10DD200000000000000000000000000000000000F3
:10DD300000000000000000000000000000000020C3
:10DD40001000088800100000000000000000000320
:10DD500082018989411000820011010401C1014042
:10DD60008801208990090020008500049041000965
:10DD7000C18504094120200200080404409082214A
:10DD8000204020002008008801040000000000005E
:10DD90000000000000000000000000000000000083
:10DDA0000000000000000000000000000000000073
:10DDB0000000000000000000000001000100000061
:10DDC00082402000400040000000000000000000F1
:10DDD000820240210200A0000020008400A101A0D6
:10DDE0008384C0408301080082400402C101900086
:10DDF00005C18541890140408900C105C00002C0BC
:10DE00008040008000020080038004800303030040
:10DE10000000000000000000000000000000000002
:10DE200000000000000000000000000000000000F2
:10DE300000000000000000000300050008002000B2
:10DE40000000800000008000800000000000000052
:10DE50000000890083044008080011C10404001078
:10DE60001080828010801021C00080000441212198
:10DE7000020084030888100403000200A040A105EA
:10DE8000918012420013C220008200820013C2203F
:10DE90000000000000000000000000000000000082
:10DEA0000000000000000000000000000000000072
:10DEB0000000000000000000000000000000000062
:10DEC00000000000810000130000000000000000BE
:10DED0000000000011000013C2004200000000001A
:10DEE000C200004811820013C200000000000013AD
:10DEF000C200000000000013C2000A8200000013EC
:10DF0000C20000600000000066663606FF003F3079
:10DF100066276624000000000000000000000000EA
:10DF200000000000000000000000000000000000F1
:10DF30000000000000000000000000004F0F0F0F65
:10DF400000000000000000000000000000000000D1
:10DF50000000000000002F000F003E060000180027
:10DF6000000000000000000000003C0F000F08004F
:10DF70000800020000002C0C24002C0C2400676612
:10DF80006666000000000000000066663606FF00BE
:10DF90000F0066276624000000000000000000005B
:10DFA0000000000000000000000000000000000071
:10DFB000000000000000000000000000000042001F
:10DFC0000000000000000000000000000000000051
:10DFD0000000000000000000240000000606000011
:10DFE0000000000006000000000000103C0F000FC1
:10DFF00000000000020000000C0C00000C0C0000EF
:10E00000030000000000F00000000000000000001D
:10E010000000000000000000000000000000000000
:10E0200000000000000000000000000000000000F0
:10E0300000000000000000000000000000000000E0
:10E0400000000000000000000000000000000000D0
:10E0500000000000000000000000000000000000C0
:10E0600000000000000000000000000000000000B0
:10E0700000000000000000000000000000000000A0
:10E0800000000000000000000000666666660C00EC
:10E09000FCFF606C66660000FFFF000000000000EF
:10E0A0000000000000000000000000000000000070
:10E0B0000000000000000000000000000000000060
:10E0C0000000000000000000000000000000000050
:10E0D000000000000000000000000000002000FF21
:10E0E00000F000F4000010100000000024BDF0F06B
:10E0F000FFFF30300000300000000018000020FF5B
:10E100000000F0F400000000000F818F0CFC666638
:10E110000000F0FF606C6666000CF0FC0000000080
:10E1200000000000000000000000000000000000EF
:10E1300000000000000000000000000000000000DF
:10E1400000000000000000000000000000000000CF
:10E15000000000000000000000000000000000209F
:10E1600000200000002400000000000020203C3CB3
:10E1700060F90000303000000000000000000000E6
:10E180002020000000240000000000008101A09E6B
:10E1900052FCA3B02005A09E50FCA0B020050000BA
:10E1A000000000000000000000000000000000006F
:10E1B000000000000000000000000000000000005F
:10E1C000000000000000000000000000000000004F
:10E1D000008600E003800000000000000000000056
:10E1E000008600F0038000000086007000B0000090
:10E1F00001860AFC03800000008200F000B00000ED
:10E2000000860090008000000086008000800000F2
:10E210000003FDFFBEFFFCFF000000000000000047
:10E2200000000000000000000000000000000000EE
:10E2300000000000000000000000000000000000DE
:10E2400000000000000000000000000000000000CE
:10E250000000BE82F0F05500553C000000000000B8
:10E260000000FFF3EA2AFF00FF3C00000000FF006F
:10E27000FF00FFEBF270FF00FF3C7FFF100000008B
:10E2800000000000000000000000F0F000000003AB
:10E2900055570000FDFFFFFFFFFF000000000000DA
:10E2A000000000000000000000000000000000006E
:10E2B000000000000000000000000000000000005E
:10E2C000000000000000000000000000000000004E
:10E2D00000000000AAAAF3305500553C00000000E1
:10E2E000000000000C00EA2A0000003C00000000D2
:10E2F000FF30FF001400F2700000003C7FFF0000C0
:10E30000800000008000000000000008FCF03C00DD
:10E3100000035557FB00F3000000FCFD0000100057
:10E3200000000000000000000000000000000000ED
:10E3300000000000000000000000000000000000DD
:10E3400000000000000000000000000000000000CD
:10E35000000000000000FB3BF8380F0F003C0000FD
:10E36000000000000000FCFCEB280F0F003C000048
:10E37000000000F00000FCFCC0C00F0F003C0000DB
:10E380000000000000004000000000000000F0F06D
:10E39000FCF0141414F4EB00C3000000F0F50000CE
:10E3A000101000000000000000000000000000004D
:10E3B000000000000000000000000000000000005D
:10E3C000000000000000000000000000000000004D
:10E3D0000000000000000000CB0BC8080F0F003C3D
:10E3E0000000000000000000C0C0EB280F0F003C40
:10E3F0000000000000B00000EB28EB280F0F003CED
:10E400000000000000000000000000000000000804
:10E4100000003C00141414F4000000080000110077
:10E4200000000000000000000000000000004000AC
:10E4300000000000000000000000000000000400D8
:10E4400000000000000000000000000000000400C8
:10E4500000000000000000A000008000C000C0001C
:10E460008000800000000001840100000000000026
:10E4700004020000800080000000004082000001D3
:10E4800080100000800080000000000000020000FA
:10E490000400000000000000000000000000000078
:10E4A000000000000000000000000000000000006C
:10E4B0000000000400000000000000000000000058
:10E4C000000000000000000000000000000000004C
:10E4D00000000000000000000000000020002000FC
:10E4E00004002010020000000020051000000000C1
:10E4F0000000008000004000400000000080030099
:10E50000002004A100004000400000000000008046
:10E5100000000000000000000000000000000000FB
:10E5200000000000000000000000000000000000EB
:10E5300000000000000000000000000000000000DB
:10E5400000000000000000000000000000000000CB
:10E5500000000000000000000000000000C00000FB
:10E5600000000000000000000000000000000000AB
:10E57000000000000000000000000000000000009B
:10E58000000000000001000000000000000000008A
:10E59000000000000000000100000000000000007A
:10E5A000000000000000000000000000001000005B
:10E5B0000000000000000000000200020002000055
:10E5C0000000000000000000000000000008000043
:10E5D000000000000000000000000000000000003B
:10E5E000000000000000000000000000000000002B
:10E5F000000000000000000000000000000000001B
:10E6000000100000000000020000000000000000F8
:10E6100000000000000000000002000000000000F8
:10E6200000000000000000000000000000000001E9
:10E63000000000A00000000000000000000000003A
:10E6400000000000000000000000000000000000CA
:10E6500000000000000000000000000000000000BA
:10E6600000000000040004008400000020400001BD
:10E670002020000040000000000000820000000098
:10E6800040C00002400000000000000000C0030085
:10E6900000010000000000020002000080000000F5
:10E6A0000000000300000000000000000000000364
:10E6B0000004000000210000000000000000000035
:10E6C000000000000000000000000000000000004A
:10E6D000000000000000000000000000000000003A
:10E6E000000000000000010001002100000001C145
:10E6F0000004018000008500C000C0000000840507
:10E700000021010300800100100000000010000043
:10E71000840000020000C000C080C08000034000F0
:10E7200000030000000000000000000000000000E6
:10E7300000000000000000000000000000000000D9
:10E7400000000000000000000000000000000000C9
:10E750000000400000004000000000000000000039
:10E760000000800000004000000040001000000099
:10E770000001000000000000000040010000000057
:10E7800000004000000000014000100004014000B3
:10E790001100000010000000000000000000000058
:10E7A0000000400000000000000000000000000029
:10E7B0000000000000000000000000000000000059
:10E7C0000000000000000000000000000000000049
:10E7D0000000000000000000000000000000000039
:10E7E0000000000010000000000000000000000019
:10E7F0000021004000000000000000400002000076
:10E800000000004000000020004000000000002048
:10E8100000000000000000000000000000000000F8
:10E82000000000000100000000880000000041001E
:10E8300080008000000100000000000000000000D7
:10E8400000000000000000000000000000000000C8
:10E8500000000000000000000000000000000000B8
:10E860000000000000004100000000000000000166
:10E8700090000000000004000000000200A0000062
:10E880000000400000000000008200000000841032
:10E89000080000000000410000000002000000002D
:10E8A0000000000000000000C1000000840510000E
:10E8B0002000200020001004C00000000000000024
:10E8C0001000000000000000000000000000000038
:10E8D0000000000000000000000000000000000038
:10E8E0000000000300000000000000000010000015
:10E8F000000404000003000001000000C0850000C7
:10E90000840000210110000300030000000010003B
:10E910004105010000000000000084000083840025
:10E92000C0008421C003C00000004000008200003D
:10E9300000000000000000000000000000000020B7
:10E9400000000000000000020000000000000000C5
:10E950000000000000000000000000004000000077
:10E960000000000000000000040000000000200083
:10E970000400200009000202028840080002009002
:10E9800020000082000000000040000002020000A1
:10E9900000000908022000021100028202080000A3
:10E9A000000000000000000000000900212000001D
:10E9B0000000000000000000000000000000000057
:10E9C0000000000000000000000000000000000047
:10E9D0000000000000000000000000000000000037
:10E9E0000000000000000000000000000000000027
:10E9F0000100010000000000010000000000000014
:10EA000000410004000400000000000000000000BD
:10EA100000000000000000800080000000004000B6
:10EA200000000000000000000000000000000000E6
:10EA300000000000000000000000000000000000D6
:10EA400000000000000000000000000000000000C6
:10EA500000000000000000000000000000000000B6
:10EA600000000000000000000000000000000000A6
:10EA700000000582201102830291111000412188BB
:10EA80000521000300050000000000030000002134
:10EA9000100000830380218020000003000000009C
:10EAA00000210003004000000000000300000021DE
:10EAB0004100000000000000000000000000000015
:10EAC0000000000000000000000000000000000046
:10EAD0000000000000000000000000000000000036
:10EAE0000000000000000000000000000000000026
:10EAF00000000000902100029140014040A100A0D0
:10EB0000A1880020000100000000000000010000BA
:10EB100000000100000300200388019000010000B4
:10EB200000000000000100010000000000010000E2
:10EB300000000000000000000000000000000000D5
:10EB400000000000000000000000000000000000C5
:10EB500000000000000000000000000000000000B5
:10EB600000000000000000000000000001000000A4
:10EB700000000000000082000020A020218340014E
:10EB800084841001028300000000000001000000E6
:10EB9000000000000100900084002000C109000076
:10EBA0000000000001000000000000000100000063
:10EBB0000000000001000000000000000000000054
:10EBC0000020000000200000000000000000000005
:10EBD0000000000000000000000000000000000035
:10EBE0000000000000000000000000000000200005
:10EBF000050003004100000000002000A1A1C19019
:10EC0000A003C1C19009A191000000000000030011
:10EC10000000030000000300001180000000839149
:10EC200000000500000003000000000021000300B8
:10EC300000000000000003000000000000000000D1
:10EC40008000000002000000000000000000000042
:10EC500000000000000000000000000000000000B4
:10EC600000000000000000000000000000000000A4
:10EC70000000000000000000000020A00011A1A181
:10EC80008080030300C100880321000000410000D0
:10EC9000000300000000000000034100808000002D
:10ECA0000083004000000000000300000005000099
:10ECB000000300000000000000030000000000004E
:10ECC00000008200000001000000000000000000C1
:10ECD0000000000000000000000000000000000034
:10ECE0000000000000000000000000000000000024
:10ECF0000000000000000000000000000040C08490
:10ED0000A0201020000084C0200340A0A00000002C
:10ED100000000001000000000000000100001002DF
:10ED200090C000C1000100000000000100000000D0
:10ED300000000001000000000000000100000000D1
:10ED400000000000000200020000000000000000BF
:10ED500000000000000000000000000000000000B3
:10ED600000000000000000000000000000000000A3
:10ED7000000000000000000000000000000004038C
:10ED80008290A00008828388C02184004000010096
:10ED900000000000000001000000000000008300EF
:10EDA00004202000400001000000000000000100DD
:10EDB0000000010000000100000000000000000051
:10EDC00000000000000000000080000000000000C3
:10EDD0000000000000000000000000000000000033
:10EDE0000000000000000000000000000000000023
:10EDF00000000000000000000040000200000000D1
:10EE00009185111103038085A18041210421820095
:10EE10004000000000090000030011000000000095
:10EE200083008000801189000300000011000000B1
:10EE300003000000200000000300000000050300A4
:10EE4000000000000000000000420000C2000600B8
:10EE500000000000000000000000000000000000B2
:10EE600000000000000000000000000000000000A2
:10EE70000000000000000000000000000000000092
:10EE8000000000000013C200005011000013C20077
:10EE900042500000000000000000000000000000E0
:10EEA00000000A0000130000000000000000000045
:10EEB0000000000000000000000000000000000052
:10EEC0000000000000000000000000000000000042
:10EED0000000000000000000000000000000000032
:10EEE0000000000000000000000000000000000022
:10EEF0000000000000000000000000000000000012
:10EF0000000000000000050000100010000C050DBE
:10EF100000000C5D0000FFFF00000F0F000000FF6D
:10EF20000000FFFF00003C3C0000FFFF00000F0F4F
:10EF300000003C3C00000F0F00000F0F00003C3CA5
:10EF40000000FFFF000000000000000000000000C3
:10EF500000000000000000000000000000000000B1
:10EF600000000000000000000000000000000000A1
:10EF70000000000000000000000000000000000091
:10EF80000000000000000000000000000000000081
:10EF90000505000000550000FFFF00000F0F0000F6
:10EFA00000FF0000000000003C3C000000000000EA
:10EFB0000F0F00003C3C00000F0F00000F0F00007F
:10EFC0003C3C0000000000000000000000000000C9
:10EFD0000000000000000000000000000000000031
:10EFE0000000000000000000000000000000000021
:10EFF0000000000000000000000000000000000011
:10F000000000AA00BA3000000030000050000000EC
:10F010003C202020BA300000FF000000FFFF00006D
:10F02000F0F00000F0F00000FFFF0000FFFF000024
:10F030003C3C0000F0F00000FF000000FF0000007A
:10F04000F0F00000FFFF00000000000000000000E2
:10F0500000000000000000000000000000000000B0
:10F0600000000000000000000000000000000000A0
:10F070000000000000000000000000000000000090
:10F0800000000000AA00AA0000000000000000002C
:10F09000000020202020AA000000FF000000000047
:10F0A0000000F0F00000F0F00000000000000000A0
:10F0B00000003C3C0000F0F00000FF000000FF00FA
:10F0C0000000F0F000000000000000000000000060
:10F0D0000000A018501CA000A005000000000000C7
:10F0E0000000000000000000000000000000000020
:10F0F0000000000000000000000000000000000010
:10F10000000000000000000000000000008600B0C9
:10F1100000800000008600F0038000000240010033
:10F1200000044940024101000004494002C701E0D7
:10F1300003844940024101000004494002410100AA
:10F140000004494002410100000449400000000061
:10F1500000000000000000000000000000000000AF
:10F16000000000000000000000000000000000009F
:10F17000000000000000000000000000000000008F
:10F1800000000000000000000000000000003C0043
:10F190003C00003C507CFCC0AAAA5500550F000062
:10F1A0000000000000000000000000000000AABEF7
:10F1B000FCF05555000F00000000000000000000AA
:10F1C000000000000000000000000000000000003F
:10F1D000000000000000000000000000000000002F
:10F1E000000000000000000000000000000000001F
:10F1F000000000000000000000000000000000000F
:10F2000000000000000000000000000000000000FE
:10F21000FCF03C00003C507CF0F0EB285500550F12
:10F2200000000000000000000000000000000000DE
:10F23000AA82C0F05555000F000000000000000039
:10F2400000000000000000000000000000000000BE
:10F2500000000000000000000000000000000000AE
:10F26000000000000000000000000000000000009E
:10F27000000000000000000000000000000000008E
:10F28000000000000000000000000000000000007E
:10F290000000FFFF80003C3C3CBEE8E8E8E80F0FC0
:10F2A000003C000000000000000000000000000022
:10F2B0000000AAFFF03C0F000F3C0000000000001F
:10F2C000000000000000000000000000000000003E
:10F2D000000000000000000000000000000000002E
:10F2E000000000000000000000000000000000001E
:10F2F000000000000000000000000000000000000E
:10F3000000000000000000000000000000000000FD
:10F310000000000080008000000000AAFF3CC30045
:10F320000F0F003C00000000000000000000000083
:10F3300000000000AA00F03C0F000F3C000000009D
:10F3400000000000000000000000000000000000BD
:10F3500000000000000000000000000000000000AD
:10F36000000000000000000000000000000000009D
:10F37000000000000000000000000000000000008D
:10F38000000000000000000000000000000000007D
:10F39000000000000000000000000000000000006D
:10F3A000000000000000000000000000200000003D
:10F3B000000000000000000000000000110000003C
:10F3C0000000000000000000000000000400000039
:10F3D000000000000000000000000000000000002D
:10F3E000000000000000000000000000000000001D
:10F3F000000000000000000000000000000000000D
:10F4000000000000000000000000000000000000FC
:10F4100000000000000000000000000000000000EC
:10F4200000000000000000000000000000000000DC
:10F4300000000008000000110000000000000000B3
:10F4400000000000000000000000000000000000BC
:10F4500000000000000000000000000000000000AC
:10F46000000000000000000000000000000000009C
:10F47000000000000000000000000000000000008C
:10F48000000000000000000000000000000000007C
:10F49000000000000000000000000000000000006C
:10F4A000000000000000000000000000000000005C
:10F4B000000000000000000000000000000000004C
:10F4C000000000000000000000000000000000003C
:10F4D000000000000000000000000000001000001C
:10F4E000000000000000000000000000000000001C
:10F4F0000000000000000000000000000008000004
:10F5000000000000000000000000000000000000FB
:10F5100000000000000000000000000000000000EB
:10F5200000000000000000000000000000000000DB
:10F5300000000000000000000000000000000000CB
:10F5400000000000000000000000000000000000BB
:10F5500000000000000000000000000800000000A3
:10F560004100000000000000410000000000000019
:10F57000000000000000000000000000000000008B
:10F58000000000000000000000000000000000007B
:10F59000000000000000000000000000000000006B
:10F5A000000000000000000000000000000000005B
:10F5B000000000000000000000000000001000003B
:10F5C00041004100000000000000000000000000B9
:10F5D00000000000000000000000410000000000EA
:10F5E000000000000000000000000000000000001B
:10F5F000000000000000000000000000000000000B
:10F6000000000000000000000000000000000000FA
:10F6100000000000000000000000000000000000EA
:10F6200000000000000020000000000000000000BA
:10F6300000000003000000000000000000000000C7
:10F6400000000000000000000000000000000000BA
:10F65000000000000000100000000000000000009A
:10F66000000000000000000000000000000000009A
:10F67000000000000000000000000000000000008A
:10F68000000000000000000000000000000000007A
:10F69000000000000000000000000000000000006A
:10F6A0000000000000000000000000000000000258
:10F6B00000000000110011004000000000000000E8
:10F6C0000000000000000000000000000000090031
:10F6D000000000000000000020000000000000000A
:10F6E000000000000000000000000000000000001A
:10F6F000000000000000000000000000000000000A
:10F7000000000000000000000000000000000000F9
:10F7100000000000000000000000000000000000E9
:10F7200000000000000000000000000000000000D9
:10F7300000000000000000000000000000000000C9
:10F7400000000000000000000000000000000000B9
:10F7500000000000000000000000000000000000A9
:10F760000000000000000000000000000000000099
:10F770000000000000000000000000000000000089
:10F780000000000000000000000000000000000079
:10F790000000000000000000000000000000000069
:10F7A0000000000000000000000000000000000059
:10F7B0000000000000000000000000000000000049
:10F7C0000000000000000000000000000000000039
:10F7D0000000000000000000000000000000000029
:10F7E0000000000000001000000000000000000009
:10F7F0000000000000000000000000000000000009
:10F8000000000000000000000000000000000000F8
:10F8100000000000000000000000000000000000E8
:10F8200000000000000000000003000300080000CA
:10F8300000000003000384000000000084000000BA
:10F84000000300000008000000000000C0080021C4
:10F850000000000000008410000000000000000014
:10F860000000000000000000000000000000000098
:10F870000000000000000000000000000000000088
:10F880000000000000000000000000000000000078
:10F890000000000000000000000000000000000068
:10F8A0000000000000000000000000000000000058
:10F8B0000200000000004000008400000000000082
:10F8C0001100000000000000000000000000000027
:10F8D0000400000000000000000200000000000022
:10F8E0000000000000000000000000000000000018
:10F8F0000000000000000000000000000000000008
:10F9000000000000000000000000000000000000F7
:10F9100000000000000000000000000000000000E7
:10F9200000000000000000000000000000000000D7
:10F9300000000000000000000000000000000000C7
:10F9400000000000000000000000000000000000B7
:10F9500000000000000000000000000000000000A7
:10F960000000000000000000000000000000000097
:10F970000000000000000000000000000000000087
:10F980000000000000000000000000000000000077
:10F990000000000000000000000000000000000067
:10F9A0000000000000000000000000000000000057
:10F9B0000000000000000000000000000000000047
:10F9C0000000000000000000000000000000000037
:10F9D0000000000000000000000000000000000027
:10F9E0000000000000000000000000000000000017
:10F9F0000000000000000000000000000000000007
:10FA000000000000000000000000000000000000F6
:10FA100000000000000000000000000000000000E6
:10FA200000000000000000000000000000000000D6
:10FA300000000000000000000000000000000000C6
:10FA400000000000000000000000000000000000B6
:10FA500000000000000000000000000000000000A6
:10FA60000000000000000000000000000000000096
:10FA70000000000000000000000000000000000086
:10FA80000000000000000000000000000000000076
:10FA90000000000000000000000000000000000066
:10FAA0000000000000000000000000000000000056
:10FAB00000000000000000000090000000000000B6
:10FAC0000000000000000000000000000000000036
:10FAD00000A0000000000000000000000000000086
:10FAE0000000000000000000000000000000000016
:10FAF0000000000000000000000000000000000006
:10FB000000000000000000000000000000000000F5
:10FB100000000000000000000000000000000000E5
:10FB200000000000000000000000000000000000D5
:10FB300000000000000000000000000000000000C5
:10FB40000000000000000000000000002000000095
:10FB500000000000000000000000000000000000A5
:10FB60000000000000000000000000000000000095
:10FB70000000000000000000000000000000000085
:10FB80000000000000000000000000000000000075
:10FB90000000000000000000000000000000000065
:10FBA0000000000000000000000000000000000055
:10FBB0000000000000000000000000000000000045
:10FBC0000000000000000000000000000000000035
:10FBD0000000000000000000000000000000000025
:10FBE0000000000000000000000000000000000015
:10FBF0000000000000000000000000000000000005
:10FC000000000000000000000000000000000000F4
:10FC100000000000000000000000000000000000E4
:10FC200000000000000000000000000000000000D4
:10FC300000000000000000000000000000000000C4
:10FC400000000000000000000000000000000000B4
:10FC500000000000000000000000000000000000A4
:10FC60000000000000000000000000000000000094
:10FC70000000000000000000000000000000000084
:10FC80000000000000000000000000000000000074
:10FC90000000000000000000000000000000000064
:10FCA0000000000000000000000000000000000054
:10FCB0000000000000000000000000000000000044
:10FCC0000000000000000000000000000000000034
:10FCD0000000000000000000000000000000000024
:10FCE0000000000000000000000000000000000014
:10FCF0000000000000000000000000000000000004
:10FD000000000000000000000000000000000000F3
:10FD100000000000000000000000000000000000E3
:10FD200000000000000000000000000000000000D3
:10FD300000000000000000000000000000000000C3
:10FD400000000000000000000000000000000000B3
:10FD500000000000000000000000000000000000A3
:10FD60000000000000000000000000000000000093
:10FD70000000000000000000000000000000000083
:10FD80000000000000000000000000000000000073
:10FD90000000000000000000000000000000000063
:10FDA0000000000000000000000000000000000053
:10FDB0000000000000000000000000000000000043
:10FDC0000000000000000000000000000000000033
:10FDD0000000000000000000000000000000000023
:10FDE0000000000000000000000000000000000013
:10FDF0000000000000000000000000000000000003
:10FE000000000000000000000000000000000000F2
:10FE100000000000000000000000000000000000E2
:10FE200000000000000000000000000000000000D2
:10FE300000000000000000000000000000000000C2
:10FE400000000000000000000000000000000000B2
:10FE500000000000000000000000000000000000A2
:10FE60000000000000000000000000000000000092
:10FE70000000000000000000000000000000000082
:10FE80000000000000000000000000000000000072
:10FE90000000000000000000000000000000000062
:10FEA0000000000000000000000000000000000052
:10FEB0000000000000000000000000000000000042
:10FEC0000000000000000000000000000000000032
:10FED0000000000000000000000000000000000022
:10FEE0000000000000000000000000000000000012
:10FEF0000000000000000000000000000000000002
:10FF000000000000000000000000000000000000F1
:10FF100000000000000000000000000000000000E1
:10FF200000000000000000000000000000000000D1
:10FF300000000000000000000000000000000000C1
:10FF400000000000000000000000000000000000B1
:10FF500000000000000000000000000000000000A1
:10FF60000000000000000000000000000000000091
:10FF70000000000000000000000000000000000081
:10FF80000000000000000000000000000000000071
:10FF90000000000000000000000000000000000061
:10FFA0000000000000000000000000000000000051
:10FFB0000000000000000000000000000000000041
:10FFC0000000000000000000000000000000000031
:10FFD0000000000000000000000000000000000021
:10FFE0000000000000000000000000000000000011
:10FFF0000000000000000000000000000000000001
:020000040002F8
:1000000000000000000000000000000000000000F0
:1000100000000000000000000000000000000000E0
:1000200000000000000000000000000000000000D0
:1000300000000000000000000000000000000000C0
:1000400000000000000000000000000000000000B0
:1000500000000000000000000000000000000000A0
:100060000000000000000000000000000000000090
:100070000000000000000000000000000000000080
:100080000000000000000000000000000000000070
:100090000000000000000000000000000000000060
:1000A0000000000000000000000000000000000050
:1000B0000000000000000000000000000000000040
:1000C0000000000000000000000000000000000030
:1000D0000000000000000000000000000000000020
:1000E0000000000000000000000000000000000010
:1000F0000000000000000000000000000000000000
:1001000000000000000000000000000000000000EF
:1001100000000000000000000000000000000000DF
:1001200000000000000000000000000000000000CF
:1001300000000000000000000000000000000000BF
:1001400000000000000000000000000000000000AF
:10015000000001000000000000000000000000009E
:10016000000000000000002000000100000000006E
:10017000000000000000000000000000000000007F
:10018000000000000000000000000000000000006F
:10019000000000000000000000000000000000005F
:1001A000000000000000000000000000000000004F
:1001B000000000000000000000000000000000003F
:1001C00000000000000000000000000000000040EF
:1001D000000000000000000000000000000000001F
:1001E00000000000000000400000000002000000CD
:1001F00000000000000000000000000000000000FF
:1002000000000000000000000000000000000000EE
:1002100000000000000000000000000000000000DE
:1002200000000000000000000000000000000000CE
:1002300000000000000000000000000000000000BE
:1002400000000000000000000000000000000000AE
:100250000000000008000000000000000000000096
:100260000000000000000000000000000900000085
:10027000000000000000000000000000000000007E
:10028000000000000000000000000000000000006E
:10029000FFFFFFFFFFFFFFFFFFFFFFFFFFFFFFFF6E
:1002A000FFFFFFFFFFFFFFFFFFFFFFFFFFFFFFFF5E
:1002B000FFFFFFFFFFFFFFFFFFFFFFFFFFFFFFFF4E
:1002C000FFFFFFFFFFFFFFFFFFFFFFFFFFFFFFFF3E
:1002D000FFFFFFFFFFFFFFFFFFFFFFFFFFFFFFFF2E
:1002E000FFFFFFFFFFFFFFFFFFFFFFFFFFFFFFFF1E
:1002F000FFFFFFFFFFFFFFFFFFFFFFFFFFFFFFFF0E
:10030000FFFFFFFFFFFFFFFFFFFFFFFFFFFFFFFFFD
:10031000FFFFFFFFFFFFFFFFFFFFFFFFFFFFFFFFED
:10032000FFFFFFFFFFFFFFFFFFFFFFFFFFFFFFFFDD
:10033000FFFFFFFFFFFFFFFFFFFFFFFFFFFFFFFFCD
:10034000FFFFFFFFFFFFFFFFFFFFFFFFFFFFFFFFBD
:10035000FFFFFFFFFFFFFFFFFFFFFFFFFFFFFFFFAD
:10036000FFFFFFFFFFFFFFFFFFFFFFFFFFFFFFFF9D
:10037000FFFFFFFFFFFFFFFFFFFFFFFFFFFFFFFF8D
:10038000FFFFFFFFFFFFFFFFFFFFFFFFFFFFFFFF7D
:10039000FFFFFFFF00000000000000000000000061
:1003A000000000000000000000000000000000004D
:1003B000000000000000000000000000000000003D
:1003C000000000000000000000000000000000002D
:1003D000000000000000000000000000000000001D
:1003E000000000000000000000000000000000000D
:1003F00000000000000000000000000000000000FD
:1004000000000000000000000000000000000000EC
:1004100000000000000000000000000000000000DC
:1004200000000000000000000000000000000000CC
:1004300000000000000000000000000000000000BC
:1004400000000000000000000000000000000000AC
:10045000000000000000000000000000000000009C
:10046000000000000000000000000000000000008C
:10047000000000000000000000000000000000007C
:10048000000000000000000000000000000000006C
:10049000000000000000000000000000000000005C
:1004A000000000000000000000000000000000004C
:1004B000000000000000000000000000000000003C
:1004C000000000000000000000000000000000002C
:1004D00000000000000000000000002000000020DC
:1004E000000000000000000000000000000000000C
:1004F00000000000000000000000000000000000FC
:1005000000000000000000000000000000000000EB
:1005100000000000000000000000000000000000DB
:1005200000002500000000000000000000000000A6
:1005300000000000000000000000000000000000BB
:1005400000000000000000000000000000000000AB
:10055000000000000000000000000000000000009B
:10056000000000000000000000000000000000008B
:10057000000000000000000000000000000000007B
:10058000000000000000000000000000000000006B
:10059000000000000000000000000000000000005B
:1005A000000000000000000000000000000000004B
:1005B000000000000000000000000000000000003B
:1005C000000000000000000000000000000000002B
:1005D000000000000000000000000000000000001B
:1005E000000000000000000000000000000000000B
:1005F00000000000000002000000000000000500F4
:1006000000000000050000000000000000000000E5
:1006100002000000000008000000000000000000D0
:1006200000000000000000000000000000000000CA
:1006300000000000000000000000000000000000BA
:1006400000000000000000000000000000000000AA
:10065000000000000000000000000000000000009A
:10066000000000000000000000000000000000008A
:10067000000000000000000000000000000000007A
:10068000000000000000000000000000000000006A
:10069000000000000000000000000000000000005A
:1006A0000000000000000400000000000000000046
:1006B000000000000000000000000000000000003A
:1006C000000000000000000000000000000000002A
:1006D000000000000000000000000000000000001A
:1006E00000400000000000000000000000000000CA
:1006F00000000000000000000000000000000000FA
:1007000000000000000000000000000000000000E9
:1007100000000000000000000000000000000000D9
:100720000000001002000400001000000000001093
:100730000000001000100000000000100000000089
:100740000010001000000000004100000000001038
:100750000000001000100000000000200000000059
:100760000041000000210000000000000000000027
:100770000008000000200020000000000000000031
:100780000000000000000000000000000000000069
:100790000000000000000000000000000000000059
:1007A0000000000000000000000000000000000049
:1007B00000900000000000000000000000000000A9
:1007C0000000000000000000000000000000000029
:1007D0000000000000000000000000000000000019
:1007E0000000000000000000000000000000000009
:1007F0000000000000000084000000000000000075
:100800000000000000000090000000000000000058
:1008100000000000000000000000000000000000D8
:1008200000000000000000000000000000000000C8
:1008300000000000000000000000000000000000B8
:1008400000000000000000000000000000000000A8
:100850000000000000000000000000000000000098
:100860000000000000000000000000000000000088
:100870000000000000000000000000000000000078
:100880000000000000000000000000000000000068
:100890000000000000000000000000000000000058
:1008A0000000000000000000000000000000000048
:1008B0000000000000000000000000000000000038
:1008C0000000000000000000000000000000000028
:1008D0000000000000000000000000000000000018
:1008E0000000000000000000000000000000000008
:1008F00000000000000000000000000000000000F8
:1009000000000000000000000000000000000000E7
:1009100000000001000021000500000000000000B0
:10092000050000000000410041000000A0000000A0
:1009300000000800000000000000000000000000AF
:100940000000100000000000000000000000000097
:100950000000000000000000000000000000000097
:100960000000000000000000000000000000000087
:100970000000000000000000000000000000000077
:100980000000000000000000000000000000000067
:1009900000000000A0200000000000000000000097
:1009A0000000000010000000000000000000000037
:1009B0000000000000000000000000000000000037
:1009C0000000000000000000000000000000000027
:1009D0000000000000000000000000000000000017
:1009E0000000000000000000000000000000000007
:1009F00000000000000000000000000000000000F7
:100A000000000000000000000000020000000000E4
:100A100003000000000000000000000000000000D3
:100A20000000020000000000030041000000000080
:100A300000000000000000000000000000000000B6
:100A400000000000000000000000000000000000A6
:100A50000000000000000000000000000000000096
:100A60000000000000000000000000000000000086
:100A70000000000000000000000000000000000076
:100A80000000000000000000000000000000000066
:100A90000000000000000000000000000000000056
:100AA0000000000000000000000000000000000046
:100AB0000000000000000000100000000000000026
:100AC0000000000000000000000000000000000026
:100AD0000000000000000000000000000000000016
:100AE0000000000000000000000000000000000006
:100AF00000000000000000000000000000000000F6
:100B000000000000000000000000000000000000E5
:100B10000000801000000000210000000000000024
:100B200005000000000000000000000000000000C0
:100B3000210008001000000000001000000000006C
:100B40000000840000000000000000000000000021
:100B50000000000000000000000000000000000095
:100B60000000000000000000000000000000000085
:100B70000000000000000000000000000000000075
:100B80000000000000000000000000000021000044
:100B900000000000048000000000000000000000D1
:100BA0000000000000000000000000000000004104
:100BB0000000000000000000000000000000000035
:100BC0000000000000000000000000000000000025
:100BD0000000000000000000000000000000000015
:100BE0000000000000000000000000000000000005
:100BF00000000000000000000000000000000000F5
:100C000000000000000000000000000000000000E4
:100C100000000000000000000000000000000000D4
:100C200000000000000000000000000000000000C4
:100C300000000000000000000000000000000000B4
:100C400000000000000000000000000000000000A4
:100C50000000000000000000000000000000000094
:100C60000000000000000000000000000000000084
:100C70000000000000000000000000000000000074
:100C80000000000000000000000000000000000064
:100C90000000000000000000000000000000000450
:100CA0000000000000000000000000000000000044
:100CB0000000000000000000000000000000000034
:100CC0000000000000000000000000000000000024
:100CD0000000000000000000000000000000000014
:100CE0000000000000000000000000000000000004
:100CF00000000000000000000000000000000000F4
:100D000000000000000000000000000000000000E3
:100D100000000000000000000000000000000000D3
:100D200000100100000000000008000000000000AA
:100D300000000000000000000000000000000000B3
:100D400000000000000000000000000000000000A3
:100D50000000000000000000000000000000000093
:100D60000000000000000000000000000000000083
:100D70000000000000000000000000000000000073
:100D80000000000000000000000000000000000063
:100D9000000000000000000000000000090000004A
:100DA0000000000040000000000000800000000083
:100DB0000000000000000000000000000000000033
:100DC0000000000000000000000000000000000023
:100DD0000000000000000000000000000000000013
:100DE0000000000000000000000000000000000003
:100DF00000000000000000000000000000000000F3
:100E000000000000000000000000000000000000E2
:100E100000000000000000000000000000000011C1
:100E20000000000004000002000004002000000098
:100E300000000000000000000000000000000000B2
:100E400000000000000000000000000000000000A2
:100E50000000000000000000000000000000000092
:100E60000000000000000000000000000000000082
:100E70000000000000000000000000000000000072
:100E80000000000000000000000000000000000062
:100E90000000000000000000000000000000000052
:100EA0000000000000000000000100000000010040
:100EB0000000000000000000000000000000000032
:100EC0000000000000000000000000000000000022
:100ED0000000000000000000000000000000000012
:100EE0000000000000000000000000000000000002
:100EF00000000000000000000000000000000000F2
:100F000000400000000000000000000000000000A1
:100F100000000000000000000000000000000000D1
:100F200000000010000000010000000000000000B0
:100F300000000000000000000000000000000000B1
:100F400000000000000000000000000000000000A1
:100F50000000000000000000000000000000000091
:100F60000000000000000000000000000000000081
:100F70000000000000000000000000000000000071
:100F80000000000000000000000000000000000061
:100F90000000000000000000000000000000000051
:100FA00000000000008000000002000000000000BF
:100FB0000000000000000000000000000000000031
:100FC0000000000000000000000000000000000021
:100FD0000000000000000000000000000000000011
:100FE0000000000000000000000000000000000001
:100FF00000000000000000000000000000000000F1
:1010000000000000000000000000000000000000E0
:1010100000000000000000000000000000000000D0
:1010200000000000000000000000000043C80000B5
:101030000000000043C800000000000000000000A5
:1010400000000000000000000000000000000000A0
:101050000000000000000000000000000000000090
:101060000000000000000000000000000000000080
:101070000000000000000000000000000000000070
:101080000000000000000000000000000000000060
:101090000000000000000000000000000000000050
:1010A0000000000000000000000000000000000040
:1010B0000000000000000000000000000000000030
:1010C0000000000000000000000000000000000020
:1010D0000000000000000000000000000000000010
:1010E0000000000000000000000000000000000000
:1010F00000000000000000000000000000000000F0
:1011000000000000000000000000000000000000DF
:1011100000000000000000000000000000000000CF
:1011200000000000000000000000400800000180F6
:101130000000000800000180000000000000000026
:10114000000000000000000000000000000000009F
:10115000000000000000000000000000000000008F
:10116000000000000000000000000000000000007F
:10117000000000000000000000000000000000006F
:10118000000000000000000000000000000000005F
:10119000000000000000000000000000000000004F
:1011A000000000000000000000000000000000003F
:1011B000000000000000000000000000000000002F
:1011C000000000000000000000000000000000001F
:1011D000000000000000000000000000000000000F
:1011E00000000000000000000000000000000000FF
:1011F00000000000000000000000000000000000EF
:1012000000000000000000000000000000000000DE
:1012100000000000000000000000000000000000CE
:1012200000000000000000000000000000000000BE
:1012300006100860000000000610082000000000F2
:10124000000000000000000000000000000000009E
:10125000000000000000000000000000000000008E
:10126000000000000000000000000000000000007E
:10127000000000000000000000000000000000006E
:10128000000000000000000000000000000000005E
:10129000000000000000000000000000000000004E
:1012A000000000000000000000000000000000003E
:1012B000000000000000000000000000000000002E
:1012C000000000000000000000000000000000001E
:1012D000000000000000000000000000000000000E
:1012E00000000000000000000000000000000000FE
:1012F00000000000000000000000000000000000EE
:1013000000000000000000000000000000000000DD
:1013100000000000000000000000000000000000CD
:1013200000000000000000000000000000000000BD
:1013300000000000000000000000000000000000AD
:10134000000000000000000000000000000000009D
:10135000000000000000000000000000000000008D
:10136000000000000000000000000000000000007D
:10137000000000000000000000000000000000006D
:10138000000000000000000000000000000000005D
:10139000000000000000000000000000000000004D
:1013A000000000000000000000000000000000003D
:1013B000000000000000002030103140000000203C
:1013C00000003140000000000000000000000000AC
:1013D000000000000000000000000000000000000D
:1013E00000000000000000000000000000000000FD
:1013F00000000000000000000000000000000000ED
:1014000000000000000000000000000000000000DC
:1014100000000000000000000000000000000000CC
:1014200000000000000000000000000000000000BC
:1014300000000000000000014000000280000001E8
:10144000400000000000000000000000000000005C
:10145000000000000000000000000000000000008C
:10146000000000000000000000000000000000007C
:10147000000000000000000000000000000000006C
:10148000000000000000000000000000000000005C
:10149000000000000000000000000000000000004C
:1014A000000000000000000000000000000000003C
:1014B00000000000000000000000909909000000FA
:1014C000000080890900000000000000000000000A
:1014D000000000000000000000000000000000000C
:1014E00000000000000000000400000000000000F8
:1014F00000000000000000000000000000000000EC
:1015000000000000000000000400000000000000D7
:1015100000000000000000000000100000000000BB
:101520000000000040000000000003000000000078
:10153000110040004000008211000400000008007B
:101540000000000008000000000000000000000093
:101550000800000000000000000000000000000083
:10156000000000000000000000000000000000007B
:10157000000000000000000000000000000000006B
:10158000000000000000000000000000000000005B
:10159000000000000000000000000000010000004A
:1015A000000000000000010000000000000000003A
:1015B0000000000001000100000000000000000029
:1015C0000100000000000100000000000000000019
:1015D000000001000000000000000000000000000A
:1015E00000001000000000000000000000000000EB
:1015F00000000000000000000000000000000000EB
:1016000000000000000000000000000000000000DA
:101610000000000000000000000000000040040086
:1016200000000011000000000000000400010000A4
:10163000800000000000000000000000000000C06A
:101640008001000100100000000000000000000008
:101650000000000000018001000000000000000008
:101660000021001001000000000000000000000048
:101670000040000000000000000002210000000007
:10168000000000100000000000000000000000004A
:1016900000410000001000100000000000000000E9
:1016A0000100001000020000000000000080004067
:1016B00000004041000000100010000090000000F9
:1016C00000000420004000000000900000000041E5
:1016D00000000000000000102020000000000000BA
:1016E00000040040004000400010004000000004E2
:1016F00000000010000000000000000000C000001A
:1017000000400000000000000000000000C00000D9
:1017100000000000000000000000000000000000C9
:1017200000000000000000000001000000000000B8
:101730000040004000A000000000000000C00000C9
:1017400000A08040004000000000000000200000D9
:10175000000000A000400000001000000020002059
:101760000000000000000000008000800000000079
:101770000000000000000000000000000000000069
:101780000000000000000000000000000000000059
:101790000010000000000000000000000000000039
:1017A0000000000000000000000000080000000031
:1017B0000000000000000000000000000000000029
:1017C0000000A0000200000088000000000000806F
:1017D00000000000000000000000108000000080F9
:1017E0000080100000000000000021000000000048
:1017F00000000000000000000000000100000000E8
:1018000000000000000000000000000000000000D8
:1018100000000000100000000000000000000000B8
:101820000000000000000000000100001020000087
:101830000000A004020040000000400040008000C2
:1018400004204001C000C00480014001000083006A
:1018500000000301000010018001000180A180014F
:10186000000480000000A0001000C000080000007C
:1018700000000000000000000800000088080000D0
:101880000000000000000000000000000000000058
:101890000000000000000000000000000000000048
:1018A0000000000000000000000000200000018097
:1018B00000000000058001000100A000830001007D
:1018C000040001850120050003A10420C120C002FD
:1018D000400000000020400000020240C00208104A
:1018E00004201080200000000000080241000200D7
:1018F00000000540004000050090000000000000CE
:1019000000100000000000000000001000000000B7
:1019100000000000000000000000001000000000B7
:1019200000000000000000000000000000000000B7
:1019300000000020110000000940094000002100C3
:101940000000040003040500000004824000009031
:10195000404000C004A00040002000002100090019
:1019600008100400009004200400000000000000A3
:1019700000000000008000000008000000000000DF
:101980000000000000000000000000000000000057
:101990000000000000000000000000000000000047
:1019A0000000000000000000000000000000000037
:1019B00000000000008000000000000000000000A7
:1019C0000000000000000000000000000000011105
:1019D0000000910000000100900000800000000065
:1019E00000000180010000000180010041C04100B1
:1019F000410010000000100000000000008400C042
:101A000000000010000000000000000000000000C6
:101A100000000000000000000000000000000000C6
:101A200000000000000000000000000000000000B6
:101A3000000080000000000000840000808410008E
:101A40000000030000008000218800000300410026
:101A500084000000219000200085008400004100E7
:101A600082400000800200218401080380050800F4
:101A7000C00084000800C00284001000A0110040D3
:101A80000000000000000000000000000000004016
:101A90000000000000000000000000000000000046
:101AA0000000000000000000000000000000000036
:101AB000000000000400000000000000000004100E
:101AC0000000000000410010040000000000004180
:101AD000A0410500A000000284C11002C000C02186
:101AE00000404180082108C11082050208A004823C
:101AF0000340000240020510000020004100008069
:101B000000000000000002000000000000000000D3
:101B100000000000000000000000000000000000C5
:101B200000000000000000000000000000000000B5
:101B3000000000000000000000000000000088001D
:101B4000030000030000000000000003000000008C
:101B500000110083088008800080000089001100C7
:101B600000000003000400000000000300004080AB
:101B7000000001018800010000000088C11001A0E0
:101B80000010000000000000000000000000000045
:101B90000000000000000000000000000000000045
:101BA0000000000000000000000000000000000035
:101BB0000000000000000000000000000000000025
:101BC0001100010000010000000000000001000001
:101BD0000200000040834008011000C0000008001F
:101BE000000000000401000000000000008390A03D
:101BF0000108000400000100010001000901C0000B
:101C0000A1008201010000000108000000000000A6
:101C100000000000000000000000000000000000C4
:101C200000000000000000000000000000000000B4
:101C300000000000000000020088004000000010CA
:101C4000000000080000000000000000010000A0EB
:101C5000008800020100C000A000838285A08211DC
:101C6000A000C0A09109080010840400899002011E
:101C7000A00008020583080040000500080090202D
:101C80001100850091050200100005800900000088
:101C90000000000000000000000000000000000044
:101CA0000000000000000000000000000000000034
:101CB0000000000000000000400040000000110093
:101CC0000080000011800000000000000000030000
:101CD0000000000011800300000800001080830055
:101CE00000030000808083C0800480000000038027
:101CF000002000208000039002C000090004104072
:101D000000880088804100100009002000020005C2
:101D100000000000000000000000000000000000C3
:101D200000000000000000000000000000000000B3
:101D30000000000000000000008000001000000013
:101D400000000083108400020003400000400000F7
:101D5000000300000800000800034000809000001D
:101D60000003008000110000008000000000050951
:101D7000000391000011038080030005000400C0EF
:101D800010050008C041820500A10000000100010B
:101D90000000000000000000000000000000000043
:101DA0000000000000000000000000000000000033
:101DB00000000000000000000000008000000100A2
:101DC00000009000000900890001C0090000000027
:101DD00000000001000001000000900188108889C7
:101DE000C0080089000800A000C0088200000000B0
:101DF0000100000182C0C0A0900810050000000191
:101E000000000000028484900884A0C00004000048
:101E100000000000000000000000000000000000C2
:101E200000000000000000000000000000000000B2
:101E30000000000000000000000000000080000022
:101E4000010000000000008200000004000001000A
:101E50000000000000000100000000000000918967
:101E60008884880040108201C000C000A0C08301A7
:101E700082000800C008890108A00400C082000098
:101E80000005000000000090001100C0800000006C
:101E9000000400100000000000000000000000002E
:101EA0000000000000000000000000000000000032
:101EB00000000000000000000000000000000080A2
:101EC0004000081100001100008000000000000028
:101ED00003000000000808000300000000000000EC
:101EE00003C0890000000080800380000011000012
:101EF0008310000000040080031080000011848023
:101F00000000000000002100000000000000008828
:101F100000000000000000000000000000000000C1
:101F200000000000000000000000000000000000B1
:101F300000000000000000000000000000000000A1
:101F40000000000000130000000000000013C200A9
:101F5000124200000000000000000000001300001A
:101F6000000000000013C200008100000013000008
:101F70008200000080130000000000004013C20037
:101F8000216000000000FF02FF4200000000F0F3AB
:101F9000FFFF00000000FF3C3C3C00000000000090
:101FA0000000000000000000000000000000000031
:101FB0000000000000000000000000000000000021
:101FC00000000000FF3C3C3C00000000000000005E
:101FD00000000000C3C3FFFF0F0F0000FFFF000061
:101FE000FF00000000FFFFFF0F0F000000000000D7
:101FF0000F0F0F0FFFFF0000FF0000003C3C000030
:102000000F0F00000000000002024242000000002A
:10201000F0F3FFFF000000003F3C3C3C00000000EC
:1020200000000000000000000000000000000000B0
:1020300000000000000000000000000000000000A0
:10204000000000000000FF00000000000000000091
:10205000000000000000C3C3FFFF0F0F00000000DE
:102060000000FF00000000FFFFFF0F0F0000000056
:1020700000000F0F0F0F00000000FF0000003C3CAD
:1020800000000F0F00000000000000000000000032
:102090000000000000000000000000000000000040
:1020A0000000000000000000000000000000000030
:1020B0000000000000000000000000000000000020
:1020C0000000000000000000000000000000000010
:1020D000000000000021800000000000000000005F
:1020E00000000000000000000000000000000000F0
:1020F00000000000000000000000000000000000E0
:1021000000000000000000006666666640FFF0FF09
:10211000000000000707000000000000383CB9BDC7
:1021200000000000000000000000000000000000AF
:10213000000000000000000000000000000000009F
:1021400000000000000000000000000000006060CF
:102150007C7C00000000FF00FF00FFFF000000008B
:10216000FFFF00003C3CFFFFFF000000FFFF0000FE
:1021700000FF000000000000FFFF000000FF000063
:10218000FFFF0000FFFF0000FFFF00000F3F40FFC8
:10219000F0FF00000000060F000000000000383CC7
:1021A00020240000000000000000000000000000EB
:1021B000000000000000000000000000000000001F
:1021C000000000000000000000000000000000000F
:1021D00060607C7C00000000FF00FF00FFFFFFFF4D
:1021E0000000000000003C3CFFFFFF00000000007A
:1021F000000000FF0000000000000000000000FFE1
:1022000000000000000000000000000000860060E8
:1022100000B000000086006000B000000000000078
:1022200000000000000000000000000000000000AE
:10223000000000000000000000000000000000009E
:102240000000000000000000000000000000018607
:10225000006000B00000008600E000B008400241CD
:1022600001000004494002C701E000B44940A2C790
:10227000012000B45140008600200084484002C381
:10228000016000B44940A2E75100A0C44D450000E0
:102290000000FB5FFA7FF5F07530040404040000D1
:1022A000000000000000000000000000000000002E
:1022B000000000000000000000000000000000001E
:1022C000000000000000000000000000000000000E
:1022D00000000000000000000000000005053D3D7A
:1022E00000000000000000000000000000000000EE
:1022F000FFFF3030FFFFFFEFFFEF3C0000000F0F4C
:102300004000BFFF00000000AFC3A000FAFFFA3C8E
:1023100000000000FBFFFAFFF5F07530070505052A
:1023200000000000000000000000000000000000AD
:10233000000000000000000000000000000000009D
:10234000000000000000000000000000000000008D
:102350000000000000000000000000000000050573
:102360003D3D0000000000000000000000000000F3
:102370000000FFFF7530FFFFFFFF00003C0000087A
:1023800005054000000000000000AFFFA0000000B5
:10239000003C0000000000000000500050100B0B3B
:1023A00001FF00000000000000000000000000002D
:1023B000000000000000000000000000000000001D
:1023C000000000000000000000000000000000000D
:1023D00000000000000000000000000000000000FD
:1023E00000000000000000000000000000000000ED
:1023F00000000000000000000F0F0F0F00000000A1
:10240000000000000000000000000000F5FFC5CF44
:10241000FFFFFF3C00000000000000008000902053
:102420000B0B00FF00000000000000000000000097
:10243000000000000000000000000000000000009C
:10244000000000000000000000000000000000008C
:10245000000000000000000000000000000000007C
:10246000000000000000000000000000000000006C
:10247000000000000000808080004F8FCFCF000060
:1024800000000C001C140000000080000000303030
:1024900000000500053C20000000000000000000D6
:1024A0001000000000000000000000000000090013
:1024B000000000000000000000000000000000001C
:1024C0000000000000001100200020002000090092
:1024D00000000000000000000000000000000000FC
:1024E00084400800200020000400000002000000DA
:1024F00011001100000000000040800802000201ED
:1025000000000400000008010400000000000000BA
:102510000000020000002000000000000000000099
:1025200000040100000000000000000000000000A6
:10253000000000000000000000000000000000009B
:102540000000000000000000000001000100010088
:10255000000000000000000000000000000000007B
:1025600000001180010001000100000000000100D6
:102570000000000000000000000000800280010058
:10258000002000000000000000200000000000000B
:10259000000000000000000001000000000000003A
:1025A00000000008100004080408000000000040BB
:1025B000000000000000000000010000000000001A
:1025C000000000008000800000008000000000206B
:1025D0000000000011000000000000C0000000002A
:1025E00000000001200000010001080100000000BF
:1025F00000010000000000000000000121000000B8
:1026000000000000801100010001800000010801AD
:10261000008800010005000000010000000000002B
:102620000000001000800100048000800010000005
:1026300000900010001000000000000800000021C1
:1026400000000010000020102010001020100010CA
:102650000090001004100000002000000000001096
:1026600000000000004001100004002000040010E1
:102670000410044004100420001000000008004171
:1026800000100000000004080008000420100040B2
:102690000040000000400084001000040000000121
:1026A00000000000000200000040000100000000E7
:1026B00000210000000000000010000000000010D9
:1026C0000000000000000002000000000000000008
:1026D00000A000000000000000000000000000005A
:1026E000000000000000000080008010800000005A
:1026F00000000084000080018001008282020084CA
:10270000020000020082020480098001802180050D
:102710000002000210C1000080C000010001002082
:1027200000100021A04010A00000C0A01040000038
:102730000005000200090000000000800000000009
:102740000000000000000000001000000000000079
:102750000000000000000000000000050000000074
:1027600000000000000000008800080020000400B5
:1027700000000000840000002040040800100585CF
:102780008805010000000005010404A00420208247
:1027900004A00000008000408221200010040040BE
:1027A00000800000000082001000100110001000E6
:1027B00000000000000100000000410000000000D7
:1027C00000000800118403008000000410000000D5
:1027D0000004000000A000000000000000820000D3
:1027E000000000000000000000000000A000042025
:1027F0000400200103000800008202004100800163
:1028000000000985C000000020000041900802403F
:1028100009000400000002000000041041010290C1
:1028200000A00201000000001100010000080011DA
:102830000000000000000040000000000005000053
:102840000000000000000000A00002000080000066
:1028500000000080000000000000000000000000F8
:102860000000001000000000000000000000050053
:1028700001800100092000008400000011000041D7
:102880001008C00000400500840901000004108009
:1028900000000000C100A000010000000980000449
:1028A0000000000008041040100402044120080049
:1028B00010201000080010C00000000010000000F0
:1028C00000000000034010000000000000000000B5
:1028D00000000000000000000000000000000000F8
:1028E00000000000000000000000001000000900CF
:1028F00004C020042000040105C000A003000284DD
:10290000100804000300418441004084800100203D
:1029100090C00000040110850000000000000304C6
:102920001000000500058401828000000100000005
:102930000120001000109010000002109000100004
:102940000000000000000080000000000000000007
:102950000000000000000000000000000000000077
:102960000000000000000000000000400000002106
:102970000004211089800110910400000000000073
:102980000100019001000010000004400500020257
:102990000004050084001104A0040000822100212D
:1029A00084800008C08400842104100002101000FC
:1029B0000200219010400300030000000004030403
:1029C00000000000100000002100000011000300C2
:1029D00000004100000000000300000000000000B3
:1029E00000000000001000C0000000000000000017
:1029F0000000000011102084009000040088038271
:102A000000840384100010820008000309200220C3
:102A1000032000000200000040002000009003009E
:102A2000089011C041000204009002200000010043
:102A30000000010000000080000000000000840091
:102A40000000000000000000001000000000000076
:102A5000000008000000000000000000000000006E
:102A60000000000000000000000000000000000066
:102A70008800000000000000010000050080000048
:102A8000001000000000010001000080008400C16F
:102A9000018000800200000500000100010000002C
:102AA000000000000800000000800000008080841A
:102AB0000204022008100509400509040541000030
:102AC000C000110000000000000020000000000015
:102AD00000000000000000000000000000000000F6
:102AE00000000000000000000000000000000000E6
:102AF000000000000800000083030088089140C027
:102B00008000000008000000000300419105090258
:102B1000040200000088048085C020049020044046
:102B200000009180118000800303410200400341B6
:102B30000482101100030104050484C100C00005D3
:102B4000000003000000000000000200010000007F
:102B50000000000000000000000000000000000075
:102B600000000000900000000000000000000000D5
:102B70000000000040000100000088900811018959
:102B80000084020084000000000002018400400173
:102B90000100A08400841011000489842020892170
:102BA000012100A00284000400C001000000A00177
:102BB00001004000A082C10182C0C1000382A14186
:102BC00082840900A000C10085840000010001008A
:102BD00000000000000000000000000000010000F4
:102BE00000010200000000000001000000000000E1
:102BF00000000000000000000000000009839000B9
:102C000089A183918300010141888400089000A07C
:102C100040908800A009048989080300850140C00C
:102C20000801C0C1C0400200910041880500A040D9
:102C30000540020089034185402082802041100028
:102C400088838290A0201000A000C0800400410072
:102C500040000941000000000000000000000020CA
:102C60000000004000000002000000200000000002
:102C7000000000000000000000000000000011093A
:102C8000030002C08209200020089000800040005C
:102C90004000A020080404C0C040A18003048505B2
:102CA000C180A002838982A084004000830082004A
:102CB0000280C08241000391808811C105092182F0
:102CC0000041800285050000000010000000008027
:102CD0000000000000800080000000800000000074
:102CE00000002000000000000000020000000000C2
:102CF00000000000000000000000000000000000D4
:102D0000090800401091038300000000000000004B
:102D100002C010020002410403C002880010C00378
:102D2000200580C1804191A00000808005008000C6
:102D3000031100020041854101900808014100048F
:102D4000019084C008904105000400A0008200A00A
:102D5000000800C000020082000800A0000800A0D7
:102D60000200000001000000A000000000000000C0
:102D700000000000000000000000009000900088AB
:102D80000090838908418908C18300080020004021
:102D900000900003010200C12140010200A000C018
:102DA000090301904040A083401000208204830466
:102DB00008040100000000014010910082418400DD
:102DC00004C08490A0100100A1C0C011A0000800A0
:102DD00008080000004000010000000000000000A2
:102DE00000000000000000000000000000100000D3
:102DF00000000000000000000000000000000000D3
:102E00000000000003890189110141C000C0008356
:102E1000000100020120000300000103C00089102E
:102E2000C000000003044120050021208220820010
:102E3000A000100400010102010001029000022024
:102E4000850810108389058320414080000200021C
:102E5000800280800000008400410000000000002B
:102E600000000000000000000000000000000080E2
:102E70000000000000000000000000000000000052
:102E80000000000000008388108489414180000018
:102E900000900002008003000205200920090900BB
:102EA000C0080010020083A089038941100080003F
:102EB000000200008080020940C121032080000040
:102EC000000000000A000000000000000084000074
:102ED00000000000000000000000000000000000F2
:102EE00000000000000000000000C200000012000E
:102EF0000013C200000000000000000000000000FD
:102F0000000000000000000000000013C2000041AB
:102F100000000000C200820000000013C200000098
:102F200000000013C200060000004013C2000000B1
:102F300000000013C280820000000013C200416044
:102F400001540101FFFF3F3C106D04BA80000000F6
:102F50000000000000000000000000000000000071
:102F60000000000000000000000000000000000061
:102F70000000000000000000000000000000000051
:102F8000000000000000000000007FFF5FFF003C29
:102F90000F0F00000000000000000FFFFFFFFFFF09
:102FA000FFFF3CFFFFFFC30A3C050004FFFFFEFEDE
:102FB000FE0E000000000000000030303C550CFC0C
:102FC0005CFC000101550000303C33CCCC330000E8
:102FD00000000000000000000000000000000000F1
:102FE00000000000000000000000000000000000E1
:102FF00000000000000000000000000000000000D1
:103000000000000000000000000000007FFF5FFFE4
:10301000003C0F0700000000000000000FFF7F7F52
:103020003FFFFFFF00FFFFFF000A000500005555AE
:103030000404040400000000000000003C3C3C5577
:1030400000FF50FF807080804143C282FFFFFC3C44
:1030500022FF00FF00000000F0FFF0F00000000081
:103060007D28550000000000000000000000000066
:103070000000000000000000000000000000000050
:103080000000000000000000000000000000000040
:10309000FFFFA0A0B0B000000000FFFFFFFFFF3C5B
:1030A000FFFFAEAAAAAA5555555514144141FD007B
:1030B000FC00F5FF303000000000C30F550FAFC318
:1030C000A0003FFF3FFFF0B080304143C3C3AAAA36
:1030D000AAAA3333333300000000808F80800000C1
:1030E0000000787850500000000000000000000050
:1030F00000000000000000000000000000000000D0
:1031000000000000000000000000000000000000BF
:1031100000008000A0A0B0A000000000FFFBFFFBAB
:10312000FF3CFFFE0C0000000000F0F000F0000F7C
:10313000FC00FC00C5CF000000000000C30F550FCD
:10314000AFFFA0003A0A300000860C6000B000001B
:103150000086006000B000000086006000B00080C3
:103160000086006000B000000086006000B0000033
:10317000A0005000A0000005A08650F0A1A000050E
:10318000000000000000000000000086006000B0A9
:103190000000A586002000A900000086007000B095
:1031A000800008860AE000B00005018600F000B249
:1031B000001005A60000008004000086006000B03A
:1031C0008010009600E00090A000FC00FC000005CC
:1031D0000005FFFFBEBE003030300080008F33FF9F
:1031E000127B00000000000FBCBC00000000C3F315
:1031F000C303000000000000000000000000000009
:1032000000000000000000000000000000000000BE
:1032100001FFFFFF2A2AAAAA0000FFFF000000000A
:10322000FFFFFFFF00000000FFFFFFFFFFA0A0A0C7
:10323000000F3C3FF5C3A0002C2C202F30002000B5
:103240000FFF8FFF00000000FFFF0000FFFFE828D6
:1032500010100005FF55BE140075757500800080C4
:10326000127B003300000000000CE6E600000000C6
:10327000C3F3C303000000000000000000000000D2
:10328000000000000000000000000000000000003E
:10329000000000000000AAAAAAAA00087D7D000084
:1032A00000007FFFFFFF000000000F0B0F0FFFA0CB
:1032B000A0A0000F3C3FF5FFA0003C3C303F0000C9
:1032C000000000FF82FF00000000FFFF00005A1115
:1032D00000C3040CFBF3000000005040F0C00000ED
:1032E00000001C3C1C3C000000000000000000002E
:1032F00000000000000000000000000000000000CE
:103300000000C3C3C3C300000000000000000000B1
:103310000000000000000000ABABABAB3C00435F23
:1033200000000000003C557D0000000000C3AAC35F
:10333000FCF03C000C0C0CFFEAFAE0F0F3FFA3AF4A
:10334000BC3CA000000020000000000000000000C5
:103350005A1100C3040CFBF302023E0200000000FD
:10336000000000000F050000000000000000000049
:10337000000000000000000000000000000000004D
:1033800000000000C3C3C3C3000000000000000031
:1033900000000000000000000000AAAFAFAF000076
:1033A0005F5F00000000003C557D0000000000C38E
:1033B000AAC3FCF03C000C0C0CFF4050E0F0000CE9
:1033C000000C3C3C000000002000000000008000D9
:1033D0000000000021842000001000820000000096
:1033E00000000000000200000000000004001000C7
:1033F00000000000000000000000000011000000BC
:10340000110000000000000000000000040008009F
:1034100004000000080000000000000000000000A0
:103420000000000009000900000021000000000069
:103430000200000004001100030002000900000067
:103440000300000004000400000004000000050068
:103450000200000000000400000000000000000066
:103460000400000000000000000000000000010057
:10347000010000000000000000000000000000004B
:10348000000000000000000000000000000000003C
:10349000010001000000000000000000000000002A
:1034A000000000000000000000000000000000001C
:1034B0000000000000000000000008000000000004
:1034C00000002000000000000000000000000000DC
:1034D0000000000000000000000021840000000047
:1034E00000900000000000000000000000008000CC
:1034F00080008000000000000000000000000000CC
:10350000000000000000000000000000000080003B
:1035100082000000880000C00000000000000000E1
:10352000000000000000000000000000000000009B
:10353000400010008000800000000000000000003B
:103540000010000000A008000000100010000000A3
:103550000002102100080821002100002010002096
:103560000000000000100010000082000010001099
:1035700040210200080090000000002104410021C9
:1035800000000000001000210000000000080011F1
:1035900040001100000002100000002100000000A7
:1035A0000041000000000041040000000000000095
:1035B0000021010001201000042000000000000094
:1035C00000000000000000000000000000000000FB
:1035D0000000009001C004800090088400100000EA
:1035E00041A0080021400004000000C005840090B4
:1035F00005000000000000000001000000400090F5
:10360000008400C0000000020002000000020090E0
:103610000040000000000000000300000000004027
:103620000000000000000000020000000040000058
:10363000009000000004000000000004008404006A
:103640000000008841000000004000400090000899
:103650000000000000000000001000400800000012
:10366000C0000800820000090020000010000000D7
:10367000840002000000000088000020000000001C
:10368000000000000000000000000000000000003A
:10369000000000000000000000000010000000001A
:1036A0000000000000000005000000000005000808
:1036B00000030000840040210003000040030000DC
:1036C0008200004120040441C020840088000000E2
:1036D0000000000000000000A0000080008000004A
:1036E0001000204008000000000000002000000042
:1036F0000000000000000000100000008800000032
:1037000000000000000000000000000000000000B9
:103710000000000000000000800010000000000019
:103720000000000005000000000000000000000094
:1037300002002100000000001100022000018011A1
:1037400008004184000000000000000000040800A0
:10375000100000A00500000000C0080003000000E9
:1037600082030800100000408200C0008400840032
:10377000000000000000080000000900A000030095
:10378000000000008811A000A000840000040005D3
:103790000000000000000000000004000000000025
:1037A0000000000000000000000000000000C02039
:1037B0000000022100000000000000001090001036
:1037C0000210A000020984000021A04002000804A9
:1037D000A000C00020418811040000008200000009
:1037E000000000900384000041020000000004007B
:1037F00000000000000000000000000000000000C9
:10380000081000C00002030000A000000000040037
:1038100000400000000000880010000000000000D0
:103820000010000000000002004000000000000046
:10383000009000000000040000880000000000006C
:103840002000000200024100000009400000028840
:10385000210000000400100008001082008802000F
:103860000000000008000003400008008400100071
:103870008220C0000000C000A000C00900000000BD
:103880001000840000000800000004000000000098
:103890000000000000000000002100000000000007
:1038A0000000000000000000000000000003000015
:1038B000900202210005000000000000000300004B
:1038C000000004000004C0009000840008110021E2
:1038D00084000000000000030000900400030000CA
:1038E000000300000000080000002000411000005C
:1038F000100003001010000000000000100000C0C5
:1039000000C00000000000101000000000100000C7
:103910000000000000C000000000000000000000E7
:10392000000010080000000000840000000000C03B
:1039300000000000000011000000000000880000EE
:1039400000C000010800000000202000020000006C
:10395000000000000300008400402100000000007F
:103960000040001000000200000010008440C04031
:1039700000000004020400000011A000C000840048
:1039800000000000100008000800080010000800F7
:103990000000820000400200000000000000000063
:1039A00000000010010000000000001100000000F5
:1039B0000400000010000000A00000000000C00093
:1039C000000800100440100010400000000000112A
:1039D00000008200900900000000A04020000008C4
:1039E0000200004104040000C000000083000080C9
:1039F00083C10000030080C183C103800300004035
:103A000003410000030000C010000000830000809C
:103A100083C10000030080C183C10380030000084C
:103A2000034100000300009010000000000083002C
:103A3000008083C10000030080C183C103008300B4
:103A4000000803410000030080C040000000830024
:103A5000008083C10000030080C183C10300830094
:103A60000020034100000300808440000082838224
:103A700000C083C10082018282C183C101084182EA
:103A8000000001010082018208C0010000828382DF
:103A900000C083C10082018282C183C109084182C2
:103AA000000001010082018208C0010000000082C4
:103AB000838200C083C10082018282C183C10190E0
:103AC0001182000001010082018210C0000000820A
:103AD000838200C083C10082018282C183C10590BC
:103AE0000982000101010082018210C001008200F0
:103AF000088200830000828283820083C0829083D8
:103B000021830083C10083008382008301888200B7
:103B1000088200830000828283820083C0828883BF
:103B200009830083C1008300838200830188000031
:103B30008200088200830000828283820083C08228
:103B4000888304820083C10083008382008301088C
:103B50008200C08200830000828283820083C08250
:103B6000C08303820083C100830083820083010835
:103B700000000080008300000080028000838080BD
:103B8000088310C00083C100100002800083410040
:103B9000000000800083000000800280008380809D
:103BA000408304C00083C1001000028000834100F4
:103BB000000000000080008300000080028000837D
:103BC0008080108320C00083C100400002800083F9
:103BD0004100000080800083000400800280008398
:103BE0008080028304910083C10040000280008332
:103BF0004180000200008302000000000000838278
:103C000003C10008000083020000000000008300E0
:103C10000000000200008302000000000000838218
:103C200003C10008000083020000000000008300C0
:103C3000000000000002000083028000000000007D
:103C4000838203C10008000083020000000000001E
:103C500003000000000208008302000000000000D2
:103C6000838203C1000900008302000000000000FD
:103C700083000000000100828383080000000082AE
:103C800083C101C10083008283834000000000845F
:103C9000118200000001008283830800000000827E
:103CA00083C101C100830082838308000000008477
:103CB000118200000000000100828383A000000048
:103CC000008283C101C10083008283831000000051
:103CD00000848582000010010082838304000000BC
:103CE000008283C101C10082008283830000000042
:103CF0000084098200008383010001410000828268
:103D00000182C183C083838201010183000082821A
:103D10000000000102108383010001410000828243
:103D20000182C183C08383820101018300008282FA
:103D300000000001881000008383010001400000A2
:103D400082820182C183C0838382010101830000DA
:103D500082820088000110C18383010001040000F9
:103D600082820182C183C0838383000101830000BA
:103D7000828200A0000110050283410002210000A0
:103D800000800480C183808302914103028300008C
:103D900000800000080380C002834100022100006F
:103DA00000800480C183808302914103028300006C
:103DB00000800000080300840000028341000240EC
:103DC000000000800480C18380830291410302834C
:103DD000000000800000040380820283410002048E
:103DE000000000800480C183808302C0040302833A
:103DF000000000800000040380410000000000007B
:103E00001242000000000000124281480013C2006C
:103E100012420000000000001242000000000000FA
:103E20001242000000000000124281480013C2004C
:103E300012420000000000001242000000000000DA
:103E400000001242000000000000124281480013EE
:103E5000C2001242000000000000124200000000F8
:103E600000001242000000000000124281480013CE
:103E7000C2001242000000000000124200000000D8
:103E80000000000000000000000000000000000032
:103E90000000000000000000000000000000000022
:103EA0000000000000000000000000000000000012
:103EB0000000000000000000000000000000000002
:103EC00000000000000000000000000000000000F2
:103ED00000000000000000000000000000000000E2
:103EE00000000000000000000000000000000000D2
:103EF00000000000000000000000000000000000C2
:103F000000000000000000000000000000000000B1
:103F100000000000000000000000000000000000A1
:103F20000000000000000000000000000000000091
:103F30000000000000000000000000000000000081
:103F40000000000000000000000000000000000071
:103F50000000000000000000000000000000000061
:103F60000000000000000000000000000000000051
:103F70000000000000000000000000000000000041
:103F8000AEDE0000000000000000000000000000A5
:103F900000000000000000000000000000007B7531
:103FA000AEDE000000000000000000000000000085
:103FB00000000000000000000000000000007B7511
:103FC0000000AEDE00000000000000000000000065
:103FD00000000000000000000000000000000000E1
:103FE0007B75AEDE00000000000000000000000055
:103FF00000000000000000000000000000000000C1
:104000007B75866FC002000000000000408C070036
:10401000000000000000300200000000000040032B
:10402000F661866FC002000000000000408C0700AF
:10403000000000000000300200000000000040030B
:10404000F6610000866FC002000000000000408C96
:104050000700000000000000300200000000000027
:104060004003F661866FC002000000000000408C33
:104070000700000000000000300200000000000007
:104080004003F661000000820200200000000400EE
:1040900021000000000000000000000000000000FF
:1040A00000000000000000000000210000000400EB
:1040B00000000000000000000800040008A000004C
:1040C00000000900000009002100030004000000B6
:1040D00000000340200011000300410002004000E6
:1040E000000011000400090000000400800011021B
:1040F000A100020082008000848200008401080088
:1041000004000900000000000000010000000000A1
:10411000000000000000020000000000020000009B
:10412000000000000000000000000000000000008F
:10413000000000000000000000000000010000007E
:104140000000000008000000000002000000000065
:1041500000000000008001000000000000000900D5
:104160000100000000000000000000000800200026
:104170000080100001000300100010000000400843
:10418000A000010000000000000000C0000182004B
:104190000000080400000205000008400000004084
:1041A00000000420040000A000000000100008002F
:1041B00020010420200120040000000000008040B5
:1041C000000100000000000100C00000000100012B
:1041D000000000000010000000100000800000003F
:1041E00002019000800000000000000000A10040DB
:1041F0009105A10080098000C01100001001000895
:1042000090022001000480041005004100000440D9
:10421000410900000090001001840000009000009F
:104220000080002105800000040000000000040060
:10423000000001200190012001A0000000100000FA
:1042400002900040000082000040000000000002D8
:1042500000400010000004100000000000001010DA
:104260000000014002000840000000000000204063
:1042700000802084020010884010030200200508FE
:1042800000A020802140A080208020880000100213
:10429000000902882000C104200410100000410021
:1042A0001000030800400000008280C080000084ED
:1042B00000C00082000400000021002000000084F3
:1042C00000000000000000000004000000000000EA
:1042D00000850083800000200040000100410008AC
:1042E0000020000000910000000200880040000053
:1042F000000020C003044100800100000001000014
:10430000000880014001000200000040008400001D
:10431000108000400004004120008980002100003E
:104320000010A000008500800000000010000200C6
:1043300000100010000000C10010008400A1000067
:1043400000100000000490050010000000020000B2
:1043500000000002004004000041021000400088FC
:1043600000800000004140409002000420008400D2
:104370000200002108218200C008024084000002DF
:1043800000002080024021408800880000808400D6
:104390000800100002C11140000400048200000562
:1043A0001000030010900000820008014100050089
:1043B0000001020000000000000000008001000178
:1043C0000400800000000040000000000800000021
:1043D00000002001040000000000208204002000F2
:1043E00080050000030040000200100000002101D1
:1043F0008008210008000000200521002110410054
:1044000000410810000000004101900000A00300DE
:104410000200020000210040C082001002002110B2
:1044200008840000000000000000030508201000C0
:104430000200000289218200002100001000040413
:10444000002001000400840000800000000008003B
:1044500000000000C0200100A000000088008200D1
:10446000C11002C00010C000011001008400000053
:1044700000080280100008002008A084024100808B
:10448000000000C000000000000000022005080934
:1044900010001100000041001088100420000004EA
:1044A000042000004100210020000810210020000D
:1044B0000001030010000000100410000200412061
:1044C00000040000000400000400001000010000CF
:1044D00000040001000000000010040004000000BF
:1044E00000000384004141202102204010412000AF
:1044F0000040000040020500108820000804080069
:1045000010080204820000402021201089100001C0
:104510002000830002410000002100000000000094
:1045200020000000000000000005000088100010BE
:1045300000000040101001000000000001400000D9
:10454000008000800000000000052100881000406D
:104550000000000000400000000000000100010019
:10456000400000000000008800000020100500C08E
:10457000001000000000001084030000000001048F
:1045800000002180008011218200210800004000ED
:104590000840C100020001884190210002902004DF
:1045A000030000041000410000000090108441103E
:1045B0000200089100042100050000200282020090
:1045C0008421100510200404004000200400001085
:1045D0000000040400040000000041C100200400A9
:1045E000000021A000008090004011C000000000E9
:1045F000020003000000008800A00500080003007E
:104600000804040003042184000100C01084100089
:10461000902000C0214121C00040000000040000A3
:1046200020040010008084002000000000000040F2
:1046300000000100002084210800C0000000A1400B
:10464000110020A010A010800080000000000100D8
:104650000000000000008400000000000020008036
:104660000100001000000000200000800010000089
:104670000403110388008800000082210000000468
:10468000C010109000040080100310401005C000FE
:1046900082004021A000A0200000A080020800406D
:1046A0000020912088409009111141080080C1002C
:1046B0000400008000801100000000801000020053
:1046C000050000801002091141C0030200008000B3
:1046D0000000000000004000098000800000800011
:1046E0000000000000000000800003000000000542
:1046F0000008001100080280000000001180000086
:104700000000000000008803212120084108100358
:1047100083400510414080808300850000800101B6
:104720000001000108011000A00000010100A00824
:104730000890008200C0001000C0041000C01004E7
:10474000849000820004040284C0400901820000B9
:1047500040004000000000909140000288C000002E
:104760001000000020000000880008000100000088
:104770000001100100010001104084200000902081
:10478000000000000000C0002111000900090140E4
:1047900001011001000104010408A0A082020084AC
:1047A000C00804A085858400821090A091080500AF
:1047B00000010000900240C0C10004000004088213
:1047C0001001050209001120020002C00500C0C04E
:1047D00000A00000009000000000000000000000A9
:1047E0000000911040001102110008008400080030
:1047F000850088000004A0011001010000000100F4
:104800000100A000840008009040100040841100C6
:10481000118410000890C001110002001001C100B5
:104820008500000088030520880040004000400803
:1048300041404002100009809000021104000880ED
:10484000C0809010A000C102A00002091000021058
:1048500009C000000002000000000000000000008D
:10486000000000002180090082809000C000080044
:1048700008008504000000808010801011000300F3
:104880000500080080208000800080A08503410092
:10489000822089850500C1004120410504000904EA
:1048A000400085410210001110080088104000856A
:1048B0000084030300008080850000800000000069
:1048C000A0008000008400410000001010020010D1
:1048D000C11004A000001000400000000000000013
:1048E0000080000000000000200000008000008028
:1048F0000000020000000300008000800880000823
:10490000008321050083000000000000000091A149
:1049100000412003A091410400100284091100000D
:10492000840021800000018200C000C1024100A07B
:104930000010000201A00082020285C000C0000039
:104940000800A1000800000400A000C000890102C6
:10495000020240A00003008201A001A0A08800087C
:10496000840804C000400000000001000000820034
:10497000001000880088880800A00010008400084B
:1049800000830210118290830000000000000000EC
:10499000824090A0C1109182000200C001101091CD
:1049A00020C00304A040080401000100000400002E
:1049B00001C001100100000284408402A000A00098
:1049C000840984001000C04002040303830000C077
:1049D000A10103834000C04000000000000000006F
:1049E00000080010000000000000000000000001AE
:1049F000000800010040000100400100000000002C
:104A0000000000C000010001000082004000100012
:104A1000C02091C1C08440010888010400A10101A7
:104A200001020011002000000010400241000900B6
:104A30000400414110020240050080800000004156
:104A400000008002000080090000098204101005A7
:104A500005802002088891041180000000000000F9
:104A600000000000008000000000000000090010AD
:104A700000100000002000090020000003002000BA
:104A8000410040000000004100030000800280005F
:104A90000000008009204121830885002010414149
:104AA0002109408000830083000300000000000013
:104AB0000000000000820000C22000820000000010
:104AC0000000000012004013000000600000000021
:104AD0000000000012424013C220115000000013D9
:104AE00000000000000000000000000000000000C6
:104AF00000130000005000000000C200008400000D
:104B00000000000000000000000000000060000045
:104B10000000C200000000000000C20021000000F0
:104B20000000C200000000000013C20041846E0CAF
:104B30006600000000009F9F0606BF269B02000043
:104B400000000000000000000000000000002D3CFC
:104B50002D3C1010F7F7F6F0E7C306003E380000D2
:104B60000000000000000000000000000000000045
:104B70000000000000000000000000000000000035
:104B8000CFCF7E420000000000000000E7243F3F3E
:104B90000000000000000000FF000000C70606063D
:104BA0003C003E0696000096000000000000000059
:104BB0000C0C0000000000803C9F3C069F069F06F6
:104BC00000000000000000000000000000000000E5
:104BD0006FFF09001010F7F790F081C3C7C1FFF90C
:104BE00000000000000000000000000000000000C5
:104BF00000000000000000000000000000000000B5
:104C000000000C0C7E420000000000000000E724C1
:104C100003030000000000000000FF040404060677
:104C200006063C003C00CC0000CC00000000000068
:104C30000000000000000000000000000000000074
:104C40000000000000000000000000000000000064
:104C50000000000000000000000000000000000054
:104C60000000000000000000000000000000000044
:104C70000000000000000000000000000000000034
:104C80000000000000000000000000000000000024
:104C90000000000000000000000000000000000014
:104CA0000000000000000000000000000000000004
:104CB00000000000303030FF000F000024BD60F91C
:104CC0003C3C0CFC000000000030FF3F00000000F6
:104CD0000030FF3F00000000D918191800240B2FE6
:104CE000197F0167000000000000000000000000C4
:104CF00000000000000000000000F0F6FCFE0000D4
:104D00000000F0F6FCFE3476B5F70000000000006D
:104D1000000066FF78780000000000000000F0FF4F
:104D2000663C2400F4F066F03CFFF0F4F0F0000084
:104D30000000667EF6FE00000000000F000024BDAB
:104D400024BD6666666600000000003CFF3C000073
:104D5000000030303F3F00000000D9DB19DBDBFFF3
:104D60000B2F3F3F03030000000000000000000085
:104D700000000000000000000000000000663C7E13
:104D80000000000000663C7E105291D3000000003D
:104D9000000000000099787800000000000000008A
:104DA000F000663C0000F0F066F03C0000240000DB
:104DB00000000000003CF0FC00860C6000B00080A9
:104DC0000196007400B020000086006000B0000072
:104DD000008600A001B000000086006000B800005E
:104DE00000BE009401C02400008600E000B0000076
:104DF0000086006000B000000000008600E000B007
:104E0000008000860070A0B000050586006000B03C
:104E100000000086006000B900000086006000B05D
:104E20000005A1860A70A0B8000500860A70A0B02F
:104E30000005A08650F0A0B00005000000000F3F64
:104E4000CFFF000000005555FCFFFFFF7C3C000039
:104E50000C5DE8E8F0F000000000FFAFAAAAFFFF39
:104E60000000FACAFAFAAAAEFBFF00000000000038
:104E7000FFFF000000003D3D3DFF0000000000007E
:104E800000000000000000002F20AF000000000024
:104E90003C3C303000000000FCFF0CFFFC0CAFAFCE
:104EA00000000000FFBABABAFF3F10100000000077
:104EB00005FF3DFF00000000E3A3C38300000000E6
:104EC0000F3FCFFF000000005555FCFC7C3C7C3CB4
:104ED00000000C00FF00FF000000000000A0AAAAD4
:104EE000EBE82B283A0A0A0A00045155000000009A
:104EF00000000C3C00000000050505FF000000005C
:104F0000000000000000000000007F20FF00000003
:104F10000000FF3CFF3000000000FCFFFCFFFC0C29
:104F2000A0A000000000FF303030FF3F1010000054
:104F3000000005053D3D000000004303C383000061
:104F400000003CFC3FFF000000001414D7D7BAAAB1
:104F50003000FF00FFFF000A3C3E5C5C5C5C03F33A
:104F600000FF34343E3EB4B43C3C51515D5D000022
:104F7000000000000000FFF8FF2800000000000013
:104F8000000000003C7D3F7F00000000557D5F7FFA
:104F9000000000003C00FFC33CFF28280000000088
:104FA000000000003F143FD7FFBCFFA014FF1FFF0D
:104FB000000000000F5F3F7FFFBABABA0F5F3F7F6C
:104FC0000000000000C003C300000000101FD0DF7D
:104FD00030003000FF00FFFF00003C3C5C5C55559A
:104FE00003F300FF00F50AFFFF00FF0000FF00FFD2
:104FF0000000000000000000F8F828280000000071
:1050000000000000000000550F5F00000000003CA1
:105010000F3F000000003C00FFC3FFFFAAAA0000F2
:10502000000000000000031403D7BCBCA0A01414AF
:105030001F1F0000000000553C7DFF303030005540
:105040003C7D40C040008000201000000020000097
:10505000000111008041000004C0000000000000B9
:1050600000000000000000001000000020002000F0
:10507000000000000010000002000000210020409D
:1050800004080000000000102000200004000300BD
:105090000000002000004040200011004000118866
:1050A00004000000000000008000032040000440D5
:1050B0004110089010400000020004000400840029
:1050C0002000000001410100020008800000820071
:1050D00000000420020002C00000020000000000E6
:1050E00000000000000000000000000000000000C0
:1050F00000000000000000000000000000000000B0
:10510000018001800000000000000100010001009A
:1051100000000200000010000180010004000100F6
:1051200000098800080000000000020000000100E3
:105130000480A000010000800000010000000100C8
:10514000030001000000000000000000000000005B
:1051500000000002200000000841210000A0000023
:1051600009000000000004008000040104000000A9
:105170000000000020000000050021008000050064
:1051800000000000000000C000000000000000005F
:1051900040000000000000000000000100000011BD
:1051A000000000000001000000108021000000202D
:1051B000000000010000090008020201020188014C
:1051C00080A040910088820000110021001004405E
:1051D0000000000000C00000002100C0000000210D
:1051E0000000000000000000010004000120010098
:1051F00020000000000000000010A021000020009E
:1052000000000000A00000000000000000000000FE
:1052100000000100000002000041004100400000C9
:105220000408000000000008000000000240002107
:10523000A01100000010000000100180014001409A
:105240000340200001020000111000000041000294
:1052500080210000000000A00420800080A1000048
:10526000880000C0000080A0008200210020008291
:1052700000200000000000000040001000000008B6
:10528000000000000000820000000000000000108C
:1052900000010011000200004000000040C00010AA
:1052A00080100008110000100020802080029085EE
:1052B00000000000000210080900800000110040FA
:1052C000801080000090850000100000A00000C049
:1052D000084040400004102184040189400002403D
:1052E000A0404000820000001000000008880089F3
:1052F0008400028000000000000000900000000018
:1053000040800000000000000500000000002005B3
:1053100000058220042000800800000000090041F0
:105320000010020000900800000000840483400088
:1053300011409000000304801000080002008490D7
:1053400084830211020000040200080000002040D3
:1053500000004000000000002100109040400000CC
:105360000200400002002100020002000800048444
:105370004108000100820090008800000000101029
:1053800000000000101000000300200000040000D6
:1053900000000000000041000204412010002084B1
:1053A0000000000000000441210008028382A011D7
:1053B000A1008241080100401008001000400000D8
:1053C00002110000029002400400880104880020BD
:1053D0009080000091008400000000412000010046
:1053E00000000100010001000000010001000000B8
:1053F00001002080000810000000001100000000E3
:1054000000000200000400000000880083400080CB
:105410000000C000900000000005000000800000B7
:1054200000000000000000000184000082800400F1
:105430000204080003C000080080901000000080F3
:105440000000008210000100018000000240010005
:1054500000800040030005000082030003004100BB
:1054600000200511820041C0000010C010824100E0
:1054700010A1000041A04120208880010000000010
:1054800000010000000020002000000000000502D4
:10549000A000000040A00300080000000000100071
:1054A000000000000301000204042000004000008E
:1054B000A00420A005048240100008100200030090
:1054C0000008400882C14010108480110520108916
:1054D000004004C000400000104090000200004165
:1054E0000020C0911040030000009040010900110D
:1054F0008404014010001000008000030202C0007C
:10550000C020C00800000000010001400021A000F0
:1055100000101100000004000005000500218400B7
:105520000810000040000010000089A001100008D1
:10553000000002842100002103800000000000110F
:10554000002000210010084000000802081010A0F0
:10555000004000008500410420001020410240006E
:105560004088410000000084C08420400084000086
:105570002182089041000000C100002002200000AC
:105580000088030000000000000021000800000067
:1055900000000000800000001102008404109083CD
:1055A0000083208408000010110000A0082080C1A2
:1055B000080010C0800810820000004000009082A7
:1055C000088802000004080403C0101041400810BD
:1055D000411183C010911000000000000000000085
:1055E000110011000000C0000010030000000000C6
:1055F00000030000000000000000040000800080A4
:10560000000000000000000000000000000000009A
:105610000000000000400400000000000000010045
:10562000040400020000000000000000A000088048
:105630001020010000002000A000000000800000F9
:1056400010000000000000000000000004000080C6
:1056500001000004040000040100000008404008AC
:10566000008000408010090000000008854008808C
:105670000080400020002000000000C08440218005
:1056800008054000C1000080058000000000000007
:10569000000000000000000000000000000000000A
:1056A0000000000009080011004010080000800000
:1056B000210000000400000085004000214080051A
:1056C0000811102041028008110220410288009137
:1056D000021040900000A0000000000000A088A17F
:1056E000010200C0000104010800000000C1852182
:1056F00001C00002C100850001000000004182A13C
:1057000009A0000401C00804004000C0000000001F
:105710000000000088000000900000000000000071
:105720000000200000000100000020000101000036
:105730004000090000000300840010000300010085
:105740002000C0000300010010010000C10003029E
:1057500004A001C000908800C100080004002000DF
:10576000850140088400020040010488090100000E
:10577000000101000141C10189840800C188400085
:10578000C0080500C110000001000000000000007A
:10579000000000000000400091008288910000009D
:1057A000000000000040000100C000C10100010134
:1057B0000800A000910283830500080003A0830075
:1057C0000900210091008200C000858941019103F8
:1057D0000500029090418284008200000182000056
:1057E0000040C002800080110000001002009010F4
:1057F00040040010200003C04040080080089000D2
:105800008440C180410520100400400009000500CB
:1058100000000000000000114000100011001011F5
:105820000000000000000080000308000510204177
:10583000080211090840208083909100832105000F
:10584000880991000500050083004103A1108840EC
:1058500090089041401010089089048808001000BA
:10586000401000C08082A080000000000000408244
:10587000004100008002C020008000880088008075
:1058800000080991000200898309000400008000DB
:1058900000090002000204200004000000002000B3
:1058A00080000000000000004100000010412102C3
:1058B0004011080900800080418080000090104065
:1058C0002088800341880091008504030410008231
:1058D0000984089008118090891091100080008040
:1058E00008008000200910410402000490A000A0DC
:1058F000008400A120880805089100C00009000468
:10590000000200010040101040404002000400A0CE
:10591000020000A0000000000001000000000000E4
:1059200001008200000000000000000040000001B3
:105930000100010001000090000400848482409076
:10594000019001840821009100A0008400C1004161
:10595000000800A0058300040408A0C004A01010E3
:10596000001000C0820083004100020040000100DE
:10597000008200040088C12041A004001000C1047E
:105980008400A100032040409111C00110C000001C
:1059900000010000000000000008000000000008F6
:1059A0000084000000A000000000009000880000BB
:1059B0000000000000010100880040832001400237
:1059C0000089008400000020C0A0100108010089A7
:1059D00082000300400009028202840004010508DD
:1059E0000888008404A04000C0419000801180001D
:1059F0001041020000000080C00084000000000090
:105A000008820904400088009005850980210280F1
:105A1000000000200009000000000000000000005D
:105A2000002000410008000000000000000000808D
:105A300000401100021011102000004100880004F5
:105A4000808000200041000500A0008300200002AB
:105A500000208504A10509108880A04110031008CA
:105A6000C08000000010800900000000000000005D
:105A700000004100001300000000000000000000D2
:105A80000000000000000000000081004013000042
:105A90000600000000000000000000000000C2003E
:105AA000000000000013C2000041000000000013CD
:105AB000C20000840000001300000000000000137A
:105AC000C200825000000013C2000000000000006D
:105AD00000000000000000000000000000000000C6
:105AE0000000000000000013C200828800FFFF00D9
:105AF0003333333300FFFF0000FFFF0000FFFF00E0
:105B00000FF00FF0AAAAC3C3FEFE4040287DFFFF9E
:105B10003C303C3F0000000041410000000000001C
:105B2000CFC0C3C300000000000000000000000060
:105B30000000000000005C5CF0FF3C0F55FF00001F
:105B400000000000000000000000550F3CFF0000B6
:105B50000000FCFC505F41417D7DCFCF14D750FC4D
:105B60005FFC50FC5FFC000000000000000000FF34
:105B7000FF003333333300FFFF0000FFFF0000FF5F
:105B8000FF000FF00FF0C3F0C3C3FEFE4040287DBE
:105B9000000030303F3F00000000FFFFBEBE0000AD
:105BA0000000CFC0C3C300000000000000000000E0
:105BB00000000000000000005C5C000F3C0F55007E
:105BC000000000000000000000000000550F3C0035
:105BD000000000000C0C505F0CCF0CCF0C0C14D745
:105BE000500C5F0C500C5F0C000000000000000027
:105BF0000FF00FF00F0F0F0F00FFFF0000FFFF006F
:105C000000FFFF003CC33C3C000000000404F7F729
:105C1000BEBE3C3C550155C10000000001003D7D69
:105C2000000000000000000000000000FFF8F8F88D
:105C300000000000000000000000FF3CB2B2FCFCCD
:105C4000BE82000000000F0A0E0400000000FCFCF1
:105C5000AFA0FEBEFC3CFAFA0A0AFF78AA78F03C34
:105C6000AAFFBFBC8F8C3CF0FFAA00000000F0F040
:105C7000F0F00FF00FF0F0F0F0F000FFFF0000FF89
:105C8000FF0000FFFF003CC33C3C00000000040498
:105C9000F7F7FF00FF00553D55FD0000000083822F
:105CA000BFFF000000000000000000000000FF280F
:105CB000282800000000000000000000C300B2B26D
:105CC000C0C0BE820000000005000E0400000000FD
:105CD0000C0CAFA0FAAAF0003F303F3055780078A6
:105CE000F03CAA00B3B083803CF000AA00000000A2
:105CF000F0F2F0F00286016000B40840028601E094
:105D000001940C400286016000B4424000860060AD
:105D100000B0000000A6008001C004800086006082
:105D200000B8000000000010A0000005008600F090
:105D3000A0B000050000008600F0A0B000050086BD
:105D400000E000B30000008600F0A0B000A00086D4
:105D500000F0A0B900850086006000B90000008650
:105D6000006000B300000086006000B30000A08661
:105D700000B0A0B000800E5AFCFC584AA7B5000045
:105D800000003D3D3C3C00000000EB41EB417DFD4F
:105D900028F82C7C2C7C303F3535383D0005000040
:105DA00000000303000000000000000000000000ED
:105DB00000000000000000000000000000000000E3
:105DC0000000000000000000FFFFBA307D7D05AF3D
:105DD000000000000CFCF5F5F0F0FF0005F53F3F7A
:105DE000FF3CE8E83FFFCF5500000000FFFFFFFE4B
:105DF0000000B2B2F300F3000E5AFCFC080AF7F5FB
:105E0000000000003D7D3C3C00200000CBCBC1C128
:105E10007D0D280800FF00FF00FF5555FAFFC2C79F
:105E200000000000FFFFFCFC00000000000000007C
:105E30000000000000000000000000000000000062
:105E400000000000000000000000BA30BA3028282E
:105E500005AF000000000CFC0505F0F0FF0005F5A3
:105E60003030C300E8E83F55CFFF00010100FFFFDD
:105E7000FFBE0000B2B2FF0CFF0CAAAAA00033CCF8
:105E8000CC330000000055F5C5F5AFAFA0A0000071
:105E90000000000000008ACA8A0AE343A000383DDF
:105EA0000005F0FCFFFF0000000000000000000003
:105EB0000000000000003D3D3DFF0000000000002C
:105EC00000000000000000000000000000000000D2
:105ED0003F3F417D00000000F5F5303F000000002D
:105EE00014D7CFCF0000000043576B7FFFBABABA78
:105EF0000000000000000000000000003C3C3C3CB2
:105F0000CC3333CC000000005505C505BF83BC80F1
:105F10000000000000000000BAFABA3AE343FF5F55
:105F2000FAFFC2C7F0C0000000000000000000003F
:105F30000000000000000000050505FF0000000053
:105F40000000000000000000000000000000000051
:105F500000000303417D000000000505303F000004
:105F6000000014D70C0C0000000002162A3EFF307F
:105F70003030010040000000000000000000000080
:105F800002201188051000000020030020000000FE
:105F900000004100030000000000000000000000BD
:105FA00000000400110000000000000000000000DC
:105FB00000000000040000000000030003200000B7
:105FC0000900210021000000000008000000052059
:105FD00000000000000000A000000000040002001B
:105FE000000021202120000003020010000202080E
:105FF000000000000500000000000200200020005A
:1060000008000004000902000000020000008200F5
:106010000000000000000000000000000000000080
:1060200000000000000000000000000082000000EE
:1060300000008800000000000000000000000000D8
:10604000000000000000000000210000000000002F
:1060500000000000840088000800840000000000A8
:106060000000080000000000000308009000000984
:10607000000002008400000000000000200000007A
:106080000000000000080000000000000000000008
:106090000000008800002100000000000000000057
:1060A00000000000000000000000000000000000F0
:1060B00000000000000000000000000000000000E0
:1060C00000000000000000000000000000000500CB
:1060D00000000000000000000000000000000000C0
:1060E0000000000003020000000000080090000013
:1060F0000000000000000000000000002000000080
:1061000000000000022104210403C041000000211E
:10611000A040000800000000000000000000000097
:106120000000000800000000000000200000A000A7
:106130000000A000000000000000000000000000BF
:106140000000000800000000000000000000000047
:106150000000000000000000000800000000000037
:10616000820000118200001000000000000000000A
:10617000A04100000003000090000000202000105B
:10618000200000410000110011820000020802A05E
:10619000080803002000008802900020050000008D
:1061A00000080300000003000000000000004100A0
:1061B000410041001100000000000000000000004C
:1061C00000000000000000000000000021000000AE
:1061D000000002000000000000000200040000882F
:1061E00004100008002009000500000000000290D3
:1061F000401000000300050021004100080002A03B
:1062000041000500000000880020880504111000EE
:106210001004080582094000820008118200000075
:10622000840010001003C010820008090000000064
:1062300000000020A0038200000004000000000015
:1062400000000040000000080000001008000041AD
:1062500000210000200000210009040000000000CF
:106260008802200500410000A00010091004102041
:106270000800020010080040102008000000000084
:106280009011A00282001000001003400000008462
:1062900008C00900080000000800410000002000BC
:1062A00010001000110008000000000000000000B5
:1062B0000000000000000000000400000010108238
:1062C00000000000020809000000000000000000BB
:1062D00010000000002000880084000000900000F2
:1062E00000000008008409000000000008A005006C
:1062F0000000002021820000000000C000400000DB
:10630000008400040000020021C0210002000000FF
:1063100020052040C0040000201100400000900033
:1063200000008404000000000000001000000000D5
:10633000000000000000000000002000000000003D
:106340002000040000000000000000000000900099
:106350008200880000000200840084210820840953
:106360000011840000000005820308100008A0410D
:1063700000040808080500000200000004100011D5
:10638000000500000004200502400000000000009D
:106390000082000009000000200000202100100001
:1063A00000000000020000001000000000000300D8
:1063B00000000000000000000000000010000000CD
:1063C000000000000000000000004000000000008D
:1063D0000000000000000000000000C000000500F8
:1063E00000880000410021082084090000001000FE
:1063F000000211000000089000000000000000846E
:1064000000000000210200000000008200000000E7
:10641000000000008420842100040200C00000006D
:10642000100002008400C000C000C0000004820010
:10643000C0000821C0001000840008001000820085
:106440000000000000000021000000000010000318
:1064500000000000000000000000000500100440E3
:1064600000090000000000208810400000008400A7
:106470000202000020000020020282000411844079
:106480000009C0029021904108200000901188026C
:10649000104000000000000000000000000010009C
:1064A0000408099000000000000000000000000047
:1064B0000000090010000000000000000040000083
:1064C00000000000000003000000000000000000C9
:1064D0000082000000002100410010004000410047
:1064E00020000010000000000990000008002100BA
:1064F0000000000000000000030003000004002072
:10650000000000000000200000000000008400885F
:1065100000001108824084030240C0000220402095
:1065200040114011000000001000000000000000B9
:1065300000000000000000030000000800008404C8
:10654000080000000000000000000000000002023F
:1065500084009000000000000000000020000041C6
:106560000040C02140030000844182081003004124
:1065700020048211040082030021880008400840A2
:106580002040000804000421400300002000001106
:1065900004080000080000000000000000000000E7
:1065A00000000000000000000000000000000000EB
:1065B00000000000000000000000000000000000DB
:1065C00000000000000000000000000000000000CB
:1065D00000000000000000000000000000000000BB
:1065E00000000000000000000000000000000000AB
:1065F000000000000000000000000000000000009B
:10660000000000000000000000000000000000008A
:10661000000000000000000000000000000000007A
:10662000000000000000000000000000000000006A
:10663000000000000000000000000000000000005A
:10664000000000000000000000000000000000004A
:10665000000000000000000000000000000000003A
:10666000000000000000000000000000000000002A
:10667000000000000000000000000000000000001A
:10668000000000000000000000000000000000000A
:1066900000000000000000000000000000000000FA
:1066A00000000000000000000000000000000000EA
:1066B00000000000000000000000000000000000DA
:1066C00000000000000000000000000000000000CA
:1066D00000000000000000000000000000000000BA
:1066E00000000000000000000000000000000000AA
:1066F000000000000000000000000000000000009A
:106700000000000000000000000000000000000089
:106710000000000000000000000000000000000079
:106720000000000000000000000000000000000069
:106730000000000000000000000000000000000059
:106740000000000000000000000000000000000049
:106750000000000000000000000000000000000039
:106760000000000000000000000000000000000029
:106770000000000000000000000000000000000019
:106780000000000000000000000000000000000009
:1067900000000000000000000000000000000000F9
:1067A00000000000000000000000000000000000E9
:1067B00000000000000000000000000000000000D9
:1067C00000000000000000000000000000000000C9
:1067D00000000000000000000000000000000000B9
:1067E00000000000000000000000000000000000A9
:1067F0000000000000000000000000000000000099
:106800000000000000000000000000000000000088
:106810000000000000000000000000000000000078
:106820000000000000000000000000000000000068
:106830000000000000000000000000000000000058
:106840000000000000000000000000000000000048
:106850000000000000000000000000000000000038
:106860000000000000000000000000000000000028
:106870000000000000000000000000000000000018
:106880000000000000000000000000000000000008
:1068900000000000000000000000000000000000F8
:1068A00000000000000000000000000000000000E8
:1068B00000000000000000000000000000000000D8
:1068C00000000000000000000000000000000000C8
:1068D00000000000000000000000000000000000B8
:1068E00000000000000000000000000000000000A8
:1068F0000000000000000000000000000000000098
:106900000000000000000000000000000000000087
:106910000000000000000000000000000000000077
:106920000000000000000000000000000000000067
:106930000000000000000000000000000000000057
:106940000000000000000000000000000000000047
:106950000000000000000000000000000000000037
:106960000000000000000000000000000000000027
:106970000000000000000000000000000000000017
:106980000000000000000000000000000000000007
:1069900000000000000000000000000000000000F7
:1069A00000000000000000000000000000000000E7
:1069B00000000000000000000000000000000000D7
:1069C00000000000000000000000000000000000C7
:1069D00000000000000000000000000000000000B7
:1069E00000000000000000000000000000000000A7
:1069F0000000000000000000000000000000000097
:106A00000000000000000000000000000000000086
:106A10000000000000000000000000000000000076
:106A20000000000000000000000000000000000066
:106A30000000000000000000000000000000000056
:106A40000000000000000000000000000000000046
:106A50000000000000000000000000000000000036
:106A60000000000000000000000000000000000026
:106A70000000000000000000000000000000000016
:106A80000000000000000000000000000000000006
:106A900000000000000000000000000000000000F6
:106AA00000000000000000000000000000000000E6
:106AB00000000000000000000000000000000000D6
:106AC00000000000000000000000000000000000C6
:106AD00000000000000000000000000000000000B6
:106AE00000000000000000000000000000000000A6
:106AF0000000000000000000000000000000000096
:106B00000000000000000000000000000000000085
:106B10000000000000000000000000000000000075
:106B20000000000000000000000000000000000065
:106B30000000000000000000000000000000000055
:106B40000000000000000000000000000000000045
:106B50000000000000000000000000000000000035
:106B60000000000000000000000000000000000025
:106B70000000000000000000000000000000000015
:106B80000000000000000000000000000000000005
:106B900000000000000000000000000000000000F5
:106BA0000000000000000000000000000000800065
:106BB0001000210089000200404082019040020044
:106BC00000000488040000000010040011001100FF
:106BD00004000200A00011000400020002000400F2
:106BE0000000A00420000400C00082000401000096
:106BF000100009A020000400C0001100044004108F
:106C0000200020000400000004010021A00404036F
:106C100000000041040104010000040080000000A5
:106C20000440042000000020200000000404042090
:106C300040000100000010000100018003081180E5
:106C40000400000000000000000000000000000040
:106C50000000000000002100000000000100010011
:106C60000000000005800100010004000400012074
:106C7000000000000000050000000900C0000180C5
:106C80000100010001000500040004200084200030
:106C900002840000000402040004000082001000CE
:106CA000000008000880080308800500000090002C
:106CB0000080400390010009800800010088000165
:106CC000000000100020008800900000000000106C
:106CD0000000000000000000200000000000000094
:106CE00000000010000000A0000000008000001064
:106CF000000000C0001000000000100000010000B3
:106D0000000000002004800000018000004080217D
:106D100000018002020900200041004000401000F4
:106D200000000000902190204120A10100020000FD
:106D30000000000001C0410800C0108800080000E9
:106D400000400000008000800000000000000010F3
:106D50000000A040020000000000C1000000000090
:106D600000000000020000000010000000000410FD
:106D700004090000000000000000000000000040C6
:106D8000000000000000018820000040200000807A
:106D900010080040408009080080008800900080B2
:106DA00001100000004004A011C002C0040804C08B
:106DB00000020000001000000000809080030240EC
:106DC0000020004021090000008800880000050024
:106DD0000000008800880000410010001000100032
:106DE0000000000010000000000080008000000192
:106DF0000000800000000000000000000010000102
:106E00000000030004000000000280040091A109BA
:106E10000000101104020010000400004010008463
:106E2000918800000488100804002088A001202018
:106E3000210204000200100800000000100040823F
:106E400001800009008008880000000000000000A8
:106E5000000000000000000000000000080000002A
:106E6000000000000000000000000000040004001A
:106E70000020A0000400000000000000002100002D
:106E800000040000000001000400008020900020A9
:106E900020201000000801000040900000000000C9
:106EA00000000800000010000080110800041020FD
:106EB000208084800000000000000840109008003E
:106EC000100240A000000800020110001020030082
:106ED00005214100100041000800000000000800EA
:106EE00080009000022000000800052003004100FF
:106EF0000400A000040183008420000008000500B5
:106F00000900050080000000000000000800800863
:106F10000800A10440000008000080021001104099
:106F20004100A00000000000020000000000A001DD
:106F3000840021091000000021008000A08084044A
:106F40000204008401000000000011080000C0914C
:106F5000001000A010000000000000000020000051
:106F600010002000021001000000010000000000DD
:106F70000000014004000120040004800000000023
:106F80000000000500004000000008000000C010E4
:106F90002021000020850200008000214080004068
:106FA0000000880004000000900089108802102171
:106FB00004200500002010410041000502000000EF
:106FC00000010200210000001000034011880000B1
:106FD00000000000410000880000030008000000DD
:106FE0000000030005000000000010000000000089
:106FF00000001000200000C0210000000000000080
:107000000084000020002010050005001000100082
:10701000A0C0401010020211114004000200A003A1
:1070200041412040000408040500092040020002FC
:10703000200020102000A0A08340210400000004B4
:107040008800000201008802000000008880000023
:1070500040000000002000000000000000000000D0
:107060000000100000000000000000001000000000
:10707000000000000000010000000000000000000F
:1070800000000000000001000100000000000000FE
:10709000000021000000010040040000002000006A
:1070A0000404400401800080008000000000001102
:1070B00000002010200010000400208000000010BC
:1070C00000000302410802000000004000048002AA
:1070D0000484414000000040000400000040000023
:1070E00008000000030041004100082000000010DB
:1070F000000004000000000010000000410000003B
:1071000010000000100041040000200010001010CA
:10711000200011201088A110211000200000000381
:10712000108888001011080000200082090800085B
:107130000040210010200404090200100002001089
:107140000500040200A0000590020811088000005C
:1071500002A000000000000000000000000000008D
:1071600000000000002000001000000001000000EE
:10717000008000000000000400000000000000008B
:1071800000000002000000001000000500000000E8
:1071900000400000008000002041900000A082100C
:1071A0000008080040000040822090808400100801
:1071B00084000008081084204103900004048480A7
:1071C000000000000100A1034084200203040388A2
:1071D000802041C0200300000080C000008000002B
:1071E000000000000000800000000000000000809F
:1071F000000002800080000000000000000000008D
:107200000000858000000000000000000000000079
:107210004103009003902090414000410010410242
:10722000200309A04020C104A1030011028502111E
:107230008890808410050408852188840811200224
:10724000100284C08040830883038985A003000363
:107250000104C08300100008000010848300008433
:1072600000000000000000002000000000000000FE
:107270000082A0C00002008400000000080000009E
:10728000A0020490A0040002000000000000000022
:1072900000000008088584050111200188002001F4
:1072A00004001005018508892190899000040108D7
:1072B00000009109828501C000919002C00303047F
:1072C0000110C101090910412101A100018203043B
:1072D000859103A0020002028482020004000200E1
:1072E0008202000000000000000001000000000019
:1072F00000000400C000C0008285000000000010F3
:10730000000004018200048808A0000000000000C2
:107310000000000002001004412083851040080294
:10732000A1108500A1904084C14085018900009092
:107330000891041003008800A100828405018800E0
:107340008900C109000001910108000140200420CA
:1073500082098321110482001104A184000000002D
:10736000000080000000000000000000100021006C
:1073700009000300800980000000808500000000F3
:107380000000002180030000800080410000000018
:107390000000000000202040A089100288828500A3
:1073A0008540A009C0049108040011908840C004E1
:1073B000050985202185111108008500838411406D
:1073C00041008500418305004004400308418504D5
:1073D00020041002A003090200410283850300007B
:1073E000000000800000000000000000000000001D
:1073F0000000000000000000008009000080000084
:10740000000002008000008000808080000000807A
:107410000000000002000000039000A1C088A10845
:107420004082204041050983101183052188910283
:10743000080810C04110000541A080210088088381
:10744000084080100008C18311408040C021904056
:107450008205910501410389C00102850104419122
:1074600000C000881084000200000000000000003E
:1074700000000000000000000004820882A002C09A
:107480000000000000002000000404080240000486
:107490000080000000000000000001911002108533
:1074A0000283010900890040A003C00809200404E8
:1074B00002051100000300C0088540900890C084B8
:1074C000200300211011820988C108A1A0A1054054
:1074D00009019182C11041C1102184040308A00058
:1074E000C110108488848400080800000000000097
:1074F000000000020084000100008202C0041000AD
:10750000A004000000880000000004C08490C000B7
:1075100002C000800000000800020001890089010B
:1075200000040908010101020101002009012008ED
:1075300005004120081041848800C00400001000AC
:10754000200140402002A0A008000809010001100D
:107550000000000003C104850221C104C1808580B0
:107560000205C080008200008000808000000000D2
:107570000000000000800011001000008005800065
:107580008000000000000000000000000005000076
:107590008000000000800000000000000010412179
:1075A0001021024188002041200920040500082004
:1075B00083000420080088800500100809000021CD
:1075C0008020802180020020808500050089400005
:1075D00040C00320050000000000C20012000000AF
:1075E000000000001148120000130000008100009C
:1075F00000000000000000820000C2000000000047
:1076000000000000000000000013C2000000110094
:10761000001300000A00000000000000C20000008B
:10762000000000130000060000820013C2000000EA
:1076300000000013C200110000000013C20000008F
:107640000000000000002100000000130000008482
:1076500000000013C200004800000000000000000D
:107660000F0FBD248181FFFF00000000000000001B
:10767000000000000000000000000000000000000A
:1076800000000000000000000000000000000000FA
:1076900000000000000000000000000000000000EA
:1076A0000000CFE70CE73CFF0F6626240200990399
:1076B000C3900420081004082010FFFF3E02FFFFC3
:1076C0002424000000003C3CFF00000000000F0FDD
:1076D000FF00FF3C0F667F734F4300000000000077
:1076E00000000F0FBD2481819B02000000000000FC
:1076F000000000000000000000000000000000008A
:107700000000000000000000000000000000000079
:107710000000000000000000000000000000000069
:1077200000000000CF240C243C000F66FFFDDBD9D5
:1077300099F3C39F02400180020140803E023E0255
:107740002F242F24000000000F0F666600000000A9
:1077500066663C3C003C0F667C704C40C2080400EE
:10776000001188610000000000000000000000001F
:107770000000000000000000000000000000000009
:1077800000000000000000000000000000000000F9
:1077900000000000000000000000000000000000E9
:1077A00000000000000000000000000000000000D9
:1077B00000000000000000000000000000000000C9
:1077C00000000000000000000000000000000000B9
:1077D00000000000000000000000000000000000A9
:1077E000000000000000467666660C0CFCFC000001
:1077F0000000000000000000000000000000000089
:1078000000002020206200000000000000000000B6
:107810000000000000000000000000000000000068
:10782000000000000000000030F63FF666FF3CF06C
:10783000003000362020206224E7FCFC00000030ED
:10784000003FC0FF00C0FFFC3076FFFF6666F0F02F
:1078500066F67EFE161F767FFC60FC6F0C6FFC6F79
:10786000000000000000000066666666000FF0FF82
:107870000000000000000000000000000000000008
:1078800000000000FBFBB9FB00000000000000004E
:1078900000000000000000000000000000000000E8
:1078A0000000000000000000000030063F066600F7
:1078B0003CF0FF39FF3FFBB9FBFB24E7C0C00000F1
:1078C00000000030CFFFF0C0F0FC3076307600FFD3
:1078D0003C3C00F03CFC101970790C600C6F0C60A3
:1078E000FC6005860A6000B900A00186006000B94E
:1078F0000080008600A00190000000000000000051
:10790000000000000014000000000086006000B0CD
:107910000000008600F0A0B0000500860080018015
:107920000000000000000010A0000005008600E03C
:1079300000B30000008600F400B9000001860AF0E0
:10794000A0B80000A0865050A0B0000500860060DE
:1079500000B900000086008000890000A08600F0C9
:1079600000B30000FF7F80000001FFBFBCA03C000F
:107970005050FFFFFFFCFFFF3CFFEDFF0000000049
:107980000000000000000000000000000F5555C37B
:10799000000000000000000000000000FBF1C3C375
:1079A00080C1BCFD00000000000000000000FFFFDF
:1079B00014D705F53F3F0000000000CF30FF3D38F1
:1079C000FD0805AF0CCF200880025AFFFF5AFBF8D4
:1079D000FBF80505F5F50000CAFF0303C3820000AC
:1079E0000000F0C3F0C3FFFF00000000FFFFA0A0F5
:1079F000000000FFFFFFFCFCFFFFFFFFFFFF000098
:107A000000000000000000000000000000000FC3A4
:107A1000550F0000000400000000000000000B01F2
:107A2000C3C3F0F0F0F00000000000000000000010
:107A3000EB28000005F5303000000000000CF3FFDB
:107A40003D38FD0805AF0CCF100440015AFFFF5A26
:107A500010D010D00CFC0CFC0000CA000303008204
:107A600000000000F0F0F0F03C3CAFA0553CFF3CC3
:107A7000F5B4A0B44D0C4DCFC3FFC3FF5551FFFC6F
:107A800000000000000000000000000000000000F6
:107A9000550C0F41CA00A0C3000000000000000008
:107AA000EBE3EB43F4B4F4F5000000000000000049
:107AB0000000FF30FF300A5FBEBE000000001F1450
:107AC0001FFFFF30FF3005C73DFFF0FFF0007DD7FF
:107AD000BEEBFF28F8F83CFF550F00CF00AA0000CE
:107AE000000005550555000000003C3CAFA0003CDF
:107AF000AA3CF5B4A0B44D0C4DCF00000000555584
:107B0000FFFF000000000000000000000000000077
:107B1000000055CF0F7DCAFFAFC30000000000007A
:107B2000000041E34143E0A0E0E10000000000006C
:107B300000000000BABA30300A5F141400000000E0
:107B4000141414FFBABA303005053D3DF0FFF000C3
:107B50007DD7BEEBFF2828283C00550F00C000AAA7
:107B60003C3C0AFAF555F55500000000200482005F
:107B700002000405200220088040200800000410B4
:107B8000040004000800001040040300040000008A
:107B90000000040000000900080000000800A00127
:107BA0004100100911000000000000000000040066
:107BB00000002100210000004002100082080000A7
:107BC000080100008401080080010000A1020400F7
:107BD0004001800090090801000000000810200208
:107BE000A0099041004111000000110004000000B4
:107BF00003000000008400850089108000800000E0
:107C00000404000000000004040020000000010043
:107C1000000000040000000000000000000000055B
:107C20004102000001880000000000042000000064
:107C30000000000000000000100001808900118099
:107C400082000004104002404000104000004080CC
:107C500004000140200011880004040000002000FE
:107C60000184118821C00084000000000000000091
:107C700000008004000100012000400000210000FD
:107C800000004000040000840000000000A0050087
:107C9000049005A000000000000000000020080083
:107CA00000004003000090100000000000000000F1
:107CB00000C0000000002100001080004001000111
:107CC000884100020004000040400082108400004F
:107CD00040410000C00000004011000100000040D1
:107CE00040028200020090004000080021000000D5
:107CF000000200002080004000040000001000404E
:107D0000004000000000000020000400000090007F
:107D10000010010090000002000000200010400050
:107D200040030200918200002100020000210009AE
:107D30000010000082000000A0000021200001408F
:107D400000400388008000800000008800000110CF
:107D5000000001C00000410000000490004000004D
:107D6000008000850300911011000500A021001083
:107D700000101020008802410000A084090210A019
:107D800000010802000010000000100800000000C0
:107D9000000000000000000000880000000000005B
:107DA000051000100000008200000000000000002C
:107DB000000000020000002000040020000000007D
:107DC000400200009000000020000000C0020500FA
:107DD000000000A0C0100000800100029009414195
:107DE0000000000011C089A0850088000201100277
:107DF000000800000002840001C0C00021000080D3
:107E000009000008001100000000000500800000CB
:107E1000000000000000820000001000000084004C
:107E20000000000000000000C0000000080000008A
:107E30000010000000000000000000000000200012
:107E4000000311A110000340040841008202030551
:107E5000040088000000051020411040002111900E
:107E6000A0C00000881184022010200420020140DC
:107E70000003080008118421020000000000000037
:107E80001000000010820000000010001000080028
:107E9000418200400084081000000900000000003A
:107EA0002102000200000000000010009088200065
:107EB0001000040003002100000003002100000066
:107EC0000000050080001000900000002001030069
:107ED0000203412108410040020110C0414010004E
:107EE0004009410000001000084100840000100813
:107EF000001010082000000800001100820000009F
:107F000020000010A0400004000084411004200064
:107F10000200000300001010000008000000000034
:107F20000000000000000000000000000000200031
:107F30001100000000000000000000001040C00020
:107F400082401010000010000000211000110104F8
:107F5000000301C000080088008001080000A08024
:107F60001000118800000000000000840000A00242
:107F7000010000020040000000001000004000C0AE
:107F800003100083090200820200000200000000CA
:107F90000000000000000820000021A000000000F8
:107FA00000000000000000000000000000000000D1
:107FB000100010000000030000001000000000008E
:107FC000410040000200400020004100020100008A
:107FD0000040002082050210000420108040200094
:107FE00000032005C10480044082000410830000C7
:107FF00040880020000103C00000020000820088C9
:10800000840000210004008910000802881000008C
:10801000100010001000C0000000840010000000DC
:10802000100000218400C0001000000010030000B8
:1080300000000000000084000000100000000000AC
:108040000000000000000000881001030000014053
:1080500004000800100003401009004000000480E4
:108060009041204000080411020000038811100410
:108070000000090088090040042100058405C04073
:1080800002400090900000020800000080400002C2
:10809000000400041004100000000000100005009F
:1080A00090000000030000100000000000400000ED
:1080B0008200000000000000008800000082000034
:1080C000000010000000000041004101000000011C
:1080D00080A01000101100408321C084000480049F
:1080E00002A0089002C041C0A00940890884029003
:1080F00000010000808211002000410200000040C9
:1081000000C00180884002000800100000000280CA
:1081100000030000100000000000000340001000F9
:1081200084000440000084000002100000000800E9
:10813000C0402000000310000000000020000000EC
:10814000100000001011C000C0000021000200005B
:108150000002400002008240828002C020080280AB
:1081600010800121000001090000118800040004B2
:108170000010000200410200000001050000002183
:1081800000201011000582090309002190410420FC
:108190004111050304000000000008000000000079
:1081A00000000000008000800000000000000000CF
:1081B00000000000000000000000000000000000BF
:1081C000000000000000000000000000000020038C
:1081D00080090011200820048909410003000003E0
:1081E00000031040094040030509032021200090AE
:1081F0000890400900C0402100A003C01084000086
:1082000000000000000000C1840100840000910013
:1082100083000200000000000000000001000000D8
:10822000000000000000000800C0C00200A0000024
:10823000000000000000000000000000000000003E
:10824000000000000000000000000000000000002E
:1082500009011001000003000100100101000100EC
:1082600090011000000101000001910001000200D6
:108270000004028401A002090021020301410184DB
:1082800000000000000000002000C0040301030102
:1082900009908400A00210A100000000010000006D
:1082A00000000000000000000000000000020000CC
:1082B00000000000000000000000000001000100BC
:1082C00000000000000000000000000000000000AE
:1082D00000004001042091008508000000A0010872
:1082E000854009000988820011088300C00005024A
:1082F000A19088014021C01004C004004000030088
:10830000858400000000000000008402800020201E
:10831000410591038500C1000085100000000500A3
:1083200000000000000000000000000000000080CD
:10833000000200000000000000004000402110008A
:10834000030000000000000000000000000000002A
:1083500000000000034011020200838340000382FA
:1083600008C1850020102080020009830800100049
:10837000880040C100020021000380A1C0039105D4
:10838000A0008383000000000000000000800000C7
:10839000A100008021020010200203030040000918
:1083A000004000000000000000000000000000008D
:1083B00000000000000000000000000000000000BD
:1083C000410000000000000000000000000000006C
:1083D000000000000000C00900C02102210321109C
:1083E000004108112105888000A00589852010A082
:1083F000000509838591400000008480908003027D
:1084000080C021A085C000000000000000000040E6
:108410000882A088104001A0000301900103000120
:10842000000000010000000000000000000000004B
:108430000200A0000000000000000000000090000A
:10844000000001000000000000000000000000002B
:1084500000000000000000002101002100892189A6
:108460000011001101088811A10800110084820385
:1084700001210085001089C1A1080410A08490107A
:1084800008A0828402042084000000000000000094
:108490000311021140009000C00384009000020804
:1084A00000000000000000000000000000000000CC
:1084B00000000000000000000000000000000000BC
:1084C000000000900000000000000000000000001C
:1084D0000000000000000000000083C00201858849
:1084E00003080500910090000089040090008900B5
:1084F000881082400082840008020201C1A0850029
:10850000110020000289020140100000000000005C
:108510000000880390848803040300020000000028
:108520000000000000040040000000000000000007
:10853000000000000000000000000000000000003B
:108540000000000000C0004000000000000000002B
:108550000000000000000000000000008810004142
:1085600089C040800800020004030290C12003007B
:1085700009000000808500848004000021021000B2
:108580008800C02080218021001080800000000031
:108590000000004000500000C2000A00000000007F
:1085A0000000008800000000000000000000000043
:1085B0000000000041000013000000000000000067
:1085C0000000000000000000C200000000000000E9
:1085D000000000000000000000000000000000009B
:1085E0000000C20000000A880013C2000060000002
:1085F0000013C200004100000013C20041840000CB
:108600000000C200000000000000C20082840000E0
:10861000000000000000000000000000000000005A
:108620000000000820000000000099669966000024
:10863000000000000000000000000000000000003A
:10864000000000000000000000000000000000002A
:10865000000000000000000000000000000000001A
:10866000FCFCF3F3FCF3F5F54341434B0C0CFFFF2B
:10867000FF0FFFF0FF0FFFF000000000553C553CDE
:108680000000000000000000000000004000FFFFAC
:1086900000000000000000000404040000000000CE
:1086A00000000000000000000000000066996699CC
:1086B00000000000000000000000000000000000BA
:1086C00000000000000000000000000000000000AA
:1086D000000000000000000000000000000000009A
:1086E00000003F3FCFCF3FCFF5F5414141410C5D09
:1086F0000C5D0FFFF0FF0FFFF0FF000000000F0008
:108700000FFF8000000000000000000000000000DB
:10871000FFFF0000000000000000FFFF0300FF005B
:108720003C0055555545300030000000000069966A
:10873000699600000000000000000000000000003A
:108740000000000000000000000000000000AAFF80
:108750003CF00000000000000000000000000000ED
:1087600000000000DB7EFFFFEB28FCFC0000FFAAFE
:10877000FF00FCC0FFF0ACACCCFFFFCCBEBEF5A050
:10878000FF00BF100000000000000000500040008B
:1087900055CFFFF30000000000000000FFFF0300C2
:1087A00055001400FFFFFFCF300030000000000034
:1087B00096699669000000000000000000000000BB
:1087C00000000000000000000000000000000000A9
:1087D000AA003CF0000000000000000000000000C3
:1087E000000000000000DB7ECFCFEB28C0C00000FF
:1087F0000000F0F0FCC00F00ACACCCFFFFCC1414B8
:10880000F5A0FF00FF000000000100000000500084
:108810007000FFCF55F3000000000000000000864C
:10882000007400B000000086006000B90000000085
:10883000000000000000000000000000000000A692
:1088400000C001B000000000000000000000A00017
:108850005000A00000A00000000000000000000088
:108860000000000000000000A1865A60A0B900A529
:1088700000867C6C03980000A0860A60A0B000050A
:1088800000820A70A0900085A0860C7000B00005E0
:10889000A0865270A0B800A50000000000000020D3
:1088A000BFBA1510FFFFFFFDF8FF28281414141F8E
:1088B00000000000000000000000000000000000B8
:1088C00000000000000000000000000000000000A8
:1088D0000000000000000000000000000000000098
:1088E00000000000000000000000FFFB140000007A
:1088F000F0000FFFF0FF0010000000FF00FF00037A
:108900000001F0F03F3F50105010FFFFF5FF000056
:108910008200FEFCFAF0F0F0F0F000000000000031
:108920000000BFBA151000000008F0FF00000000B2
:10893000000F000000000000000000000000000028
:108940000000000000000000000000000000000027
:108950000000000000000000000000000000000017
:10896000000000000000000000000000FFFB00000D
:108970000000F0FFFF0FFFF00000000040EF00FFDD
:108980000000000100003C3C5010F0B0FFF3F5F394
:1089900005008700BE3CAA0020E0E3E000000000E4
:1089A000000000000000000003C33FFF00000000C3
:1089B0005555555500000000000000000000000063
:1089C00000000000FFFFFFFF0000000000000000AB
:1089D0000000000000000000000000000000000097
:1089E0000000000000000000000000000000000087
:1089F00000005DFF00FF000000000000AAAA0000C8
:108A000000000000900600000000000000000C08BC
:108A10000C0C0FFFFFFFFFBCFFA03C7D3F7F000061
:108A20000000000000005F5F000003003F3C00000A
:108A30000000044500550000000000000000000098
:108A4000000000000000BBFFFBFF00000000000072
:108A50000000000000000000000000000000000016
:108A60000000000000000000000000000000000006
:108A70000000000008FF00FF000000000000AAAA9C
:108A8000000000009006000000000000002C002004
:108A90000C0C0C0C0F3CFF3CBCBCA0A000550F5FA5
:108AA00000000000000000000000000000000000C6
:108AB00000000000000000000000000000000000B6
:108AC00000000000000000000000000000000000A6
:108AD0000000000000000000000000000000000096
:108AE0000000000000000000000000000000000086
:108AF0000000000000000000000000000000000076
:108B00000000000000000000000000000000000065
:108B10000000000000000000000000000000000055
:108B200000000000000000000000028805000201B3
:108B300010000489000010010000000000009000F7
:108B400000040200000002000320040040000000B6
:108B5000000000000300040000008200000000008C
:108B600002002000000008000401000009000000CD
:108B700080000300000003000400C010000091000A
:108B8000100082000400030111000300000800002F
:108B9000832000000200040400882110030011C09B
:108BA0000500020000001140024010A00800000073
:108BB00000080121002000000120900004000000B6
:108BC00011000080000000000105008090000100FD
:108BD00000040000000000009000000004000000FD
:108BE00000000000010000008800014000000400B7
:108BF00000004000000000000000890041800000EB
:108C0000020090000300000000400004C0000020AB
:108C100000002000000000000080000000000000B4
:108C2000000000000100000400000000000004003B
:108C30000001800000088020000100010001009177
:108C4000000200000004000000000000008440005A
:108C500000000000040300000010001000000000ED
:108C6000000200100000000000000001808200C02F
:108C70008000000300000800001020410020880947
:108C800000000040000141000040C100021004004B
:108C90000000A0210000020100018990A101400410
:108CA00000080000000000008000800100000011AA
:108CB000830800401008C0410480004000020040CA
:108CC00000020004400020908220000000100420D8
:108CD00000020010004190820010900000009000FF
:108CE000000800000410002088100010000420106C
:108CF00000001000008200000000A00820C00090CA
:108D00000902000084800040000002880210010077
:108D10000010001020C000000140000420102004BA
:108D200020900010400040214000044020400041BD
:108D300000020002000100000010800000408400DA
:108D40000000001021080010A00300100010008493
:108D50000010000000C0000000000000000000083B
:108D6000000000A1000010900002000400000000BC
:108D70002020000000000000004000000040000033
:108D800008008002008800000810024102202041F3
:108D90000220000300A182400900412000080010C9
:108DA000050000400000000010000900000400025F
:108DB00040100004829008020000000004000083BC
:108DC00005090000000000800000210400000000F0
:108DD0000000000020000000000000000000000073
:108DE00000000000002000000000880010809000BB
:108DF00000000180000000002000000000009080C2
:108E000020000000409000000041000901C0010066
:108E10004040A1C00440024003A1C0000080000007
:108E2000A00000001083001000000000000000837C
:108E300002000000009020204000C108020108004C
:108E4000000110010801088241010000A000020099
:108E5000090208014101000009900302000211000B
:108E600000000000000200000000000009044000B3
:108E70000000020010400000000003002102410039
:108E800000402100092108110300028203000200B2
:108E900002000240101121001008040821081004EB
:108EA000101003A010002110000340000000020178
:108EB0000000100000041000A0800108020001085A
:108EC0000009104010201008000020081010400079
:108ED0008800020010400008080088100008000008
:108EE00010008400880008000000880000000000D6
:108EF000821100000811A0A00000200888108480C2
:108F00000010A002100802A084A0A011010000100F
:108F100001208900C18000080400C009C1040011BB
:108F2000841001000009110540008810090082002A
:108F30000140000900000080000211914140001032
:108F4000410080002120000008040000080805A05E
:108F50000088000010C04100200008081000100028
:108F6000028409840000020000100000410040005B
:108F70000000100000002000040000000084000039
:108F80004000090000402100418504822008400083
:108F90000302218500400885200480830000210011
:108FA00041088240050010C0400241000810030043
:108FB000080010001010030200400902042008807D
:108FC0000008100004210000000008418800008013
:108FD0000000000000000000000000000000000091
:108FE0000800A000000000000100000000000000D8
:108FF000000000000000000001000100000000026D
:10900000000000000000008000101020014004005B
:1090100008000009404040802040A0214040200935
:109020000800000002C00002210009050010000332
:10903000404040200010000000000000000510012A
:10904000411009080040084010901008009021903D
:1090500000A00210080000000288009080000800B4
:1090600008000000020100000000009100840000E0
:1090700000001102000000848000080000010000D0
:1090800008000800400003004040111000002110BB
:10909000211000080008090880C082910000029099
:1090A0002110020011412040004008042100210449
:1090B000A088211002A0880280080010001008106B
:1090C00000201000100000000010110001212002FB
:1090D0008803002083001020824188110011044081
:1090E000C000820000000102000088008808880497
:1090F0000004C0000000A000000020411000022079
:109100000000881010090100080000000204A004FB
:10911000C0C010000000A00010000210414000007C
:1091200083410000850090C0848300898400001082
:1091300090A10241100509100280040000021000F5
:1091400008008303052104410304C005080440020C
:1091500010C01100214100418321000000004100A6
:1091600000000008A008100400100509802110006C
:1091700040000000000080000000000080000800A7
:1091800000000000000000000000000008100008BF
:10919000408920204003A010C102102000088588CB
:1091A0000005001180032141802103A1054000C07A
:1091B00008400908401000080288C0084005A120A6
:1091C000404009A00541820908400109914105413B
:1091D0000990004102000000000109000000C000E9
:1091E000A000000000008301010010010100200127
:1091F00000000100000400C0084000C0000008009A
:1092000000000000000090000000000000000103CA
:10921000A020A18800200100840109000000009125
:10922000858400C1000010C100C1A0839109910490
:109230000010000004000100A09100A085A1890594
:1092400009C190A100C1A0000482A091C1058302C0
:1092500021A090114104A000A10008001000090005
:10926000A000110208000100000001400000A00160
:109270008500A10084000000000000000000000044
:109280000000000000000000000000880101010053
:10929000A00882011088900188010405080085A1BA
:1092A000010111C00201C00540008400100010013E
:1092B000010001A001410001A000C0A103A18301A0
:1092C00003111188890884110304218520030341B7
:1092D0000504040009A141100900040082000200F5
:1092E00020008900A180910202000240418011000B
:1092F0001040C000C0059009000000000000000000
:1093000000000020000000200000200008000802EB
:10931000040020C01103408088030320C10305110D
:1093200088034041058390058240000080000000D2
:1093300080030800028810101120880089828805A7
:1093400090052182C00305828283832180210083CE
:1093500083031020800208C1880900200011000842
:109360008003000000000080800003000000000077
:109370000500410800850021800900000000000070
:1093800000000080008020800000008000000000BD
:1093900000000000084000888310109089400020E1
:1093A000030582102000000400C105200302000410
:1093B0000302000389090040030480851011004165
:1093C0000384100900C10004030404082121088457
:1093D000200841A101051082098505040000000054
:1093E0000001840100020000008440A0000000048D
:1093F0000010C008000200110011840400000000E9
:1094000002000000021000C0011020400080000097
:1094100000000000000001C000C1111140C1829194
:10942000004101084008014000010009010101015B
:10943000A0A1018900C183101003000240110002A5
:1094400000C189084004A0091008C010004185919E
:10945000419188019008840041C08801C140000109
:1094600000000000000800010000000100C0000032
:10947000000200110100C1400108100101A00020FC
:1094800000000000000000080088000000000080CC
:109490000000010100000001834010A18200004093
:1094A000880004001001110408C004820808A0010B
:1094B0000883A000048200020108004000010000AF
:1094C00001080109010300218401904088019110E5
:1094D00083084103410302809121C100092041001A
:1094E00000030040002000000003000900210000EC
:1094F0000300008040411000C18804919010410099
:1095000000800000000000000000000000000000DB
:109510000080030010404005111083A080900020BF
:109520001100204085218321900088001180118046
:10953000881000A10000008000000380408908021C
:10954000400010080204084108A08821409111053C
:10955000050011000013C2001242120000130000A7
:10956000000000420000C2200684410000130000F9
:1095700011000000000000002100000000000000B9
:109580000000810000130000000006810013C200EB
:1095900000000000000000000000000000000013B8
:1095A0000000124200000000000012420000001300
:1095B0000000410000000013C200124200820000BF
:1095C000C220210000000000000000820082001381
:1095D000C220005000000000000000000400000055
:1095E00002000000000000004340FFFF00000000F8
:1095F000000000003F3F0303000000007F00000068
:109600007E663F0F00000000000000000000000028
:109610000000000000003D3C3D3C000000003C3CE0
:10962000000000A500A5A000A03C00A000A0F7FF3E
:10963000FFF70FFF0F0000000000000000006F6048
:10964000FF6EFF006E003C3C3C3CFFFF2724FFFF09
:109650000F003C663C6600000000000000000000B7
:109660000000000000000000000043403C3C0000FF
:109670000000000000003F3F0303000000007F00E7
:1096800000003C0C3C0C000000000000000000004A
:109690000000000000000000FFFE3D3C0000000054
:1096A0003C3C000000009696A000A0C33CA0C3A0D4
:1096B000FEFFFFFE0FFF0F000000000000C00000D3
:1096C0006F600008FF000C000C2400240000272419
:1096D000FFFF0F0E3C0F3C00400804000011082063
:1096E000000000000000000000000000000000007A
:1096F000000000000000000000000000000000006A
:109700000000000000000000000000000000000059
:109710000000000000000000000000000000000049
:109720000000000000000000000000000000000039
:109730000000000000000000000080100000002178
:109740008000000000000000000000000000000099
:109750000000000000000000000000000000000009
:109760000000FFFFFFFF0000F0F0FFF3FFF3000039
:10977000002800000000006600003C3C3E3F3C002A
:10978000FCF0000000FFF024FF00000000000000DB
:1097900000000000000000000000000000000000C9
:1097A000819181811010D310001100224141660087
:1097B00000420F42FBFFFFFBF3030CFC0000000024
:1097C00000000000F0FFFCFFC200C20C04C0C4C0D7
:1097D0000000404000000D000F0F0F0F00000000C0
:1097E00000000000FFDFEFCF00003CFFFFF3FFF3BE
:1097F00000000041000000000030000000000203F3
:109800000000F0F000000000F02400000000000064
:109810000000000000000000000000000000000048
:10982000000081998199CB0808081100220041416C
:1098300099000F810081FDFFFFFDF3030CFC000088
:1098400000000000000000000C000200020C0400F8
:10985000C4000081008100000D00060700000086A2
:1098600000C001B80080018600C001A80000008689
:10987000026C00B90000008600E001900000008644
:109880000C6000B000800086006000B00000008620
:1098900000C001B00000A086507CA390000500002D
:1098A0000100000000000860008709E00080080057
:1098B0000086006000B0100000860C6000A00080F0
:1098C0000086002000902000A59E507CA0B02005BE
:1098D00000860C6000B00080A09E52FCA0B0200565
:1098E000FCFC0CAC000088443E3E0A0A555530FF93
:1098F00000000000000000000000000082AAAAAAE8
:1099000000000000005F00FFA0A000003CFF050079
:10991000000000000000000000000000003C003CCF
:10992000000000000000000000000A0A0F00F0F034
:1099300010D000000080000040000000002000FF68
:1099400000FFF0FFF00000F00FFF00000000383DC6
:1099500008FD0000000000000000AAA2AAA008A8BC
:1099600050500CAC0CAC88440000FF00FF00555573
:109970003030000000000000000000000000C3FFC5
:10998000FFFF0000000000000000A0A000003C005D
:1099900005000000000000000000000000000000C2
:1099A0000008000000000000000000000A0A0F008C
:1099B000000010D00000F080000000000000000057
:1099C0003C3C3C3CF0FFF00000F00FFF00000000CA
:1099D000383D08FD0000000000000400AA00AA00B5
:1099E00008A80000FFFFFFBCFF7DFF7D7D7D7D3867
:1099F0007DFDFFFF00000000F0F8F0F00000000027
:109A0000FFFFFDFF0000000000000000000000005C
:109A10000F17FFFFFCFCFCF000000000000000003E
:109A20000000000000000000000000000000000C2A
:109A300000CF7D7DFF5F0000000000000000F0FF10
:109A4000F00000FF0F0FFF78870000900006FFFF77
:109A5000FFAA00000000FC3CFC3C3C3F3D3DFFFFFA
:109A600000A2053DFFFFC3C3C3000A2800287D7D77
:109A70007D284141C3C300000000F0FCF0F000006D
:109A80000000FFFFF5FF00000000000000000000E4
:109A900000000C140C14FCF0FCF0000000000000AE
:109AA00000000000000000000000000000000000B6
:109AB000000000007D7D555F0000000040000000B8
:109AC000F0FFF00000FF0F0FFF7887009000060006
:109AD000FFFFFFAA000000003C3C3C3C3C3C3C3CFF
:109AE000FFFF00A00000000011000400040091002E
:109AF00011211100200102001000000021000400CB
:109B00000000000084040240100002000400020073
:109B10000200210008000400000000000200000014
:109B200004200400002020000000040020000000A9
:109B300020001001100004000488800020040401AB
:109B400020402000020010008400110991038204CB
:109B500004410900090000000200200004842102E1
:109B600020000402040002000404000000000000C1
:109B700040000084200001049000850000000000E7
:109B800000000000000021820180030001000000AD
:109B90002100210000000000000000000000010082
:109BA0000000018001000080010000000000210091
:109BB000000001000110850000000100020001808A
:109BC00000040108010084000100020200842084D6
:109BD000218000840000880088000100010010003E
:109BE00000000100018001000000010000010010E0
:109BF0000900880000210009A104000900000001FB
:109C000000888040000000110000004190008008A2
:109C100000008200000000008001821000000000AF
:109C200000001000000000018001000000C00008DA
:109C30008000000080900800100300000008000071
:109C4000800000A080820090000000000000400022
:109C50000000004002840001000080400084800079
:109C60000001000000090000008800100091004081
:109C7000001104004021008402C0049000C00000D4
:109C800000080000108082000002000800C01100DF
:109C900040100000032104100000024003000000F7
:109CA00000100021011000100020044000100000EE
:109CB00004882011000020410110000200000088EB
:109CC000000020100000021000210000000002111E
:109CD0000100000000910100000802000280040061
:109CE000041000020000004090410000000000400D
:109CF0000000080009910001100000020410020990
:109D000085C00008000080A00010004020108011D5
:109D100000108040008400000000000200410001AB
:109D20000000000200820008000000000000840023
:109D300000000000A0000010A001000108080021A0
:109D4000008200C0A00082828201020002000200A4
:109D500009200211100900098089200208028200EE
:109D6000800008A00000000010000010000009841E
:109D70000040844184050020082020101085010542
:109D80000082080000A1004002000000C0804100E5
:109D9000024000001080000088050200000000C0A2
:109DA00010400009008000000200000000000800D0
:109DB00005000000102121080800030408104000DD
:109DC0000208020004102105030521041100090501
:109DD000850808889102918288C002082090A0809E
:109DE0000200020802038202844040020011C011F6
:109DF000C000208405000000000410098804080148
:109E00009009080021000200020082824100000047
:109E10000800004190400240C10090008200100004
:109E20000240858810900004104090080588058243
:109E300010001008000002402004080020048808D8
:109E4000000341880021024084048204A00502042A
:109E5000050005A0200010C0100002419011200054
:109E600010A002400282030441004108904090404B
:109E7000A100A1200000080010090000C002048019
:109E80000008202000000000100401020200100061
:109E90008400C0111088110001C0020002080300F4
:109EA000084021800200C121020001401180880980
:109EB0000000000400040000110011801000218047
:109EC000090400820000008801802180218021C0D7
:109ED00001848200000000101000000001C0020890
:109EE0001100110001800100008000080411200011
:109EF0002000040004900000008200210020088857
:109F000021010800418410081008A1100800081061
:109F100002C041400510A04103010200080021A138
:109F200010000800900088011000000000001000E0
:109F300002004100410011000000000008C0400084
:109F4000100810081000050089000040A000A004BF
:109F500041098240030005A0000980200302020994
:109F60001008210205000201000200001000118407
:109F700041A000C01004032140094000C02000801F
:109F800088000020900910050880000010081010BB
:109F9000400008000280100508C000080100000011
:109FA0000040000008000204024000008800000099
:109FB00000088800000200000008000000210000E6
:109FC00001000003004102410003042140852000FC
:109FD0002102084003C190008420000820000041B5
:109FE000038800A040022000114040044009C02026
:109FF000840000032000C0208440084003000504C2
:10A0000008000808209121A0001141A04185028884
:10A0100021C009A00300084085004140108890003D
:10A0200010840211002000108201024141004040D2
:10A03000000008004190000003004104000020845B
:10A0400000880284080003080300020008000004DE
:10A0500020012040004002100500030010004000D5
:10A060001000C14041880000100188001100040068
:10A0700041040810000003022184210890400005DB
:10A0800000050000080301200000002000008410EB
:10A09000004002038800000910C02009828084115A
:10A0A00002000800854090001000114001C0C0006F
:10A0B00001041003C0000000000000000080000048
:10A0C0000003000801401008000000008900100093
:10A0D000000001042100008001201020A0000000E9
:10A0E0000220100002800010840301080200100505
:10A0F000C10000001021040440800000100004C1D1
:10A100001010C010038441000805202020400341A6
:10A1100000088040030500020800850011000800C7
:10A12000901180114120052005890004040091054B
:10A13000418080801100020000000500C000000086
:10A140000000912000100011009020110002044036
:10A1500003118802A004A104091185410408882084
:10A16000100002C080202000108240020441024101
:10A170001021418205104010884009202109C004A7
:10A18000101101008300918801000191A188914183
:10A1900001050000400000000000010003009000E5
:10A1A000000005018400000100010340840800C094
:10A1B00084C1C00802A000829000000020000200BC
:10A1C000A000000040C10084001100040100000054
:10A1D00091010000859089414188000821022001F9
:10A1E000C002010003054005018800080001C0000D
:10A1F0000401000001090989884011A10101A100A1
:10A20000030001008800C011A001901089014110D5
:10A21000210421C0C0000404C10082010501040022
:10A22000099084A01100910241018500C0008204C0
:10A23000A1A08400100084C0A000850091208800A7
:10A240000940850000004000C1000501A000040095
:10A250004002A000820041C10204C100031140017C
:10A26000900111002008000002840002A101C0003A
:10A27000A002C00285000510110005A004080220FC
:10A280000405C0210201410910210205418020027C
:10A290002080851120800000008008109105A00218
:10A2A00021008500C100050541000502821104005E
:10A2B0002108C0008404890082000510A00021004C
:10A2C00010004100C00000009000A100852008059A
:10A2D000900084808904840220404180410020094C
:10A2E0000404881108050385100040050220400978
:10A2F000410002800291850005852000850391843C
:10A3000082808421048811410485410580408504B0
:10A310004184900320880903408000000080088069
:10A320000002004041A0009011020040089141103D
:10A33000004180058005008500090082C00200A060
:10A34000000004000800000000000502000980046D
:10A350004109044100C0008285054140002089C0B8
:10A3600000408985008500A188858020080500853A
:10A370008011850800050040020840C011080385CF
:10A3800008114004418405841021010800C0A0A1E7
:10A39000894000418220208500A0010200A00040E9
:10A3A00000400091002000200021000300A10010C7
:10A3B000019100A004A184030009002004104104BD
:10A3C0000041008801900190402000000000C00082
:10A3D0000220000400900005008585A10083088903
:10A3E00085850089820200110002C18382C110A10B
:10A3F000008582028203000300A0A0A1858484A0BE
:10A4000000849091119000A0004004034101881045
:10A41000A00005C0854021408201A010010101007B
:10A42000000100A082211083040002020300044006
:10A430001001010400010190000401C0C1050101E7
:10A440008200A00400200000000100100000019024
:10A4500000080001001000020100010000C0100807
:10A460000208A00140002088030888001182000033
:10A4700001210101000000000105010100A0C02030
:10A480001083A000888301400020018200020403A1
:10A4900084C10941858082830820400240800803EE
:10A4A00005004040050080C000C0000580804009D4
:10A4B0004180024020800540400504104080C105D5
:10A4C0004002210441000008004100030080000018
:10A4D0004000028002400280022040052141040029
:10A4E000040905910540900020118480080088002F
:10A4F0000300118521052100090205C0102140003B
:10A5000021854041404040C0091104090805400030
:10A51000120000130000828412420013C200825015
:10A52000000000000000110081810013C200410002
:10A53000000000000000000000000000000000001B
:10A54000000000000000000021840013C200005041
:10A55000000000810000C20000008200001300041F
:10A56000000081814013C200000011000013C200EE
:10A57000110000000000C2000A8200000000C200BA
:10A58000820000000013C200008800000013C20017
:10A5900000003C3C3C3C0000C00035F575F55FFF19
:10A5A0007FFF0EFF0A0A00000000000000001CBE32
:10A5B000BEBEC3C30000FF0C55000C0F0F0F0F17DA
:10A5C000FFFFCFCF004100000000000000000000AE
:10A5D000000000001F3F1F1F00053C3D0CFF5DFFFA
:10A5E0000F3F5F7F000F3C3F3F7FFF7F88440000AD
:10A5F000000C005D400110040002FFFF002C00FF72
:10A600000D0D050D0C0C0C0D3E3EBE3E0F3C0F3CDF
:10A610005CF05CFF7F7C3C3C1555D55535F535F538
:10A620000AAA0AAA0AFF0AFF0000000000000000B0
:10A6300014BEBEBEC1C30000000C550000000000E7
:10A640000C140C140C0C0041200000000000000051
:10A650000000000000001F3F1F1F00053C3D0C0CC8
:10A660005D5D003C557D00003C3C3C7DFF7D8844A9
:10A67000000000000000800220080000FFFD000C28
:10A6800000FF050D050D0C0C0C0D3C3C3C3C550031
:10A6900055FF5C005C0FAAAAAAAAC0C0F0003AFA53
:10A6A0000AFAF5553C3CC387C3C3FF000000000015
:10A6B0000000FA50FA78020000003C3030303C00D4
:10A6C0000000003CF0AA000000005500550000000A
:10A6D0000000FF003C3C0000FFFFFFFFFFFFFCF01D
:10A6E000FEFABEAA3C3C3C3CFFFFFF30FFFFBE3CF5
:10A6F000A00000A03CC333333C000000F0F0F07831
:10A7000005050505220000003C3CAFA0F0F020202C
:10A71000FAFA0A0AFA3F0A3FAAFFAAAFC2C2F20235
:10A720003A3A0A0AF0003C3C000000000000000039
:10A730000000000050507878030000003C0000004A
:10A740003C0000000000F0AA000000005500551079
:10A7500000000000FA003C3C0000BCBCFFA0FCF084
:10A76000FCF0FCF03C003C3C3C3EFFFF3030FFFF87
:10A77000FAF0500000503CC333333C000000F0F0CE
:10A78000F0F001050505200000003C3CA0A0F0F021
:10A79000A020FC0CFC0CFA300A3000860CA00180D2
:10A7A0000000008602D401A000800086006000B096
:10A7B0000000008600F401E000800086006000B820
:10A7C00000800086006000B000000086006000B0DD
:10A7D0000080008600E403B0800000000186007461
:10A7E00000B00000000600E001900480008600B484
:10A7F00001B00000A08600E001B00000A08650700B
:10A8000000B80080A086007000B80080A08602F02A
:10A8100000B00085A08600F000B30000BF103F30FC
:10A82000550F5517BEBE82B2555530FF00000000CF
:10A83000000000000000000000FF00FFFF50FFF0DC
:10A84000C3C3C3C3000000000000FFFF303000009E
:10A85000FF053C0000000000FFFFFFFF00000000BC
:10A860000000FF00FFFF00000000FF1EFFBE8F8FF3
:10A87000DFDF0F0F1F0F7878FF550F3CC2C20000BB
:10A8800000000000000000000000FFFFFEFFAFAC72
:10A89000AFA00F0F0F0F00000000C3C3C3C3FF0022
:10A8A000FF005555555582B282B2555530300000E3
:10A8B0000000000000010200AA0041FF50FFFF500D
:10A8C000FFF0F0D2F0C30000000008AAFFFF303014
:10A8D000000000053C000000000017FFFFFF000023
:10A8E00000000000FF00FFFF00000000FF1EFFBE91
:10A8F000DF8FDFDF0F0F0F0F7878AA000F3CC7C77D
:10A900000000000000000020000000000000000027
:10A91000A0ACA0A000000C0E00000000C3C383C3C5
:10A92000F0F0F0F03C0F3C1E3F3F3F383FFF7FFF11
:10A9300000000000FFFFFFFF00000000AAFF08FF6B
:10A94000000000000C5DFFFFFEFEF000A0A0A0A034
:10A95000AAAA00000D5D3D7D00000000002000005F
:10A960000000FFFFF2F0101010FF00000000FEFEDC
:10A97000C0C0FFFF0000FFFFFFFF0F0F00005C5C87
:10A98000F0FFBE14FC0C0000F0F00000000000001E
:10A990001000F0F0A0203C3C3C3C00000000000017
:10A9A00000200F0F0F0F3C3C3C3C3F3F3F3003C3A8
:10A9B00003C3000000000FFF8F8F00000000AAFFFC
:10A9C000AAFF000000000C5D0C5DF0F0F0000080BC
:10A9D0000000AAA000000D083D3C00000000002C73
:10A9E00000000000FFFF8200101010FF00000000B8
:10A9F000FEFF0003FBFF0800FFFFF3FF0F0F000047
:10AA00005C5C000FBE14FC0C0000F0F000000000C5
:10AA100000000000F0F0A0203D3C3F3F000000009F
:10AA20000000000040000590030003102100110009
:10AA300004000488820003002100200002000000BE
:10AA40000500820182004000100084404090040014
:10AA50000200001090009000000040000000020082
:10AA60000200030000002100821002000240840066
:10AA70000200040000000410008200000400000036
:10AA800004002100000011100002C0404182038236
:10AA90000400890084118405A001A0058400A0039E
:10AAA000800080100000C000A0000000A000900006
:10AAB00000000200000003000200A00000000100EE
:10AAC00000000000034003000100010002800100BB
:10AAD00000000500000041004100000005000000EA
:10AAE00001000500840000000000088021000180B2
:10AAF00040000300000000000000C0000000000053
:10AB00008200A00082050000822110A103800400C1
:10AB1000000000002000052020842104218404007E
:10AB20000582082104008808008440000082080093
:10AB300080000000000080004000000000000000D5
:10AB40000000000800000090000000080000C1099B
:10AB5000000000A00000000800000000000000004D
:10AB6000000800080000000800C08000800000000D
:10AB70000001000400008008000000000000000048
:10AB8000000200000000001040900400000082005D
:10AB90000000000000000001000980010000000228
:10ABA000000100010400000080402000821100002C
:10ABB00000094000900004004010A10000000000C7
:10ABC00000110000000000080010000000800000DC
:10ABD00002880000000000000021000000080000C2
:10ABE0000010000000000000004100004000400094
:10ABF0000000004020000000401020112000000054
:10AC00000000009000102000000001000100000082
:10AC100003000000000040000040A0080404000001
:10AC20004000000800029120001004800008110874
:10AC300000820084000009000500050000000000FB
:10AC4000000041200000000080008041000000085A
:10AC500000008240080000000210411000010000C6
:10AC60000020000000000008000000840000000038
:10AC7000000000000000000000008941098404C0B9
:10AC8000004000000240214009400440000840000C
:10AC90000000850004000002080021000409A0054E
:10ACA000A00584A041C02110081041080810900898
:10ACB000C000C04184001000C0001000000010005F
:10ACC00084000000A0850000000002050240200072
:10ACD0001000100803800000820082041000104061
:10ACE00000000000000000000000C00004000000A0
:10ACF00008051008A00010000200820002C0001029
:10AD000040001000C00001030021024000030000C9
:10AD1000111082110220010040000002000089048D
:10AD2000048420842100A000820583081010822062
:10AD30001000900482000200210002024100000085
:10AD40000200108410029000100008000208820027
:10AD500002018202100082021000000003000200C3
:10AD6000904010001000410010000200000210028C
:10AD700000004100410040000002080800020800F5
:10AD800008000203100011021000090000081089D9
:10AD90001082910090001040400008002000020046
:10ADA000040883008405A000210005002000100095
:10ADB0008290C0084021412000008400908400005F
:10ADC00090000104001020804008210000098580C7
:10ADD0000321C1084080012003040011000010007D
:10ADE000C01003800100000020200000000400804B
:10ADF00082880000000084000509008004000080B3
:10AE0000A00004000202000000A1000000210209CD
:10AE100084020200040204000085051000044105BC
:10AE200085110311200921020510404100098810F5
:10AE30000010030400C0000000004108114000821F
:10AE40000000000841000000210008101000100060
:10AE50001000020041C0000008000241410000C093
:10AE60004100410482400001000000000000000099
:10AE70000000000000001000414010004182000866
:10AE80000240000040838000000009000900050026
:10AE9000000221002141000021002001410010009A
:10AEA0002000000004002001A00020A0040083A1D5
:10AEB00010100410410000000000822002089041A0
:10AEC0000811820388050000000000000005000052
:10AED000A0000000010508000003004101C000219E
:10AEE0000000C0008400038300080004C0090010B3
:10AEF00000000800000000001003C009100000005E
:10AF00000009112000080120202010000209000083
:10AF1000900510904010084090080000904090006C
:10AF2000881001000005411189042100890391085E
:10AF300020200410001000112109410009008800A0
:10AF400008000504800002000800410120002100E3
:10AF500041000200024010014188000020008211DF
:10AF6000200000000382210441410241C100410050
:10AF700088004000000802040000000010000000EB
:10AF800000000000000000200200C0C080A003C03C
:10AF90000000200100880210028411884100820113
:10AFA000000002000500100120C0201020008301D5
:10AFB000051003000400A01003000402000020009C
:10AFC000400000000000400000080200000288402D
:10AFD0002011204188000180004010000400002161
:10AFE0000308020900110200020010C01108020942
:10AFF000C0404000210400000400000000000041A7
:10B000000400100200040000002104200204400893
:10B0100000000000840200110540204008020004E6
:10B02000034000210000000400040140412001020F
:10B0300020049002840083100405C0040003001063
:10B040000000000000030000000000110083808861
:10B0500020000000028080008500108003C183046E
:10B060000310C1850583002120040380000900022C
:10B070000083000300031000001100000000000323
:10B0800000000000004000030040400000000003FA
:10B090000080008000110003000410000000808385
:10B0A0000021080000001102000510048809410475
:10B0B000024180204100C008204090412020000132
:10B0C0000000000000000001000000000000000976
:10B0D0001002029000A0010808880288008401057F
:10B0E00008A001C085840102029101C0001010A0D7
:10B0F00084C1000400A000A100A000A000A00000E6
:10B100000001880000000000C00302C083C000C02E
:10B110000001000400100090040100000000000085
:10B120000211040410C00008A0000000C00040008C
:10B130000200000004010100030085014001C0017C
:10B14000A000020802000300000000080000010047
:10B1500000000000000001000400A0000203C00085
:10B16000C100C01008000800A0008590890084007C
:10B1700008000804A041412102008800A00041C04D
:10B180000000080082000420A1000300A040040089
:10B190008500000000080000010002002084080073
:10B1A000090004014000020005044100C000410004
:10B1B00040000010010401400100001001890191CC
:10B1C00000010000808080008300000000800000FB
:10B1D000030010000000000003008000000000C019
:10B1E00000002000C1008210C1020900C10040041B
:10B1F00082210004800000A1830500410800800036
:10B200008382000080000000910003009041000054
:10B210008000830000000080000003000000800028
:10B2200080000300800380000000038005004021AF
:10B2300005408311108021801000080040804041AB
:10B240000408044000000008100000030011000082
:10B2500000000003000080888000008300208041FF
:10B26000809100A00889802104A0050500900005B8
:10B270000040000511800080009010800011000047
:10B2800000000003000000800080000800830080B0
:10B29000008080C000030011008000800003004097
:10B2A0000080080000830000800000A1808310C19E
:10B2B000008309201011200404090040100009C077
:10B2C00011402005899000000001000000010000ED
:10B2D00000000000000100A004C002C0020300C181
:10B2E0000403C084100900400403C085A1050009BF
:10B2F00000C120110003008402C082850304000005
:10B300000400000000010000000200020091008320
:10B31000000800400840C00302200010900800A16F
:10B32000008300200002001100A008C0C084882112
:10B330000141000800024103010000000001040077
:10B34000101100850104418301010000000000404C
:10B3500001000000000000000120000000000000CB
:10B3600001010020000000040101004000000190E4
:10B370000201C100000010020804C0000300082000
:10B3800085000400410000040000010100020000EB
:10B3900000C08504840084001004010200840000C1
:10B3A00000000100000100000010092009C0C08455
:10B3B000C0A00002012100000020010000A1000047
:10B3C0000000019001910120000003020011000023
:10B3D0000080030000000010000003800000110046
:10B3E00000001040208003000341024005834041DB
:10B3F0000500830540092005808041900900401127
:10B4000091008309000008000000000003204000B4
:10B410000000008083050000800080000300000021
:10B42000001000000300004000000080838504033A
:10B4300080800000219041044040088421000208DF
:10B44000050802004000202021914000000000007B
:10B450000000000000000000000000008100001358
:10B4600000000000000000000000000000000000DC
:10B4700000008184000000000000000000000000C7
:10B4800000000000000000000000000000000000BC
:10B490000000000000001200001300000000004245
:10B4A0000000C200000000000000000000001100C9
:10B4B00000130000210011000013C20000000082F0
:10B4C0000013C200000000000013C2000000FFFFD4
:10B4D00000000F0F0000FFFF00003C3C00000F0FBA
:10B4E00000000F0F00000F2F002400001E060F6E3B
:10B4F0000F080000F010660066007E3C660C7F7F3F
:10B50000FF3FFF00FF000F0F00003C3C0000000069
:10B51000FF000000FF000000FFFF0000FF00000030
:10B52000FFFF00003C3C0000FFFF00003C3C00002F
:10B53000FF000000FF0000000E0E0E0CFFFFFFFFDB
:10B54000FF0FFF0F6F6E6F6E660FFF3CBF3EA726AB
:10B55000000000000F0F0000000000003C3C000055
:10B560000F0F00000F0F00000F2F0024000000003D
:10B570000F6F0F090000F030660006003F3C0F0C13
:10B580006F6FFF0FFF00FF000F0F00003C3C00003B
:10B590000000FF000000FF00000000000000FF00AE
:10B5A0000000000000003C3C0000000000003C3CAB
:10B5B0000000FF000000FF0000000E0E0E0C024213
:10B5C0000202FF0CFF006F666F66660F003C9B1A5D
:10B5D00083020000000000000000000000000000E6
:10B5E000000000000000000000000000000000005B
:10B5F000000000000000000000000000000000004B
:10B60000000000000000000000000000000000003A
:10B61000000000000000000000000000000000002A
:10B62000000000000000000000000000000000001A
:10B63000000000000000000000000000000000000A
:10B6400000000000000000000000000000000000FA
:10B6500000000000000000FF0000666600003C3CA7
:10B660000000FFFF000000FFFFFFC3C30000000059
:10B670000000000007FFF7FF0004FFFF000000F0DC
:10B68000F024FF00043400300000FFFF0000F0F061
:10B690000000F0F0000000003C3C000000FF000053
:10B6A00000FF00003C3C00003C3C0000FFFF0000AD
:10B6B00000FF00006666000000FFFFFF999940430D
:10B6C0007C7F0000F4F4F0FFF6FF0FCF9F0F063FE2
:10B6D000F63F68F86EFE000000FF0000666600009E
:10B6E0003C3C00000000000000FFFFFFC3C300005F
:10B6F0000000000000000000F0000000FFFF00005C
:10B7000000F0F0240000003C003C000000000000BD
:10B71000F0F00000F0F0000000003C3C000000FFF2
:10B72000000000FF00003C3C00003C3C000000002A
:10B73000000000FF00006666000000FFFFFF99990F
:10B7400040407C7C0000F4F600FF00FF0FCF0F0F9D
:10B750000630F63008980E9E02C7016000B44940DA
:10B76000024101000004494002C701E00194414048
:10B770000086006000B000000086006000B000801D
:10B780000086006000B800000086026000B44840F7
:10B7900002C7016000B44940000002C7016000B464
:10B7A000494002C701E001B44940A2C7017400B496
:10B7B000494002C7016000B4494002C701800394B8
:10B7C0004140008652F0A1900005008600F400B0D0
:10B7D0000080A08600F00093000000000000000040
:10B7E0000000000000000000000000000000000059
:10B7F00000000000000000FF00FF0000000000004B
:10B80000FFFF3C000000F0FC50500F3A0F0A000010
:10B810000F3FFFFAFFF000000000000000000000F2
:10B82000033F033FFFBAFF3051010000000000005A
:10B8300033FFFF3300000000515D01FDEAAAAAAA10
:10B84000000000000000000004FF3CFF00000000BA
:10B8500000000000000000000000000000000000E8
:10B8600000000000000000000000000000000000D8
:10B87000C040FF550000000001FFC3FF00000000B2
:10B8800057D7FFFF3C000000000C5050003A000A60
:10B890000000003CFFAAFF000000000000000000C4
:10B8A0000000FFFF033FFFBAFF300101000000006E
:10B8B000000033FFFF3300000000515D01FD2AAAA4
:10B8C000AAAA000000010000000004FF3CFF0000E5
:10B8D00000000000000000000000505F353500004F
:10B8E00000000F0F7F0F00000000000000000002AA
:10B8F000000300000000C0BE00BE0FAF0FAF00F09D
:10B9000000F0C3C3C3C3303030301C1F1CFF000025
:10B910000F04FF0C5500F828F000053DFFFF000064
:10B92000000000000F3F5F7FFF30303082AA82AA04
:10B93000033F033F000000000000000010BF1CBCDC
:10B94000FFFF00200002000000000000FFFF308227
:10B9500000000000000000000000000000000000E7
:10B96000000000000F0F7F7F0000000000000000BB
:10B970000000000300000000C08200822F2FAFAF44
:10B9800000F00EFE0141004130303000080B08FF8E
:10B9900000000F0C000C5500F828F000053D053D97
:10B9A000000000000000003C557DFF00000002AADE
:10B9B00082AA0F0F0F0F000000000000000010BF50
:10B9C0001CBCFFDF00000000000000000000FFFFC3
:10B9D0003000000000000000000000000000000037
:10B9E00000000400040004000400C10020080582D7
:10B9F0008221030005000400200002000000200056
:10BA000000000000100010048300020002118400F6
:10BA100002010000400000000400040000100000CB
:10BA20008000000000000000000000000400A0A052
:10BA300000008400A0012000200140010010C0018E
:10BA400082002011A0002001A005A0010000040038
:10BA5000800020000000C0102000102020024000C4
:10BA6000004084040000000020009000400004001A
:10BA70000400034090000000840000410100200009
:10BA80000000020000000100010010000100002081
:10BA900004000020000020000400040088000200D0
:10BAA0000000100000000000002100041000000051
:10BAB0000500000021000420010001100004000026
:10BAC0002040030001842109010403842004002193
:10BAD00000000404020000000204910001800180C3
:10BAE000200000800400000080A00000400400004E
:10BAF00000008040804080200000000000840000A2
:10BB0000000200840082000000000000000000002D
:10BB10000000000000000000001000100000000005
:10BB200000000000000000C0000000000000000055
:10BB300000000082000000A00010000100000000D2
:10BB400000900000000000000000800080008004E1
:10BB500000000000000000000001002000010020A3
:10BB600080010001A040000000000200C0000300AE
:10BB7000200340004080028840A100020000001025
:10BB8000000000800000880040000000000000006D
:10BB9000000000000010000200000002000000028F
:10BBA0000000000000000000000000000000000293
:10BBB000002088000021001000020000004000105A
:10BBC0000000000000100000000200000411040941
:10BBD000048888000000002000050020908040209C
:10BBE0000090080204400280000009000582400025
:10BBF0000008000000004000821004010010030053
:10BC000040001100210005000008418400000000F0
:10BC100041000200009000C0080000C00000A10028
:10BC200088002100050000400008000041000200DB
:10BC3000100802004100042190000404A0048804BC
:10BC40008000100190C00241094009092001A08331
:10BC5000A041020302820000034040A08282020150
:10BC60004101800100020440024040089000002091
:10BC70000108000000009000C00003000120100037
:10BC800000000100C0200820A000100000000000FB
:10BC9000A000C01085118800000000000000C00056
:10BCA0000200021184090000108000000000004121
:10BCB0001100A0410110C00001841000018021800A
:10BCC000208202004040020009840000840409042C
:10BCD0000304030400041100040800858900050022
:10BCE0000004044020408280028011A0002105C091
:10BCF000110088A009C0410000409040904003001E
:10BD000009012090100000822000210200200088FC
:10BD1000030010002000100000004100020020007D
:10BD200010000200118820000000800109000000BE
:10BD30000200041000A004001100000004008400B0
:10BD400020002088020420000800000002000000FB
:10BD50000400C0820200112002000400040011004F
:10BD60004100080010824000000000002001200176
:10BD700000000000020084048402000202800288A5
:10BD80001000000200090000000020000080008078
:10BD9000400000020110000000000000000500004B
:10BDA0001000000000000003000000080240000036
:10BDB00000000100000000090000000840028400AB
:10BDC0002000012010000180400800000000010058
:10BDD0004002010002000109000200000000010011
:10BDE00000000000100090031003900000000040CD
:10BDF0000040410000001100020802004100024022
:10BE00000341020005000002418203C010C002008D
:10BE1000080100C0000000000282000000000300D2
:10BE20001010000080100008000041000000218276
:10BE3000411000000000000000000908020020047A
:10BE4000000104200900C1000509004108C02001CB
:10BE50000008A100110000002104A00204000088D5
:10BE6000400800A000002000202020020901090055
:10BE70000800808402000000001108000220002059
:10BE80000190C0C00000000000411009C000000087
:10BE9000C0000802100010001000C1000020A00027
:10BEA000000009009008020300808408C00000051B
:10BEB0000000080500000000C00000109000A1096B
:10BEC00011800008119002202020080400040010B6
:10BED0009104000020000210A021C0910300101066
:10BEE0004005C00000081005010041820100000467
:10BEF00000410041040220C0009000208300202067
:10BF0000200288408209002002C040010001100286
:10BF10000084000000000200000241100000200028
:10BF200010000000100008040400008820200240D7
:10BF30000000000420400000000009004000000054
:10BF400011000588208220000400118200002010CA
:10BF500041200588418400004184090420400400F8
:10BF6000000002400000020004C009820220918407
:10BF7000401041100340020000008440880002206D
:10BF800000008880020041400085400800400240D7
:10BF900000800000000040400000000000000000A1
:10BFA0000000000000000000004140000205000207
:10BFB00088000020000000000000000500000000D4
:10BFC000000000000000000001000011100000004F
:10BFD00082008405400000000008000090000180FD
:10BFE0004000000000000000840240000200400009
:10BFF0001020048010000080000010100800034092
:10C000000000A1210904210000000000001011001F
:10C0100000830085009010800000402082042105EC
:10C020008341208000800980C0808503A1214002D7
:10C03000050000000000000000000000000090006B
:10C0400000000080C0038441830411C102890009FB
:10C0500000021011880904080003404188201109DA
:10C06000A041212109100810008441A00000100007
:10C07000418000808205C10589020802010111008A
:10C08000010100002000900000000000008820C096
:10C09000A1020020000282024110000201000800FB
:10C0A00001014101014000A0902040400500C00175
:10C0B0000101000000000000000000000000000876
:10C0C0000940009000C08440418941200011038252
:10C0D000004100410040848801C0009001212101FD
:10C0E0008801A0000000884101C190020108109061
:10C0F00021A0834000904100080010000000910141
:10C100001001A0C0C01040002084C00084010800BD
:10C1100008002000A0000400900008880905000025
:10C120000000010001009000000084002004A00134
:10C13000A084024090C089008900040283000000AE
:10C140000800C000C000A00309000140A0012009B0
:10C150008800200421890205C10090882000A001E8
:10C160000208408420A00221A00000911083C0009A
:10C1700090119000900802054000914140408202D9
:10C180009003000200008909A10009040000804119
:10C190008000801000004104000400108080C04036
:10C1A0000500020005004009030002008300C18071
:10C1B000200204000589418502002000890020003A
:10C1C0000000802180030000004091211000054004
:10C1D00040900304A000881041091141050085002A
:10C1E000080984C0C00091100405000000208005EB
:10C1F000000008888311038040C0034040841091F0
:10C20000A085001100800200800000100000028064
:10C210000000008000000484000580000990418037
:10C22000008505A00021008505C1000980100005DA
:10C230000010001000850010000500000000000044
:10C240000000000000000000008000802189000341
:10C2500085A0C00320200010808940411008000004
:10C260008020400511A009022008A084044100029A
:10C2700002210440000009800800008003A0004162
:10C280000521082000C0009001C02090C089002036
:10C2900001A0204004400204820800A00804A10874
:10C2A00021080008002100C00004004000904084E4
:10C2B000A010008900C100030091000300000000ED
:10C2C000000000000000000200C0008400400020C8
:10C2D000008221048991009084C1840300A001019F
:10C2E0000800840003000002002101C182A00001B7
:10C2F0000001A0000000008810889020A08291908A
:10C30000008400A0210989119004C000C008019098
:10C310000000000000A000A10008010000C008010A
:10C32000091008001004000000020000000004854D
:10C330008400020004100400020004000402000053
:10C340000000000000200000A00104028400C010D2
:10C35000020088A002009010854004A14000042043
:10C360008200C1A084010002034021A08484024015
:10C37000000000000000000882022004209140021A
:10C38000A1C041200401040010830000040080804B
:10C390004003000000000000031000804004008003
:10C3A0008004C000900880000000000900410000E7
:10C3B0008085000080110080802185112111C180BD
:10C3C0000021000000030080000000408000800089
:10C3D00080008040911004111180A0822003A005EC
:10C3E0004088C003A104A0030880A00240108985F2
:10C3F00021800300200020002180800400910002A1
:10C400000041A080204140100341000000000000D6
:10C410002184000000000000000012000013000052
:10C4200000000000401300000000000000000000B9
:10C4300000818200001300000000000000000000E6
:10C4400000000000000000000000000000000000EC
:10C450000000000000000013C200008482000013EE
:10C46000C200110000000000C200008281004013E1
:10C47000C200008800000013000000000600001346
:10C48000C200000000000013C20041000F0FF0F0D6
:10C4900069696969FFFF0000696969690F0FF0F058
:10C4A00000FFFF000FF00FF00F0FF0F00000000092
:10C4B000A3A3A3C3000000003C3F7D7F007F007F5B
:10C4C0000F553F7D0000000000000000000000004C
:10C4D000000000000000400040000000FFFF0F00CF
:10C4E000EB000303008200C0000000000000030313
:10C4F00041C300000000004D00FF353535F5000058
:10C500000000000000000F3C0F3C05F5FCFC0F0F85
:10C51000F0F0696969690000FFFF696969690F0FD7
:10C52000F0F000FFFF000FF00FF00F0FF0F0000031
:10C530000000A3C3A3C300000000000F555F00006C
:10C5400000000C0C3C3C000000000000000000005B
:10C550000000000000000000000000001000D7FFF5
:10C560000F002800030341C3000000001400000076
:10C57000030300823C3C0F55004100FF050505C543
:10C580000000000000000000550055FF05F50C0CF0
:10C590000F0FF0F0C3C33C3C00FFFF00CCCCCCCC71
:10C5A000C33CC33C0000FFFF00FFFF000000FFFF93
:10C5B000FFFFE3A0FFFFFF0800000000FFFC0000FA
:10C5C000F0000000003CF0AA000000003F3C0F001B
:10C5D0000000000000000000000000000000030F49
:10C5E000030A00000000000A0C0C00000000030F0A
:10C5F000030AC300C0C00F0A0C0C0030C32800009F
:10C60000000000000000FFFAFFF03C3CAAAAFDD5A4
:10C61000BC940F0FF0F0C3C33C3C00FFFF00CCCC38
:10C62000CCCCC33CC33CFFFF000000FFFF00FFFF7A
:10C630000000FFFFA0A0FFFF0808000000000000AE
:10C640000000F0000000003C00AA000000003C3C9C
:10C65000000000000000000000000000C382FFF0A6
:10C66000030F000A5F0A3C3C0F0A0C0CC382FFF068
:10C67000030F000A8282C0C005000C0C00300028A5
:10C680000000000000000000FFFCFFF0F0F0FF00E1
:10C69000E9C1A8800286016000B4084002860160FA
:10C6A00000B40840028601C001B40840028601A01F
:10C6B00000C404400086006000B00000008600A0B6
:10C6C000018000000086006000B00000008600606D
:10C6D00000B0000000000086006000B0000000868E
:10C6E00000B00099000000A6005003B000000086D2
:10C6F000007000B8000000A600F003F004000086FF
:10C700000CE000B00000008650F0A3B00005A08649
:10C7100000F000B3000000007020001E00000000C8
:10C720000000D755D5D500000000003C0000FFFFF9
:10C73000FFFE7FFFFFFF00000000FF053C00FFFF42
:10C74000FCF004FF3CFF050000000C5DFF5D0000F5
:10C75000000000000000000000C000000C0C0C3CB9
:10C7600000005454C340C3C03C3C000033FFFF33BF
:10C7700000AAF05000000000000000A0000000002F
:10C7800000000000000000000003FDFFFCFF0000AF
:10C790000014FFFF00FF003D0000202000140000F7
:10C7A0000000000055555555000000000005000030
:10C7B00000000004400000000000000000053C00F4
:10C7C000FFFF000004FF3CFF010000000C0C0F0FF6
:10C7D0000000000000000000000000400000000019
:10C7E000003C551454540040C3C07C3C400033FF0F
:10C7F000FF3300AAF050000000000000008000009D
:10C80000301000000000000000000000FDFFFFFFEE
:10C8100041000F00FFFF00FF000500000000005571
:10C820000000000000000F0F0F0FAA00AA0014055F
:10C83000000000FF30AA7FFFFFFF000000000000A3
:10C840000000AAAAAAAA14FF3CFF000000002F2F94
:10C850002FFF0000000000FA00FA0000C0CF00FF28
:10C860000F3C5500000000002800000000040001FB
:10C8700000000000FF00FF000000000000000000BA
:10C88000000000003C3C3F30C3D7C382F0E0F0C062
:10C890000000FCFD00000000003000C000000000AF
:10C8A00004040000000000001F0F0F0FFEFCBE3C40
:10C8B00000050000000030AA020000000000000097
:10C8C00000000000AAAEAAAA00FF3CFF0000000082
:10C8D0000F0F0FFF00000000C3FB00FA0000C0CFE5
:10C8E00000FF0F00550003000000000000000000E2
:10C8F0000000200000003A3A303000000004000040
:10C90000000000020000FC0CFF00C3D7C382E0E07F
:10C91000C0C00000F0F500000000003000C00400BE
:10C920004100110000000400040020002100030069
:10C930001100110004000000110004000401200097
:10C940000000110041001100000000001100000073
:10C95000020000001100800084019000020000002D
:10C9600011000000000004000000000009000300A6
:10C9700041000000000040001100A1010000212042
:10C980000000110000002100000040A04000000055
:10C99000001041000000009000112041000900013A
:10C9A000880004000000A000000020000000000239
:10C9B000A000000082000000840000000009004088
:10C9C000000000000000000004000000040000005F
:10C9D0009000040000000000400011400900050024
:10C9E0000000000200000000000000410000000004
:10C9F00090218800000000000000020302080004EB
:10CA00000090000000000000000000030000000093
:10CA1000040000000000000088000002A0A00090B8
:10CA200020100000000000000000000000000004D2
:10CA300000000000000000000000000400000000F2
:10CA400000000000000000000000000000000000E6
:10CA500000000010000000000010000800000008A6
:10CA6000000000C000000000000000000000000006
:10CA700000000000000000000000000000000000B6
:10CA80000000110000000000000000000000000491
:10CA9000000000000000000000A0000000000000F6
:10CAA0000000000100000000000000000010040071
:10CAB000000000000000000000000000000000086E
:10CAC000000000000000000000000000000800005E
:10CAD000000000080000000000000000000000004E
:10CAE0000000000000000021001100000000000014
:10CAF00000410000001000030000001000020000D0
:10CB000000030000400000000000000804000000D6
:10CB10000000000000020000000000110000000002
:10CB200000000010002000C00982000005A01100D4
:10CB3000000800000984210000A000C000080000D7
:10CB400000080800C1091010050005C0000000A081
:10CB500000080800031010002100008208000000F7
:10CB6000080000080401000000840000000000002C
:10CB7000100000001100000800841000080009A047
:10CB8000000090008800001000A000840300050051
:10CB900000000500031000000400000200840000F3
:10CBA0001000040803000000000388000000C0001B
:10CBB0008200A00088008800900010001000020091
:10CBC00008008400C10004100000080000090000F3
:10CBD00008000800820010000800000008000000A3
:10CBE0000000000010000110000010000000840090
:10CBF000100582008400C0001000A0000000820028
:10CC0000C000820004001100C088044100104005EB
:10CC1000044100008800000300080010000000002C
:10CC20000241820000C100030000410003401000E7
:10CC300010000088418221000500200000000590BE
:10CC400000080500000000000508050002001000B3
:10CC50000800000000000084000011000000001027
:10CC60001000030000000500020000004100000069
:10CC700000001008410000000000400020000200F9
:10CC800000001000000002001020200010004100F1
:10CC90000000000011000204000200000900000072
:10CCA000200000004100100000000204000200000B
:10CCB00084040005840000110011A000000982080E
:10CCC000020090210200100000000021400000102E
:10CCD00000000000000000000000A00000000000B4
:10CCE00000100000000000008200011100000000A0
:10CCF00000000000000000004000000040000400B0
:10CD0000200002114002001100020000C0080000D3
:10CD1000840200000000A0000000A000001000003D
:10CD20008821000000000000C00000000100000099
:10CD300004000000050000000000030000080000DF
:10CD4000000000840000000040840200008408000D
:10CD500000000000020000000010000000080000B9
:10CD600005001000080000A000A0000000C00000A6
:10CD7000000005C000100000008200000000050057
:10CD800005000500000000C080000000098409C102
:10CD9000000000000908410000004100101005C01B
:10CDA000000021000084100021000001090810008B
:10CDB000000090408800C00990000000000084003E
:10CDC000C0008200000084000802080008008820DB
:10CDD000C000100008000000002084200005900919
:10CDE0000020C00000091009080010000000000029
:10CDF0000000840000001000C00508410000880801
:10CE00008821000900000009840040000000001093
:10CE1000C040840000118421102100408200C00322
:10CE2000C0081021021000218400880008400088FA
:10CE30000021114000000000050000000800100063
:10CE40002110100020000000410010842084209058
:10CE5000000400C0030000000020000010000000DB
:10CE600000000088000041001100020003100400CF
:10CE7000000000000082118200000402040004008F
:10CE800000004000000000000000004020004020A2
:10CE90002020020800000300000002021188400068
:10CEA00008020420000000000900090000021084AC
:10CEB000001008002011201188098403201100208F
:10CEC0000203C00400008400044000409000000001
:10CED00000200000000000200000000200400000D0
:10CEE0000000000004208800000020040000000072
:10CEF000000004000000000000000000000000002E
:10CF00000000000000020400900004004000200027
:10CF1000900000020100C004400004001000000066
:10CF2000000488100400100000000000A000008031
:10CF300001050005A00000000000000000008000C6
:10CF400000000000000000808000000300000000DE
:10CF500000000000000000008300008083C100008A
:10CF6000030080C183C103000300000803410000E7
:10CF7000030080A10800000000008300808083C1BE
:10CF80000000030080C183C10300030000100341BF
:10CF90008000030000A1040000008300008083C122
:10CFA0000000030080C183C103000300002003418F
:10CFB000000003008082A0000000000000000000CC
:10CFC00082000000000000000010020000010000CC
:10CFD00000000000000000000082838200C083C1C6
:10CFE0000082018282C183C10140218200010101CE
:10CFF0000082018210C1000000000082838240C0D4
:10D0000083C10082018282C183C103404182000149
:10D0100001010282018282C120000082838200C05D
:10D0200083C10082018282C183C103A041820001C9
:10D0300001012082018240C14000000082000040C6
:10D04000000000000100000000009100200100002D
:10D05000000001000000000000208200C082008368
:10D060000000828283820083C0820483C0830083A5
:10D07000C101820083820083018900008200C08296
:10D0800000830001828283820083C0820483418303
:10D090000083C10082008382008301058200A08298
:10D0A00000830000828283820083C082C083038366
:10D0B0000083C1008200838200830104000000001D
:10D0C0000000000000000400000000000800C04153
:10D0D000000000031000000000000000000080803D
:10D0E000008300200080028000838080A0838390E2
:10D0F0000083C1081100028000834110000000007D
:10D100008080008300210080028000838080A083D3
:10D1100084900083C10005000280008341900000DC
:10D120008080008300000080028000838080208354
:10D1300004A00083C100050002800083418000003C
:10D14000000000000000000040000000000000059A
:10D1500000000000000000000000000000000002CD
:10D1600000008302800000000000838203C10008E9
:10D170000000830200000000000003000000000027
:10D18000000200008302800000000000838203C1CF
:10D1900000080000830200000000000003000000FF
:10D1A000000200008302800000000000838203C1AF
:10D1B0000003000083020000000000008300000064
:10D1C00000000000000082000000000000000000DD
:10D1D000000000000000000000000000000000004F
:10D1E000000100828383A0000000008283C101C18E
:10D1F00000830082838300000000008421820000FD
:10D200000000000100828383A0000000008283C12F
:10D2100001C1008300828383200000000084C1825A
:10D220000000000100828383C0000000008283C1EF
:10D2300001C1008200828383000000000084C1825B
:10D24000000000000100004100000000000000009C
:10D25000000000830000009000000000002000009B
:10D2600090C1838301000140000082820182C1835A
:10D27000C0838382000101830000828200000001DC
:10D28000104100008383010001400000828201827E
:10D29000C183C08383820101018300008282000078
:10D2A000000104208383010401C100008282018205
:10D2B000C183C08383830101018300008282002037
:10D2C000010102A000004100002100000000000058
:10D2D00000000000008808000000000000000000BE
:10D2E000000000C002834100022000000080048092
:10D2F000C183808302910303028300000080000049
:10D300000303802000000283410002C1000000806E
:10D310000480C18380830291410302830000008066
:10D320000000200380910283418002C10000008040
:10D330000480C183808302C0400302830000008018
:10D340000000200300210000000000000000000099
:10D350000000000012008100001300001200000015
:10D360000000000000000000000000001242000069
:10D3700000000000124281480013C2001242000067
:10D3800000000000124200000000000000001242F5
:10D39000000000000000124281480013C200124247
:10D3A00000000000000012420000000000001242D5
:10D3B000000000000000124281480013C200124227
:10D3C0000000000000001242000000000000000009
:10D3D000000000000000000000000000000000004D
:10D3E000000000000000000000000000000000003D
:10D3F000000000000000000000000000000000002D
:10D40000000000000000000000000000000000001C
:10D41000000000000000000000000000000000000C
:10D4200000000000000000000000000000000000FC
:10D4300000000000000000000000000000000000EC
:10D4400000000000000000000000000000000000DC
:10D4500000000000000000000000000000000000CC
:10D4600000000000000000000000000000000000BC
:10D4700000000000000000000000000000000000AC
:10D48000000000000000000000000000000000009C
:10D49000000000000000000000000000000000008C
:10D4A000000000000000000000000000000000007C
:10D4B000000000000000000000000000000000006C
:10D4C0000000000000000000000000002EDE000050
:10D4D000000000000000000000000000000000004C
:10D4E000000000000000000000007B74AEDE0000C1
:10D4F000000000000000000000000000000000002C
:10D50000000000000000000000007B750000AEDE9F
:10D51000000000000000000000000000000000000B
:10D520000000000000000000000000007B75AEDE7F
:10D5300000000000000000000000000000000000EB
:10D540000000000000000000000000007B75866EF7
:10D55000C002000000000000408C07000000000036
:10D560000000300200000000000040037661866F7A
:10D57000C002000000000000408C07000000000016
:10D58000000030020000000000004003F6610000CF
:10D59000866FC002000000000000408C0700000001
:10D5A0000000000030020000000000004003F661AF
:10D5B000866FC002000000000000408C07000000E1
:10D5C0000000000030020000000000004003F6618F
:10D5D00000000000400002090000202004040400B4
:10D5E0000300040020002000000080100000001054
:10D5F00000002100020402002100A0010000000040
:10D6000020001000000010000000110000000000C9
:10D6100000000000000010000400000000002000D6
:10D620002000800000002004001100002000000005
:10D63000A100000091040010110100012100000070
:10D64000000000000000040000A1000820A100412B
:10D650000001000000000000018800002080008020
:10D6600004000000000000000000000004000004AE
:10D670000400A0000000000083000000210400045A
:10D680000400000001000000010000000000000094
:10D690000000000000009000A10000004000040015
:10D6A00001000100200400000184000400000100CA
:10D6B000000004000000208000800004000400003E
:10D6C0000400004100000000000000202000014094
:10D6D00000C0000800200000002000000000000141
:10D6E00000210021008400000000200000008020B4
:10D6F00000010001000400100000000000080010FC
:10D700000000000000000000000000000000000019
:10D710000000000000C080000000000000200000A9
:10D7200000000000000020000000000000000005D4
:10D7300000000000002000000008000100080000B8
:10D7400000000000000000000000000000010001D7
:10D750000021000000010088001004800002000089
:10D760000004A084008400000000000001000041CB
:10D770002091002000200000000800000000008030
:10D780000010000000000000000000000000000089
:10D790000010000000100000401000100000008089
:10D7A0000021000200000000051100000000000040
:10D7B00000A0901000000090001000100010001059
:10D7C000000000000021002100000000000000080F
:10D7D000002000C0000000080400C02084409041E8
:10D7E0008421201184840000050005001000000041
:10D7F0000000049004C004000000000000000000CD
:10D8000000004100030002000000000000000000D2
:10D8100000000008000000A00000000800840010C4
:10D82000800010080000411000102001A08220900C
:10D83000020000100000000000A082A0A0009008DC
:10D840002000001000C00008800082004000090095
:10D8500000C10000200020210420010041800500BB
:10D86000118821A00120210000000000000000001C
:10D8700000000000010301000100000000000000A2
:10D88000C000000082000000010000000000000055
:10D890000000000000000000000000000000000088
:10D8A00000050400C0000000000000000104210386
:10D8B00001008908000000000000000003002100B2
:10D8C000098001100000C0000009040003210100CC
:10D8D000000084409000010001840180410040006C
:10D8E0000900824041000401410020002000200086
:10D8F0002000200020004100100020004000030014
:10D900004100000000002101000110002000100073
:10D9100000010001050000000900000000004001B6
:10D920000000100000000000100000000300410093
:10D93000200009002000040004018001800085000F
:10D940002100830040004100000091001000000110
:10D950002000000020000000000041000000000442
:10D96000010000021140000001200200200001001F
:10D970000100012085030100084000040900C000E7
:10D980000008A000000000000004000200000000E9
:10D9900000000040004000000041000000000000C6
:10D9A0000102002101000000000010000000000042
:10D9B00000000100000001000104112020200209E4
:10D9C0000200001108110000000000000408000916
:10D9D0000020820000008800000400000000000019
:10D9E000850004011083020800A000080089A10935
:10D9F00000A00040054041000000210020A00001DF
:10DA0000050041101008080003001000004010003D
:10DA10000000000000000000000000000084000082
:10DA2000000040C0000010000000000000000000E6
:10DA30000084000000004100210100844100000139
:10DA400020C000C000004109108400C00000050093
:10DA5000000841400000000041842188000021A00E
:10DA600000A00400002001200100000000000020B0
:10DA70000404000000A10080A000000000000100DC
:10DA800000200000008010800000000000001080D6
:10DA9000000000100005100010000005000000004C
:10DAA000C008000001000000000000000000840029
:10DAB0000003002104000003A00000040021000076
:10DAC0000020010900000000008800000000004064
:10DAD00000000080000900000000000000000000BD
:10DAE0000008000005040000410402002004208416
:10DAF0004000202000400904210002C00804210445
:10DB000000204104000000000040400041000000EF
:10DB10000000400410840000008400020010210076
:10DB20000000008400000000100000000010110040
:10DB300040A000000082410000C00000008220C020
:10DB40000200000000C0C10202A010010002041186
:10DB500084900390100005000801A0904185000406
:10DB600000840020410000000000000401008380C8
:10DB70002100020801040000000000000100000074
:10DB80000000000000200010000800880041001084
:10DB900000000000C00020000000000000000000A5
:10DBA0000000000000000000000000000000000075
:10DBB0000000000000000000000000000000000065
:10DBC00001000000000088000211010000100000A8
:10DBD0000104050000080100000085200400002069
:10DBE0000004100000801000108800080888C1C1DF
:10DBF000030321A141A14008000382094100000064
:10DC000000030009020000004000000004001000B2
:10DC100004040404100409001040800302050921D3
:10DC20000000000000000000000011002000800043
:10DC30004100000000000000000040200009000238
:10DC400011101120400441400905889021890011DC
:10DC5000408500000000000000008080000002807D
:10DC60000000000000008000000001850021A121CB
:10DC70008484032004A1032001900001820101009B
:10DC800000000201A00103000000010000000000EC
:10DC900001000101C00000000100A001100000010E
:10DCA0000000000000000000000000000100010072
:10DCB000820001000000000000000000400100019F
:10DCC0000001000100010500890001000482000537
:10DCD0000009002000000000C00000008840080289
:10DCE000A12000400000000004000000A001058207
:10DCF000A08920858800A084200089048200080073
:10DD000010C0911002008500C00041052000C00035
:10DD10001000A0000900098903010900900010000B
:10DD200083009000000000000000000000000100DF
:10DD300000000100000000000000000000000000E2
:10DD40000088000000010104008800210101010198
:10DD50000182000100C1001000000090010000825B
:10DD6000010000880000880889009108848203204F
:10DD7000A0008303828509029100A120208008056C
:10DD800080000080038080024100000083898000C1
:10DD9000800000000004850089894110890002008C
:10DDA0000300050005000000000000000000000066
:10DDB000110021000500110000000000000000100B
:10DDC00005004000050941092080048041414105CA
:10DDD0001140208011024189408004002000100081
:10DDE000098008000800020082C020204080838053
:10DDF00004820088218885900202804020A12008AA
:10DE00000080000004090003008000002089000356
:10DE100000100010008300A00404000409844141A4
:10DE2000050900400005202000000000000000005F
:10DE3000000000020010000200030040000000008B
:10DE40000000090200A04089054140400404004050
:10DE5000A1821002000882102003000011000000BF
:10DE600080000000048090008080000008002000F6
:10DE7000800000218491C105850500030291C12025
:10DE800000A1001000C000830091002000C00141EB
:10DE900000A100000008001000830010004001A055
:10DEA000A1910008000300C00089000000000000EC
:10DEB00000000000000000010001900100010000CE
:10DEC00000000000009100410021002001A101C0DC
:10DED000004041080101040190010001C000000060
:10DEE00000001000008808A04102088200A0010084
:10DEF00000C00890A0A18400020020020501C10317
:10DF00002000021003408402C00040C0C188C1004C
:10DF100040000288000000A0000000C00001008254
:10DF20000001004000000000000000400000000070
:10DF300000000000000000880091000000000000C8
:10DF40000000000000000104012101000000004069
:10DF5000008200880000840089039101400000A035
:10DF600000A1000100010000008900000000040879
:10DF7000884002A0A0A083409104C110C180C020AD
:10DF80004008A103038089C10000800080800389CC
:10DF900004008000800000030000000000801110D9
:10DFA0000304204000000011000000040080000075
:10DFB0000000000000000000000000A000210000A0
:10DFC00000000000000000002080088302400500DF
:10DFD000048011C040C002008000089090034000FF
:10DFE0000000000400200009000000820040000042
:10DFF00000118091801100001200001300000084C5
:10E0000082410013C2000A0000840000C2004200E6
:10E0100082840013C2000000000000000000000025
:10E0200000410000C20000000000000000000000ED
:10E030000000000000000000000012420013C201B6
:10E04000008100420000C200000000000000C20089
:10E05000110012420013C200110012000213C2008C
:10E0600082820A500013C200000012000013000058
:10E07000810081000013C200004800000C0C000069
:10E0800036060C0C0C0C66006600FFFF0000FF005B
:10E090000000FF000000FF000000000000003C3C0A
:10E0A0003F7F00000000FFFF3C3E00000000003CFE
:10E0B00006FF00000000000000000000000000005B
:10E0C000C3007EFF00000000C3C3C3C30066000F8F
:10E0D00019019999FFFFFFFBEFFFFFFF0000000010
:10E0E0000FFF000000000000000000000000000022
:10E0F00000000000000000000000000000002400FC
:10E1000000000000FFFF6E0CFFFF6E0CFFFF000021
:10E11000FF000000FF000000FF0000000000000002
:10E120003C3C307000060000FFFD3C3C000000005D
:10E13000003C06000000000000000000000000009D
:10E140000000C3003EFF00000000C3C3C3C3003C87
:10E15000000F190100000000040020000000010071
:10E160000100FFFF010000000000000000000000AF
:10E17000000000000000000000000000000000009F
:10E18000000000000000000000000000000000008F
:10E19000000000000000000000000000000000007F
:10E1A000000000000000000000000000000000006F
:10E1B000000000000000000000000000000000005F
:10E1C000000000000000000000000000000000004F
:10E1D000000000000000000000000000000000003F
:10E1E000000000000000000000000000000000002F
:10E1F000000000000000000000000000000000001F
:10E2000030003400000008006060606090FF98FFFC
:10E21000000000FF00003C3C000000FFFFFF0F0F6C
:10E220000000000000000000FFFFFFFF3CBCFFFFFC
:10E23000000000003030303C000000000000000012
:10E2400000000000000000000000000000000000CE
:10E2500000000F0F020E0C0C060666663666666638
:10E26000626E0000000090998181000000000002B1
:10E27000000000000000FFFFC30000000000FF06D8
:10E28000FF000000040000000000607CFFFF909091
:10E290009898000000FF00003C3C000000FFFFFFDA
:10E2A0000F0F00000000000000000000FFF63C3CE3
:10E2B000FF7F00B000000000003C000000000000F4
:10E2C0000000000000000000000800000000000046
:10E2D000000000000000020E0C0C000F666666666F
:10E2E000666666667E7E060F9099008100000000DB
:10E2F0000000000000000000FFFF0006000000001A
:10E30000FF06FF180086008001A0008000860094B0
:10E3100001800000C0C6C06C30B04903C0C7C0ACAB
:10E32000318041030086006000B000000186006C6F
:10E3300000B000000086006000B000000000000097
:10E34000000000000000008600EC03B20480000022
:10E35000000C000000050086007000B00000008680
:10E3600000FC03B000000184007003B90000A08E1F
:10E3700000FC03B00000008600E003B000800086CF
:10E3800050F0A3B0000075757530FFBCFF3CF5F58B
:10E39000F4F00357C3D70000A030140C0000F5F4CC
:10E3A000F4F408FFAAFF000000000005000A0000C6
:10E3B00000000C5DFFFF00000000020801040000E7
:10E3C000000000000000000000000000000000004D
:10E3D000000000000000000000000000FF00F3301B
:10E3E0000000000000000F0F00000000000000000F
:10E3F0000000000000000000000000002828F330AA
:10E40000C3C3CFCFFF00C3C375307530FFBCFF3C23
:10E4100055551400035703570000A000000C0000DE
:10E42000551414140808AAAA000000000005000AE8
:10E43000000000000C5D0C5D00000000802040101A
:10E4400000000000000000000000000000000000CC
:10E450000000000000000000000000000000FF00BD
:10E46000F330000000000014001400400000000021
:10E470000000000000000000000000000000EBEBC6
:10E48000F330D3C3D3C3FF00C3C3F555F41403C3A0
:10E4900057D7A0A0A0A0005500550000000005051A
:10E4A0000000000000003C7CFCFC000000000EFFAF
:10E4B0000F0F000000000600000600000000020828
:10E4C0000104000000000000000000000000000047
:10E4D000000000000000000000000000000000003C
:10E4E0000000000000000000000000000F00FEFF20
:10E4F000000000000000000000000000000200001A
:10E500000000000000000000BAAABAAAF555F00009
:10E5100003035757FFFFBCA00C5DFFFF0000000086
:10E5200000140000000000000050F0F000000000A7
:10E530000E000F0F0000000090000090000000008F
:10E5400080204010000000000000000000000000DB
:10E5500000000000000000000000000000000000BB
:10E5600000000000000000000000000000000F009C
:10E57000F0FF0000000000000000000000000000AC
:10E5800000000000000000000000AAFFAAAA04008A
:10E5900004000400000091008000C0001100800011
:10E5A0008000C100400000008000840000010000E5
:10E5B0000000910000008408000004010201000036
:10E5C00084001100000000000000110000000000A5
:10E5D000000000000000000000000000000000003B
:10E5E0000000040011000000000000000000000016
:10E5F0000000000040000000000080004100000119
:10E6000000010002000020000000400000000001A6
:10E610000400000000000000400020002100000075
:10E620004000400040009100900040004000000287
:10E630009000900040009000400082000002010223
:10E640000000050000040000900000000000000031
:10E6500000000000000004000000040000000000B2
:10E660000000000000000000000000000000C000EA
:10E670000000000000210000000000000400000075
:10E6800020200004048000000000000000000000C2
:10E690000004000000000000000000000000000175
:10E6A000000000000000000000000000000000006A
:10E6B0000000000100000001000000010000000156
:10E6C0000001000100010000000000000000000047
:10E6D000000000C00000000000000000000000007A
:10E6E000000000000000000000000000000000002A
:10E6F000000000000000000000000000000000001A
:10E700000000000000000000000000000000000009
:10E7100000000001001000110000000000000021B6
:10E7200000020000000000210000000000000000C6
:10E730000000001000400000001000080010000061
:10E7400000400040004000200000000000000000E9
:10E7500000000010000000000000000000000000A9
:10E760000021000000100000001100110000000056
:10E770000010000000100000000000000021000058
:10E780000000000000100000000000000000000079
:10E7900000110000002000000010001000008001A7
:10E7A00000020084801000100084008305004000F7
:10E7B00000824184110040008040000040000000C1
:10E7C0004100050800000000850000000000000076
:10E7D0000010000000000000000000000000000029
:10E7E0000000000000000000000000000000000029
:10E7F0000000008200000000000000000000000097
:10E8000000000000000000000000C111800002A113
:10E81000000100C000000000000082800000C01065
:10E8200010020080820520000000840000400004E7
:10E83000010000008400100089080280A00001008F
:10E84000000000210000C0000000040000000000E3
:10E8500000110000000000000000000000000000A7
:10E860000000000000001000100000001000000078
:10E87000002100008400000000000000C000000033
:10E8800000030000880500000000840002844000AE
:10E8900001040004C0100000000083000000030019
:10E8A00010001000100010000000100010011000F7
:10E8B00010001000410005000200000000002100CF
:10E8C00040000500000041000000000000000000C2
:10E8D00080000000000000000000000000000000B8
:10E8E000050004000000000000000000000010000F
:10E8F00010000000000005000900000000001100E9
:10E900000200020002000400030011000000800069
:10E910000001A000000041000000040020000000F1
:10E9200000000000000000000005100000000010C2
:10E930000000000000000000820000000000000352
:10E9400000000000000000000008001000000000AF
:10E9500000000400000000000000000000000000B3
:10E9600000000000000000000000000000000000A7
:10E970000000000000000000000000000000000097
:10E980000000000000000000000000000000000087
:10E990002011000420000000000000000100000021
:10E9A000200000000200411020A1A000A00003C030
:10E9B00003000300020000000500210010200000F9
:10E9C000000000004108000000004100020000407B
:10E9D00004000000000000820000000000000000B1
:10E9E0000000000000000000000000000000000027
:10E9F0000000000000000000000000000000000017
:10EA000000000000000082000000000089000500F6
:10EA1000858241000301C10000A005000000001034
:10EA2000000001000005010000080140030503008B
:10EA3000A000000300000111840000000005008018
:10EA40000000000000000021C000001004081100B8
:10EA5000008001101010C000000000000000000045
:10EA60000000000000000000001000000000000096
:10EA70000000000320000000C00300000008100395
:10EA8000000000210000000803030003000004212F
:10EA9000000040000000100408008400C010841032
:10EAA00084104140402000A04000850141004110F9
:10EAB000401040000310410000000000000400006E
:10EAC0000000100890001088000000004084020040
:10EAD0000040000000200000000000000082100044
:10EAE0000000000000000000000000000000000026
:10EAF000000000000000020000000000000005000F
:10EB0000000000024000000000001100049000001E
:10EB100004400000110010C00540A00000004104A6
:10EB20000004000800000000000000004002000097
:10EB300000000100000000000000000000000000D4
:10EB40000000000000004000000000000000010084
:10EB500000000080000000800000000000000000B5
:10EB600000000000000000000000000000000000A5
:10EB70000000000000000000000000000000000095
:10EB80000000000000000000000000000000010084
:10EB9000000900000000000000000000400000002C
:10EBA0000080008000000340000900400908840341
:10EBB0000209200209090003000008000040008348
:10EBC0000004098000800083208409000080000385
:10EBD0008004200000000000800040000080000051
:10EBE0000000000000000000000000000000000025
:10EBF0000000000000000000000000000000000015
:10EC000000000000000000000000000020000000E4
:10EC10000080020008800080800080040300000063
:10EC20004004204109410941010040010001010166
:10EC3000910102010001010100010000000000013A
:10EC4000020388C19108002002830485002000C0CF
:10EC5000A0018201000000000000082001880004DB
:10EC600000000000000000000000000000000000A4
:10EC70000000000000000000000000000000000094
:10EC8000000000000000000000000000A0000000E4
:10EC9000000000400302C140000290000401000097
:10ECA00000000100C100020101000000004001015C
:10ECB00001000300A189C100A1410200A0004100A0
:10ECC0002100C001C0000800C1C000000000000019
:10ECD000018482009000A18883018201C000C08865
:10ECE0001082000000000000000000000000000092
:10ECF0000000000000000000000000000000000014
:10ED00000000000000000000000000000000000003
:10ED100000000000400002002088A0C000000001A8
:10ED200000880090000001880000000040004000C2
:10ED30000840090091110989A100038980000000A1
:10ED4000A00083000009000082000300000800000A
:10ED50000200038000000000A00083050002000004
:10ED60000080808000000000000000000000000023
:10ED70000000000000000000000000000000000093
:10ED80000000000000000000000000000000000083
:10ED9000000000000000804100008080008000052D
:10EDA0000040000000040400208005032100024010
:10EDB000008209881090028000C10909A0030000A8
:10EDC00000100000008300000002000000030000AB
:10EDD000000211000083008000A021800003008059
:10EDE0008080800000800000000000000000000023
:10EDF0000000000000000000000000000000000013
:10EE00000000000000000000000000000000000002
:10EE10000000008002000080008080000080808070
:10EE20008000001111000080020400C1092102408D
:10EE30000100001101A1918301040005010504A155
:10EE4000000000410004008300C0A0A0C0C0000575
:10EE500000C082900508000300400003001000215C
:10EE60000084888820A000880000000000000000C6
:10EE70000000000000000000000000000000000092
:10EE80000000000000000000000000000000000082
:10EE9000000000820040009000040040888402408E
:10EEA00088021088009100900082010200C001C118
:10EEB00002A1010001010101010021822141048917
:10EEC0000902000100000000004091C00888820093
:10EED000C0C003004102C000400001010102000067
:10EEE00000C084018800A00000C0000000000000F5
:10EEF0000000000000000000000000000000000012
:10EF00000000000000000000000000000000000001
:10EF100000000000000000000000000002A120002E
:10EF2000400002028288020440010500009000C1F6
:10EF30000000010009004140080840008383840864
:10EF40000589A100002000000200008003118080DC
:10EF5000090000808300C080800080000311400011
:10EF6000000000808005800000000000000000001C
:10EF70000000000000000000000000000000000091
:10EF80000000000000000000000000000000000081
:10EF9000000000000000000000000000000000036E
:10EFA0008000800080808080000080029100090045
:10EFB00041080202400000410000C20006000000BB
:10EFC0002000C280110000000000000000000000CE
:10EFD0004013000000008200001300000000210028
:10EFE000001300000A00120000130000006000007F
:10EFF0000000000000000000000000000000000011
:10F000000000000000000000000000000000000000
:10F0100000000000000000000000000000000000F0
:10F02000120000130000210000880000C200000050
:10F0300081810013C2000000FFFFFFFF3F3F3FBF81
:10F04000FFFF0000F0F000FF0F0F0F0F00000F0F89
:10F0500000000F0F00000F0F000000FF00000F0F57
:10F06000000000FF00000F0F000000000000000083
:10F070000000000000000000000000000000000090
:10F080000000000000000000000000000000000080
:10F090000000000000000000000000000000000070
:10F0A000000000000000000000003C3C00000F0FCA
:10F0B0000000FFFFFFFDFFF7FFFF0008FFFD3F3FE0
:10F0C0003F3D3FFFC00050F0500F0F0F0F0F0000EB
:10F0D0000F0F00000F0F00000F0F000000FF0000D7
:10F0E0000F0F000000FF00000F0F000000000000E5
:10F0F0000000000000000000000000000000000010
:10F1000000000000000000000000000000000000FF
:10F1100000000000000000000000000000000000EF
:10F120000000000000000000000000003C3C000067
:10F130000F0F00000000000100040000FFFFFF08A7
:10F14000FFFBF4F0FF00FFFF3CC3AAAA3C3C000019
:10F15000FF000000FF000000FF000000FF000000B3
:10F16000FF000000FF00000000FFFFFF00000000A4
:10F17000000000000000000000000000000000008F
:10F18000000000000000000000000000000000007F
:10F19000000000000000000000000000000000006F
:10F1A000000000000000000000000000000000005F
:10F1B000FF000000FFFFFDFFFFFF04000000FFFF56
:10F1C000F700FFFFF0F0FC03FFFE3CC3AAA83C3CA5
:10F1D0000000FF000000FF000000FF000000FF0033
:10F1E0000000FF000000FF00000000FFFFFF000024
:10F1F000000000000000000000000000000000000F
:10F2000000000000000000000000000000000000FE
:10F2100000000000000000000000000000000000EE
:10F2200000000000000000000000000000000000DE
:10F230000000FF00000000000800000000000000C7
:10F240000086006C00B000000586047000B200105B
:10F2500002C6016000B4494002E7018000C44D408D
:10F2600002C5016003B449400247016003B4414054
:10F270000086002003800000000000000000000065
:10F28000000000000000000000000000000000007E
:10F29000000000000000000000000000000000006E
:10F2A00000000086006000B000000086008003803F
:10F2B0000000A886547CA0B20015008600FC0390D4
:10F2C000000000000000FFFF0FFF00003420013DA0
:10F2D00001FD0000000000050500AAAAAAAAD55554
:10F2E00055556009000002080104000000000000FC
:10F2F0000044FFFFFA003D3CFFFF0000000000005B
:10F3000000000000000000000000000000000000FD
:10F3100000000000000000000000000000000000ED
:10F3200000000000000000000C0C0C0CFFFFFFDFD1
:10F330000F0F0F0F55550F0FC300E8E80000000036
:10F3400000F708FF000000000F0F0FFF0000202053
:10F3500001FD01FD0000000000050500AAABAAA800
:10F360001555555500000000802040100000000099
:10F3700000004400FFFFFF003C3CFEFF00000000D7
:10F38000000000000000000000000000000000007D
:10F39000000000000000000000000000000000006D
:10F3A0000000000000000000000000000055000008
:10F3B00020000F0F0F17C3C300FFFF3CE8E8000059
:10F3C000000000FF00FF000000000000000000003F
:10F3D00000005555555500000000FF7DFF7DFFFFE3
:10F3E0000000D55555553C00FAFA00000000000019
:10F3F0000000FFFD000F40004000FFFFFFFF000086
:10F4000000000000000000000000000000000000FC
:10F4100000000000000000000000000000000000EC
:10F4200000000000000000000000000000000000DC
:10F43000AABAAAAAFFFFEFFF000000000000000028
:10F4400000000000000000000000000000000000BC
:10F45000000000004DCF4D4D000000000A2800289C
:10F46000FFFE0004155555553C00F2FA000000005F
:10F47000000000003C3C000F000000003C2C3C7CE5
:10F48000000000000000000000000000000000007C
:10F49000000000000000000000000000000000006C
:10F4A000000000000000000000000000000000005C
:10F4B0000000AA8AAAAA00000010000000000000B4
:10F4C000000000000000000000000000000000003C
:10F4D00000002100000011000000000000000000FA
:10F4E00004000000000000000400000000002100F3
:10F4F000000000000000000000000000000000000C
:10F5000004000000000000000000000000000000F7
:10F5100004000000000000000000000020000000C7
:10F5200000000000000000000000000020000000BB
:10F5300000000000000000000000000000000000CB
:10F5400000000000000000000000000000000000BB
:10F55000000000000400040000000400000000009F
:10F560002000A000000000000000000000000000DB
:10F57000000000000000000000000000000000008B
:10F58000000000000000000000000000000000007B
:10F59000000000000000000000000000000000006B
:10F5A000000000000000000000000000000000005B
:10F5B000000000000000000000000000000000004B
:10F5C000000000000000000000000000000000003B
:10F5D000000000000000000000000000000000002B
:10F5E000000000000000000000000000000000001B
:10F5F000000000000000000000000000000000000B
:10F6000000000000000000000000000000000000FA
:10F6100000000000000000000000000000000000EA
:10F6200000000000000000000000000000000000DA
:10F6300000000000000000000000000000000000CA
:10F6400000000000000000000000000000000000BA
:10F650000000001000110010000000080000000071
:10F660000000000800000010000800110000000069
:10F670000000001000000011001000000000000059
:10F680000000000000000008000000000000000072
:10F690000000000000100000000000080000000052
:10F6A0000008000000080010000800000000000032
:10F6B0000000000000100000000000000008000032
:10F6C0000000000000000008000000000000000032
:10F6D00000000000000000824100000000820000E5
:10F6E0000000000000000300000000000000000017
:10F6F00000000000050005000000000003001000ED
:10F7000000004100050000000010000000000000A3
:10F7100000000000000000000000000000000010D9
:10F720000000410000000000000000000000000098
:10F7300000000000200000000000000000000000A9
:10F7400000000000000000000000000000000000B9
:10F750000000000000210000840010008400000070
:10F760001000000000000000C000840000008403BE
:10F77000C000000000008400000000050000000040
:10F780000021000000000010000000000000000048
:10F790000000000000000000000000000000000069
:10F7A0000000000000000000000000000000000059
:10F7B0000000000000000000000000000000000049
:10F7C00000008400C00010000000000000000000E5
:10F7D0000000000000000000020010000400000013
:10F7E00011001000410000001000000000000000A7
:10F7F0000000000000000900000000000000000000
:10F8000000000000000000000000000000000000F8
:10F8100000000000100000000000000000000000D8
:10F8200000000000000000000000000000000000D8
:10F8300000000000000005000000000000000000C3
:10F84000000020000000000000000000090000008F
:10F850000000000040000000000000000000000068
:10F860000000000000000000000000000000000098
:10F870000000000000000000000000000000000088
:10F880000000000000000000000000000000000078
:10F890000000000000000000000000000000000068
:10F8A0000000000000000000000000000000000058
:10F8B0000000000000000000000000000000000048
:10F8C0000000000000000000000000000000000038
:10F8D0000000000000000000000000000000000028
:10F8E0000000000000000000050000000000000013
:10F8F00000000000000000004100000000000300C4
:10F9000000000000000000000000000000000000F7
:10F9100000000000000000000000000000000000E7
:10F9200000000000000000000000000000000000D7
:10F9300000000000000000000000000000000000C7
:10F9400000000000000000000000000000000000B7
:10F95000000000000000000000000000000800009F
:10F96000000300000000000000000000000800008C
:10F970000000C0000008C008100000000000C00027
:10F9800000030000000000000000001084000000E0
:10F990000000002100000005000000000000000041
:10F9A0000000000000000000000000000000000057
:10F9B0000000000000000000000000000000000047
:10F9C0000000000000000000000300030000000031
:10F9D0000021000000218400C00000000000100091
:10F9E000000000824000001000000000090000003C
:10F9F0004100000000000000100020000000000096
:10FA000000000000000010002000000000000000C6
:10FA10000000001000000000000000000040000096
:10FA200000000000000000000000000000000000D6
:10FA300000000000000010000000000000000000B6
:10FA400000000000100000000000000000000000A6
:10FA50001000000000000000000000400000004016
:10FA60000000000000000000000000000000000096
:10FA70000000000000000000000000000000000086
:10FA80000000000000000000000000000000000076
:10FA90000000000000000000000000000000000066
:10FAA0000000000000000000000000000000000056
:10FAB0000000000000000000000000000000000046
:10FAC0000000000000000000000000000000000036
:10FAD0000000000000000000000000000000000026
:10FAE0000000000000000000000000000000000016
:10FAF0000000000000000000000000000000000006
:10FB000000000000000000000000000000000000F5
:10FB100000000000000000000000000000000000E5
:10FB200000000000000000000000000000000000D5
:10FB300000000000000000000000000000000000C5
:10FB400000000000000000000000000000000000B5
:10FB500000000000000000000000000000000000A5
:10FB60000000000000000000000000000000000095
:10FB70000000000000000000000000000000000085
:10FB80000000000000000000000000000000000075
:10FB90000000000000000000000000000000000065
:10FBA0000000000000000000000000000000000055
:10FBB0000000000000000000000000000000000045
:10FBC0000000000000000000000000000000000035
:10FBD0000000000000000000000000000000000025
:10FBE0000000000000000000000000000000000015
:10FBF0000000000000000000000000000000000005
:10FC000000000000000000000000000000000000F4
:10FC100000000000000000000000000000000000E4
:10FC200000000000000000000000000000000000D4
:10FC300000000000000000000000000000000000C4
:10FC400000000000000000000000000000000000B4
:10FC500000000000000000020000000000000000A2
:10FC60000000000000000000000000000000000094
:10FC70000000000000000000000000000000000084
:10FC80000000000000000000000000000000000074
:10FC90000000000000000000000000000000000064
:10FCA0000000000000000000000000000000000054
:10FCB0000000000000000000000000000000000044
:10FCC0000000000000000000000000000000000034
:10FCD00000000000000000000080000000000000A4
:10FCE0000000000000000000000000000000000014
:10FCF0000000000000000000000000000000000004
:10FD000000000000000000000000000000000000F3
:10FD100000000000000000000000000000000000E3
:10FD200000000000000000000000000000000000D3
:10FD300000000000000000000000000000000000C3
:10FD400000000000000000000000000000000000B3
:10FD500000000000000000000000000000000000A3
:10FD60000000000000000000000000000000000093
:10FD70000000000000000000000000000000000083
:10FD80000000000000000000000000000000000073
:10FD90000000000000000000000000000000000063
:10FDA0000000000000000000000000000000000053
:10FDB0000000000000000000000000000000000043
:10FDC0000000000000000000000000000000000033
:10FDD0000000000000000000000000000000000023
:10FDE0000000000000000000000000000000000013
:10FDF0000000000000000000000000000000000003
:10FE000000000000000000000000000000000000F2
:10FE100000000000000000000000000000000000E2
:10FE200000000000000000000000000000000000D2
:10FE300000000000000000000000000000000000C2
:10FE400000000000000000000000000000000000B2
:10FE500000000000000000000000000000000000A2
:10FE60000000000000000000000000000000000092
:10FE70000000000000000000000000000000000082
:10FE80000000000000000000000000000000000072
:10FE90000000000000000000000000000000000062
:10FEA0000000000000000000000000000000000052
:10FEB0000000000000000000000000000000000042
:10FEC0000000000000000000000000000000000032
:10FED0000000000000000000000000000000000022
:10FEE0000000000000000000000000000000000012
:10FEF0000000000000000000000000000000000002
:10FF000000000000000000000000000000000000F1
:10FF100000000000000000000000000000000000E1
:10FF200000000000000000000000000000000000D1
:10FF300000000000000000000000000000000000C1
:10FF400000000000000000000000000000000000B1
:10FF500000000000000000000000000000000000A1
:10FF60000000000000000000000000000000000091
:10FF70000000000000000000000000000000000081
:10FF80000000000000000000000000000000000071
:10FF90000000000000000000000000000000000061
:10FFA0000000000000000000000000000000000051
:10FFB0000000000000000000000000000000000041
:10FFC0000000000000000000000000000000000031
:10FFD0000000000000000000000000000000000021
:10FFE0000000000000000000000000000000000011
:10FFF0000000000000000000000000000000000001
:020000040003F7
:1000000000000000000000000000000000000000F0
:1000100000000000000000000000000000000000E0
:1000200000000000000000000000000000000000D0
:1000300000000000000000000000000000000000C0
:1000400000000000000000000000000000000000B0
:1000500000000000000000000000000000000000A0
:100060000000000000000000000000000000000090
:100070000000000000000000000000000000000080
:100080000000000000000000000000000000000070
:100090000000000000000000000000000000000060
:1000A0000000000000000000000000000000000050
:1000B0000000000000000000000000000000000040
:1000C0000000000000000000000000000000000030
:1000D0000000000000000000000000000000000020
:1000E0000000000000000000000000000000000010
:1000F0000000000000000000000000000000000000
:1001000000000000000000000000000000000000EF
:1001100000000000000000000000000000000000DF
:1001200000000000000000000000000000000000CF
:1001300000000000000000000000000000000000BF
:1001400000000000000000000000000000000000AF
:10015000000000000000000000000000000000009F
:10016000000000000000000000000000000000008F
:10017000000000000000000000000000000000007F
:10018000000000000000000000000000000000006F
:10019000000000000000000000000000000000005F
:1001A000000000000000000000000000000000004F
:1001B000000000000000000000000000000000003F
:1001C000000000000000000000000000000000002F
:1001D000000000000000000000000000000000001F
:1001E000000000000000000000000000000000000F
:1001F00000000000000000000000000000000000FF
:1002000000000000000000000000000000000000EE
:1002100000000000000000000000000000000000DE
:1002200000000000000000000000000000000000CE
:1002300000000000000000000000000000000000BE
:1002400000000000000000000000000000000000AE
:10025000000000000000000000000000000000009E
:10026000000000000000000000000000000000008E
:10027000000000000000000000000000000000007E
:10028000000000000000000000000000000000006E
:10029000000000000000000000000000000000005E
:1002A000000000000000000000000000000000004E
:1002B000000000000000000000000000000000003E
:1002C000000000000000000000000000000000002E
:1002D000000000000000000000000000000000001E
:1002E000000000000000000000000000000000000E
:1002F00001000000000000000000000000000000FD
:1003000000000000000000000000000000000000ED
:1003100000000000000000000000000000000000DD
:1003200000000000000000000000000000000000CD
:1003300000000000000000000000000000000000BD
:1003400000000000000000000000000000000000AD
:10035000000000000000000000000000000000009D
:10036000000000000000000000000000004000004D
:10037000000000000000000000000000000000007D
:10038000000000000000000000000000000000006D
:10039000000000000000000000000000000000005D
:1003A000000000000000000000000000000000004D
:1003B000000000000000000000000000000000003D
:1003C000000000000000000000000000000000002D
:1003D000000000000000000000000000000000001D
:1003E000000000000000000000000000000000000D
:1003F00000000800000000000000000000000000F5
:10040000000000000000FFFFFFFFFFFFFFFFFFFFF6
:10041000FFFFFFFFFFFFFFFFFFFFFFFFFFFFFFFFEC
:10042000FFFFFFFFFFFFFFFFFFFFFFFFFFFFFFFFDC
:10043000FFFFFFFFFFFFFFFFFFFFFFFFFFFFFFFFCC
:10044000FFFFFFFFFFFFFFFFFFFFFFFFFFFFFFFFBC
:10045000FFFFFFFFFFFFFFFFFFFFFFFFFFFFFFFFAC
:10046000FFFFFFFFFFFFFFFFFFFFFFFFFFFFFFFF9C
:10047000FFFFFFFFFFFFFFFFFFFFFFFFFFFFFFFF8C
:10048000FFFFFFFFFFFFFFFFFFFFFFFFFFFFFFFF7C
:10049000FFFFFFFFFFFFFFFFFFFFFFFFFFFFFFFF6C
:1004A000FFFFFFFFFFFFFFFFFFFFFFFFFFFFFFFF5C
:1004B000FFFFFFFFFFFFFFFFFFFFFFFFFFFFFFFF4C
:1004C000FFFFFFFFFFFFFFFFFFFFFFFFFFFFFFFF3C
:1004D000FFFFFFFFFFFFFFFFFFFFFFFFFFFFFFFF2C
:1004E000FFFFFFFFFFFFFFFFFFFFFFFFFFFFFFFF1C
:1004F000FFFFFFFFFFFFFFFFFFFFFFFFFFFFFFFF0C
:10050000FFFFFFFFFFFFFFFFFFFF000000000000F5
:1005100000000000000000000000000000000000DB
:1005200000000000000000000000000000000000CB
:1005300000000000000000000000000000000000BB
:1005400000000000000000000000000000000000AB
:100550000000000200000000000000000000000099
:10056000000000000000000000000000000000008B
:10057000000000000000000000000000000000007B
:10058000000000000000000000000000000000006B
:10059000000000000000000000000000000000005B
:1005A000000000000000000000000000000000004B
:1005B000000000000000000000000000000000003B
:1005C000000000000000000000000000000000002B
:1005D000000000000000000000000000000000001B
:1005E000000000000000000000000000000000000B
:1005F00000000000000000000000000000000000FB
:1006000000000000000000000000000000000000EA
:1006100000000000000000000000000000000000DA
:1006200000000000000000000000000000000000CA
:1006300000000000000000000000000000000000BA
:1006400000000000000000000000000000000000AA
:10065000002000000020000000000000000000005A
:10066000000000000000000000000000000000008A
:10067000000000000000000000000000000000007A
:10068000000000000000000000000000000000006A
:10069000000000000000000000000000000000005A
:1006A000000000000000000000000000000000004A
:1006B000000000000000000000000000000000003A
:1006C000000000000000000000000000000000002A
:1006D0000000000000000000810000003800000061
:1006E000000000000000000000000000000000000A
:1006F00000000000000000000000000000000000FA
:1007000000000000000000000000000000000000E9
:1007100000000000000000000000000000000000D9
:1007200000000000000000000000000000000000C9
:1007300000000000000000000000000000000000B9
:1007400000000000000008000000000000000000A1
:100750000000000000000000000000000000000099
:100760000000000004000000080000000400000079
:100770000000000000000200080002000800000065
:100780000000000000000000000000000400000065
:100790000000000000000000000000000000000059
:1007A0000000000000000000000000000000000049
:1007B0000000000000000000000000000000000039
:1007C0000000000000000000000000000000000029
:1007D0000000000000000000000000000000000019
:1007E0000000000000000100000000000000010007
:1007F00000000000000000000000080000000800E9
:1008000000000000000000000000000000000000E8
:1008100000000000000000000000000000000000D8
:1008200000000000000000000000000000000000C8
:1008300000000000000000000000000000000000B8
:1008400000000000000000000000000000000000A8
:1008500000000000000000C00000000000000000D8
:100860000000000000000000800000000000000008
:1008700080000000000000000000000000000000F8
:100880000000000003000000000000000000000065
:100890000000000000000000000000000000000058
:1008A0000000000000000000000000000000000048
:1008B0000000000000000000000000000000000038
:1008C0000010000000000000000000000000000018
:1008D0000010000000000000000000000000000008
:1008E00000100010000000000000080900000000D7
:1008F00000000810000000000020000000000000C0
:100900000020002000400000002004100010000023
:100910000040001000000021001000000000000056
:1009200000000000000000000000000000000000C7
:1009300000000000000000000000000000000000B7
:1009400000000000000000000000000000000000A7
:100950000000000000000000000000000000000097
:1009600000000088000000000000020000000000FD
:1009700000A0200002A00000000000C00000000055
:10098000000000C00000000000000000080000009F
:100990000020000000000000000020000000000017
:1009A0000000000000000000000000000000000047
:1009B0000000000000000000000000000000000037
:1009C0000000000000000000000000000000000027
:1009D0000000000000000000000000000000000017
:1009E0000000000000000000000000000000000007
:1009F00000000000000000000000000000000000F7
:100A0000000000000000000000000800400000009E
:100A100000000000000000000000000000000000D6
:100A200000000000000000100000000000000000B6
:100A300000000000000000000000000000000000B6
:100A40000000000000000000000000000000001096
:100A50000000000000840000000000000010000002
:100A600000000000000000008000000000000020E6
:100A7000000000001000080000000000000000005E
:100A8000000008000000000000000000000000005E
:100A90000002000000400000000000000000000014
:100AA0000000000000000000000000000000000046
:100AB0000000000000000000000000000000000036
:100AC0000000000000000010000000000000000016
:100AD0000000000000000000000000000000000016
:100AE00000000800000008000000080000100000DE
:100AF00000100000000000000000000000000000E6
:100B0000A000000008000005C00008004000000030
:100B100000000000C0000000824000000000000053
:100B200000000000000000000000000000000000C5
:100B300000000000000000000000000000000000B5
:100B400000000000000000000000000000000000A5
:100B50000000000000000000000020000000000075
:100B60000000000000000000000000000000000085
:100B70000000000000000010000000100000000055
:100B800000400004000000002002001020000000CF
:100B90000010000000000000000000000000002025
:100BA0000000000000000000000000000000000045
:100BB0000000000000000000000000000000000035
:100BC0000000000000000000000000000000000025
:100BD0000000000000000000000000000000000015
:100BE0000000000000000000000000000000000005
:100BF00000000000000000000000000000000000F5
:100C000000000000000000000000000000000000E4
:100C100000000000000000000000000000000000D4
:100C200000000000000000000000000000000000C4
:100C300000000000000000A0000000000000001004
:100C400000000000000000000000000000000000A4
:100C50000000000000000000000000000000000094
:100C60000000000000000000000000000000000084
:100C700000000000000000000010000000000084E0
:100C800000A000000010001000100000000000C0D4
:100C90000000000000000000000000000000000054
:100CA0000000000000000000000000000000000044
:100CB0000000000000000000000000000000000034
:100CC0000000000000000000000000000000000024
:100CD0000000000000000000000000000000000014
:100CE0000000000000000000000000000000000004
:100CF000820000410000000004000041A00000004C
:100D000000000000A0000800000000000000C0007B
:100D100000000000820008000000000400001041F4
:100D200002000000080008000000000000000000B1
:100D300000000000000000000000000000000000B3
:100D400000000000000000000000000000000000A3
:100D50000000000000000000000000000000000093
:100D60000000000000000000000000000000000083
:100D70000000000000000000000000000000000073
:100D8000000000000000080000000000000000005B
:100D90000000000000000000000000000000000053
:100DA0000000000000000000000000000000000043
:100DB0000000000000000000000000000000000033
:100DC0000000000000000000000000000000000023
:100DD0000000000000000000000000000000000013
:100DE0000000000000000000000000000000000003
:100DF0000000000000000000000000000090000063
:100E00000000000000400000010000000090000011
:100E100000000000000000000000000000000000D2
:100E200000000000000000000000000000000000C2
:100E300000000000000001000000000000080000A9
:100E400000000000000000000000000000000000A2
:100E50000000000000000000000000000000000092
:100E60000000000000000000000000000000000082
:100E700000000000000000400100000000000088A9
:100E8000000000000000009001000000000000C011
:100E90000000000000000000000000000000000052
:100EA0000000000000000000000000000000000042
:100EB0000000000000000000100000000000000022
:100EC0000000000000000000000000000000000022
:100ED0000000000000000000000000000000000012
:100EE0000000000000000000000000000000000002
:100EF00000000900000000000000100000000000D9
:100F00000000400000000000000008000000000099
:100F10000080000000000000000000000000000051
:100F200000000000000000000000000000000000C1
:100F300000000000000000000000000000000000B1
:100F400000000000000000000000000000000000A1
:100F50000000000000000000000000000000000091
:100F60000000000000000000000000000000000081
:100F70000000000000000000000000000000000071
:100F80000000000000100000000040000010000001
:100F90000000100000000000000000000000000041
:100FA0000000000000000000000000000000000041
:100FB0000000000000000000000000000000000031
:100FC0000000000000000000000000000000000021
:100FD0000000000000000000000000000000000011
:100FE0000000000000000000000000000000000001
:100FF00000000000000000000000000000000000F1
:1010000000000000000000010000000000000001DE
:1010100000000000010000000000000000000000CF
:1010200000000000000000000000000000000000C0
:1010300000000000000000000000000000000000B0
:1010400000000000000000000000000000000000A0
:101050000000000000000000000000000000000090
:101060000000000000000000000000000000000080
:101070000000000000000040000000000000000030
:10108000004000000001000000900000000100008E
:1010900000900000000100000000000000000000BF
:1010A0000000000000000000000000000000000040
:1010B0000000000000000000000000000000000030
:1010C0000000000000000000000000000000000020
:1010D0000000000000000000000000000000000010
:1010E0000000000000000000000000000000000000
:1010F00000000000000000000000000000000000F0
:1011000000000000000000020000000000000002DB
:1011100000000000000000020000000000000000CD
:1011200000000000000000000000000000000000BF
:1011300000000000000000000000000000000000AF
:10114000000000000000000000C8000000000000D7
:10115000000000000000000000000000000000008F
:10116000000000000000000000000000000000007F
:10117000000000000000000000000000000000006F
:10118000000043C800000000000043C80000000049
:10119000000043C800000000000043C80000000039
:1011A000000000000000000000000000000000003F
:1011B000000000000000000000000000000000002F
:1011C000000000000000000000000000000000001F
:1011D000000000000000000000000000000000000F
:1011E00000000000000000000000000000000000FF
:1011F00000000000000000000000000000000000EF
:1012000000000000000000000000000000000000DE
:1012100000000000000000000000000000000000CE
:1012200000000000000000000000000000000000BE
:1012300000000000000000000000000000000000AE
:1012400000000000000000000000C080000000005E
:10125000000000000000000000000000000000008E
:10126000000000000000000000000000000000007E
:10127000000000000000000000000000000000006E
:1012800000080000C080C00040080000008000008E
:1012900040080000018000004008000001800000BC
:1012A000000000000000000000000000000000003E
:1012B000000000000000000000000000000000002E
:1012C000000000000000000000000000000000001E
:1012D000000000000000000000000000000000000E
:1012E00000000000000000000000000000000000FE
:1012F00000000000000000000000000000000000EE
:1013000000000000000000000000000000000000DD
:1013100000000000000000000000000000000000CD
:1013200000000000000000000000000000000000BD
:1013300000000000000000000000000000000000AD
:101340000000000000000000000000000000082075
:10135000000000000000000000000000000000008D
:10136000000000000000000000000000000000007D
:10137000000000000000000000000000000000006D
:10138000000000000000041008200000000004100D
:101390000860000000000610086000000000061051
:1013A00008600000000000000000000000000000D5
:1013B000000000000000000000000000000000002D
:1013C000000000000000000000000000000000001D
:1013D000000000000000000000000000000000000D
:1013E00000000000000000000000000000000000FD
:1013F00000000000000000000000000000000000ED
:1014000000000000000000000000000000000000DC
:1014100000000000000000000000000000000000CC
:1014200000000000000000000000000000000000BC
:1014300000000000000000000000000000000000AC
:10144000000000000000000000000000000000009C
:10145000000000000000000000000000000000008C
:10146000000000000000000000000000000000007C
:10147000000000000000000000000000000000006C
:10148000000000000000000000000000000000005C
:10149000000000000000000000000000000000004C
:1014A000000000000000000000000000000000003C
:1014B000000000000000000000000000000000002C
:1014C000000000000000000000000000000000001C
:1014D00000000020000001000000000000000000EB
:1014E00000000000000000000000000000000000FC
:1014F00000000000000000000000000000000000EC
:1015000000000000000000000000000000200000BB
:101510000100000000203010010000000020301009
:101520003140000000203010314000000000000079
:1015300000000000000000000000000000000000AB
:10154000000000000000000000000000000000009B
:10155000000000400000000000000000000000004B
:10156000000000000000000000000000000000007B
:10157000000000000000000000000000000000006B
:10158000000000000000000000000000000000005B
:101590000000000000000000000280000001400088
:1015A00000028000000140000002800000000000F6
:1015B000000000000000000000000000000000002B
:1015C000000000000000000000000000000000001B
:1015D0000000000000000001090000000000000001
:1015E00000000000000000000000000000000000FB
:1015F00000000000000000000000000000000000EB
:1016000000000000000000000000000000000000DA
:101610000009090000000000101909000000000086
:101620009099090000000000909909000000000056
:1016300000000000000000000000000000000000AA
:10164000000000000000000000000000000000009A
:10165000000000000000000000000000000000008A
:101660000000000000000000000000000000030077
:10167000000000000000000000000800000005005D
:101680000000000000000800000000000000000052
:1016900002000000100000000000400000000000F8
:1016A00021000800000010000800030003001100E2
:1016B00000001000000011000000210011000000D7
:1016C0000400000000000000000000000000000016
:1016D000000000000000000000000000000000000A
:1016E00000000000000000000000000000000000FA
:1016F00000000000000000000000000000000000EA
:1017000000000000000000000000000000000000D9
:1017100000000000000001000000000000000000C8
:1017200000000000000000000000010000000000B8
:1017300000000800010000000000000000000000A0
:101740000000000000000000000000000000000099
:101750000000000000000000000000000000000089
:101760000000000000000000000000000000000079
:101770000000000000000000080000000000000061
:101780000000000000000000000000000000000059
:10179000000000C0000080008088800000008021E0
:1017A0000010800400000000000084000000000021
:1017B00000000000000080000000000000000000A9
:1017C00000008000000002001000000000209000D7
:1017D00000100000000000000000000000000000F9
:1017E00000000000000000000000000000000000F9
:1017F00000000000000000000000000000000000E9
:1018000000000000000000000000000000000000D8
:10181000000000000000000040104009021182108A
:101820000484840004800000000000001100000017
:101830000041000000009000021000410000002064
:10184000004100210202000001000300002000000E
:101850001140901004000000000000000000000093
:1018600000000000000000000000000100C00000B7
:101870000000000000000000000000000000000068
:101880000000000000000000000000000000000058
:101890000000000000040000000000000000000044
:1018A00000008020000020000000000000840000F4
:1018B0000088004000100020000200000088004066
:1018C00000A000900000000400900002000000044E
:1018D00000000008004000200000000000000000A0
:1018E00000000000000000000000000000080000F0
:1018F00000000000000000000000000000000000E8
:1019000000000000000000000000000000000000D7
:1019100000000000000000000000000000000000C7
:1019200000000000208000000100000020000000F6
:101930009000000000800000000000000000101077
:101940000000000000000000000000000000000097
:1019500000000000208000000000000000000000E7
:101960000000000000000000000000000000000077
:101970000000000000000000000000000000000067
:101980000000000000000000000000000000000057
:101990000000210000100000020100001000000003
:1019A000001000000000880008848400100000007F
:1019B00000002100000009014100104000008800E3
:1019C0001000A10180001090020000000200210020
:1019D00021000002100041008001004000000000D2
:1019E00000000000000000000000000000000000F7
:1019F00000000000000000000000000000000000E7
:101A000000000000000000000000000500000000D1
:101A100008000000A00000000000014000000000DD
:101A20000000000000000000200500052110080053
:101A30008400080000001011004000000180100028
:101A40001000080010080200110001410000080009
:101A5000A000A0000880200010111040000000002D
:101A60000000000000000000000000000000000076
:101A70000000000000000000000000C000000000A6
:101A80000010000000000000000000000000000046
:101A90000000000000000900090002002100000011
:101AA0000900110003001100400220100000A010E6
:101AB000210220000000204040840240400000003D
:101AC0000000000021040484210010C0028441822F
:101AD00000C020842004032003840808080021405B
:101AE00000000000000000000000000000000000F6
:101AF00000000000000000000000000000000000E6
:101B000000000000000000000000000000000000D5
:101B100000000000000000000000000000000000C5
:101B20000000000000000000400000000000000075
:101B30000400000000000000000000000080000021
:101B40000000000000000000000000000000000095
:101B50000000000000000000000000000080000005
:101B60000000000000000000000000000000000075
:101B7000000000000000000000A0000000000000C5
:101B800000820000000000000000001000000000C3
:101B90000000000000000000000000000010000035
:101BA00000000000000000000084030000000403A7
:101BB000100008840000000805C0000000000010AC
:101BC00002000084008400000000410000000000CA
:101BD00000A00084008421102084000000900000F8
:101BE00002410000000000000000000000000000B2
:101BF00000000000000000000000000000000000E5
:101C00000000000000210000001000000000001093
:101C10000000000000000021000000000000080596
:101C200040000800000000000000004182000000A9
:101C300009040000C000820000A18205001000001D
:101C40000000090000000000000084000002000005
:101C500000118200020008211000000010000000A6
:101C60008400118800000000000000000000000057
:101C70000000000000000000000000000000000064
:101C80000000000000000000000000000000000054
:101C90000000000000000000000000000000000044
:101CA0008000100000000000820880082108001059
:101CB000830510090484218810118003100840084E
:101CC000000000004000000009C000901005104016
:101CD000100510C0C0910021C18000C01082038394
:101CE00010058840092004210000000000000000C9
:101CF00000000000000000000000000000000000E4
:101D000000000000000000000000000000000000D3
:101D100000000000000000000000000000000000C3
:101D20000000080001000000000085001001010013
:101D3000000041090085904000C00000C000400044
:101D4000000000008800010000000083001001096D
:101D500000C10004044009080211402000030009EA
:101D6000008401C1400400A1004000000000000008
:101D700000100000000000000090000000000000C3
:101D80000000000000000000000000000000000053
:101D90000000000000000000000000000000000043
:101DA0000000000000000000000000000100011021
:101DB000010801000200114003051182009000009B
:101DC000010000010901C000A00882090800880084
:101DD0004100828483000801A002C1011000118922
:101DE0000201118841000809A10185880000000056
:101DF0000000008040000000000000000000000023
:101E000000000000000000000000000000000000D2
:101E100000000000000000000000000000000000C2
:101E200000000000000000000000000000001100A1
:101E3000080002051004090902008521848909802F
:101E4000100040002120900288000900A0850000B9
:101E5000050005004188110000088400A008091150
:101E60000821030802001100848541058300000059
:101E70000000000000000000000000000000000062
:101E80000000000000000000000000000000000052
:101E90000000000000000000000000000000000042
:101EA0000000000000000000000010000000000022
:101EB000091100200091400309888004408900A096
:101EC0000840008211024090008000000080000065
:101ED0001188800800910341030980099191050848
:101EE0000808004184C105850389804180090503F4
:101EF00000000000000000000000000000000000E2
:101F000000000000000000000000000000000000D1
:101F100000000000000000000000000000000000C1
:101F2000000000000000000000040082000400C067
:101F3000004000C0009000C001210009889010847A
:101F40000089000200090005012100100040001076
:101F50000004008482408884018901821084100872
:101F6000C10501058202A0850509018408C010820F
:101F7000110500000000000000000000000000004B
:101F80000000000000000000000000000000000051
:101F90000000000000000000000000000000000041
:101FA0000000000000000000000000000000000031
:101FB000000000000100008900000000844188400A
:101FC000C1000088000800010001000002001000AC
:101FD000C000108800C084089000009000C00091EC
:101FE000000100C0854009C091000482C010089122
:101FF000850090820000000000000000000000004A
:1020000000000000000000000000000000000000D0
:1020100000000000000000000000000000000000C0
:1020200000000000000000000000000000000000B0
:10203000000000000000030008051008040090C024
:102040000905020005800000000800400000002192
:10205000801000088000000800808000000000025E
:10206000000200210080C08511050202038008845F
:1020700004C1A01090800000000000004300000098
:102080000000000043C80000000000000000000045
:102090000000000000000000000000000000000040
:1020A0000000000000000000000000000000000030
:1020B0000000000000000000000000000000000020
:1020C00021844013C2200A600000001300000000B9
:1020D000000000000000000000000000000011826D
:1020E0000000000000000600000000000000008466
:1020F000000000000000814100000000000000001E
:1021000000000000000000000000000000000000CF
:1021100000000000000000000000000000000000BF
:1021200000000000000000000000000000000000AF
:10213000000000000000000000006600CFCF3C0F50
:1021400018093C006F6F3630F6F0000000003E06C4
:102150003C00000000000000000000000000F276DB
:1021600070620000000004000000FF0000000F0F7C
:102170000302C4000400FFFF00000008000000008C
:1021800000000008000000800000000000000000C7
:10219000000000000000000000000000000000003F
:1021A000000000000000000000000000000000002F
:1021B0000000000000000000000000006400CFCF1D
:1021C0003C0F18093C00606036300600000000003B
:1021D00006060000000000000000000000000000F3
:1021E000672F26070000000004000000FF6C0000BD
:1021F0000F0F010000000000FF9D006200000410AE
:102200000000000000000410082000000000000092
:1022100000000000000000000000000000000000BE
:1022200000000000000000000000000000000000AE
:10223000000000000000000000000000000000009E
:10224000000000000000000000000000000000008E
:10225000000000000000000000000000000000007E
:10226000000000000000000000000000000000006E
:10227000000000000000000000000000000000005E
:10228000000000000000000000000000000000004E
:10229000000000000000000000000000000000003E
:1022A000000000000000000000000000000000002E
:1022B000000000000000000000000000000000001E
:1022C000100800000000F0F0FF3CFFFC18F8FFFFD2
:1022D00000F024F4666666660000000000A90000B5
:1022E000B04F4FF2F00F0FF00003C0C33CBD3CBD38
:1022F00000660066F0F0F0F004FFFFFF0000BFBFD3
:1023000000000000000000000000000000000000CD
:1023100000000000000000000000000000000000BD
:1023200000000000000000000000000000000000AD
:10233000000000000000000000000000000000009D
:102340000000100000006EFF6EFF3C3CFCFC18F823
:10235000FFFF000024240000040000000000006AC9
:102360000000902D2DD2F00F0FF0424242423C3C33
:102370003CBD007F007F3070F0F00404FFFF0F0FC2
:10238000F6FF000000080800000000000009090036
:10239000000000000000000000000000000000003D
:1023A000000000000000000000000000000000002D
:1023B000000000000000000000000086006000B087
:1023C000000000000586006000B90080009600B49F
:1023D00001900400008600E0009800000086006084
:1023E00000B000000086006000B0000000860060C1
:1023F00000B8000000860C6000B00080008602601B
:1024000000B900A000000000000001000000002052
:1024100000000100000000000000000000000000BB
:1024200000000000000000000000000000000000AC
:10243000000000000000000000000000000000009C
:10244000000000010000000000000400FFFFFFFF8B
:10245000FF0A3F7F0F5F00000000FFFFFF7FAAAA77
:10246000828254A5AD5AFF00FF0000FF3DFF00002F
:102470000000B00E1AB0AAAA000000800000CC3301
:1024800000008080005500000000000000000000F7
:10249000000000000000000000000000000000003C
:1024A000000000000000000000000000000000002C
:1024B000000000000000000000000000000000001C
:1024C0000000000000000000000000000000FFFF0E
:1024D000FF0AFF0A3F7F0F5F00000000000020207E
:1024E000AAAA80005455ADAAF000F00000FF3DFFFD
:1024F000000000000AB0A00EAAAA00080080000098
:1025000033CC0000828200050000000000000000C3
:1025100000000000000000000000000000000000BB
:1025200000000000000000000000000000000000AB
:10253000000000000000000000000000000000009B
:10254000000000000000000000000000000000008B
:102550000000EBE8C3C0C0F0C5F5000000000000BB
:1025600000000000000040405555707000000C0C49
:102570000CAEC43131C404F40EFEFFFF05040000AC
:102580000000C3FFFFFF2800FFFF00000000000065
:10259000000000000000000000000000000000003B
:1025A000000000000000000000000000000000002B
:1025B000000000000000000000000000000000001B
:1025C000000000000000000000000000000000000B
:1025D0000000000028E800C00030053500000000C1
:1025E0000000000000000000C04000000000077272
:1025F0000C0C0C0C441111441414BEBEFFFF040457
:1026000000008000CFE3FFFF141CFFFF000000006C
:1026100000000000000000000000000000000000BA
:10262000000000000000000010000000000000009A
:1026300002000000100000000800000082000000FE
:1026400080000400400011000400020000000200AD
:1026500002000000820004000000080000000000EA
:102660008200100084009000000080000000020042
:102670001100020004012000A000A000020591004A
:102680008000001003100010080000100008000077
:10269000000000000000000000000000000000003A
:1026A0000000000000000000000001000000000029
:1026B0000000010000000000000000000000030016
:1026C00000002000010001000000004001000000A7
:1026D0000100000000002000010000408200000016
:1026E00000000400000004002000000002000000C0
:1026F0000500000001000040000005000500018405
:102700000400400000000000040000000080008081
:1027100000000000000000000000000000000000B9
:1027200000000000000000000000000000000800A1
:102730000000000000008000000000000000800099
:1027400080000000200020000000000008C0000001
:1027500000C00000000409200004008804400000BC
:102760000488040000000000000000008000020057
:1027700000A000008000000040400000A105850589
:10278000A0050000000009010001C04180001041C7
:10279000C003000000000000000000000000000076
:1027A0000000000000000000000000000000000029
:1027B00000000000000000004010000000000000C9
:1027C0004000201000000100010000000000000097
:1027D0000010000000000080000000908400010054
:1027E00000000100001000000000000000000200D6
:1027F000911000100000020000110110040020845C
:102800002084218400109000004004401188024080
:102810000188118800000000000000000000000096
:1028200000000000000000000000000000000000A8
:102830000000000000000000000000000000000098
:10284000000000008004004000C080840090000070
:10285000000000C0000000000000000400040000B0
:102860000004000404410084A0020000800220044F
:1028700000040004000000210000000080840084A7
:1028800080058005800500C00001000010C0000424
:1028900000002008004000000000000000000000D0
:1028A00000000000000000000000000000008800A0
:1028B0000000000000000000000000000000000018
:1028C00000000000000002000000400020000000A6
:1028D0000000000020000000200002002000000492
:1028E000900000101010218800000500081004005E
:1028F0000110004040101020404010110820020438
:1029000040202084208420A040400840100009007E
:10291000100008050880088000000000000000008A
:1029200000000000000000000000000000000000A7
:102930000000000000000000000000000000000097
:1029400000000800008800000200000000000000F5
:102950000300008400840000000041000800000023
:10296000080010848800040008110800840000009A
:10297000042110001010100085822000C190080072
:1029800041A0020002050201A0050200082010007B
:1029900008000203880082004100000000000000DF
:1029A0000000000000000000000000000000000027
:1029B0000000000000000000000000000000000017
:1029C0000000000000000000000001000000000006
:1029D00000000000000000050000000000000800EA
:1029E0001000000000000410912100408400050048
:1029F000000011A0000000100000020000000221F1
:102A00000000C00001000184110421840000008046
:102A1000A0000000018810211100C000000000008B
:102A200000000000000000000000000000000000A6
:102A3000200000000000000000000000000040C076
:102A400000200004080200C0000000202003200035
:102A500000040200050000840002000000000010D5
:102A60000800201000000000A00290108209110050
:102A70000804000041100000854040008084408828
:102A80004104210141A12020A004000108050840C3
:102A900020032088050000082000000808C000006E
:102AA0000000000000100000000000000000000016
:102AB0000000000000000000000000000000000016
:102AC00000000000000000000000000000000040C6
:102AD00001000000000020110005000000000000BF
:102AE0002080000520040804000040000500038841
:102AF00040000091400088052005080504020205F9
:102B00000000102188401040082121800004A0848A
:102B100000008402C0000200108008410080080903
:102B2000000000000000000000A000000000000005
:102B30000010000000000000000000000000000085
:102B4000000000000000000000A0000000000000E5
:102B50002020000000C000000200020000880000E9
:102B600000004100808400A0038541A103100010F3
:102B7000100800C041A100A082014110419003C093
:102B80004108028841A021A008008800200408050F
:102B9000050405C0104005201003000808A08208A5
:102BA0000010000000000000000000000000000015
:102BB0000000000000000000000000000000000015
:102BC00000000000000000000000000000000021E4
:102BD00000000100000000000000010001000000F2
:102BE00000000000000020000000000400200000A1
:102BF00000100190000900040000200400000040C3
:102C000000000085000000000000000005000180B9
:102C10008984C0A10000C000A080C0A00091004035
:102C200008C0840000000000000000000000000058
:102C30000000000000000000000000001100000083
:102C400000000800100900081105082040110004C8
:102C50000005081100008080C00000000080000016
:102C6000080040800000110580890311098390004D
:102C700000008200A0002005A040020809C1000059
:102C800020001100000000C01008091000881091F9
:102C9000A088809088098411102188110240038344
:102CA00084C0410902110000000000000000000083
:102CB0000000000000000000000000000000000014
:102CC0000000000000000100000000010100000001
:102CD000000000010000008808100200004010827F
:102CE000904001400120000000A1088501000184FE
:102CF0001000C000050085001105051185100111A7
:102D000000004100000000000008029100A1001135
:102D10001082858802C041A00401840121000100C5
:102D20000183C08500C0000201000000000000080F
:102D30000000000000000010000000000000000083
:102D4000000001000000000004008400A00004094D
:102D5000000000000000000000000000000400006F
:102D600008008500A000901100009000911009005B
:102D700083090004000100A00000C00011881100B8
:102D80001008021110C008018882C0019110890149
:102D90008488C0098901A14182892008858221C1D6
:102DA0000982A1008205A1038584100000000000B3
:102DB0000000210000000000008000000000000072
:102DC000000011004000090009000011801180037B
:102DD00000050000001000110000000000080000C5
:102DE00000214011840085000911000040044100C9
:102DF000850482890900080804804003111021809D
:102E00000500838091039080410809904103088365
:102E10001008910004A08410A08890899109208452
:102E200040850380400211884105C08400000000F5
:102E30000000000000000000000000000000000092
:102E4000000000000040000400218008400840020B
:102E500040040041080400080010000980800000C0
:102E6000100000000085000411C1000500000041B1
:102E700080042088041000A00911000880052002A9
:102E80008041918840A000000000000000804000C8
:102E90000000800009800240038205900404411074
:102EA00004A00905411000858085C111852000001E
:102EB0000000000000000000000000000000000012
:102EC00000000000000000010001000184010089F1
:102ED000000500404009000000010001000020083A
:102EE000000889C0208800840882918400050000C1
:102EF0000040104100854189C00500400041200587
:102F0000008240051084C005008800C00040008297
:102F100001A004908408008400830504C19003414B
:102F2000098201030090110900C040414010410393
:102F30000000000000000000000000000000000091
:102F400000000000000000000088000000010000F8
:102F500084411008A10003100000000000000000E0
:102F6000000000C000000000820408C1C00020086A
:102F700000409110A020040120C0000000000001CA
:102F80000000850005211100904090009004090088
:102F900040108400A1011100A1000800C00988911F
:102FA000C100911108040502088802000582A101F0
:102FB00003C000000000000000000000000000004E
:102FC00000000000000000000000000000100008E9
:102FD0000000080211008200C080110009000400F6
:102FE0004000000000800000000080888004801104
:102FF0008080000088000500080404000000000034
:10300000001000009009402088000880084110113D
:1030100040040280C000101010021000C104028899
:103020009008084121908408C004C000410220009B
:103030000821408000000000000043C8000000009C
:10304000000043C800000000000000000000000075
:103050000000000000000000000000000000000070
:103060000000000041880013C200000000000000C2
:1030700000000000000000840000C2000084120074
:1030800000130000000000420013C20000000050C6
:103090000000C200414800000000000041008241E1
:1030A0004013C2000A001200401300000A4800004A
:1030B000000000008100000000000000000000008F
:1030C0000000000000000000000000000000000000
:1030D000000003FF57FF0F0F553CAAAAEFEF003582
:1030E000FF35AAAAAAFF00000000000000000000AF
:1030F000000000000000000000003C3C40704F7FDA
:10310000000000008A8A8ADF00000C0C40704F7FAC
:103110000000040000000000A85F000000000000A4
:1031200000070707000F000F007D007D0C04FC0462
:10313000F0F3A0A20F0FEBFF0008000000800000DA
:1031400000080000008000000000000000000000F7
:1031500000000000000000000F0F553CAAAAAFEFCE
:103160000035FF35AAAABFFF0000000000000000E4
:103170000000000000C3F0C30000550F550F407061
:103180004070000000000808085D00FF0CFF407060
:103190004070000000000000000050A0000000008F
:1031A000000000070707000E000F007D00FD000073
:1031B0000000FFFFAAAA0F0FFFFF00000410082065
:1031C00000000000041008200000000000000000C3
:1031D0000000000000000E4F00000F0F3CFF000039
:1031E00000000FFF0F3C0000000000000000000086
:1031F0000000000000000000C3000000BEFE3CFC18
:10320000FFFFFF0C0000000003030F0FFFFFBCA037
:10321000FFFFEAC000000000FAFA3F300000262657
:10322000BEDEBEBEEBEB00003C3C0000FFFFFFFF3C
:103230006666F00F000C000800000C0000000000A3
:10324000000000000000000000000000000000007E
:103250000000000000000000000000000F0F3C0014
:10326000000000000FC30F0000000000000000007D
:10327000000000000000000000000A000000BEFE88
:103280003CFCFFFF0C0C00000000FF03FF0FFFFFE2
:103290003C00FFFFEAC0000000000A0A3F300000C7
:1032A000A92982128282EBE000003C2C0000AAAA2D
:1032B000A82866660FF0000C00080000000000005F
:1032C00000000000000000000000000000000000FE
:1032D0000000000000000000000000000000008668
:1032E0000C6000B0000000000C0000000000A08690
:1032F00050F4A19000050086006000B800000000B6
:103300000096007400B08000008600E001B00080EC
:10331000009600B4009080000086007400B00000A9
:1033200000860C6000B0000000A670F401F00400FC
:1033300000A60CE001F804A000860A6000B80000B6
:103340000000000909000000000000090900000059
:10335000000000000000000000000000000000006D
:1033600000004040000002000000000000000000DB
:10337000000000000000007FBE82FCFC0A053E3D0C
:103380000000000000000000000000000000C0E09D
:10339000C0C0FF04FF040F0F8F8FDA98E698FF3C40
:1033A00000416A9559A6127B33FF082D012B0CFFB3
:1033B000FFFFBA303030040404FFFFFCFF5C282814
:1033C0002CA40000002000000100000000200000EC
:1033D00001000000000000000000000000000000EC
:1033E00000001000000000000200000000000000CB
:1033F000000000000000000000FFBE82C0C0050AFF
:103400003D3E0000000000170000008000000000AA
:10341000C0C0C0C0FF55FF040FAF8FAF5AA5A55A5B
:10342000FF000010659AA9560033127B010B010BB7
:103430000C0CFF0CAA00000004040404FFACFF0CF9
:103440000A0A0F2D0000000000000000000000002C
:10345000000000000000000000000000000000006C
:1034600000000000000000003C3F7D7D00000000E7
:1034700000000000003C0000000000002828969694
:10348000669999660000BEAA3C00417D3333000076
:10349000000000000000AC0FAC00FC00FC050000C8
:1034A0000000001C003C8241E247003333FF3CC374
:1034B000A55AF0FF3CC000000000003C053DFF8025
:1034C000000045FFFFFF00000000000000000000BA
:1034D00000000000000000000000000000000000EC
:1034E00000000000000000000000000F5555000023
:1034F0000000000000000000000000000000AAAB77
:103500000000996666990000BEAA3C00417D3333F5
:1035100000000000000000000C0F0C000C000C0567
:1035200000000000003C003CE247EBD7003333FFD3
:10353000C33CA55AFFFF0C30000000000000050549
:10354000FF0014144545FF45000000000000000086
:10355000000000000000000000000000000000006B
:10356000000000000000000000000000000000005B
:10357000000000000000000000000000000000004B
:103580000000030010000000000002000200030021
:1035900000000000210008001100000020002010A1
:1035A0000082004021000000030000400200029061
:1035B00000900000034004002100114000000000C2
:1035C000210000880000030000000000000000004F
:1035D00000000000000000000000000000000000EB
:1035E00000000000000000000000000000000800D3
:1035F000000000000800000084000200000000003D
:103600000000000008000800840000001000000016
:103610000800000000000000C000000000001000D2
:10362000A0000000000000000000000002000000F8
:10363000040002000000A0400800000090400800C4
:103640000000A000000000000000000000000000DA
:10365000000000000000000000000000000000006A
:10366000000000000000000000000000000000005A
:10367000000000000000000000000000000000004A
:10368000000000000000100000000000004000A04A
:103690000000000000000000000021000000000009
:1036A000000000840000210000048000A100000050
:1036B00000900000000000000000000000880900E9
:1036C0000090000041000000110080008200000016
:1036D00000000000000000000000000000000000EA
:1036E00000000000000000000000000000000000DA
:1036F00000000000000000000000000000000000CA
:103700000000000000100010000000000000000099
:103710000000000000000000000000200000000089
:1037200000000000002000100010A0000820084148
:1037300000000000002090200021000000419000C7
:1037400020202000001002100010002008000500BA
:103750000000000000000000000000000000000069
:103760000000000000000000000000000000000059
:1037700000000000000000000000000000A00000A9
:103780001100000000820088008400000910090078
:103790000000000020C000A0200200A0210000C006
:1037A00002000210020009000000000010000400E6
:1037B000000004100940000009A003004040201050
:1037C00010001100090011002000409000000000CE
:1037D0004100000000000000000000000000004167
:1037E00000000000000000000000900088002000A1
:1037F000040020002000000520000002000220201C
:1038000000040004880000032000040500020400F6
:10381000A010000088110003A00288002000020010
:10382000884000000040000002004000000010023C
:10383000204100111002100400410800C00088005F
:103840002011A0000009A0008800082082040009BF
:1038500084040204000000000000000000000000DA
:103860000000000000000000000000000000000058
:1038700000840000000000000000000000000000C4
:1038800000A000C00000000000A0008400000000B4
:1038900000082108000009000000000005000000E9
:1038A000000000000000410000000900200011009D
:1038B0000010000004400300108210820282008881
:1038C00010000000218800000090080002000000A5
:1038D00009C00000101000000000000000000000FF
:1038E00000000000000000000000000000000000D8
:1038F00000000000000000000000000000000005C3
:103900000000000000090000000000000000A041CD
:1039100000200000002100000011A000081000009D
:1039200000000009020000030000004190000000B8
:1039300000002000902121C1C0410021C00082036D
:103940000000820088000209A00010008800C0006A
:103950008400000002092080000000000000000038
:103960000000000000000000000000C00000000097
:103970000010000000000000000000000000000037
:1039800000000000000000402000000000100000C7
:1039900040000000000000C0000020840000004043
:1039A000002000100000001000000000008200C095
:1039B000000021901010000040004100210203028D
:1039C000001000000888040400900000050000A01A
:1039D000000000002084118400A00000000000000E
:1039E00000000000000000000021000900000000AD
:1039F0000000002120090400000000200011000444
:103A000020020002401040050000042000000008D1
:103A100090000000A0084000002000000400A02149
:103A20008802900384210009000908002004000096
:103A3000A040C00900040004082100090211100977
:103A40009002880240089011840882000000202023
:103A5000C000844100092011000004400000000063
:103A60000000000000000000000000000000000056
:103A700000000010000000000000000000C0000076
:103A80000000000000000000000000000000000036
:103A9000008400000000000000840300000011000A
:103AA0000000000000C0000000A00020000000880E
:103AB00000400000000021C00084108400000000CD
:103AC0000000101000C000002120000009101100AB
:103AD00000000200000000C0000009C0000000005B
:103AE00000000000000000000000000000000000D6
:103AF000000000000000A000000000000000000026
:103B00000000000000050000000000000000A041CF
:103B1000000500000000000000410000000000005F
:103B2000000000030403821090100000024182098B
:103B30000800000000090800A00410032000042170
:103B400084001000840020000000881100000000A4
:103B50008800C00310000240000010098809040911
:103B60000000000000000000000000000000000055
:103B70000000000000000000000000000000000045
:103B80000000000000000000000000000000000035
:103B90000000000000000000000000000000000025
:103BA0000000000000000000000080000000000095
:103BB0000000000080000003000000000000000082
:103BC0000000000000000000000080000000000075
:103BD00000000000000000030000000000000000E2
:103BE00000000000000000000000000000000000D5
:103BF00000000000000000000000000000000000C5
:103C000000000000000000000000000000000000B4
:103C100000000000000000000000000000000000A4
:103C20000000000000000000000000008200000012
:103C3000000000009082020000010000000000006F
:103C400000000000000000000000000082000000F2
:103C500000000000908888000001000000000000C3
:103C60000000000000000000000000000000000054
:103C70000000000000000000000000000000000044
:103C80000000000000000000000000000000000034
:103C90000000000000000000000000000000000024
:103CA0000000000000000000C00000000001000053
:103CB0000100000000000900C101004000010000F7
:103CC0000000000000820000C000000000010000B1
:103CD0000100000000000900830100400000000016
:103CE0000000000000820000000000000000000052
:103CF00000000000000000000000000000000000C4
:103D000000000000000000000000000000000000B3
:103D100000000000000000000000000000000000A3
:103D20000000000000000000000080000000000310
:103D300000000400000000000800841000000003E0
:103D40004000000000000080000080000000000330
:103D500000000400000000004000044000000000DB
:103D60004000000000000080000000000000000093
:103D70000000000000000000000000000000000043
:103D80000000000000000000000000000000000033
:103D90000000000000000000000000000000000023
:103DA0000000000000000000000000000000030010
:103DB00000000000000000000000001100000000F2
:103DC00000000000000000000000000000000300F0
:103DD00000000000000000000000000200000800D9
:103DE00000000000000000000000000000000000D3
:103DF00000000000000000000000000000000000C3
:103E000000000000000000000000000000000000B2
:103E100000000000000000000000000000000000A2
:103E20000000000000000000000000000000000092
:103E30000100000000000000000000000000000081
:103E4000000008000000000000000000000000006A
:103E50000100000000000000000000000001000060
:103E60000100080000000000000000000000000049
:103E70000000000000000000000000000000000042
:103E80000000000000000000000000000000000032
:103E90000000000000000000000000000000000022
:103EA0000000000000000000000000000000000012
:103EB00001000083000000000000000000000082FC
:103EC000000000A00000000000820000C08300008D
:103ED00001000083000000000000000000000082DC
:103EE000000000A00000000000820000C08300006D
:103EF00000000000000000000000000000000000C2
:103F000000000000000000000000000000000000B1
:103F100000000000000000000000000000000000A1
:103F20000000000000000000000000000000000091
:103F300000000200008300000000000000000000FC
:103F400000C00800008000000000008000008083A6
:103F500000000200008300000000000000000000DC
:103F600000C0080000800000000000800000808386
:103F70000000000000000000000000000000000041
:103F80000000000000000000000000000000000031
:103F90000000000000000000000000000000000021
:103FA0000000000000000000000000000000000011
:103FB00000000000000000000042000000000000BF
:103FC00012008100001300001248000000000000F1
:103FD000124200000000000000420000000000004B
:103FE0001200810000130000120000000000000019
:103FF000124200000000000000000000000000006D
:1040000000000000000000000000000000000000B0
:1040100000000000000000000000000000000000A0
:104020000000000000000000000000000000000090
:104030000000000000000000000000000000000080
:104040000000000000000000000000000000000070
:104050000000000000000000000000000000000060
:104060000000000000000000000000000000000050
:104070000000000000000000000000000000000040
:104080000000000000000000000000000000000030
:104090000000000000000000000000000000000020
:1040A0000000000000000000000000000000000010
:1040B0000000000000000000000000000000000000
:1040C00000000000000000000000000000000000F0
:1040D00000000000000000000000000000000000E0
:1040E00000000000000000000000000000000000D0
:1040F00000000000000000000000000000000000C0
:1041000000000000000000000000000000000000AF
:10411000000000000000000000000000000000009F
:10412000000000000000000000000000000000008F
:1041300000000000000000002EDE00000000000073
:10414000000000000000000000000000000000006F
:104150000000000000007B742EDE00000000000064
:10416000000000000000000000000000000000004F
:104170000000000000007B74000000000000000050
:10418000000000000000000000000000000000002F
:10419000000000000000000000000000000000001F
:1041A000000000000000000000000000000000000F
:1041B00000000000000000000000866EC002000049
:1041C00000000000408C07000000000000003002EA
:1041D00000000000000040037661866EC00200000F
:1041E00000000000408C07000000000000003002CA
:1041F00000000000000040037661000000000000A5
:1042000000000000000000000000050000000000A9
:10421000000080000000000000000000000004001A
:1042200000000000000000000800111084010000E0
:104230008421008284000900840000000040914035
:10424000800002004000080010400500100004013A
:104250008589040000000402080004400000A02139
:104260000200842100008421044084200400000016
:104270000800001000001100020004080000000007
:10428000000000000000000000000000000000002E
:104290000000000002000800000000000000000014
:1042A0000100000000000000000000000000050404
:1042B00000002184000005000000050000008200CD
:1042C0000280020001000100010001000000010065
:1042D00000081010040002000000000004C082006A
:1042E000058400002084000004A008000580000070
:1042F00000000000008900000000010304800000AD
:1043000000000000000000000000000000000000AD
:10431000000000000000000000000000800000001D
:104320000000800005000800000000000000000000
:10433000800800088000000800000000000000C0A5
:10434000201080400000800000000010000040109D
:104350000040820000000090800000091010C000A2
:104360000000000100108011A100000080088408F6
:1043700000000000A1408000A000000000018000BB
:10438000000000000000000000000000000000002D
:104390000000000000000000000000000000040019
:1043A000000000000200000000000000000000000B
:1043B00000002000000020000080004100000000FC
:1043C00000000000024000004000004100A000008A
:1043D000014100C1050900110041201004C0A041A5
:1043E000410000100004004120041041000040A1E1
:1043F000049000000010022002200210002004405F
:104400000221000000000000000000000000000089
:10441000000000000000000000000000000040005C
:1044200000000000000011002000000003840000D4
:1044300000000800801000A08410400280080000E6
:10444000040900000090820000020004030208102A
:10445000009000C0038409A0081080020202210815
:104460001004080840C0A00500C08421820804840C
:104470000208200000200300000410040440009003
:1044800000402100000000000000000000000000CB
:10449000000000000200000000000000000000001A
:1044A00000000000000000050002000040000000C5
:1044B00000000000200020000000050200000400B1
:1044C0004000012000000000030300000010000075
:1044D000018088100000820000000102101001021B
:1044E000101000100010000005840000058420005A
:1044F00009100000000000000002101101020080FD
:1045000000020000000500000000000000000000A4
:10451000000000000000000000000000000021007A
:104520000000000000000400020082014000410081
:10453000210002000800100004000000200000001C
:104540000400000010000000C1000000030008008B
:10455000020002A0000041004000102088019120CC
:104560000200C109024182054100414005000440AA
:10457000100104001004040010901020000010012D
:1045800080001000820140A0000000000000000038
:10459000000000000000000000000000000000001B
:1045A00000000000000000000100010003400100C5
:1045B0008200000501000000000001000008011059
:1045C000004100100003010000000209000000008B
:1045D0000000010089000000000809001180091096
:1045E000048009004088010403C0881004110041C0
:1045F0000120880809000110011010410004004149
:1046000008024008C0041140C12100000000000061
:104610000000000000000000000009000000090088
:1046200040000000091000000000000040000241AE
:10463000000000000000210040000200030005C04F
:10464000C1901008000440100400000008A00200FF
:10465000808500030000088421111008040009204F
:1046600008041008411010094008910803002001B7
:104670002100A011090083840900101100008801A5
:104680002089A0004104219010084008000000008B
:104690000000000000000000000000000200000018
:1046A00000000000000004100000A0000000000056
:1046B00001C0000000000000000001000000000434
:1046C000400020000103000000112105000001004E
:1046D00001101008001000000500904000000000CC
:1046E000001001200000000401040100020000008D
:1046F00010200000200404400404000400200800EE
:104700000208000240002000100501040100000022
:104710000000000000000000000000000000000099
:104720000000000000000000000000000900000080
:1047300000000284000000000010210800100000AA
:10474000410841002084801084100482000400008D
:10475000080041840000030021100001009008853A
:1047600010000020881041A10200214003082141CF
:10477000088480214184208408080400404004000B
:1047800000001000000000000000200420041004BD
:104790000000000000000000000000000000000019
:1047A00000000000004100000000000000000000C8
:1047B00000000010090000210000000084200021FA
:1047C00000009041C0100008100004080400000020
:1047D0000000010000001010000000008810080018
:1047E0000040820000C103C01020210910A18208EE
:1047F00010C088002084000005030080050402002A
:104800000508840002059005004104000000080529
:104810000040000000000000000000000000000058
:10482000000000000000000000000080850009007A
:1048300000802002008800052000101100090010EF
:10484000101120058040080820900510409041106C
:1048500009090000898800081083202003C091A066
:1048600040100540088300C0210940210811821131
:104870000210A0A02105A1C0040541410380000051
:1048800021000300830305002109110204910502A0
:10489000048302200000000000000000000000006F
:1048A0000000000000000000000000001008C140EF
:1048B000908200C0888900C0401100A00001000063
:1048C0000000000000830209914100090188880866
:1048D00021A0000200009041C005010400C00010AA
:1048E000C1100090A091048310084182000405C00B
:1048F00003C001058485A111A1A182020005031056
:10490000020483A0090285010500010001000009DD
:10491000891000C00000000000000000000000003E
:104920000000000000000000000000000000000087
:104930000000000000C0C00010910410040000003E
:10494000C009100082008800094003020804110118
:104950001004A10003C0000040000984A0118304DA
:10496000824110009010908411C0A188C091090468
:10497000C100C020048484858301A0A00310C10469
:10498000A0000482A0011040840183030508214196
:1049900011000588408585820000000000000000AD
:1049A0000000000000000000000000000000000007
:1049B000001100000000000500008004000000114C
:1049C0000000004000000000084040080511900071
:1049D0008540820005044080000010100205898493
:1049E00090101008841040802110020088000205F9
:1049F000A090112040210588A1C021211180050926
:104A0000C08000040080000300C10202048585828A
:104A100040919140820304A18482000000000000C4
:104A20000000000000000000000000000000000086
:104A30000000000080008000000003090008001052
:104A400008104009001000090002048808048502CB
:104A50000509030200050088029100800208114147
:104A6000041102830888804190218383090902117F
:104A70009189021120051010910390030290000407
:104A8000848205820021048903C0000321840582F9
:104A900004A0201103058082009110830000000013
:104AA0000000000000000000000000000000000006
:104AB00000000000000008C0A010108800000400E2
:104AC00008000000000000010000000100088482CE
:104AD000090400C001C088C1408401C000800141B8
:104AE000A009A00802030021020241898483000278
:104AF00005008590019191104111A0100503010955
:104B0000A0C04084000540C184C004850289011111
:104B10000104000901910120084082A00841000021
:104B20000000000000000000000000000000000085
:104B3000000000000000C000100004001000080089
:104B40001000850010040100001000000100849096
:104B5000C021A00040088400A0020200A00800803C
:104B6000830011100901C0C08301080108109010D2
:104B700085A104018301118204050421A104A082FE
:104B800084A004840800A183854103400202C0A1DF
:104B90008301A1010501A1C0C14002A08500081048
:104BA0000000000000000000000000000000000005
:104BB00000000000000000000000800000008000F5
:104BC00008101000900088000811108008004100B3
:104BD0008811020809030880884008089021040011
:104BE000008088101184880891002003102080081C
:104BF0000080C0414005080808800808040302C07E
:104C0000918090090204820502C08382400009005D
:104C100004A0830210089003200010800508904132
:104C20008380000000000000000000000000000081
:104C30000000000000000000000000000013000061
:104C40000000000000130000000000000000000051
:104C5000000012420013C200000012000013000006
:104C600082000000000000000000000000000000C2
:104C70000000410000000013000000500050000040
:104C8000C220418400000013C2000048000000134D
:104C9000C20012420000000000004160000000005D
:104CA0000000816000000000000000000000000023
:104CB00000000000000000000000000000000000F4
:104CC000000000000FFF3C3C9F9F9F9F3CFF0F0F89
:104CD000FDFDF0F0F060303C0003273F00000000D5
:104CE00000000C0C0000FF99FFB94E4EA59900FF83
:104CF000000024249F06FFC33C0002FFF2FFF6FCE5
:104D0000F60C002200440C7E0C42663C000F0000B2
:104D1000000000000000FFFF000AAA5555AAC000CD
:104D200040405AFAD40400000000000000000000D7
:104D30000000000000000000000000000000000073
:104D40000000000000000F003C3C99999F9D3C0032
:104D50000F0FFDFCF0F00060303C000327030D0F47
:104D6000000600009D0C0000660066204E4E5A664C
:104D700000FF000000009900CFC34C400200F20089
:104D800006FC060C26044062007E0042003C000F38
:104D90000000000000000000FF0F0C0455AAAA55F7
:104DA00000000000A50471030000000000000000E6
:104DB00000000000000000000000000000000000F3
:104DC00000000000000000000000000000000000E3
:104DD00000000000000000000000000000000000D3
:104DE00000000000000000000000000000000000C3
:104DF00000000000000000000000000000000000B3
:104E000000000000000000000000000000000000A2
:104E1000000000000400001000000000000000007E
:104E20000000000000000000000000000000000082
:104E30000000000000000000000000000000000072
:104E40000000000000000000000066FF0F0F0000DF
:104E50000000FCFF0C0F00000000FF6CFF6C6E6F89
:104E6000FEFFF0F0F1F0666666660000FCC3FC66CB
:104E7000676664660E0E0E0E006E0462FF0006F694
:104E8000030300C3FFBFFFFF966933CCF0F1F0F1DD
:104E90000000FFFF00000000000000003F3FF6F6AA
:104EA000030C0C03C0C1C2C30000000000000000DE
:104EB00000000000000000000000000000000000F2
:104EC00000000000000000000000000066000F0F5E
:104ED00000000000F0F3000300000000606C6F6C45
:104EE0000C0D9C9DFCFCFDFC30FFF3FF0000303CF2
:104EF0000C66000002000E0E0C0F00660066C3C3B5
:104F000006F602C20202002000006996CC33F0F1DE
:104F1000F9F9C0D9FFFF00000000000000003030A8
:104F20000606020404020088028A00010000000054
:104F30000000000000000000000000000000000071
:104F4000000000000000008600E0009000000086E5
:104F50000CC000A0000000860C6000B800000086B5
:104F600000BC03900000008600A003900000000039
:104F700000860C6000B9008000860C6000B900005B
:104F800000860AE000980000A19E5274A0B9208516
:104F9000008600B000900000018600B00090000084
:104FA00005860A6000B0000000860C6000B90000B1
:104FB00000000000000000000000000000000000F1
:104FC0000000000000000000F5F1F5F000FFF0FF28
:104FD00000003000000000000000000000000000A1
:104FE0007F2F7F2F5FFF7D7DF5F0F5F05DDFDFDF49
:104FF00000004000BFFF3C3C0F55AAAAAAAA0070BF
:10500000FFFF0030000000AAFFFF8200800015555E
:10501000BFFFF0F0F0F00FAF0F0FFF00FF00FFFF3A
:10502000FFFF7D7DFA507D7DCC3CF0F0F8D00F5F26
:10503000FFFF000000000000000000000000000072
:1050400000000000000000000000FFFBFFFA00FF6E
:1050500050FF0000300000000000000000000000D1
:1050600000007D2D78280AFF28287D7D7D28088A6C
:10507000CBCB00004000FFFF0F550F55000800008C
:105080000000F0F0000000000028FFFF800080001A
:105090001515BFBFF4FFF4F43FBF0F0FFFCBFF0A9E
:1050A0000082A0A22828FA5071410000F0F0F0F030
:1050B0003C3CFFFF0000000000000000000000007A
:1050C0000000000000000000000000003CF03CF088
:1050D00000000000FF00FF003D3D3D7D000000009E
:1050E000000F0000C3C082F05F5C5000C2CFC2005E
:1050F0003F1703000000000000000008000FAAAAEC
:10510000AAAA555555550202D7550000FFFFAAAA75
:10511000AAAA55555755AE0EA404FC00FC052F0F46
:105120002F0030053F05000000003C005555FF559D
:10513000FA5014D417D7000000000000000000004F
:1051400000000000000000000000000000003CFF24
:105150003CAA00000000FD0CFF00050505550000FD
:1051600000000000000000C082F0505C500002CF40
:105170000200031703000000000000010000000F00
:1051800000000020000000400202820015F515F525
:105190000A8A0AAA000000000E0E04040C000C0586
:1051A000200F200030003F00000000003C055F5051
:1051B000AA00FA5014D417D7000000000000000025
:1051C00000000000000000001000000002000200CB
:1051D00000000000000000000000000008000000C7
:1051E0000000000000000000080080000000042112
:1051F000004000404000900000000000000002005D
:1052000011401101024088010882800102008210D1
:1052100003C00200088804000401004000009090D0
:1052200040002100042010201100A005004000A033
:105230008405800340000000000000000000000022
:10524000000000000000000000000000000001005D
:105250000100000000000000000008000000000045
:1052600000000000000200000000040004008800AC
:1052700001200080008001001109000008000000EA
:1052800001008400004000000240000010080200FD
:10529000410402000100C000010000020080000083
:1052A0001121050000000000018000092104A00573
:1052B0000002208404A00020000000000000000084
:1052C00000000000000000000000000000000000DE
:1052D00000000000000000000000200000000000AE
:1052E000020000000000000000008000000000003C
:1052F00000000000400080001000000000C000001E
:1053000000010200000000008000000000A08000FA
:105310008000809000008040800100219008000102
:1053200000000000000080000000800080000000FD
:105330008010001111050001000000400410000061
:10534000000000000000000000000000000000005D
:10535000000000000000000000000000010000004C
:10536000000001000000000000000000200000001C
:105370000000040000000100100001009041000046
:105380000000000211000000004140000000002069
:1053900040212000200900000280042000A005898F
:1053A0000040001000100200102000211010020028
:1053B00000411010409020840020900000A1008047
:1053C00000000000000000000000000000000000DD
:1053D000800000000000000000000000000000004D
:1053E0000000020080000000808400028002C0846F
:1053F0000008040200020003004100410000C10453
:105400000000210000028010000040000200001097
:105410004004100882090904801000820002002064
:10542000002008100000001000C0002000900020A4
:105430000002A090008408108000042009020040AF
:1054400085020000000000000000000000000000D5
:105450000000400000000000400000008800200024
:10546000A000820990001000000002054005020320
:105470000210001021004010000840C040C082000F
:105480001002000090048804100400110411891017
:1054900020419000839003408404021020100800F3
:1054A000C0002088C004C040080400008200C00082
:1054B0008410004121100200C1C0200001000280C0
:1054C000C080400500000000000000000000000057
:1054D0000000000000000000000800000000008440
:1054E0000000020040880082000040000000000030
:1054F0000000A0040000040000000400104100119E
:1055000000104110000000C00900080005A021881B
:105510008500028441008288028205C080048011D7
:10552000092008008809890000009000210010006F
:105530000808108408080200000041A040824100D1
:1055400000000241082000000000000000000000F0
:1055500000000000000000000000008000000000CB
:1055600000000000010083000000000001000000B6
:10557000000000002180000001000000110001C0B7
:1055800000400000000000000000000000000000DB
:105590000000100001000005110001000000208043
:1055A0000240C08010000488400500101100100067
:1055B00000008891080020800300000084000100A2
:1055C0001009000011C008000000000000000000E9
:1055D000000000004000400000002000000000002B
:1055E000400040200000200000000001400020405A
:1055F0002120002000024084218209000000840054
:1056000080400040200441020000080440001020B7
:105610000088021009048041088800002011004021
:10562000108209A04188C104050205210889A14012
:10563000800000C021000021094020041084218442
:105640000004000010000240039000000000000071
:105650000000000200000000000000210000000423
:10566000000020098802002088000005904000000A
:1056700004214005084100408900002190210805CF
:10568000410002820082A00040840000001002411C
:105690000420C0050005402102C00011100009408F
:1056A000080408000020004010200008204020408E
:1056B0000200020008000020C020000001201103A9
:1056C000100000901021000001C0A00500000000A3
:1056D00000000000000000000000000000000000CA
:1056E0000000004021C000000084001000000010F5
:1056F000100000020010080005004104000000C076
:1057000000000800094000A00884022100000010E9
:10571000411000840000090000840200218521C19D
:10572000024089000902090008A00211110021109D
:105730000208100000102190000420C0218321885D
:1057400000028808208202004008404021900000AA
:105750000000000000000000000000000000000049
:1057600000000000008000000000000000000000B9
:105770000000010000000000000000000080004167
:10578000000000000000008000100410010800006C
:1057900000850000000000008200000801000008F1
:1057A0000808C1882000000000000000002004401C
:1057B0000000000000000000000000008400100253
:1057C0000000000008210100000000001183000417
:1057D00000000000000000000000000000000000C9
:1057E00000000500110003000000000000000000A0
:1057F0004011208003004080044000C000850389E0
:10580000091080C008054089000888880205400208
:10581000000020001000040010008000888002803A
:105820000080A08885859004208341824004038500
:1058300020881083C002020921410303854009200A
:105840000410008221C1004003050008852041802A
:105850000000000000000000000000000000000048
:10586000900000000100000000000000080000009F
:10587000000001A1880400080084004000090041E4
:105880000010009182042011010208000585010921
:105890000011000001000500C00010001088A008E1
:1058A000010800C09111858411A00008010808209A
:1058B00021C0010941401091018800110101090135
:1058C00020000101008300844021004000C108083D
:1058D0000908009000000000000000000000000027
:1058E000000000000800A0001000C010010001002E
:1058F000000401004000C108050182C0000040C052
:105900004000090003000400102010028800092054
:1059100005000902000088000800A1008201410082
:10592000050010008403820184841109C001400134
:10593000404040019004880002C1A08541840920B4
:1059400003089101C0841003C020111009C1040193
:105950008500041084020000000000000000000028
:1059600000000000000000008000800080000200B5
:1059700008000800100011088511080589C0000002
:1059800000858000892110418505104000800904B0
:1059900004000521C180000009008809C1008805B4
:1059A000C103C100C000C0900040C10041210809EE
:1059B0000003099111401182200911830985900586
:1059C00010099000050583809040A180050890890A
:1059D000000288210000801100000000000000008B
:1059E000000000000000000000C00040082100038B
:1059F00000000000210000000384000800100509D9
:105A000008110040219100840003800480884041F7
:105A100009118088809108830000009000400840B0
:105A20000020000000808000008008410080C00845
:105A30000303050300A0044184418841001180A1B3
:105A40000083200500A0084005A109008010400542
:105A5000102000000000400500830000000000004E
:105A60000000000000000000000000090083008921
:105A700008C10040000000200010009010110088B4
:105A80001188004000840040000800001089108543
:105A9000010300000409028408050000000800104A
:105AA00001A0000400C090A010C00008008388C0BE
:105AB00002A011890082840384400441A1C1100323
:105AC0000210000901100010008309082000C00125
:105AD0008201900100C0880490A10008000000002D
:105AE000000000000000000000000000081084001A
:105AF0009000901000000090000000008500C11090
:105B00004101C008010201C0000000048511C0A0CD
:105B1000A000A090910011010901A1100000000156
:105B2000000100000008880190002084A0040911F1
:105B300003100300A10882A10302410211110321F5
:105B4000A0028301C18220408904C0010541A188CF
:105B5000858302011008820102001101C04000008B
:105B60000000000000000000000000000000808035
:105B700000000000008000000011000800009009F3
:105B800011C0402191004080100009002080900346
:105B90001000210821000304054140100580000089
:105BA000004000020011000400100008008880007E
:105BB0008341048009004000412088002080C08586
:105BC000084021211040A080A0112041832184059C
:105BD000A0088504910588809120000005050080BB
:105BE00000000000000000000000000000000000B5
:105BF000000000000000000000840000C20000005F
:105C0000000000000000000000840000C20000004E
:105C100041000013000042000000000000000000EE
:105C20000000000000000000000000000000000074
:105C3000000000420000C2000060000000130000ED
:105C400011840000000000000A6021000013000021
:105C50000A000A500213C200000082000013000074
:105C60000000000000000000000000000000000034
:105C700000000000000000030C0C00000000000009
:105C80000000552DFF2D1F1F1F5F00FCFFFC080F9C
:105C90000A0F55553C0FC3D7C3D7FF0F8F0F000016
:105CA0000000000000000000050D051100000000CC
:105CB0000000000000000000002800FFAAC3F00060
:105CC00055555555003C053D0F3C0000A55A5AA5B9
:105CD0000F0F6DAE3D3C3D3CFFFF00FF0F0FF0F09E
:105CE00000FFFF00000000000000000000000000B6
:105CF00000000000000000000003000000000000A1
:105D000000000000002DAA2D14141455000CFF0CE7
:105D1000FFFFFFFF55553C0FC3DFC3FF0FFF8FFF92
:105D20000303003000000000000005050505000029
:105D30000000000000000008000400280055AAC36D
:105D4000F0FF00100000000005050F1400AA66997E
:105D500099660F0F046D3D3C7D3C0F0F00FF0F0F48
:105D6000F0F000FFFF000000000000000000000055
:105D70000000000000000000000000000000000023
:105D800000005555141455555555FEFCFAF0CFCF6B
:105D9000CF0C0000FFFF8E8ECF0CC000C000200093
:105DA000000000000000000000000000FFBF000035
:105DB00000000000F078F0F03E3E0000FFF0000030
:105DC000000FC355000F0000FCF03C00E743A602A3
:105DD000F030FFAAF0F0F0F0000000007D2DFF0F82
:105DE00000FFFF000F0F0F0F000000000000000079
:105DF00000000000000000000000000000000000A3
:105E0000000000005555541400005555AA00AA0082
:105E10000C0CCF0C0000FFFF8E8ECF0C000000009A
:105E20000000000020000000000000000000000052
:105E3000000000000000F0F0F0F0FF3C0000FFF078
:105E40000000FF0FC355000F000000000000EB41F1
:105E5000AA00F000FFAAFAFAFAFE40000000782833
:105E6000F00000FFFF00F0F0F0F000000000000084
:105E7000000000000000000000000086006000B983
:105E800000000086007400B0000000860C6000B8BE
:105E9000008000860C7400B0000000860CA0039007
:105EA00000000586026000B9000000000086006066
:105EB00000B000800086006000B00080058600749D
:105EC00000B2000000860CA00080000000860C607C
:105ED00000B9008000860AE001E00000008C02F4B6
:105EE00001B0800002A601C001B40840000000001B
:105EF0000000000000000000000000000CC000F0E6
:105F00000000020000000000000000C3FFEFFF00DF
:105F1000000080000000000000000003AEAEAEAE46
:105F200055F55FFF0A000A08555555550000000059
:105F30000000FFFFAAFFAAAAAAAA04005555D7D2BB
:105F400055500F550F55FFFE00027F7F7F7FFCFCF1
:105F5000EB281CDC1FDFFFFF545000002AAA303C56
:105F6000302800000000F4F0000004FF5555000048
:105F700000000000000000000000000000000C0015
:105F8000000000000200000000000000000000000F
:105F90000000400000A00000000000000003FF0F10
:105FA000FC0C00A00AAAAAAAAAAA0FFF00000000DF
:105FB00000000000F3F3A2F300800000000055553C
:105FC000D7D25550003CFF3CFFFE00AA0F7FFF7F59
:105FD000C0C0EB2810D013D3FFFF14000000AAAA02
:105FE0003028302800000000F0F0142800FF55553C
:105FF00000000000000000000000000000000000A1
:10600000000000000FAF8FAF000000000000000094
:10601000003C003EFFFFCCCC0000300000000050F0
:106020000F0C0AAA0007FFF7FF00FF00BA000000EC
:1060300000000000000075FF3F3FBEBEF5A008381D
:10604000FFFFAFFCA0FC35353535FFFD00007D7D41
:10605000FFFFFF0079791414141400000000053CC0
:10606000F53CA0A0FF280F0F0F0FFA0AFC0C5F5F92
:10607000DF5F0000000000000000000000000000E2
:106080000000000000000FAF8FAF00000000000014
:106090000000003C003EFFF5C3C3000030000000DC
:1060A0000050000C0AAA0004FFF454005400100031
:1060B000000000000000000055FF3F3F1414F5A051
:1060C0000000FFFFAF0CA00C000FF0FF0008000065
:1060D0007D7FFFFFFF0038381414143400000000E7
:1060E0000505F5F50000FF00171417D7AAAA3C3CD8
:1060F000555555550000000000000000000000004C
:10610000000000000000000000000000000000008F
:106110000300020000000000000800000000004032
:10612000000020000808000000880010080003009C
:10613000000021000000020020100200008805106D
:1061400000880900090009000800118209A00090D8
:1061500000100300410000001100052011A0038879
:1061600000001000002002000000050002004000B6
:106170000800030000000000000000000000000014
:1061800000000000000000000041080000000000C6
:1061900000000000880088000000000000100000DF
:1061A000004000000010004100000040A04100003D
:1061B0000000080908400000080000030009004032
:1061C000084100401040100082000000880000419B
:1061D00082050820002000009000A020000002217D
:1061E0000000000090000000900400090000000082
:1061F0000040000900000200000000000000000054
:10620000000000000000000000000000000000008E
:10621000000000000000400000000000000000003E
:10622000100000000040000000000000000000001E
:106230000000000000000040000000080000000016
:1062400000A000000040000040000000000000002E
:106250000008000000000000000000100400000022
:1062600000100000000041000000000005A0000038
:10627000000000000000000000C00000000000005E
:10628000000000000000000000000000000000000E
:1062900000000000000000000000000000000000FE
:1062A00000000000000000000000000000080000E6
:1062B000400000000000004000000000001000004E
:1062C000002000210000404000200040400020004D
:1062D0000000201000090200000800000021022038
:1062E00090100003904102200041A010C00000095E
:1062F0000009A041A0219008A0202010000000006B
:10630000000000000000000000000000200000006D
:10631000000000004000000000000400040009002C
:1063200009002100030000042120111011080000C1
:106330000004090008A011002000208400002004AF
:106340004004029021002000111009002002114099
:106350000500114011041000100041021020090036
:106360002110210000C0100000000500100000886E
:10637000042000C000020200218400900000000000
:106380000000000000000000000000000000040009
:1063900000004000400402000000A01000020405BC
:1063A00000210041A0094005000200090002A005EB
:1063B000020020410000A00088081021A020000059
:1063C000204000040009900402410004A00590044C
:1063D000004190100210C000020400030202884134
:1063E00010114002100004002000000520050041AB
:1063F000A0030800082110024004000200028402E9
:10640000000000000000000000000000000000008C
:1064100000000000000000000000000000000084F8
:106420000000000800000000000000000000000064
:1064300000A0008800020000000000000000000032
:1064400000000084000003002000008808A0210054
:1064500010000300092008A00882028800A008029A
:1064600002A00300000402A00202000420000902AE
:106470000800000000201000410011020000080286
:10648000000200000000000000000000000000000A
:1064900000000000000000000000000000000000FC
:1064A000000000000000001000000040000000108C
:1064B00000000000000000000000000000000010CC
:1064C000002100000000001000410021002104080C
:1064D0009008882188030205900800200821842064
:1064E0008841C009000004050008A0210200400006
:1064F00002004000000088058203A0008404000020
:106500004004C00000000000000000000000000087
:10651000000000000000000000000000000000007B
:10652000000000000040040000000000000000889F
:106530000000000200000000004000100000008485
:106540000002100000000000000000000400000035
:1065500021040000001000000000000040880940F5
:106560001188000000100000000200C00040000080
:1065700000101010050000000384028802000002D1
:1065800041080000000000000000000000000000C2
:106590000000000000009040001000408811202002
:1065A0000005000500044010001102050000A04194
:1065B0000021A00000410400000284050441880974
:1065C00000402000080900002020001100000208FF
:1065D00088040404A020401010090011A020040524
:1065E000401088048240020200001040A005880983
:1065F000102002210221900400020008C00088053A
:1066000008024005C0411008000000000000000022
:10661000000000000000000000000000000000007A
:10662000000000000000000000000000000000006A
:1066300000000010210000000000008400000000A5
:106640000088000000880008000000C00000001062
:10665000001000000808030021840082118400005B
:10666000049000C0000000200000004000820800EC
:1066700003200000000021C00004100000C0004002
:1066800020000000090003C02000000000000000FE
:1066900000000000000000000000000000000000FA
:1066A0000000000000410000000000410000A000C8
:1066B000000000000010000000050003000320217E
:1066C0000021001088004009000900000005902109
:1066D0004005A0030021000800100005082100412A
:1066E000844184000000A02000108408A000000065
:1066F000A0000000900000110804C000000002008B
:106700008402900082008200100004090000000052
:106710000000000000000000000000000000000079
:106720000000000000000000000000000000000069
:106730000000000000000000000000000000000059
:106740000000000000000000000000000000000049
:106750000000000000000000000000000000000039
:106760000000000000000000000000000000000029
:106770000000000000000000000000000000000019
:106780000000000000000000000000000000000009
:1067900000000000000000000000000000000000F9
:1067A00000000000000000000000000000000000E9
:1067B00000000000000000000000000000000000D9
:1067C00000000000000000000000000000000000C9
:1067D00000000000000000000000000000000000B9
:1067E00000000000000000000000000000000000A9
:1067F0000000000000000000000000000000000099
:106800000000000000000000000000000000000088
:106810000000000000000000000000000000000078
:106820000000000000000000000000000000000068
:106830000000000000000000000000000000000058
:106840000000000000000000000000000000000048
:106850000000000000000000000000000000000038
:106860000000000000000000000000000000000028
:106870000000000000000000000000000000000018
:106880000000000000000000000000000000000008
:1068900000000000000000000000000000000000F8
:1068A00000000000000000000000000000000000E8
:1068B00000000000000000000000000000000000D8
:1068C00000000000000000000000000000000000C8
:1068D00000000000000000000000000000000000B8
:1068E00000000000000000000000000000000000A8
:1068F0000000000000000000000000000000000098
:106900000000000000000000000000000000000087
:106910000000000000000000000000000000000077
:106920000000000000000000000000000000000067
:106930000000000000000000000000000000000057
:106940000000000000000000000000000000000047
:106950000000000000000000000000000000000037
:106960000000000000000000000000000000000027
:106970000000000000000000000000000000000017
:106980000000000000000000000000000000000007
:1069900000000000000000000000000000000000F7
:1069A00000000000000000000000000000000000E7
:1069B00000000000000000000000000000000000D7
:1069C00000000000000000000000000000000000C7
:1069D00000000000000000000000000000000000B7
:1069E00000000000000000000000000000000000A7
:1069F0000000000000000000000000000000000097
:106A00000000000000000000000000000000000086
:106A10000000000000000000000000000000000076
:106A20000000000000000000000000000000000066
:106A30000000000000000000000000000000000056
:106A40000000000000000000000000000000000046
:106A50000000000000000000000000000000000036
:106A60000000000000000000000000000000000026
:106A70000000000000000000000000000000000016
:106A80000000000000000000000000000000000006
:106A900000000000000000000000000000000000F6
:106AA00000000000000000000000000000000000E6
:106AB00000000000000000000000000000000000D6
:106AC00000000000000000000000000000000000C6
:106AD00000000000000000000000000000000000B6
:106AE00000000000000000000000000000000000A6
:106AF0000000000000000000000000000000000096
:106B00000000000000000000000000000000000085
:106B10000000000000000000000000000000000075
:106B20000000000000000000000000000000000065
:106B30000000000000000000000000000000000055
:106B40000000000000000000000000000000000045
:106B50000000000000000000000000000000000035
:106B60000000000000000000000000000000000025
:106B70000000000000000000000000000000000015
:106B80000000000000000000000000000000000005
:106B900000000000000000000000000000000000F5
:106BA00000000000000000000000000000000000E5
:106BB00000000000000000000000000000000000D5
:106BC00000000000000000000000000000000000C5
:106BD00000000000000000000000000000000000B5
:106BE00000000000000000000000000000000000A5
:106BF0000000000000000000000000000000000095
:106C00000000000000000000000000000000000084
:106C10000000000000000000000000000000000074
:106C20000000000000000000000000000000000064
:106C30000000000000000000000000000000000054
:106C40000000000000000000000000000000000044
:106C50000000000000000000000000000000000034
:106C60000000000000000000000000000000000024
:106C70000000000000000000000000000000000014
:106C80000000000000000000000000000000000004
:106C900000000000000000000000000000000000F4
:106CA00000000000000000000000000000000000E4
:106CB00000000000000000000000000000000000D4
:106CC00000000000000000000000000000000000C4
:106CD00000000000000000000000000000000000B4
:106CE00000000000000000000000000000000000A4
:106CF0000000000000000000000000000000000094
:106D00000000000000000000000000000000000083
:106D10000000000000000000000000000000000073
:106D20000000000000000000000000000000000063
:106D300000000000000000000200000000108011B0
:106D400080101041000108008241002000400040F6
:106D500000004100000000100000001040A1C02110
:106D60001020200100009000084102404041002016
:106D7000A0204008022040039008C000C040C0206E
:106D8000800004204002000011000000020000000A
:106D900011C0000004400200020082000200022034
:106DA00040C00400001000000000000000000000CF
:106DB00000000000000000000000010000000010C2
:106DC000400204000188000201401188820000A0F6
:106DD0000090080000209040000008100000011002
:106DE00041080100020200000940080809400902A8
:106DF00000004005898090058582038041001100D4
:106E00000902200202000380004100410200080044
:106E1000000000020009A00001030100034001007E
:106E2000000300000021002100000000000000001D
:106E3000000000000000000000000000080000004A
:106E40000000000000000000410000000041004080
:106E50000200000010080000000000000000000018
:106E6000000010009000004000C000000000000082
:106E700000400000110000000000000000010000C0
:106E80000001C005000000400040000200000000BA
:106E900000000000000000000400000000000000EE
:106EA000008400A102000001410000000000080071
:106EB00000000000000000000000000000000000D2
:106EC000000000000000000000000000000000C002
:106ED00000800100000001800000000000000010A0
:106EE000000000090120112000800000000900407E
:106EF0000040004000200010000090100040000200
:106F00002010C00208820410008000800080080069
:106F1000A00000008200041100100108020000001F
:106F20000041000000400040004040000000000020
:106F30000000000000000000000000000000000051
:106F400000004001000000004000C000C00220001E
:106F5000C0110810820402102008001000000984EB
:106F60004102028800C00002850290030000200454
:106F700020044104A0409002002080408000008551
:106F80002185904140919011C0849085829002406B
:106F90001002201008A00002094010022040020246
:106FA0008290A14100901102210008020802000015
:106FB00000000000000000000000000000000000D1
:106FC00000002000004000210002400210004100AB
:106FD00000001008000503410100008000000800C7
:106FE000C000000009200010000002030240000061
:106FF00000001004100010001182000040904000BA
:10700000820888041188010409904120414003202E
:107010000989008010110000088000040089C04028
:107020000182410002C00000009100000080009138
:107030000000000000000000000000000000000050
:107040000000000004848000000000840884108494
:10705000880002001000080000A0001000080001D5
:10706000050080000800000002008200100090006F
:1070700000009001A0001000000010084000402017
:107080000088880188004100008341110321C0412C
:10709000020303A0008482000302200020400000BD
:1070A000A000059010000301408403A00500090022
:1070B0004000000000000000000000000000000090
:1070C00000000000000000000200000000000000BE
:1070D00001000900010001100005841000009080EB
:1070E00000400005400500000000010041000121B2
:1070F00041000000090211000111A0000920011047
:1071000001081000104040000200040810902040C8
:1071100003401110C0040211410884882000084176
:107120000800040400020000844041411000C01027
:10713000200003000000000000000000000000002C
:1071400000000000000000004000000009004000B6
:10715000200040A040100088000300040004000844
:1071600021080004001100840404008909000000C3
:10717000400221400000024109C00384090520406B
:1071800002C0094010002041024020A103201085C8
:10719000C0A1091000911000029005044090001059
:1071A000004041002140104002A090001000020069
:1071B000418405881000000000000000000000006D
:1071C00000000000000000050000000004050000B1
:1071D0000000000000000000001000080000000097
:1071E000408004808800004000000000020220006F
:1071F00000020000000000000188000010042008C8
:10720000C080000084820000208421002102200030
:1072100011080340000008040000010800000110EC
:10722000000000000800080040800100020000206B
:10723000010000000000001100000000000000003C
:107240000000000000000000000008000000000036
:10725000211000100810000008100020808400C0D9
:10726000118502840040C1080084000010842100C0
:10727000002000100082000800000089000088083B
:1072800091200302210011000504004000820082C9
:107290000084021041A1C1118210401040C0404042
:1072A000109020040002090800020002820241033B
:1072B00020024000410202204100000000000000C6
:1072C00000000000000000000000000001000000BD
:1072D0000000000000000000080001800010020310
:1072E00000100002010090850290000500000000DF
:1072F00000410000400300000000000000040011F5
:107300000404040000C100100002208800A0A000B6
:107310008200000001202040024009A0210021003D
:1073200011848440A000A083900000890080039114
:1073300000820880910402A10108C004000000003E
:1073400000000000000000000000000000008000BD
:10735000100000001140214003100900114090C0AE
:107360004120088810894010114009C1081180038C
:107370000082A021908340840902080300000303D7
:1073800005118084834003008983050340840383BF
:10739000908320A0048583000583898391908009D0
:1073A0002000021000000002A100A0200080008048
:1073B00000C040A1008000000085A0A10080000066
:1073C00000000000000000000000000000000000BD
:1073D00008000100000000009001200000000011E2
:1073E0000305011100099182844000400085008955
:1073F0001088200882118311888500050010000084
:107400000921014008C1119189000985014088C105
:1074100089090341000909088204110984C0029105
:10742000C09041900185000002A084A0C10000200E
:10743000000800850010002000020484209002044F
:10744000000000000000000000000000000000003C
:10745000900008000800040009000900C1408500F0
:107460008801080141018310048409821184840287
:107470000000C00204000200040005A111888384FA
:107480000000080084831005830803902009A1915F
:10749000900901A020858991859040C0C0824185D6
:1074A000828590A140010940850990C18201909098
:1074B00091890000840108008410020082000440C9
:1074C0008521000000000000000000000000000016
:1074D000000000000000000000000500A000850082
:1074E0008800092009080420C00008C0080005829F
:1074F000C080000000850000000003008482820339
:1075000083A10000A01011C1200383409009110243
:107510008383008520202182038383418800881192
:1075200003038085000200409000C14180100004E8
:10753000218040400004A040A100802000050905F2
:1075400021808321000000000000000000000000F6
:10755000000000000000000000000080008800081B
:1075600004100011412000110082908508C0801194
:10757000110800400002800490834120830421848C
:10758000400210030080030800030003030383404C
:10759000C0104003030308118089C08303030891CE
:1075A0002041880303030080000084100004008051
:1075B000910009A000A0008000802190008200803E
:1075C000008040400021000000000000000000009A
:1075D00000000000000000880090004000820009C8
:1075E0000083000900040104C00800849183011095
:1075F0000888C19100400009A0A11184094182C1FD
:107600001009000501A10080410000008200210155
:1076100084C002C10991010991C0C0042005918371
:10762000910904C105C1218900400484084100403A
:10763000C08405C000840005024000408941020268
:10764000C00400C0058320A100000000000000006D
:1076500000000000000000000000000000000040EA
:107660000000000100400004918585011101111006
:10767000828409840401C110011000900000008977
:10768000118221090588100500809121C00921017E
:1076900008048509C12120859000090811A11188DD
:1076A00002A1838541082091404010880200890092
:1076B000A010410190004000409009840800088219
:1076C000042003C0C090A02004C0000000000000FF
:1076D000000000000000000000000040000000006A
:1076E00000000008080540110800C09008418810FB
:1076F000900010800540101085901084020020003A
:1077000005108391042102210288008003C01183A7
:107710000803C0000309030311829100038283035D
:10772000820385088384034108020800800010005A
:10773000100000004004000020000082A188050025
:1077400080000080C0800080A180008000000000D8
:107750000000000000000000000000000000000029
:1077600000000000410000130000000000000000C5
:107770000000000000000000000000000000000009
:107780000000008400000000C200120000000A0097
:107790000013C200124200000000C20012420000AA
:1077A0000000C200124200000000C200424200007D
:1077B00000000000000000000013000000000000B6
:1077C00000000000000000000000000000000000B9
:1077D00000000000000000000000000000000000A9
:1077E00000000000000000C000C03C3C3C7E9080D7
:1077F0009999FF1CFF1C90999091000000003CFF9C
:107800000F0FBD003D000000000000000000000060
:107810000000000000000000000000000000000068
:107820000000000000000000000000000000000058
:10783000F00FF00F00FFFF00F0F00F0F00FFFF0050
:1078400000FFFF0000FFFF00F0F00F0F00FFFF0040
:107850000000000000000000000000000000000028
:10786000000000000000000000C000C03C3F3C7E63
:1078700090809999FF1CFF0C909990900000002037
:107880003C000F0FFFFFFFFF0000000000000000A2
:1078900000000000000000000000000000000000E8
:1078A00000000000000000000000000000000000D8
:1078B0000000F00FF00F00FFFF00F0F00F0F00FFCF
:1078C000FF0000FFFF0000FFFF00F0F00F0F00FFC0
:1078D000FF000000000000000000000000000000A9
:1078E0000000000000000000000000000000000098
:1078F0000000000000000000000000000000000088
:1079000000000000000000000000C2080400001198
:10791000886100004008040000100820820804006C
:107920000010884182080400001088418208040089
:10793000001088410000000000000000000000006E
:107940000000000000000000000000000000000037
:107950000000000000000000000000000000000027
:107960000000000000000000000000000F00000008
:107970000000FFFF0F010F03C3C3C3C300000000DB
:1079800000000000FCF60C060000000000000000F3
:1079900000000000000000000000000000000000E7
:1079A00000000000000000000000000000000000D7
:1079B000000000000000F0F00F0F00FFFF00F0F0EB
:1079C0000F0F00FFFF00F00FF00FF00FF00FF00FA0
:1079D000F00FF0F00FF000000000000000000000C9
:1079E00000000000000000000000000000000F0088
:1079F0000000000060640F000F030000C1010000E0
:107A000000C000000008FCF60C06000000000000AA
:107A10000000000000000000000000000000000066
:107A20000000000000000000000000000000000056
:107A30000000000000000000F0F00F0F00FFFF004A
:107A4000F0F00F0F00FFFF00F00FF00FF00FF00F3E
:107A5000F00FF00FF0F00FF0000000000000000049
:107A600000000000000000000086006000B0000080
:107A7000008600E001A0008000860C6000B80000D5
:107A80000086006000B8000000860C6000B800802E
:107A900005860A6000B900A00000008602F001B867
:107AA000000005865A7000B900A805865A7000B912
:107AB00000A505865A7000B900A80286016000B4CE
:107AC0000840028601E0009408400286016000B48C
:107AD00008400286016000B442400000000000003F
:107AE0000000000000000000000000000000001086
:107AF000FFFF000000000000F0F00000FF0020FF8A
:107B000022FFC3C3C3C30000000000000000003018
:107B1000FF3FFFCFFFFF000010000000F0F0F0F08B
:107B200000000000F0F078F00400F7FFF30FF3031B
:107B30000F0F072F0030030000040000FFF70800BC
:107B400004F700FFFFFFFFFF0000FFFF020300003C
:107B50001E1E1E5FFF7F800000FF00FF0000000070
:107B60000000000000000000000000000000000015
:107B70000000FFAF00000000287D287D0000FF20EE
:107B800000FF00FFEBEBEBEF000400000000000043
:107B9000003CFF3CFFFFFFFF000000000000F8F08A
:107BA000D0F000000000F0F0F0F00000FFFFF20F56
:107BB000F2020F0F0F0F0000000000000000FFFF97
:107BC000000000FF00FFFFFFFFFE20007FFF030318
:107BD00000001E1E1E5FFFFF000000FB04FF0000F0
:107BE0000000000000000000000000000000000095
:107BF000000000C300C30000000000000000AAABAA
:107C0000AAAA000000000FFFFFF3140050503EBE70
:107C10003CBCFF55F555FF02FF00053D0038000054
:107C2000FF003C3C00003030B4B4B4B430F03FFF4F
:107C3000F0F0FFFF505FF0FFAFAF5505383C00009C
:107C4000FF00AAAA0C4DCF4DBEBEBE14FFFFFFFF22
:107C5000F0FFF0C3A0AFF0FFF0F03C3C1417D717D3
:107C60000000000000000000000000000000000014
:107C70000000000001C300C300000000000010006D
:107C8000AAABAAAA400000400FFFFF7F140050508B
:107C90003CBE3CBCFF00F000FF02FF0005050000F9
:107CA0000000FF00F0F001030303F5A0F5A000C001
:107CB0000FCFF0F07530000FA0AFAEAE55043C3CD6
:107CC000000AFF00F0F00C4DCF4DBEBEBE147FFF8A
:107CD000FFFFF03CF000000F505FF0F0FF001417C2
:107CE000D7170000000000000000000000000000A6
:107CF00080000000000000000000000120002000C3
:107D0000200020000040204000C080000000000152
:107D1000402088000000C100024000000420000054
:107D20000220000004001188020021002100A100AF
:107D300002C0400011080200112002002101A1111F
:107D4000912090090401020002090404110002417B
:107D50009009000400080421044184010800820401
:107D6000040082400000000000000000000000004D
:107D700000000800000000000000000000400100BA
:107D8000010001000100000001820000100000005D
:107D90000008894102000002020001800000024147
:107DA000000900000000C00900410400020888002A
:107DB0002000031000000000410002210300002009
:107DC0000220020411A0821003000382208002001E
:107DD000018811884080908003A0012011200002BA
:107DE000038000020200000000000000000000000C
:107DF0000000000000000000000000000000800003
:107E0000000000000000000080000000800080886A
:107E10000000000000200000000000000000000042
:107E200000000000001000C0000000000000000082
:107E3000000000000201000000010000001000101E
:107E4000000000008000400300010000100110004D
:107E500000010001904100000000890100210003A1
:107E600040000000000100100000000000000000C1
:107E70000000000000000000000000000000000002
:107E80002000000000000000000020000000200092
:107E900010000000000000000000000000000010C2
:107EA00000200020001000100000401100400020C1
:107EB00000000041002001400000004000000000E0
:107EC0000403880020200411C182A04000000502A4
:107ED000010040020040118800000000042040A082
:107EE00000A00000024000040000000000000000AC
:107EF0000000000000000000000000000000000082
:107F000000000800090000C08000800000008240DE
:107F100080000010000000890802000808880004A2
:107F200002900000000400022104000020900304DD
:107F300008900488110080100210100000018001D8
:107F40000300404004A102C0020802200803000010
:107F5000100900890001820190100090000080212A
:107F600004200405204000882001000000000000DB
:107F70000000000000000000000040004000000081
:107F80008800400040020010000202410210001070
:107F900003100209004088110840400288020002D4
:107FA00088004041000300048800402100000200D6
:107FB00040210003000900052000014100030440A6
:107FC0004008000300880040C14189859121C18893
:107FD000A01101828440C0400340111100008200C2
:107FE00004A0C18001A08282101183040800000057
:107FF0000000000080000000000000000000000001
:108000000000008400100000000000100284000442
:108010000400000040000040000080100000080044
:108020001000000000000300000003000800000032
:108030004100090005000000110005000288080049
:1080400009000200020090000800820008000201FE
:1080500009410901022020000500204010094108C3
:108060000900A001C12091210800210002000800A0
:1080700000000000000008000000000000000000F8
:1080800000000000000000000000000000000010E0
:1080900000800000002100000000001040000008E7
:1080A0000140010000000005000000100000101059
:1080B000000000000003001100000000000091001B
:1080C000A0000005C11001100300000041110000D4
:1080D000410220102008042110039011008491C057
:1080E000824000000420048004A0000000008220E0
:1080F00011000000000000000000000000C00000AF
:1081000000002088000000000000800040000008FF
:1081100020A00000C040004080840002090240040A
:1081200040840020040204004020000200000202FB
:1081300040000000090000000300200040A00201F0
:10814000021008018085881182409009850010A0E6
:1081500010101040834104842102080010C0084020
:1081600000C0101010400440032110C000004185E1
:108170001140088400000000000000000000000022
:108180000000000040410000000000000210000953
:108190004000080220090221400902028421000255
:1081A0004002880200100402001100028800040846
:1081B00000034000000000104041001004210403AF
:1081C0000102C111880810400208029111880221A1
:1081D000080301114080089084030010A0050100ED
:1081E0001009080000000891098008A0C0211002B1
:1081F00000040880090000000000000000000000EA
:108200000000000000000800000000000000000066
:1082100000000000000002840090000000A0401157
:10822000009000C000400084000000000008000032
:10823000008410840010000000001100210011844F
:1082400004000384000000A010820210001010112E
:108250000040899109089100C011100800080440ED
:10826000108402C000401004024090080240030045
:10827000209020A041200004000000000000000029
:1082800000000000000500000000000000050000E4
:108290000000000000000200010000009000000942
:1082A000400800000000908800000000000000006E
:1082B0000000820800090010000000000003900088
:1082C00000040010902090000021000001001041E7
:1082D000014000800202408010020390000504C0AB
:1082E00010908209C11010804180010504001084A3
:1082F0000000080020000011004100000000000004
:10830000000000000000000000000000000000006D
:108310000000000380890080000000830009400005
:1083200000000305080900080200C0050508110542
:1083300040210000000000000000000000000000DC
:108340000000000021910910904121034008A00580
:10835000A0C12120038880038809058000008000D7
:10836000200009001141C085840984040080210097
:10837000090080802105804111A1209000000000AB
:1083800000000000000000000000000000000000ED
:108390000000000000918285000400C09011408917
:1083A00000884040010101000001000021A101906E
:1083B0001091000300000000000000000000000019
:1083C0000000000004008911001009110110009143
:1083D0008421201104200103A0A0200289840090A0
:1083E00020880588A1880021828585200520A0C0DD
:1083F0000288858240080303840500400091000044
:1084000000000000008800000000000000000000E4
:1084100000000000000000010000010001412000F8
:108420009000910085858300A0204020C10082003B
:10843000210082A1828500000000000000000000F1
:108440000000000000000000100005010000C084D2
:1084500001008804A101100402C0A001A14085020E
:10846000A1000282042183059089A1C0401084C12B
:10847000888903A00901A1A190A00588820190002C
:1084800000000000000000001100000000000000DB
:1084900000000000000000000008000021000309A7
:1084A00000000000210083894000910003409008F3
:1084B0000900C0000988918500000041000000000B
:1084C00000000000000000000000A10408041100EA
:1084D0004090404004808540884005A1054085804B
:1084E000A0848805898088A0C0844102A000820001
:1084F000848302082100904108054000408020202C
:10850000C1050000000000000000000000000000A5
:1085100000000000000000000000000000802009B2
:10852000000300808000000900030003000440A154
:108530000005040380114111081000000000000034
:108540000000000000000080000000000302004066
:1085500083A020410440A1208089059109032120A6
:108560000002800400808000C021001011C18084BE
:10857000831109050080C080098080004008000246
:10858000A18821850000000000000000000000001C
:1085900000000000000000000000000000888208C9
:1085A000102140C1000210C08889008900A000008D
:1085B00000050885088282C1204001890000000072
:1085C000000000000000000000400000000001105A
:1085D00088918485019001859021C08441840004A4
:1085E00000119004204000C0100284034003A01139
:1085F00040A02004A083001040C0080888A0000903
:1086000088092003000300000000000000000000B3
:108610000000000000000000000000000000A14079
:108620001090C0002000218584000000202000015F
:1086300000840000008220002000020000040000EE
:10864000000000000000000000000000000000002A
:1086500084020820820008004101110211C1C120DA
:108660008501C003040202C01105A090088302091D
:108670000400C1881100110983848984020088885C
:108680008200A004034009A00000000000000000D8
:1086900000000000000000000000000000000000DA
:1086A00009008000800080000385000000001000A9
:1086B00008020891081140808002C0031009008060
:1086C00000000000000000000000000000000000AA
:1086D00000008080008500028000A040908410216E
:1086E00005C1C10309212082A0C1C082C1000204CA
:1086F000C103A1001009210911911091A105C11117
:1087000090808321100340A0A080000000000000A2
:108710000000000000000000000000000000000059
:10872000000000810000C200210000820000C200A1
:108730000000000000000000818200000000000036
:1087400041000000000000000000000000000000E8
:108750000000000000840000C200110000000000C2
:1087600000000000120040130000420000880000DA
:10877000C200065000840000C2008248124200136A
:10878000C200000000420000C20000000000000023
:1087900000000000000000000000000000000000D9
:1087A000000000000000FFFF000000FF00003C3C54
:1087B000000000FF000000003CFF3EFF5FFF5FFF86
:1087C00070005000000000000000000000000000E9
:1087D000000000000000000000000F3F55553DFD67
:1087E000FDFDFFFFFFFFF00FC33C0C0D00001CBCA4
:1087F000FCFC000000000FFF3FFF0000900600554A
:108800003075000000003CBE3EBE555C555C00006B
:108810000000000000000000000000000000000058
:108820000000000000000000FFFF000000FF00004B
:108830003C3C000000FF200000003CFF3FFF5FFFCA
:108840005FFFF000F00000000000004000000000AA
:108850000000000000000000000000003F3F5555F0
:108860000101C10110001414F00FC33C0C0C0000F6
:108870001CBC0C0C000000FF00003C3C90060000FB
:108880000055F0F5000000003C3C3E3E000CFFFCB3
:1088900000003000000000000000000000000000A8
:1088A0000000000000000000FF000000FF000000CA
:1088B000FF00000000FFFFFF000F0000CBC3CBC391
:1088C000145514557FFF3FFF00000000000000001A
:1088D000000000000000000000003FFF3F3CAFAF81
:1088E000AAACFF51FB51AA00AA00F00FF00FAAAAF0
:1088F000FFAC00000000FF0030300000FF00FFFF71
:10890000555500000000FFFF7FFFFD0DF8083CFFFC
:108910003CF5000000000000000000000000000026
:1089200000000000000000000000FF000000FF0049
:108930000000FF00000000FFFFFF000F0000CBCB96
:10894000CBC314141454FFFFFFFF0000000000000D
:10895000000000000000000000000000BEFFBE3C60
:10896000A0A0AAACFF50FA50AA00A808F0F00F0F80
:10897000AAAA00AC00000000303030300000FB003C
:10898000FEAAFFFF00000000FFFFFFFF7D7D2828FB
:108990003CFA3CF000000000000000000000000075
:1089A000000000000000000000000000C0C6C06C15
:1089B00030B04903C0C7C06C30B0410301860260CB
:1089C00000B000000086006000B0008000000000E1
:1089D0000000000000000000000000000000008611
:1089E000707400B800800086006000B0008000A6AF
:1089F0000CE001F004800186007400B800050086D8
:108A0000027400B80005008602B4018000050096DB
:108A1000007400B02000000000800800000000008A
:108A2000008001000000000000000000000003556D
:108A3000030000FF00FC00000000000000FF000039
:108A40000000C3000000FFFFFFFF00010000000066
:108A50000000000000000000000000000000000016
:108A6000FFF8FFF000000010FFFEAAAE2FFFFFFF8F
:108A7000F00FF0007FFF7C3CEFFFFFFFBEBF0F0F4A
:108A8000000000000001FEFFD7205728F0F8F0F4A6
:108A90003000C0F0EBE141E1000000000000010007
:108AA00000000020000000000000000000000000A6
:108AB0000055000000000000000000C34F414F417E
:108AC00000000000C3000000FF00FF0F00010000D5
:108AD0000000000000000000000000000000000096
:108AE0000000F0F8F0F000000010BEFEBEAE2F2F28
:108AF0000000F0BFF0BE7F7D7C7DFFFFFFFF3C3FAD
:108B00000F0F000008000000FFFFC7289728F0F2B1
:108B1000F0F13000C0F0C3E1C3E10040000000000C
:108B20000000000000000000020000000000000043
:108B30000000FFAAFFA800000000000000000000E5
:108B4000000000000000555555553C3CFF5C3F3F80
:108B5000159500000000000000000000000000006B
:108B6000000000000000800030300000A5F5A0F5F6
:108B7000555F0000FF00300000007000AAAAAAAAFA
:108B80000F4F0041BCA0A0A0013DC1FDC3FF83AFBA
:108B9000696861693E3E0A3E2828282F400000008F
:108BA0000000000040000000000000000000000085
:108BB00000000000FFA8FFA800000000002A00003D
:108BC0008000000000000000000020003C3C005C31
:108BD00000C015950000000000000000000000002B
:108BE0000000000000000000000030300000A5B5CB
:108BF000A0B455550000FF00000000003000A0A800
:108C0000A0800F0F00283C000000013DC1FD0000C6
:108C10000000692949693C3C003C0000000F00004D
:108C20006B7308007069046D00000354E29443D72D
:108C3000FAFAD0043B8402D0480840004030018852
:108C40004010042010400410082080880085B004E3
:108C50001081010188800000000000000000000079
:108C600000000000000000000061E8182200000081
:108C70000010006000000000000000000000000084
:108C800000000000000000000000000000000000E4
:108C900000000000000000000000000000000000D4
:108CA00000000000000000000000000000002100A3
:108CB00000000000000180010000000100004001F0
:108CC000800002218009800000020020020880113B
:108CD00002200284802002100240000002010220D3
:108CE000000082000400402021000400A005A0052F
:108CF0008402820005008200040084410202844153
:108D00008409020102000201020089040400040433
:108D10008200410000012000040000000500110055
:108D20000220000000000000000000000000100011
:108D30008800001000000040104000000008000300
:108D400000404000010810C0100000000000018039
:108D500040020120010010000000118000030140CA
:108D6000052100000920840900020003010021847C
:108D700021C02102020000000202020402C0A18000
:108D80000282408282080000000820002080C0008B
:108D900004800200044100040400400020000000A0
:108DA00004000400000000000000000000000000BB
:108DB0000000000000000000100009000800000191
:108DC000100808010000080010A0000000000802C0
:108DD000881008100040000000212000C041000061
:108DE00002A1000000C080210089902000880000BE
:108DF000A005A005A0018001040110000000C00131
:108E00008041102040000000001000000000000021
:108E1000890380001008000080001040000000025C
:108E200000A00000000100000000000000000000A1
:108E3000000000000000080000000000000000002A
:108E40000040080000100040010001400000004107
:108E5000009002000010009000200002010002C0FB
:108E6000000001400009000010C000402120002047
:108E700010112184218421040240004003000220BB
:108E8000414040C00180201002100000204100003D
:108E9000002140C020210190A0102020048000412A
:108EA00000809000000000080000000000000000AA
:108EB00000000000000000000000000000000000B2
:108EC00000000040020000104000002010080210C6
:108ED00009400800400208030202000200020201E9
:108EE00002C04002A19009200000841082044002C8
:108EF00080020010881110058004900000C1808855
:108F00008085A088824090C080C1400000A1C0C080
:108F100000C00801001000400410000000C0000064
:108F20000810050200A000C0009000000000000032
:108F30000000000000000000000000000000000031
:108F40000000000000800000008000004000018060
:108F50000000A0000010001000400102000200020A
:108F60008940001000040200C0000000402021845D
:108F70000000100000001004118402881010000886
:108F800002040240410021800340404000001040A4
:108F9000110002000004000200A100030000844050
:108FA0008800000008800800002100000000000088
:108FB00000000000000021100000000080000010F0
:108FC00000840008000000000010001000010010E4
:108FD0009084210100A100A00040021000100010A8
:108FE0000000000082400000820040840000100564
:108FF0000201200583A0C0018505A04184054140F0
:1090000021000020054084208440040180010000EC
:109010001000210010000000109108100000000056
:1090200010A01000210009001000020090000000B4
:1090300010000000100000000000000000051010EB
:1090400000000008000000100000001000100008E0
:109050000021110500400040001000900110009018
:10906000002100050003219000101102830500007B
:1090700091A085040184400005202084028405A07D
:1090800000A1842184A1848003800580C120044044
:10909000C00000001011A010A0111002100002105A
:1090A00088059004090800001000A0088200100044
:1090B0000000000000000000001000000000400060
:1090C000000040000010000040A01103000809C08B
:1090D000801005021010084000840002A110000852
:1090E000020000020004200002052110094010883F
:1090F00000002021200440040940404011844188A0
:109100008290000908822041888905408288C1A197
:109110004109208800080020200811092002004091
:10912000900009C002A0100010844040110000000F
:10913000001000100000000000000000000000000F
:109140000000400000000008000040004008000946
:10915000000010000005090500004010001010106C
:109160004010010240004004404001840000000320
:109170000100000001A001A0018000820380080915
:10918000000821080008A00000C010400080050071
:109190004002A082890000830090000000401083FC
:1091A000108003030000C12104008521000082001B
:1091B0000009001100000000000000000000000095
:1091C00021002100000000000400000000842100B4
:1091D000800808841010008240C0000000000410C5
:1091E0000000101002A0808408C00008A004904075
:1091F0000040801000008004030520100000A11032
:10920000A041A002A01091C02100040103109021F0
:10921000044121850420028810108440009000043D
:1092200009110800034010000800008241000410EA
:109230000040081085900000004100100000000070
:1092400000050000001000000010202100000010A8
:1092500004201008001001100010001000108420DD
:10926000901084418810010010000200000021A12C
:1092700041800080100500002080008491000021C2
:109280000200218421902105020088108520840994
:10929000048201A000202180110083000580C0000D
:1092A0001000200200001080880800100008040848
:1092B0000009C004000002020000000000000000DD
:1092C00000000000000000000509004020081020F8
:1092D00009058884119000A10088801104111110E3
:1092E0008888C0C02102C1A000088921090800089F
:1092F0000085804011030003000080080011400930
:109300000000858880C0A0C0000500A080100485F2
:10931000108803831183408520410340A0840341CA
:10932000832010008500200040000304002121401C
:109330000811030080004100400000000000000010
:109340000000000000000000000001000400010116
:1093500001001089108588C0009000080488010968
:10936000880821A182840109110800911041880018
:10937000000000C00890008800000000888988086C
:1093800088000000880288030302C0910011820156
:109390004089911189A1A0850908900403A1211099
:1093A0008483059100A011A0010440000111100563
:1093B00001030404010040000000910000000000CF
:1093C0000000000000000000000000100300080082
:1093D000A100050008008510908491000501098313
:1093E000C10941820120010009011183890889080E
:1093F000C182838501A00000892088400000C0113F
:1094000082850940830009410488100108C11100C8
:10941000C104114002A090080409214085112001D7
:109420000082A0412009048305002000C0880800B4
:10943000100100408400010001000000000009004C
:10944000000000000000090000000000008088000B
:109450008800850020400409820004A182004104A4
:1094600010100585108040114020850584820288F7
:109470004110A1A0830308000800100010000000A4
:10948000108909031000880090090310A10221022D
:10949000C004210805091100210083418320838332
:1094A0008004008280038085408488054003910009
:1094B0008410100902808404210040000900090082
:1094C000000000000000000000000000000000009C
:1094D00008100008090811114008000820C01008F1
:1094E000114000C0004000A18321000985880808C0
:1094F000C102000203A1C00309800008404009C066
:109500000080009008100480001182A10088048867
:109510000805A18000914188419105A19021200377
:10952000088309040304A0A1800300080021C109E5
:1095300080852190000502219003001020080088FA
:109540000088000000000000000000000000000093
:10955000000001830010008800C100839002A084F5
:1095600000C100400408048588831083044021045E
:1095700041111105001101858209401000C000044D
:1095800082A00080901001048384000482102009CE
:1095900020850385850800C00084C140021189022E
:1095A000000540098211C089100940210002000213
:1095B0000803840900091004C00340C00000010929
:1095C0000010084100000000000000000000000042
:1095D0000000000000000011010100028201A00053
:1095E0001100011084008900104191A1030011A015
:1095F00090419000C00103A090029009028508C12B
:10960000828540000080A18800890000C18808840C
:10961000C084A00009408400A10210A1A12005215E
:109620008911A091002185908410A1009002100062
:10963000C01108008582820504110801820000A083
:109640000001000100000000000000000000000018
:10965000000000000000110000C0104100C0910592
:109660008500880805808903100089210810A00062
:1096700040911004090040410500400011208089FC
:10968000808200A0000000802080001000094000BF
:10969000C088082008200910890205080441852196
:1096A00003080303030241A08320C100400005809A
:1096B000C11141080503C08000050084802000001E
:1096C0000000002000020003000000000000000075
:1096D000000000000000000000000000000000008A
:1096E00000000000000000000000000000000084F6
:1096F000000000000000818400000000C200004261
:1097000000880000C200000000000A500013C200E0
:1097100006000A500013C2201100210000130000AF
:10972000060006000013C20012480A000013C2001F
:10973000124200840000C200215000880000C200D4
:1097400042000000000000002100000000000000B6
:10975000000000000000000000000000F0F03CBD30
:109760003CBD000000000000000B8100810000C033
:109770000000E767E76600000000400040000000CE
:109780000000000000000FFFFFF00000C3C3000056
:10979000C0C00000FFFF7FFF4ECF4E0CFF20FF0038
:1097A00000F00000000000000000000000000000C9
:1097B000000000004E0F0F0F4B2D6F09000000003E
:1097C0001482000000000000FFFF280C00000000D1
:1097D0000000000000000000000000000000F0F0A9
:1097E0003CFD3CFF98F818780000000B80008100D9
:1097F00000000000E767E76620000000F0000000BE
:1098000000000000000000000FFFFFF0000000005B
:109810000000C0C00000FFFFFFFF4ECF4E0C000055
:109820000000000000000000000000000000000038
:109830000000000000004E0F0F0F6F096F090000BD
:1098400000000000148200000000FFFFEBCF0000CA
:109850000000000000000000000000000000000008
:1098600000000000000000000000000000000000F8
:1098700000000000000000000000000000000000E8
:1098800000000020844000000000000000000000F4
:1098900000000000000000000000000000000000C8
:1098A0000000000000000000C208040000108861F1
:1098B0000000040000100000000000000000000094
:1098C0000000000000000000000000000000000098
:1098D0000000000000000000000000000000000088
:1098E00030999999F9F8F1F03C3C3C3C300000008B
:1098F000F0C0F0F03C3C3C3C0000400000C300C322
:109900000D00BD0000000000F042F0000FFF0FFF4F
:1099100000000000000F0000808004F40DFD001026
:10992000FF7FF07200000B0B0B080000000000002E
:109930000000000000000000000000000000000027
:10994000000099D9FFBFFFD9FFFF00000000000011
:109950009100000000000000000000000000000076
:10996000000000999999FFFEF7F67E7F7F7F000047
:10997000C00000000000FC3C3C3C0000420002C370
:1099800000C3BD00BD0000000000F000F00042FF79
:1099900081FF00000000000FF000F000F4F4FDFD76
:1099A0000000FFFF004200000C0C0C0C0000000047
:1099B000000000000000000C00000000000000009B
:1099C000FDFDBDFF00406626C0C0C0C00000000015
:1099D0000000000000000000010000000000000086
:1099E000090000000086026000B0000000860060F0
:1099F00000B000000186006000B8000000860C6026
:109A000000B000800186007000B00000A0860274E3
:109A100000B000800000A1A652F4A1B82000018689
:109A200050F4A1B80005008600E001B000001586E2
:109A30002AF001B900A0018600F001B00000008604
:109A4000007400B000800086007400B00000008642
:109A5000006000B8000000000020000000000000CE
:109A60000020000001000000000050D3F0F350007F
:109A7000050000000000FD7DFD7DF1F100F0FF001C
:109A8000FF000000100000005530202030700F0F44
:109A900000000000000000004141282800000000F4
:109AA000FFFFFFBFFF003C000A0800005D5FDF5FB3
:109AB0000000F000000000000005FF050F0F072F59
:109AC00000F00000000000003CFD55570020143459
:109AD000000000000F0F0F0F000000000000020048
:109AE00000400000000002000000000050D350D3EE
:109AF0005000050010D00000FFFFFBEBF3F300F077
:109B0000FF00FF20000000E0000000303030303067
:109B10000F3F003C00000008000041412828008061
:109B20000000FFBFFFFFFF5A3F1B0A0000005D550A
:109B3000DFFF00000000040000000004FF040F0F1E
:109B40000F0F28782828000800003CFD555700001A
:109B50000000000000000F0A0F0F000000000000CE
:109B600000000000000000000000000000000041B4
:109B70004040FFF0FFF33F3C3F3CFFAAFFBE002008
:109B800000000000FF00FF0000000000FF000A0AC4
:109B9000C3C3FFFF0FFFFF00000000000000000034
:109BA00041FFA000F000E0000000000400000C0CE9
:109BB0003C5F3C0F4000000075553000FFFFFFFF89
:109BC00041C37DFFFFFF00FF5555F3FF000D8A0DD8
:109BD000C0C0FFFF00000000000000000000000007
:109BE0000000000000000000000000000000000075
:109BF00000414040FFFAFFFB0F001F14F0F0F0F0AF
:109C0000000000000000FF40FF0000000000FF0017
:109C10000A0BFFC3FFFF0FFF000000000000FF0062
:109C2000000041FFA000F000F0000000000500006F
:109C30000C0C005F000F4000000055550000AAAB5F
:109C4000AAAA00823CBEFFF000F05555F0FF000CC0
:109C5000000C0000FFFF00000000000000000000FA
:109C600000000000100080000000000080000000E4
:109C70000001400080000000000000100010000003
:109C80008000804000900090A0830040C041020806
:109C900020038401A021110202C090C140C0000035
:109CA00000C09041000888C01008040303050309A0
:109CB0000421840084400005820004400200020068
:109CC0000000020003A00201200011410240020036
:109CD00004000200110208000401040020009101A8
:109CE0009000000000000100400000000000021091
:109CF00000000008010002100000000090008440F5
:109D000000000200020000000000210400104108D1
:109D100001800088100802080080010303089141B7
:109D20000000004041C00200030383C0828402841B
:109D3000008800404000108082C0030590828400AB
:109D400000008200400090000010200090C02180A0
:109D50000503000001002080C10020028200820073
:109D600004200000000080008000000000000000CF
:109D7000000000000000000080000000000005005E
:109D8000000100100000000004000000A0C0081046
:109D90004001891000008008001100C0800090C1BF
:109DA00010C000C0004100080800800000019004BD
:109DB000A005000982210000000108214040C041A7
:109DC0004040C000408240011005C00008A0004093
:109DD000404102404000100002008241808582A084
:109DE0000001082000000000020002000000000046
:109DF0000010000000000000900040100000000073
:109E000000000040080000000000000000102100D9
:109E1000000501020200002010910008002040000F
:109E200041089141000000C00080A0204041A008EE
:109E300021A12184408203C00005000404C00190D8
:109E400003A003900300011001040082031000002E
:109E5000209002A0219021000000C10003C04040DA
:109E60001110000800A100008000800000000040E8
:109E70000000000000000000809000018000000051
:109E80000003000110028000008280A0009005A065
:109E900020400010009000821040828540C04002A7
:109EA0000090029020080000C0408204208800102A
:109EB0000041A005A1849040002180400421C005FC
:109EC0000000804103410020020000A000010000CA
:109ED0000010004002001011050000A000840000E6
:109EE000C00300104000802000004000100010005F
:109EF00000800400000002008400100040401000B8
:109F000020214040404009880210A0410203004047
:109F1000880201A100110010000389021108000944
:109F20000102820200409089000002102183840215
:109F3000000888202184100011A100A004C185849C
:109F4000218410100484A0A008A191030003C04044
:109F50000008A000A0801110104000048200004002
:109F6000000041888811411010900000400002005C
:109F7000000082000000100000000000000000004F
:109F80000000009000001120050200000000804049
:109F9000000020100000040040000000001000013C
:109FA0008010098800850200004000001000A040D9
:109FB0000082020003412004804110084104004057
:109FC0008501A083A140C1410401000102000501F7
:109FD000080920001085040104028241900010024B
:109FE0001020820340029000200890000000010031
:109FF000010000000300000001000000000000005C
:10A000000000000000000003000000100021000319
:10A0100040C1000340090000C010011000050021EC
:10A020000008101000040008011000800000012149
:10A0300021A10200000082881190208411908821C3
:10A04000C04020040320028020A0A1201020004056
:10A05000A004000400000002C0020080038202008D
:10A060000080020503C021804109000002100000A9
:10A0700040000000000000000202049040000500C3
:10A08000404010020482400800020310000000005B
:10A090000382404091830010800200104085050239
:10A0A000040202108084100000100041408800006B
:10A0B0000084A0100990809091211083C11009089C
:10A0C000824100032020C0040004848502C04111A5
:10A0D00080A00510800110820010100208210210DB
:10A0E0004188040005A00800410121880500408244
:10A0F00000000000000004000000010000009020AB
:10A100008402401000210400C041000540094002C3
:10A110009011880202A1020804102010041100020C
:10A12000880502400105100989108805C0C0A040BB
:10A13000000090092120900508030488A140201008
:10A140008800038484A08983419188A00540090880
:10A150008420200088000240C0210011C009C0A056
:10A160009108002000000205A0008402A000100059
:10A1700000100000000000000000111000000000AE
:10A180001000000000410010040002C00000001098
:10A19000001004821188808200101188008200A0C3
:10A1A000000800104041800900081184008409085B
:10A1B0000000000002A080000000808400218309CC
:10A1C000A0910001A0058420842184030040C111D6
:10A1D0000400038400C000820021008241100010AE
:10A1E0009001029108C0210202904140C00040A0AD
:10A1F00020088000000000000000000000000000B7
:10A200000000001000000088000000410110000064
:10A210000490001000000003021000210010001044
:10A220009000002100030188408800830000900511
:10A230000083000000000141204102004005A0A071
:10A24000208421400002058405C00584058408801F
:10A2500004041140840082401000C0040011C011A9
:10A26000C0000240114000400210022088A04100BE
:10A270000100000004000300880003004100020008
:10A280000000090040000003C011218310C000A09D
:10A290008320410911100200800003800800890317
:10A2A00004000300050408881108119000020090C2
:10A2B00008038300008000004091000940890509DF
:10A2C0000390099083004140099180C000418908B2
:10A2D00000838088C10800098003801009080000FD
:10A2E00000200000C11100000008028341008080AE
:10A2F00085A11090800241020100080001000100C8
:10A3000001080088009000089009088400C001023C
:10A3100000828488019000090108C00800100140F3
:10A3200084414108000400080190002100110085CB
:10A33000000988A0854000100000004004000102D0
:10A3400000000105C105A1008800C111080908C06D
:10A35000890102A1408510A10000200384C100C131
:10A3600000A0020084000200900000C1C01003C0E1
:10A37000848490C101400441C1009100C0000800E4
:10A380000301200140001040890200118482A108CD
:10A390008409000110050501C020089109009120E1
:10A3A000000008010108A102418402000809C10857
:10A3B00084C101822111210805C000000809C100E3
:10A3C0001140830801030488042002001102114196
:10A3D0000541C1411000C0008208A00403004001F3
:10A3E000A121400900040000054004001000A00164
:10A3F0000402A08401000002010100900400891100
:10A40000400088081140A00080000480048385007B
:10A4100085888088090883400504A100A0201000D9
:10A420000500040821402080851002A080090082D8
:10A4300005000885021008C105118488000089C143
:10A440008203850088A0084083419180880509C166
:10A4500004A10905099080034011000020A090008C
:10A46000800404888004008000209000882100007F
:10A4700080022080038311100980080208000082F6
:10A480000011081100410089004180A00005112041
:10A49000800580C008C008C0808400C00308008810
:10A4A00000022090808800C0000509C10902101038
:10A4B000084000084088000080088508001000005F
:10A4C00089A0000840A1004020A0110820C080857C
:10A4D00010211002830902850040110009890080C3
:10A4E000A11080219108800300800020418000118C
:10A4F00080838080828000C0114000C080A08903DA
:10A50000001100400188088900840091108488C1EE
:10A510000090104120C04011014108058885418507
:10A5200040118409408402C0000382C088849021C5
:10A5300000019000080901100082080909098489B6
:10A540000000109000830185208200C101890084F1
:10A550008411890101028809888890000002008422
:10A5600020400411C04104410811904000C0018402
:10A570000004C008A040094000090001C00340C118
:10A580008805000000400000000210001000880054
:10A5900040100301118802008982A041C1200401FA
:10A5A000090241024008C00105088500888220098F
:10A5B000051010218500840088828500400101007B
:10A5C00040000000831108088211100488088508E3
:10A5D000080189010802A00988008810A082A090C3
:10A5E000020088C1830003208400C0880100092084
:10A5F00000204000820210008800A040880810A0BF
:10A6000088011100001100110011008080118009E3
:10A610000011808040058508A0102088A0059011B9
:10A6200011411080108020A020218800880005831F
:10A6300002A1A18085080500891111808300404195
:10A6400040081000000090A080090590A00009803B
:10A6500005801110080885848540C109800040806C
:10A6600003008000800383051000C100000010007B
:10A67000080000000041918080000000038002007B
:10A6800082200321A00000000000000021840000BF
:10A690000000000000000000000000002160000039
:10A6A00000000000004800000000000000000088DA
:10A6B0000000C20041000000000000000082000015
:10A6C000000000000084000000500000C2000000F4
:10A6D00041880013C200418481810013C200000040
:10A6E00081810013C200425000880000C2000000B7
:10A6F0001200001300000000000000000000000035
:10A700008100001300000000000000003C3C00300D
:10A7100000000000015541550000FFFF0F0F000031
:10A7200000C028E8C3C3FFFF0000C000C000EAAAC1
:10A73000000500005DFF0C0CF300000000000008A5
:10A7400000000000FFFFFF0F0000000030307FFF1F
:10A75000FFFF0000000001410000000000000000B9
:10A7600000FA00FFFF003CC33CC300FF5A5A00FF41
:10A77000333300FFFF000F0FF0F03C3CC3C33C3C01
:10A78000C3C3FF55555500000020000000003838B5
:10A79000003800000000005541550CAA0CAA0FCF4C
:10A7A00000C000000000C0C3FFFF0000C0000000A8
:10A7B000AAAA0001000055FF0000FF0000000000F1
:10A7C0000008000400FFFFFFFF0F00000000303012
:10A7D000FDFFFFFF000000C000410000000A5F55C0
:10A7E000000000FB00FFFF003CC33CC300FF5A5ABF
:10A7F00000FF333300FFFF000F0FF0F03C3CC3C3FA
:10A800003C3CC3C3FFD555550A00002000000000A2
:10A810000100000000000000000080800002000035
:10A82000F7F4F7F400280028FFFFFFFF0000000006
:10A830005555050582822828C0C0E8E8C3D300101A
:10A84000000000000000FF00000000000000000009
:10A850000000042C04043C00000003000000AAAA2D
:10A86000FC0000000000CCCCFF000F0FF0F00F0F39
:10A87000FF00C33CC33C0F0FF0F000FFFF0000FFE0
:10A88000FF0000FFFF0000000001C3C3C3C30000BE
:10A8900000000000000000000000000000000000B8
:10A8A0004000F4F4F4F430B20082FF55FF5D000084
:10A8B00000007D553C0082822828C300EB28C3C3DA
:10A8C0000000FF0000000000FF0000000001000089
:10A8D0000000C000040404040000000000000000A8
:10A8E000AAAAF000FFFFFFEFCCCCFF000F0FF0F0A3
:10A8F000F0F0FF00C33CC33C0F0FF0F000FFFF007F
:10A9000000FFFF0000FFFF0000000000C3C3FFDFE7
:10A910000086006000B000800086006000B8000083
:10A9200001860A6000B0000000860C6000B00000E4
:10A930000186006000B000000086047400B00000D2
:10A940000186006000B800800586026000B80080C3
:10A9500000000086527400B00080008652F4A1B05E
:10A960000080A0860CF4A1B80085A28621F401B471
:10A9700008401286217440B40840028601E001B408
:10A9800008400286016000B40040018600E00199A1
:10A99000008000000000C300C300000000000001B0
:10A9A00003030000FFFFBFBFBFBFFFCFEBCBC30060
:10A9B000FFFF00C014D4FFFFFFFFFF55FF55020249
:10A9C00022020001AAAB000000553C003C00000040
:10A9D0000000000000000000000A0C0CAF0F2F0F59
:10A9E00000510C5DFFFFFFFF000000F000000000C1
:10A9F000000000003CFF000300000080FF3CFF3C23
:10AA0000000C0008FFFFFFFF0000000000003C00FA
:10AA10000F000000000000000000080800004000D7
:10AA2000000103030000FFEFBFBFDFBFFFCFFFCF79
:10AA3000F700FFFF00C014D4ABFFFFFFFF04FF00CF
:10AA4000400040000000AAAA000000557D003C0024
:10AA50000202020000000080300000000C0CAF0F6A
:10AA60002F0F00550055FFFFFBFF00000000000006
:10AA7000000100000005FFFF000300140094FF3CEC
:10AA8000FF3C000C0000FF3C3F3C000000200000A9
:10AA9000A0000F000000000000003C3CFFFF000091
:10AAA000003050505F5FF7F2F3F30A005F00FFFFE2
:10AAB000FFFF0FFF0000000000000008000800007A
:10AAC0003C3CFF00FF2820A028AA00C001003C3C1D
:10AAD0003C3C0FF000000000FFFF0F0F050500F1E8
:10AAE000000000FFF00FFFFF0000000F00ACACAC57
:10AAF00000000F0000100000FFF000000000000048
:10AB000000000000FF000000FFFFFFFF0C553C5558
:10AB1000000F000F00000000000000007C3CFFFF61
:10AB200000000000C000FFFFFFFFFFFF0000550016
:10AB3000DF2FF7FF5FFF5000C2828282000800080B
:10AB40000F003F3EFF00FF2828AA28AA00000000AF
:10AB50000000FAF00FF000000000FFFF0F0F0000F0
:10AB60000005000000FFF00FFFFF0000000000FFE5
:10AB7000FFFF00000F00001000000F0800000000A1
:10AB8000200000000000FF000000FFFCFFFD0C554E
:10AB90003C550F0F050500000000000000000000FC
:10ABA0000000000000000000000000000001800024
:10ABB0008000000080090008822000110001800050
:10ABC0008011004000410000000900081009110137
:10ABD00082030800C040204004400000A005A005FA
:10ABE00084058441204040900000404020850211AF
:10ABF000840811400000030002000400100002005D
:10AC00000000001002000001820182C109009100D1
:10AC10000401040021001190040011000000000054
:10AC2000000000000000000000001000000000080C
:10AC3000100002000000028200801100001000409D
:10AC40000200020800850082000000C0008901C0E7
:10AC50000040118200000280008000C0000021A09E
:10AC6000038421A00584008001000000018590403C
:10AC700004041084C0C02000000005002000010072
:10AC800005040204040009000240034011101000F2
:10AC900020002040000090000041000084000000DF
:10ACA0000000000000000000000000000000210083
:10ACB0000000000000000000000080000000C00054
:10ACC00000008008000000000841000000000010A3
:10ACD0000008800800A01008804110118008004082
:10ACE000A0058405A020840500410008081000414B
:10ACF000824180410001004102090000800010856E
:10AD000000000000000800408008000880002011BA
:10AD10008000800500A00000800802000000808400
:10AD20000000000000000000000000000000000023
:10AD30000000000000000000000000001000000003
:10AD40000810001010200010001000C0400000216A
:10AD50000020009110800010018010C04040108041
:10AD60000000058421A00580218420C04008000344
:10AD700090C003822040004000C0418800001010B5
:10AD80000108000002000000888010009088021175
:10AD90000010080002842000001040004100201034
:10ADA000020000000000000000020000000000009F
:10ADB0000000000080000400000002008200100279
:10ADC000000005100010900040100010000041111C
:10ADD000020820104085840800A040400041004047
:10ADE00041A000008421A021A02180210241400037
:10ADF000000080C00409410810080808808280080B
:10AE00000984000000840400040805000400800098
:10AE10008408000041841001410000100900104026
:10AE20000000000000000000000000004040004161
:10AE30000005001000101010400840100100031021
:10AE4000011090210000000011024021002100109B
:10AE500000080085002100080209821000A140C0FE
:10AE600000A100400000058805A0058420A001C0C5
:10AE70009005C0000210C1A00000C1830080020044
:10AE800040081003000010001010000008008400AB
:10AE9000100002A0820000001004C0050800000895
:10AEA0000080900910000000000000000000000079
:10AEB0000000000000000000000000000000000092
:10AEC0000200100000888008004090000000400848
:10AED00011400020040000000482800800020000ED
:10AEE0009003830890A0000084218421A005900590
:10AEF0000289A101838902410401080041008241C5
:10AF00009041049100004100080040001000410001
:10AF10001000108882011000088820854101050872
:10AF20000300824008010002000000000000000051
:10AF30009000000000000000000000000000000081
:10AF40000000012101000021021000900308001000
:10AF500000100080000304200005000510059090FB
:10AF600000100340020811410000218811A005844F
:10AF7000058489400202024001C001200010C00582
:10AF800003C010400808000420040003010300006F
:10AF90001000210004200308A00211090104A010E0
:10AFA0000200004141840002009100000000000006
:10AFB0000000000000000000000000848000020883
:10AFC000400000004009000800080010C002C00254
:10AFD000001002A00000000080C1090804848484DD
:10AFE000211000C08440050080C00000A009842119
:10AFF000A005A00500A14110034002A0822121006C
:10B00000C1090240100010821000400810004100E9
:10B0100010001084000080000540050002C02000E0
:10B0200000400084000080C1000003108210001066
:10B0300000100010001004100408C0218410100536
:10B0400005080000404084408808040500100210F4
:10B05000100040100221A000400010084005001020
:10B06000101004058805108888081010000021843D
:10B07000058421A02184884004000088090305A0DC
:10B08000000310C0018001001102411101080000FD
:10B0900084211000022100401004828000418900B8
:10B0A00009211011020082200240C020000000107F
:10B0B000000000000000110004000000000000007B
:10B0C00010000000008410880000000800840308BD
:10B0D00000101008401000000000400840100084DC
:10B0E00000C00284000800408308800800C10000FE
:10B0F0008405A0058421842100C002080382038303
:10B10000C1C041011004001102C020041004200439
:10B110002000000041080804410221040009030442
:10B1200009040000800021004100008200004082EC
:10B13000000000000000000000000000000000000F
:10B140009005010040000000010088100010000080
:10B15000201000100100010000108800040401000C
:10B160000405000800058405C0A1020810080202B9
:10B17000000020A021A0058405840000842082090D
:10B18000040840050004C1400040010020042021C3
:10B19000000400058400100410001080820500C027
:10B1A0000003000900200800002100212004C00045
:10B1B000020000000000000000000000000000008D
:10B1C00000000840004021112040038811A0884160
:10B1D000212180C08884038511204000808541851D
:10B1E0000021000340C0108540044090059083007A
:10B1F000C1080000409040042009830940110085E7
:10B20000001100038088880982912008A085A0850C
:10B2100041C110400040030304900020411000C1D0
:10B22000114000030085020904050020000380117D
:10B230000800000000000000000000000000000006
:10B240000000000000000000000000008911C08420
:10B25000848300018410082121C1000801408484F6
:10B26000001100900009900401110009411121858D
:10B270000382219100008905A0098891899101A08C
:10B280000002009000008888C1A1C10400000505EB
:10B2900085400141018500A100C003A100C10188D2
:10B2A000400800010000008305C100C00002000149
:10B2B0000800010000000000000000000000000085
:10B2C000000000000000890021A040010800830167
:10B2D0008500032120882100C00091908200C100D8
:10B2E000892040014100820040C08984C1880990C2
:10B2F00089889100C1000000058302892121032073
:10B300000140A104A1A084030291C184C1908540A1
:10B31000C001038409008400A1020304A10085A1E7
:10B32000A10284880500C100A0004088040482C1F5
:10B330000001000000000182000000000000000089
:10B34000000000000000000005008800201003003D
:10B350001103900088852140020083000500C0038E
:10B36000C000408311050800204120802020882053
:10B3700090050800100008000000A1C1828885091E
:10B3800084210204C0A00580852021024000050020
:10B39000A085052040008400A0001003A0800504C3
:10B3A000C1054080820085002000000980800020C7
:10B3B00080850020000008000380000000000000DD
:10B3C000000000000000000000000811001100084B
:10B3D0004121030800080088208808A18040A0219E
:10B3E000C0C000C02010038800044080808885C051
:10B3F000821000C0100800C1080500008420080564
:10B4000008C0090880004000004000410885200372
:10B4100000210484A140004083024105210000C0B6
:10B42000C041418210C000C00085090203000080B5
:10B430000080038000110000100000830000000065
:10B440000000000000000000000000000088002153
:10B4500000910190000120898285002001090408E3
:10B460001010A00390094009A08540A1880208039C
:10B470000384914100200903908589410000104018
:10B48000009083842185040001880021008300024C
:10B490000020008800032103008504A0008511021C
:10B4A000A0418502A10401030011008400200004D2
:10B4B000A040009000C000040082000800110000BD
:10B4C000000000000000000000000000000001017A
:10B4D0000120000101408821889190010383882187
:10B4E0001101848408828221C10091010184854177
:10B4F00010858401C18221000185010103880000BB
:10B50000850291888500C110840111C14001C0A04D
:10B510008440400303A190C1C1C010000400900406
:10B52000840585A08411044083C0C1898200010381
:10B530009140401088001082040004004000A000E8
:10B5400000000000000000000000000000000000FB
:10B550000810059121101000401008401108889033
:10B56000000288040083080020A088000210050063
:10B570008208834183059100100010900821880003
:10B58000000089A1090389090280C0401120C02060
:10B59000030085808510821003A082200520C1034E
:10B5A0000283C182050984218580C10505402105EA
:10B5B0004111A1058300030002800000000080000B
:10B5C0000900000000000000000000000000000072
:10B5D000000000000000000000000000000000006B
:10B5E00081820000000000000084000000000000D4
:10B5F000000000000000000000000000000000004B
:10B600000084000006600013C200415000000000EA
:10B610000000000082410013C20000000000000092
:10B62000000000000000000000000000000000001A
:10B630000000000000810000C20000820000000045
:10B6400000000050000000000000000000000000AA
:10B6500000000000FFFF7FFF3C3C1808002024246E
:10B66000000000003CFF3CFF0C0000008999000036
:10B6700080008100000000EF0000000000000000DA
:10B68000FFFF3F2F00000000000000000000FFFF50
:10B69000FFFF99FFFFFF000000000000000C00000A
:10B6A0003000000C000C000000000FFF0F0F000026
:10B6B000003000400000FCFCFCF8000000003C3CB6
:10B6C0003C3C3C3C0000000000000000000000008A
:10B6D000000000000000B9F9F9F93C3C1800002016
:10B6E0002424000004003CFF3CFF0000000099916E
:10B6F000000080008100000000E0F00000000C006D
:10B700000000FFFF3020000000040000660C66CF40
:10B710000000300099FFFFFF000003000000000060
:10B7200000000000666E000CC3C3C2020FFF0F0FC3
:10B7300000000000004000000C0C0C08000000009D
:10B740003C3C3C3C3C3C0000000000000000000091
:10B7500000000000000000000000000000000000E9
:10B7600000000000000000000000000000000000D9
:10B7700000000000000000000000000000000000C9
:10B7800000000000000000000000000000000000B9
:10B7900000000000000000000000000000000000A9
:10B7A0000000000000000000000000000000000099
:10B7B0000000000000000000000000000000000089
:10B7C0000000000000000000000000000000000079
:10B7D0000000000000000000000000000000818167
:10B7E000000004000800C3C3C3C30F0F0000000023
:10B7F0008100030F030F0C00000080000000000018
:10B80000000018000000000000000000000000C15F
:10B81000FFFFFFFF3FFF3CFF6F0060000C6F0CFF5E
:10B8200000990091060606FF00001000F0FFFFFFE0
:10B8300034FFF0FF000C101CFF00FF000000FFFFB2
:10B8400000000000000000FF000000FF00000000FA
:10B8500000000000000000000000000000100000D8
:10B860008181F00000000000C1C3C3C3070F0000C6
:10B87000005A205A030F030F000000000000800050
:10B880000800000018000000001000000000000088
:10B8900000C3F0FFFBFF3FFF3CFF6F00610000FFB4
:10B8A00000FF00990C9D360636FF00000000E0FF07
:10B8B000E7E73CFF09FF00000000FF00EF00000485
:10B8C000FBFF00000000000000FF000000FF000080
:10B8D00000000000000000000000000000000086E2
:10B8E000006000B000800086006000B80080008624
:10B8F000026000B0000000860C6000B0008000868E
:10B900000A6000B000000086026000B00000000085
:10B91000A08650F4A1B0000500860C6000B0008045
:10B92000008600E401B800000086026000B00080DC
:10B930000086006000B000800086026000B8000051
:10B940000086006400B0000002C6016000B44940F7
:10B9500000000000000000000000000000000000E7
:10B9600000000000005000D000000000A0AF00FF69
:10B9700003000000FFFFFFD70F000000000041415F
:10B980000028002800000000BEBEFFFF02000000EB
:10B99000000000000000AAA00000AAAA0000F00019
:10B9A00000000606060600000000FF7FFFFFC3FF41
:10B9B000C3FFC000C00000300010FF0FF000FFFF09
:10B9C000FFFFFFFFF0F0D3FFD3FF60000900040E7C
:10B9D0000000000000000000000000000000000067
:10B9E000000000000000005000D00000004000FFF8
:10B9F00000FF03000000FFFFDFD70F000000000082
:10BA0000F3300C2C002800500010BEBEFFFF0300D6
:10BA1000000000000414455582820000EAEB40411A
:10BA2000F00000000604060600100000FF7FFFFF84
:10BA3000C3FFD3FF4100C30000300010FF0FF00030
:10BA40007FFFFFFFFFFFF0F200000F0F000000007C
:10BA500004040000000000000000000000000000DE
:10BA60000000000000000000200000F750505000CF
:10BA70005D5D5DFDFFC0FFC00000000D000F000018
:10BA8000A8FFFFFFCBC3C3C30000000000000000FD
:10BA90001000000000000000000020002020FFFF38
:10BAA000FF0F00005000FF0FFFFF0008AAAA0F03BE
:10BAB00000002000200000AA00AA5F7F5F7FFF0037
:10BAC000FFFF00000010AEBE0C0075550FFF000018
:10BAD0000000000000000000000000000000000066
:10BAE00000000000000000000000200000000A0A22
:10BAF000000008080808C0C0EAEA0020000FC35F81
:10BB0000C350A8AAFFFF0A00000000000020028224
:10BB10000000100000000000000C000020202000A9
:10BB2000FFFFFF0F00000000FF0FFFFF0008AAAAA1
:10BB30000F0F0000A000200000AA51FB5FFF5F7FF5
:10BB4000FF00FFFF00000000AEBE0C0030000FFF42
:10BB500000000000000000000000000000000000E5
:10BB6000000000000000800000080000200020000D
:10BB7000000000A00009400100900011000800082A
:10BB800021080010210810C1000040A09000000012
:10BB9000001020108590020000000040024120406B
:10BBA0000202040802084008041041000200840850
:10BBB0008200400004001000040011A011001100D8
:10BBC0002000000010000400020004000200020136
:10BBD00004011000100900008401000000000000B2
:10BBE000000000000000000008200000000000002D
:10BBF0000000000000000008014000000008008074
:10BC00000000000000000020010800000100030502
:10BC1000000000000011100001110000008001C0B0
:10BC200000820180A0000000A10021000000A0000F
:10BC3000108011000100000021000000A0000000A1
:10BC40000000A0000000010000000000A000A10012
:10BC500091042004050005200000102000000000D1
:10BC600000000000000000000000000000000000D4
:10BC70008000000000000000410000000000000003
:10BC8000001000000000000000008000000000081C
:10BC900000008000000000040000000800C0101038
:10BCA000000100000040000000000000008400903F
:10BCB0000000000000008000A082000820000001B9
:10BCC000000000010008000000000000A0200000AB
:10BCD000000000840382000891000008800000003A
:10BCE0000000000000000000000000000000000054
:10BCF0000000100000000000000000000000000034
:10BD000000002000000000000000000010000800FB
:10BD10000010000010210000000800110041000088
:10BD200001000040001000850021000340100021A8
:10BD30000021001000000000100810080408820014
:10BD4000A0020000000840800000880800111008D0
:10BD500088000008A00000110000400800911008B1
:10BD600000000000000000000000000000000900CA
:10BD70000400000000000400000000000000208219
:10BD80000000800009A0400800820040098480C0B3
:10BD90000084098300000082100300004008008432
:10BDA000000004108008024000A00000800000088D
:10BDB0000020030041A00008000009024000041117
:10BDC0008040008405000082800011840000000093
:10BDD000001004820200410000004008C00000087A
:10BDE00080000000000000000000000000000000D3
:10BDF00000000021001000000010000500030040BA
:10BE00000100004002400008000500100009001079
:10BE10000208000000400000004005080003000880
:10BE200000000000822102A101800008000302102E
:10BE300000000880000582000000002100A1010030
:10BE4000C10802800000100000000200900382413F
:10BE5000C0001041A0211011100000410800050091
:10BE6000108810000000000000000000000000002A
:10BE700000000000020000A000000000000000829E
:10BE800000002010008200C00020020100200000FD
:10BE9000000000A0000400820084002000000300D5
:10BEA00003821082000020890291109010820540C8
:10BEB000030004201040028810000288090000845A
:10BEC0002000A000400840000800892010000084E5
:10BED00041001020202003C00020008220041020F8
:10BEE00020031020C1080000000000000000000036
:10BEF0000000000000000000000000000000000042
:10BF0000000000000100000000000000010200002D
:10BF10000000000000000010000000000000000011
:10BF20000000001000000000000800400100910027
:10BF30000040202010040220000001000100000049
:10BF4000200000211000080801040000020200087F
:10BF5000000084004100020008000000A0000090E2
:10BF600002002082000004850000000000000000A4
:10BF700000000000000000000000000002C00900F6
:10BF8000008400828010040200840000000200820D
:10BF900000820000000841080082008210821082A6
:10BFA000000002400002000000001000024082A0D9
:10BFB000004003000502102003000040108800002C
:10BFC0000400000002A0090805A00084008205000A
:10BFD0001000880810820588050800830800000208
:10BFE00021841100002021204020000000000000DA
:10BFF000000000000000000000000000002100051B
:10C0000000410000000802080040C01100050008BF
:10C0100004100003000000089010040800004021F4
:10C020000003000001900041880000000108018524
:10C030004100008004000083000000100080000028
:10C04000004100100000C0000090001000008400BB
:10C050000000000010100000A020002100080000D7
:10C0600000800805402190821082008000000000BE
:10C0700000000000000000000000000000000900B7
:10C08000000000000084001000000000008200108A
:10C0900003102000009000100082000200828082C5
:10C0A000090000C000C00000020800000000118864
:10C0B0001190112010A00320030810201120000867
:10C0C00041880004208804900910110440840084F1
:10C0D000098810200882100000042000100541008B
:10C0E0000200C04041844008C188880490050000D7
:10C0F0000000000000000000000000000000000040
:10C100000000000000000000000000000000000827
:10C11000001000000000000000000000008000107F
:10C1200010000000000000000003004000000000BC
:10C1300088110400000089000000000000000000D9
:10C1400000880000820000000000000000000000E5
:10C15000004100000400000000000000C021C140B8
:10C16000101040102100A00500020400040811086E
:10C1700000000000000000000000000000000000BF
:10C1800008110011004040208809090803100040F0
:10C1900008100010100003110808200208200341B5
:10C1A000000580C1099100A0051180201103210321
:10C1B0000000050500830083088500C082C1028558
:10C1C000004003A0A02082202002000800200040A0
:10C1D00000021100052008204141050580080003E8
:10C1E0004121848384A01083410820A10805108583
:10C1F00004410000000000000000000000000000FA
:10C200000000010000000000000005000001000027
:10C21000000000018801010001000001000101008F
:10C220000001000120110010001001002000010099
:10C2300000000000012000840040010800412004AB
:10C240004004000101038521844000A0000000009B
:10C2500088010000A000A00101010100000182018D
:10C2600000000000850305020120A1010104A004D3
:10C270002188000000000000000000000000000015
:10C2800000000000000000110002000082004110C8
:10C29000412120000000000000000000900004097F
:10C2A000030889080000020201008402040085904E
:10C2B00005004120000082010402050284848800F8
:10C2C000C002C101030001000020C0A1C108050097
:10C2D000A10004918500C000C0851101100100007B
:10C2E000010201000000A10109C009058541830187
:10C2F000100489A002C0000000000000000000003F
:10C3000000000000000040001182118011000800B0
:10C310000488404121000020000000000000094086
:10C320009105852010004020A1800503A08583038E
:10C33000C10090031041000005028080A08083802E
:10C3400003058580850808200220408090402180D8
:10C3500008000200084088000300090321050203C9
:10C36000030041000502020405028841A1209089D2
:10C370002102820085208280000000000000000071
:10C3800000000000000000001008000300218311DD
:10C3900000400008000800A00388000300A020055A
:10C3A000082100030088088408800404080008C1EC
:10C3B000008405A100A02085000003A0802040A0EB
:10C3C000830540000020C1C105411008800220A162
:10C3D00020210003000500830583008800100885E4
:10C3E000A083038400400084038402880005890937
:10C3F000881108C10210000205A000000000000022
:10C400000000000000000000000001010000000129
:10C410008501009000900040000201100088000299
:10C420000040004100900085001140080182012079
:10C43000000800030104008520050000000440827C
:10C4400000020201018200110284019001030485AF
:10C450009085C010000000000040014100050083ED
:10C46000012091410002000500080020010900415F
:10C47000850591C00104000500A0018900000000AD
:10C4800000000000000000000000000001000001AA
:10C490000000000001200111010001201000020035
:10C4A0000200400121000800110182A08502200045
:10C4B0009001084009202001A00004880000020427
:10C4C0000400830002028540A101A1010100038450
:10C4D0000120409002000021010000000108010439
:10C4E00000000100011100000101000001008403AF
:10C4F000841005010582842089A0C000898800007D
:10C50000000000000000000000000000000010001B
:10C5100020080508200040A008A010110800800095
:10C5200080008000001008200808A0080800908003
:10C5300011081103080010A02004A00385000000CA
:10C54000858385002105A08390918504102020001B
:10C5500020802084A00320004041040902000580BF
:10C5600008104111020408902100214040050500F7
:10C57000840302C1402102008521C00089418580D9
:10C5800000000000000000000000000000000000AB
:10C59000000000000000004100810000C200000017
:10C5A00000000000000082600000000000000000A9
:10C5B000000000000000006000000000000000001B
:10C5C0000000000000000000000012000013000046
:10C5D00000000000000000008100120000130000B5
:10C5E00000000000000000000684000000000000C1
:10C5F000420000420000C20006008100001300005B
:10C60000000000000000000000000000000000002A
:10C610000000000FC3CFAAAAAAAA0000000030B0F1
:10C62000D5D500000000FF55CF45000000001400E4
:10C6300055410030F0F0F0F00F0F01000000F0F075
:10C64000FEFE000000000000FFFFFFFF555555559E
:10C65000F0FFFFFFFFFFFFFF00FF00FF0038053D79
:10C66000000C00037FFFFFFF00000F0000FFFFFF33
:10C670000F000000F7FFFFFF04FB04FBFFFF3C3C43
:10C680001400140000000000000000000000000082
:10C6900000000000000F000F2AAAFFFF008000002A
:10C6A00030B0D5D500000000FFFFCFCF0000020062
:10C6B000140054400030FAF0F0F00F0F00000000BA
:10C6C000F0F0FCFE00000000000C5F7FFFFF04455F
:10C6D0004545F0FFFFFFF8FCFCFC00FF08FF0038B9
:10C6E000053D000C00037FFF7FFF010000002AFFD3
:10C6F000FFFF0F000802FFFFFFFF0000FFFFFFFF2B
:10C700003CBC14001000000000000000000000000D
:10C710000000000000000000000000FC50FCFFFFD3
:10C72000F3FFF5FFF5FF00002800000000003C3C8F
:10C730003C3CFF00FF00FF3CFF00FFFFFFFF00FB52
:10C7400000003F2A3F3F0000000080000000000082
:10C750000000000002820202FFFFFF3C3F3FFFFF9C
:10C76000BA308A0000000020FFFBFFFBFFFFFFFF45
:10C77000FFFF55550000000008000800DFE31C2003
:10C78000FFFFAAFFFFFF0000000000000000000004
:10C7900000000000000000000000103CF0FDF0FC74
:10C7A000FFFFF3FF75FF303C0000000000000000B9
:10C7B00000400000FF3CFF20FFBCFF802200110072
:10C7C00000FB000015153F3F0000000000000000C6
:10C7D000C30000008ECF00000000BFBFBF3C7F3F02
:10C7E000FFFFBA308A0000000020FFFBFFFB3D3D49
:10C7F000FF3CFFFF5554FF08FF0008000000FFC387
:10C800003C00FFFFAAFEFFFF0F0C0000000000002D
:10C810000000000000000000000000000C0000000C
:10C82000000000860C7400B000000086026000B0BA
:10C83000000000860C6000B000000086006000B0C0
:10C8400000800186006000B00000000001860260E8
:10C8500000B00000018600E00190008000860060CA
:10C8600000B00000008600E001A9008000860C6096
:10C8700000B900000086006000B0000001860A7464
:10C8800000B00000008600A00180008000000000D1
:10C890000000000000000080000000000000000018
:10C8A00000000000000000000A00CA00EFFF0000C6
:10C8B00000002C3C050F050F78FFFFFFFF00FF3C39
:10C8C000FFFFFFFF00000000FFFF0F8F00000400CC
:10C8D000000000030003000000A01F1F1F1F0F0F18
:10C8E0000D0D0F0F3F3F000000000000FF00000093
:10C8F000000055555555000000000F0F0F0FFFFFAA
:10C90000FFFF00A00000DF75FF55553055CF000038
:10C910000000000000000000000000000000000017
:10C92000000000000000000000000A00CA00EFFF45
:10C93000000000003C3C454F058F78FFFFFFFFF5EE
:10C94000FFF5FFFCFFAA00020000FFFF000000004F
:10C950000000000000030003000000A000FF000032
:10C960000F0F0F0F050F3D3F000000000000FF00FC
:10C97000000000005555575500000000003C00FF26
:10C98000BFBFBF0000A800088A20AA00550055FFBD
:10C990000000000000000000000000000000000097
:10C9A000000000000000000000000000281000143B
:10C9B0000000000000000000000000003C3EFDFF01
:10C9C000FFFCFFFC05050F0F000000003C3C0000D1
:10C9D0000000550055FC00000010FF0FFFFFFFFF97
:10C9E000FFFF0000000000FFFFFF000000000050FC
:10C9F00000500000000000040000000000000000E3
:10CA00000000F000FFFF1F5FFFFF00F00000033F8A
:10CA1000172B000000000000000040000000000094
:10CA20000000000000000000000000000000000006
:10CA300000000000000000000000000000000000F6
:10CA40000000FFFCFFFC05050F0F00000000FCFFCD
:10CA500055550000550055FC00000000FFFFFFFF8A
:10CA600000FFC0FF0002000300FFFFFF0000000006
:10CA70003C50FC50000000000000000000000000DE
:10CA800000000000F000F0001455FFFF00F000006F
:10CA9000033F033F00000000000000000000000012
:10CAA0000000000000000000000000100000000076
:10CAB00000C0000000000008000800080008000096
:10CAC0004108002020080008000840000000411034
:10CAD000000000080000000800004100022041A002
:10CAE00040004000400004004000020020002008F8
:10CAF000040002004000020020000300210020008A
:10CB000002841100000011002000400003002100F9
:10CB1000040082000211000000000000000000007C
:10CB20000000000000000000000000000000000005
:10CB300000000000000000100000000800000000DD
:10CB400000000000000000000000000800000000DD
:10CB500000100000020000000000C0080000C0003B
:10CB6000000002000000000020000211A0102000C0
:10CB70000000C000000000000000200000040400CD
:10CB80000005000020000000000000000000A000E0
:10CB900020002000080001A00000000000000000AC
:10CBA0000000000000000000000000000000000085
:10CBB0000000000000000000000000000000000075
:10CBC00000000000008200000000000000100000D3
:10CBD000009000000000000800400000009000826B
:10CBE00000820008000200000002000000040002B1
:10CBF0000008000000000000000000040000000029
:10CC00000000001000000000000000000000000014
:10CC10000000000000000000000000000000000014
:10CC20000000000000000000000000000000000004
:10CC300000000000000000000000000000000000F4
:10CC400000000000000000000008000000080000D4
:10CC5000002100000000000800100000002000007B
:10CC600000020008000000000002000000040000B4
:10CC70000008000000000008880000080000000014
:10CC8000000000000000C0000200000000000000E2
:10CC90000041000000000000000000000000000053
:10CCA0000000000000000000000000000000000084
:10CCB0000000000000000000000000000000000074
:10CCC000000004084000000000000984000009087A
:10CCD0000008000800080000000800C00000000074
:10CCE00000000000008200000000090000000000B9
:10CCF00000000000000000820000050000000000AD
:10CD000041000000100010000000000010000000B2
:10CD100000A021C00500100041100000100000001C
:10CD20000000000000000000000000000000000003
:10CD300000000000002100000000002100050008A4
:10CD40000005000500080041A0080005004100089A
:10CD50000008000800080021004000000008000052
:10CD600000030000000000030000000010000008A5
:10CD7000C000000084001000000084000003A041F7
:10CD8000C00084211000C000C000C00010001000CE
:10CD90008200840010001009000000001000A000B4
:10CDA0000000000000000000000000000000000083
:10CDB0000000000000000000000000000000000271
:10CDC0000000000040000000008400080002000095
:10CDD0000090000820080000000000004000000053
:10CDE0000000090011000400000000000002200003
:10CDF00008022000208800102082080020004082C5
:10CE000000000200000000400000000803001000C5
:10CE100040080500004005000540000005000090A6
:10CE20000488000000000000000000000000000076
:10CE30000000000000004000000040000000000072
:10CE40000000002000000000000000200408000294
:10CE500000080010040000080000000284032009FC
:10CE60000009000000200400202004110008000236
:10CE7000000202002004000400040020040000005E
:10CE8000000000030000000000000000200010026D
:10CE9000100000009020000302110000001100119A
:10CEA00082111009000000000000000000000000D6
:10CEB0000000000000000000000000000000000072
:10CEC0000000000000000000000000100000000052
:10CED00000100008000000000082000800080000A8
:10CEE00000000000000000000000008200000000C0
:10CEF0000000000000000000000000000000000032
:10CF000000000000410000000800030800000000CD
:10CF100010000000000000000000000008000000F9
:10CF20000984020000000000000000000000000072
:10CF300000000000001000000010000800050400C0
:10CF4000004000108403004100050010004100086B
:10CF500088408405902100100408C008840800005F
:10CF6000000800000008000000000000C0000000F1
:10CF700000000021000000000011C000C0000000FF
:10CF80000000040000110000840900080021840052
:10CF900000000800A0001000100810000008840025
:10CFA00010210011C000100000000000000000006F
:10CFB0000000000000000000000000000000400031
:10CFC00000000000000000100000040011840000B8
:10CFD0000082000000004000000011000000000876
:10CFE0000000000000000000000000200000000021
:10CFF0000000000000000400000200000290200079
:10D000000000200010004000200000000000000090
:10D01000000003004002029010004100090000904F
:10D02000000000000084200010000000000000004C
:10D0300000000000000000000000000000100008D8
:10D0400000000041000840000020042140090002C7
:10D050000005004184022010000220100041040855
:10D060000400000000100400002000000020040064
:10D070008820042100000004C0202020000420009B
:10D080000004020400020000C00040030000880900
:10D09000840800000009401100210009000000116F
:10D0A00000002011840904098840C003000000002A
:10D0B0000000000000000000000000000000000070
:10D0C0000000000000000000000000000000000060
:10D0D0000000000000000000000000000000000050
:10D0E0000000000000000000000000000000000040
:10D0F0000000000000000000000000000000000030
:10D10000000000000000000000000000000000001F
:10D11000000000000000800000000000000000008F
:10D12000800000030000000000000000000000007C
:10D1300000000000000000000000000000000000EF
:10D1400000000000000000000000000000000000DF
:10D1500000000000000000000000000000000000CF
:10D1600000000000000000000000000000000000BF
:10D1700000000000000000000000000000000000AF
:10D18000000000000000000000000000000000009F
:10D19000000000000000000082000000000000000D
:10D1A00000820200000100000000000000000000FA
:10D1B000000000000000000000000000000000006F
:10D1C000000000000000000000000000000000005F
:10D1D000000000000000000000000000000000004F
:10D1E000000000000000000000000000000000003F
:10D1F000000000000000000000000000000000002F
:10D20000000000000000000000000000000000001E
:10D21000000000008200004000000000010000004B
:10D22000000020002100004000000000000000007D
:10D2300000100000000000000000000000000000DE
:10D2400000000000000000000000000000000000DE
:10D2500000000000000000000000000000000000CE
:10D2600000000000000000000000000000000000BE
:10D2700000000000000000000000000000000000AE
:10D28000000000000000000000000000000000009E
:10D29000000000000000000000000000000004008A
:10D2A000000000000500C111000000214000000046
:10D2B00000000080000000000000000000000000EE
:10D2C000000000000000000000000000000000005E
:10D2D000000000000000000000000000000000004E
:10D2E000000000000000000000000000000000003E
:10D2F000000000000000000000000000000000002E
:10D30000000000000000000000000000000000001D
:10D31000000000000000000000000000000000000D
:10D3200040000000000000020000030000000000B8
:10D3300000000000000000000000000000000000ED
:10D3400000000000000000000000000000000000DD
:10D3500000000000000000000000000000000000CD
:10D3600000000000000000000000000000000000BD
:10D3700000000000000000000000000000000000AD
:10D38000000000000000000000000000000000009D
:10D39000000000000000000000000000000082000B
:10D3A000000000000000000000010000000020005C
:10D3B000000000000000000000000000000000006D
:10D3C000000000000000000000000000000000005D
:10D3D000000000000000000000000000000000004D
:10D3E000000000000000000000000000000000003D
:10D3F000000000000000000000000000000000002D
:10D40000000000000000000000000000000000001C
:10D4100000000000000000000000000001000041CA
:10D42000000000000000000000000082000000A0DA
:10D43000000000000000000040C0000000000000EC
:10D4400000000000000000000000000000000000DC
:10D4500000000000000000000000000000000000CC
:10D4600000000000000000000000000000000000BC
:10D4700000000000000000000000000000000000AC
:10D48000000000000000000000000000000000009C
:10D49000000000000000000000000000000041004B
:10D4A00000210000000000000000000000C0080093
:10D4B00000800000000000000000001100000000DB
:10D4C000000000000000000000000000000000005C
:10D4D000000000000000000000000000000000004C
:10D4E000000000000000000000000000000000003C
:10D4F000000000000000000000000000000000002C
:10D50000000000000000000000000000000000001B
:10D51000000000000000000000000000000000000B
:10D520000000000000000000000000001200810068
:10D5300000130000120000000000000000000000C6
:10D5400000000000000000000000000000000000DB
:10D5500000000000000000000000000000000000CB
:10D5600000000000000000000000000000000000BB
:10D5700000000000000000000000000000000000AB
:10D58000000000000000000000000000000000009B
:10D59000000000000000000000000000000000008B
:10D5A000000000000000000000000000000000007B
:10D5B000000000000000000000000000000000006B
:10D5C000000000000000000000000000000000005B
:10D5D000000000000000000000000000000000004B
:10D5E000000000000000000000000000000000003B
:10D5F000000000000000000000000000000000002B
:10D60000000000000000000000000000000000001A
:10D61000000000000000000000000000000000000A
:10D6200000000000000000000000000000000000FA
:10D6300000000000000000000000000000000000EA
:10D6400000000000000000000000000000000000DA
:10D6500000000000000000000000000000000000CA
:10D6600000000000000000000000000000000000BA
:10D6700000000000000000000000000000000000AA
:10D68000000000000000000000000000000000009A
:10D69000000000000000000000000000000000008A
:10D6A000000000002EDE000000000000000000006E
:10D6B000000000000000000000000000000000006A
:10D6C00000007B740000000000000000000000006B
:10D6D000000000000000000000000000000000004A
:10D6E000000000000000000000000000000000003A
:10D6F000000000000000000000000000000000002A
:10D700000000000000000000000000000000000019
:10D710000000000000000000000000000000000009
:10D72000000000000000866EC00200000000000043
:10D73000408C0700000000000000300200000000E4
:10D7400000004003766100000000000000000000BF
:10D7500000000000000000000000000000000000C9
:10D76000000000000009000000000001000010009F
:10D770000000400011090000100000A0800000001F
:10D7800088000040A00000000000820202000200A9
:10D790000910001002408200000004000200110085
:10D7A000000000000900110000000000110000004E
:10D7B000000000004000040000010400840080001C
:10D7C00000000000840004200000000000000000B1
:10D7D0000000000000000000000000000000001039
:10D7E00000000000000000C0000000000040000039
:10D7F00001000000011000C0000001000000100046
:10D800000000110000A140000000001021A1010053
:10D81000010000A1000001802100000004000100BF
:10D820009000A000000000009000A0000400000094
:10D830000400040000002000000000400000100070
:10D840000400000000000200008000000000000052
:10D8500000000000000000000000000000000000C8
:10D8600000000000000000000000000000000000B8
:10D8700000000000000000000000000000000000A8
:10D880000000000000000000000000C000000000D8
:10D890000001000000010003400900010000000039
:10D8A0000000000000000000000000080000000070
:10D8B0000000000200020000000000100000000054
:10D8C00000000008000000000082000800000000C6
:10D8D0000000000000000000000000000000000048
:10D8E0000000000000000000000000000000000038
:10D8F0000000000000000000000000000000001018
:10D9000000000008000000000011200200000000DC
:10D910000000004000000010004000400010000027
:10D9200000210003000000020000000000020010BF
:10D930000011000200080000821082102000000286
:10D940000021000000800021000000000010000005
:10D9500000000000000000000000000000000000C7
:10D96000001004000000000000000400000000009F
:10D9700080000000000000020000008200000000A3
:10D9800000C0008200000000000011000000000044
:10D9900000880091004000A0004000C0021010006C
:10D9A00000100010020000844110208400000000DC
:10D9B00000A02002204020100084009000001000F1
:10D9C0000000020000008008008200000000000843
:10D9D0000000000000000000000000000000000047
:10D9E0000000000000000000000000000000001027
:10D9F000000020080041000000000000002100009D
:10DA0000000000050000000000030000000000000E
:10DA10000000000000040080000000800000010001
:10DA20000000000000000100840000000100C000B0
:10DA300000000021010011000100000000001000A2
:10DA400010000000010000000400000000100010A1
:10DA50000080000000000000000000000000000046
:10DA60000000000004001100110000000000000090
:10DA700040000000000020000900000000000082BB
:10DA80000000000000002000050000000000400031
:10DA90000000004000000000030002001000000031
:10DAA0002000020080000000C100110000040000FE
:10DAB000020410008000000003008000400000000D
:10DAC00041004000050000020200100104000000B7
:10DAD0000200000000000000000000000000000044
:10DAE0000000000000000000000000000000000036
:10DAF00000000100000000080010400000000000CD
:10DB000000000000000200110004001100100000DD
:10DB100000030008000000000000400001001100A8
:10DB2000000011000100200000002000000202801F
:10DB30001002898210102002880090080200204103
:10DB400020009000400000000040010084200420DC
:10DB500000040108000400000000000000000000B4
:10DB600000000000000000000000000000000000B5
:10DB7000000009100000000200C0000009000010B1
:10DB800000100082000000C000000000008200A021
:10DB900000400082200800000084001000100010E7
:10DBA000001000820001000000840000000009084D
:10DBB000000005000000020100000000000000005D
:10DBC00009080000000041A00000000041000082A0
:10DBD00010000040100000080000000000000000DD
:10DBE0000000000000000000000000000000000035
:10DBF0000000000000000000000000000000000025
:10DC000000000008040000100000004000000000B8
:10DC10000000000000000100000000000000000003
:10DC2000000000800000004000000000000900002B
:10DC3000000000000000000001048200000000005D
:10DC400000000000000000000000000000080000CC
:10DC5000000001100085010390C0000000000000DA
:10DC6000000000000000000000000000040011009F
:10DC7000000000000400400040000000400000825E
:10DC80000000008211880082400800C0009000104F
:10DC90000000008400400000401100002008040043
:10DCA0000000118400C0000800021088000220A0BB
:10DCB00000000001000000A000041000020040105D
:10DCC000C008000040820201C000100311000201E0
:10DCD000404000020420050202400009000000004C
:10DCE0000000000000000000000000000000000034
:10DCF000000800000000000000000110000001000A
:10DD000000000000000000024000400000089000F9
:10DD1000000000210000000000050040000000108D
:10DD200000050000000400050010000000000000D5
:10DD30000100000000040405000000000000004194
:10DD400000000208C0090902011002084140000455
:10DD5000000282000004900000000980408800005A
:10DD600000000000000000000000000000000000B3
:10DD700000000000000000088002024000080002CD
:10DD800090002140200200038000200800030305CA
:10DD90000520002121050003804008030008000041
:10DDA00008858591218000C100808000410000002D
:10DDB0000003800905000000000300094000000086
:10DDC0000003000903000000200080002000000084
:10DDD000028080002180C0808002002110040500A4
:10DDE0000000000000000000000000000000000033
:10DDF00000000000000000002001040101000000FC
:10DE0000080185000000010100000400000000007E
:10DE1000010101000000000000018200010000017A
:10DE20000000000420028804000300C01008000263
:10DE300000200001020100000000000100010100BB
:10DE4000000000010001010000000100820000004C
:10DE500000000120102090020920040184004100EC
:10DE60000000010000000040000800000000000069
:10DE7000001000000000000000008800012002A146
:10DE8000880020012110A0099103010000890001F0
:10DE90000000000001A0010000200200210020007D
:10DEA000210100008200200120032085020140A002
:10DEB000210083210400020090008500200004005E
:10DEC00091002101040082008920A10104012000A9
:10DED000A108020100008800A0A021082000A000E5
:10DEE000042184000200000000000000090000007E
:10DEF00000000080000000000000000008002083F7
:10DF0000C12121408510208282854185100020207A
:10DF100003400800110810000509030080004100BB
:10DF200080009009000000008341A085A09080201F
:10DF300080002121830991008000000083000000FF
:10DF40008000210083098000000021000309C00235
:10DF50000300218021030321410085000304850281
:10DF6000830083A182030000000000000000000085
:10DF700000000000000000000000000000004080E1
:10DF8000000020801180028800910288888402802D
:10DF900000000380218021100021000240020000C7
:10DFA000008000000880000011A0800008840302A7
:10DFB000008000808089008000800080408900838C
:10DFC00000800080000900830000000008898003B1
:10DFD00000A1002000C100C000000020402000106F
:10DFE0001188008500A085050000000000000000E9
:10DFF0000000000000000000000000000000000021
:10E0000000100088010200A00140002000A00502CD
:10E010000102008800020002000100000000080068
:10E02000008800040082018200000084049088843B
:10E0300001A000020404A085A0020002000800095B
:10E040000003000200020091002100900020002146
:10E0500002A1201000A000219082009000918288EF
:10E0600000410041000200411121000000000000B9
:10E0700000000000000000000000000000000000A0
:10E080000000000001000085000003012002910053
:10E09000200400000100000001004000030088018E
:10E0A0008900001000000000002000000100004076
:10E0B0004101900283208440840020400188018235
:10E0C00000000040018801400000008201880182B8
:10E0D00000000085A0028402A0000800202020008B
:10E0E00002002020C0A18490C10120050000000092
:10E0F0000000000000000000000000000000000020
:10E10000000000004000020811901100C01040897A
:10E110002002088021001000112011002000C141C0
:10E120002003080000830000000000000000102110
:10E13000028090081080902105008300C18003A117
:10E1400004000000008003800400000000800380C1
:10E1500004000000001080C00080800980000041A1
:10E1600000218041800020100280C110A191000098
:10E17000000000000000000000000000000000009F
:10E18000000000000000000000000000000000820D
:10E190000000C200000000000000000000000000BD
:10E1A00000000000415000000000C200820000009A
:10E1B00000840000C200005000420000C2000000C5
:10E1C00000420000C200000000420000C200004106
:10E1D00000410000C200008400000000000042A0D6
:10E1E0002100001300000000820000130000000066
:10E1F000000000000000000000000000000000001F
:10E2000000000000000000000300FCFF0000000010
:10E210006C6C6C6CFF03FF033F3F3F3E000000004F
:10E220009F7C9FFFF3F2B1B00000000000000000EF
:10E23000000006C60606FFFFFF7E007000F0FF002C
:10E24000FF00FF000000FF000000FF000000FF00D3
:10E250000000FF000000FF00000000000000FE6E54
:10E26000FC0C00000000FF6FFF0FFF3EC706FFFF22
:10E27000FC0C000000000000000000000000000096
:10E280000000000000000000000003000101000089
:10E2900000006F6F6C6FFFC3FF033F3F3F3C000008
:10E2A0000000FF1CFF9FF372B1300000000000006F
:10E2B0000000000006C60606FFFFFF7E00F000F02B
:10E2C000FF00FF00FF000000FF000000FF00000053
:10E2D000FF000000FF000000FF0000000000000041
:10E2E000FE6EFC0C00000000666F000FFF3EC706CC
:10E2F000FC0CFC0C0000000000000000000000000E
:10E30000000000000000000000000000000000000D
:10E3100000000000000000000000000000000000FD
:10E3200000000000000000000000000000000000ED
:10E3300000000000000000000000000000000000DD
:10E3400000000000000000000000000000000000CD
:10E3500000000000000000000000000000000000BD
:10E3600000000000000000000000000000000000AD
:10E37000000000000000000000000000000000009D
:10E38000000000000000000000000000000000008D
:10E3900000990000F0003F3F3F3F7CFF7C7C000085
:10E3A00000000000C000303C303CC2C28080FDFF55
:10E3B0007EFFF0F0FFFF000000FF00FF00000F00F5
:10E3C00000000000000000FF000000FF00003C3CD7
:10E3D000000000FF000000FF000000FFFFFFFF0043
:10E3E000000000000CFC0FFF00000000FF3FBFBF5B
:10E3F000F666F6FF000000000000000000000000CC
:10E40000000000000000000000000000000000000C
:10E41000000001990000E0003F3F3D3D60FF60FFCC
:10E420000000202000000000767E303C42C30081C6
:10E43000FDFF7EFFF0F0FFFF000000FF81FF000006
:10E44000000000000000000000FF000000FF0000CE
:10E450003C3C000000FF000000FF000000FFFFFF49
:10E46000FF000000000000F000F000000000FFFFCF
:10E47000FFFFF000F0FF03000000000000000900B3
:10E480000000000000000900000000000000000083
:10E49000000000860C6000B000000086707400B0C0
:10E4A00000800186026000B000000086006000B0BD
:10E4B000000000860A6000B0000000000086707452
:10E4C00000B000800086007C30B04803C0C7C07C2C
:10E4D00030B04903C0C7C07C30B04903C0C7C07C5E
:10E4E00030B041030086006000B80000008600E004
:10E4F000019000A0008602E003B000800000002030
:10E5000000000100000000200000010000000000E9
:10E5100000000000000000005500C300AABEAA3E93
:10E52000EFEF4FEF000000000000010000020000CC
:10E530000000000000000000FFFFFFFF0000FFFFE1
:10E54000FFFF4BFFFFFFFFFFC0000000000F0000B8
:10E5500000000008000000000000140F550F00002C
:10E560000000FFFFFFDF3CAA3CA0FFD7F7F7DFFF6B
:10E57000FFFF575757D7FBEBF82800FF00FF00407D
:10E580000000000002000040000000000200000047
:10E59000000000000000000000000300C300AABE4D
:10E5A000AABE45454FEF000000000000000000003B
:10E5B00002020000000000000000FFFAFFF300006C
:10E5C0003F3F3F3F45FFFFFFD7FF00000404000F20
:10E5D000000000000000000000000000140F550FB4
:10E5E00000000000FFFFFFDF3CAA3CA0FFFFFFFF91
:10E5F000FFFFFFFF030303C3FBEBF828007F00FFCF
:10E60000000000000000000000000000000000000A
:10E6100000000000000000000000000000C3FFFF39
:10E620000000000005AF3C3C0000000000000000BE
:10E63000000000000000000000000000AAAAAF2AAD
:10E640000000FFFFFFFF00000000FFFF0050002060
:10E650000000000000000050005100000000140FF6
:10E66000550F00000000FFFFEFFF00000000FFFF5C
:10E67000FFFF300000000FFF5F5F00000000004F51
:10E68000C3CF0000000000000000000000000000F8
:10E69000000000000000000000000000000000C3B7
:10E6A000FFFF0000000000AA0000000000000000C2
:10E6B0000000000000000000000000000000AAAA06
:10E6C000AE8A0000FFFFFEFF00000800FFFF3C7C59
:10E6D00000000400000000000000004100000000F5
:10E6E000140F550F00000000FFFFEFFF00000000B7
:10E6F000FFFFFFFC0000000000FF55550000000078
:10E700000000000000000000000002000000000007
:10E7100000000800000000000000000000000200EF
:10E7200000000000000009000000040002000000DA
:10E730000000840100000800000082094000000081
:10E740000000802000000400800080004000840061
:10E75000400082000000800480000200409004001D
:10E76000A0000400200004000400040011000400C4
:10E770000400840040002000200020002000110040
:10E780000000200011000000000000000100000057
:10E790000000000001000000000000000000000078
:10E7A0000100000000000000000000000000010067
:10E7B00000000000020800000100000011820100BA
:10E7C0000400000040A100000100400040000100E2
:10E7D0004000010041000000408040210100014153
:10E7E0000100050091000100010001000100040486
:10E7F00001000104110000000100010001000100FE
:10E800000000900000000000000000000000000078
:10E8100000000000000000000000000000000000F8
:10E8200000000000000000000000000000000000E8
:10E8300000000000000000000000000000000000D8
:10E84000000000000000000800C0000200020000FC
:10E8500000020000000000000000000000000000B6
:10E8600000000000000000000000000000000000A8
:10E870000000000000000000000000000000000098
:10E880000000000000000000000100000000000087
:10E890000000000000000000000000000000000078
:10E8A0000000000000000000000000000000000068
:10E8B0000000000000000000001000000000000048
:10E8C0000000000000100000000800000000000030
:10E8D00000020000000000000021002100020000F2
:10E8E00000000000000200100000000200100010F4
:10E8F00000000000000000000000001100000010F7
:10E9000000210000000000210021000400000000A0
:10E9100000000000000000000000000000000000F7
:10E920000000000000000001000080000000000066
:10E930000000000000C0000000000000000000A077
:10E940000000000800080000000000A00000000017
:10E95000000000000008000000000084001100001A
:10E9600000100010000000820000001000100000E5
:10E97000804100000040002000840000808400826C
:10E98000008400000000008200901084001000004D
:10E990000000000000000000000000210000000056
:10E9A0000000000000000000004000000210000015
:10E9B00000050041004100080000000300210000A4
:10E9C00000080008000800000021C0000008000046
:10E9D0000000100800000008000000000005000210
:10E9E000000800000000000000000000000000001F
:10E9F000000004048200008000800000001010006D
:10EA00000000000010000000A000000084080000CA
:10EA100000000000000000000000000000000000F6
:10EA200040000000000000000000000000000000A6
:10EA300000000000000000000000000011000000C5
:10EA40000000000000000000110000004000000075
:10EA50000000C0004000000040004100080003002A
:10EA6000080002000500020004000200000082000D
:10EA700041000200090009008204050010000000A6
:10EA800004002004000080009000100040001000EE
:10EA90001000000000000000000000000000000066
:10EAA0000000000000000000000000000000000066
:10EAB0000000000200000000000000000003000051
:10EAC0000000000000000000000000020000000044
:10EAD0000000000040020000820000000000010071
:10EAE00000001100900000000000C10010080000AC
:10EAF0002020000010000000040021800000000021
:10EB00000000010001800000200020000000100033
:10EB100000000000000009000000000000000000EC
:10EB200000000000000000000000000000000010D5
:10EB30000000000000000000001000A00084404021
:10EB4000001000000000000800000008001080080D
:10EB500000A00410000000100000000010000000E1
:10EB6000000000000000000000000900100100008B
:10EB700000000000048541820084410002400084BE
:10EB8000841080C000A000A02088800400000082C3
:10EB900005001082200000000000000000000000BE
:10EBA00000000000881000000000000000000005C8
:10EBB000002100080041000004410008002100037A
:10EBC00001000000000300008400000000000000BD
:10EBD000400800000108000088000008000800004C
:10EBE0000021000000040000C000C0000000002060
:10EBF0000000000000000120002100000041018011
:10EC000000000503041000000000010002838400DE
:10EC1000004000211105010000000000000000007C
:10EC200000000000000000000000000000C0110013
:10EC30000000000000000000410000A000100000E3
:10EC400000004020000000080010000000C0008408
:10EC50000002000800020408000011000010000279
:10EC600000A0080002004084022002881082058370
:10EC70000500C18503840082000020884100C10096
:10EC800002408020098402044000000020000200AD
:10EC900000C00082000000400020000000000000D2
:10ECA0000000000000000000000000000000000064
:10ECB0000000000000000000000000000000000054
:10ECC0000000000000000000000000000000000044
:10ECD0000000000000000000010000000000000033
:10ECE0000000000001000100000001000000001011
:10ECF00000020000040400000000000001400000C9
:10ED0000200001800400000020000000000001003D
:10ED1000000000000000000400800000000000006F
:10ED200000000000000000000000000000000000E3
:10ED3000000000008000000008000000000000004B
:10ED4000000000000000058008000080C01180095C
:10ED500010102008000000000000034000000083A5
:10ED60008000080000110003A1034100000000031F
:10ED7000800002000020008304090300008080035B
:10ED80008009108080804180808003000900880213
:10ED9000A10220020402090000000000000000009F
:10EDA0000000000000000000000000000000000063
:10EDB00000000000000002009000000000000000C1
:10EDC00000000000000000A00904009000402101A4
:10EDD00008000101000100000000880000000000A0
:10EDE00000898208000800080001C000010000003E
:10EDF000A0018200A1000000A0890389A1C000C079
:10EE000088A1028589A0848488A0C010888200C05F
:10EE10000901840001000000000000000000000063
:10EE200000000000000000100100000000000000D1
:10EE30000000000000000000080184008200202083
:10EE40000000000000000000200120000400838278
:10EE5000000001910001000000000100000001001D
:10EE60000000820108004088A108A0012000900055
:10EE7000832020002000900021008201840089204E
:10EE800091050801A000884085848801C00088A001
:10EE9000A08902008408419084C09000040004000E
:10EEA000050000000000000000804000000000009D
:10EEB000000000000000000000008003800000004F
:10EEC00000800000000000000000C01088008800E2
:10EED00083800500410408050820000010000000A0
:10EEE0000300000000020000038003000003800014
:10EEF000110083A1000080002100830000020000B7
:10EF0000A180038900030000800083C10302000088
:10EF10008500210382040380900982800000800024
:10EF200080008900000000000000000000000000D8
:10EF30000000000000000000000000000080000051
:10EF400000800000000000000000000000008000C1
:10EF50000080800000880821002100880000000057
:10EF600040000083000000000000900300830000C8
:10EF7000000002830083000000C0008080030000C6
:10EF8000008088898003000000004189000300821E
:10EF900000894002800541210041031040820003A6
:10EFA00000022021004100000000000000000000DD
:10EFB0000000000000000000000000000000001041
:10EFC0000020008400A0000000000000000000906D
:10EFD0008200888410820003019000820083000078
:10EFE00000000000008900000008C040C140008906
:10EFF0000082009000400083880800100040884193
:10F0000000A08802212188910040A08208210009E7
:10F010000008A002108888A00021002000050140FF
:10F0200000000001000000000000000000000000DF
:10F0300000000000000000000000000000000000D0
:10F040008840840008000810000000000000000054
:10F0500090000800200240A00120000101000100F2
:10F060000000000000000000000009000888C00047
:10F07000A08883418402C00008200101000800002C
:10F0800000008901A088C00002A0918941889000F9
:10F0900040402000C0000200C090040003894000EE
:10F0A000212000000082000000200000000000007D
:10F0B0000000000000000000000000000000000050
:10F0C00000000000000000000080000000000000C0
:10F0D00000008040000080800080100003031021A9
:10F0E000100000000000000000000000031111806B
:10F0F0008000008083020000910000800310000067
:10F10000000008000910008080000000038884913E
:10F11000000080808003004100040041051182202E
:10F120008211900000040080000000000000000038
:10F1300000000000000000000000000000000000CF
:10F14000000000000000000000004200000000007D
:10F1500000000000000000000000418400000000EA
:10F1600000008200210000130000000000002100C8
:10F1700000130000060000000000000041001242E1
:10F180000013C200210082840013C2000084128890
:10F190000013C20081002100001300000084004120
:10F1A0000000C200000000410000C2004200000058
:10F1B000000000000000000000000000000000004F
:10F1C000000000000000000000000000000000003F
:10F1D00000000000000000000000000000000082AD
:10F1E0000000BCBC3E3E00000000FFFF000000002D
:10F1F000FFFFFF00FFFFFF00FFFFF0F0FFFFFF003A
:10F20000FFFFC3C3FFFFF0F00000FFFF000000FF9F
:10F21000000000FF000000FF0000000000000000F0
:10F220005F0F1E1E0F3C1E3C00000000141FFF1F3E
:10F2300000000000000000000000000000000000CE
:10F2400000000000000000000000000000000000BE
:10F2500000000000000000000000000000000000AE
:10F260000101030300A00A0A00000000FFFFFFFFE6
:10F270000000FFFFFF00FFFFFF00FFFFF0F0FFFFB8
:10F28000FF00FFFFC3C3FFFFF0F00000FFFF00001F
:10F2900000FF000000FF000000FF000000008000F1
:10F2A0000000550014140F0F1E1E00000000141F54
:10F2B000FF1F000000000000000000000000000030
:10F2C000000000000000000000000000000000003E
:10F2D0000000000000000000000000000000F0FF3F
:10F2E000FFFC00C0C0C00C000000C3C3C3C30F0FAD
:10F2F000FFFF0000C3C3FFFF00FFFFFF00FFFFFF92
:10F3000000FFFFFFC3C3FFFFFF000000FF0000007E
:10F31000FF000000FF0000005555FFFF0000000047
:10F32000EBEBEB28FF07FFD7AAAAE8F000000000EC
:10F330000000FFFF000000000000000000000000CF
:10F3400000000000000000000000000000000000BD
:10F3500000000000000000000000000000000000AD
:10F36000F0FFFFFC00C0C0C008000000C3C3C3C35F
:10F370000F0FFFFF0000C3C3FFFF00FFFFFF00FFF1
:10F38000FFFF00FFFFFFC3C3FFFFFF000000FF0000
:10F390000000FF000000FF0000005555FFFF0000C7
:10F3A000000028282828F8002800E8F0E8F00000ED
:10F3B00000000000FFFF000000000000000000004F
:10F3C00000000000000000000000000000000086B7
:10F3D000006000B000000000000000000000008697
:10F3E000006000B000A000860C6000B8000000863D
:10F3F00001E003944D40000002C70100038449402E
:10F4000002C7016000B44940A2C701FC0194514009
:10F41000C0C6C08C31804903C0C7C08C31A0410335
:10F4200000860080018000000086007400B00000AB
:10F430000086007C00B08000000000100800000082
:10F44000000000800100000000000000000000003B
:10F4500000100000FFFFFFFF0000000000000000A0
:10F46000C0C048482800EB0000000000FFFFFFFF7D
:10F4700000000000FFFF00000000FFFFB2F03C3C76
:10F48000FFFFFFFFFFFFFFFFFFFF000000000A0C70
:10F49000FFFCF8FA28AA000C554DBAFA8ACAFCBC3F
:10F4A000FFBEBFAF1505008EFFCF000004000000B7
:10F4B000000000000000000000000000000000004C
:10F4C000010000000020000000000000000000001B
:10F4D0000000000000005FFFDFDF00000000000010
:10F4E0000000C0C00C4800007D0000000000FFFAD2
:10F4F000FBFB00000000FFFF00000000FFFFF0F03A
:10F500003C3DFEFFDFDF5FFFFFEBFBFB0000000089
:10F510000A0C0A0CD0D2008200CF55CF30F000C0C8
:10F52000FFBEFFBE3C003C00008E008E00000000CD
:10F53000200000000000000000000000004000006B
:10F5400000000000000000000000020000000000B9
:10F550000000000000000000F5AA3C3C0000000094
:10F560000000000000000000FFFFAF0F00000000DF
:10F570000000000000000000000000000000FFFF8D
:10F58000FF103F5F3F3F00000000FFF5BDBD0000E2
:10F5900000003C0FFF0FEB2B2B2B2C2C2CFFBCA0C7
:10F5A000BEAA070707FFFFCF7040040404F700005E
:10F5B00000000000F0F0000000000000400000002B
:10F5C00000000000000240000000000000000000F9
:10F5D00000000000000000000000F5AA3C3C000014
:10F5E0000000000000000AFF0A3C55FF2D0F00003C
:10F5F000000000000000000000000000000000000B
:10F60000FFEFFF003F3F3F3F00000000FFFFFCFC1B
:10F6100000000000000F000FFF000000202020F37A
:10F620001C001E0A020202FA70407040343434F7A3
:10F6300000000000000080F0000000000000410019
:10F6400000000000000000000000000000000000BA
:10F6500000000000000000000000000000000000AA
:10F66000000000000000000000000000000000009A
:10F67000009000000000000000900000000000006A
:10F680000000000000000000000021000000210038
:10F690002000000000000000210000000000000029
:10F6A0004000210000002100110021001100040091
:10F6B00021000000111000000400000020002000C4
:10F6C000200000000000000000000000000000001A
:10F6D000000000000000000000000000000000002A
:10F6E000000000000000000000000000000000001A
:10F6F000000000000000000000000000000000000A
:10F7000000000000000000000000000000000000F9
:10F71000000000000000000000000000A000000049
:10F7200000000000000000000000000000000000D9
:10F73000A000000000000000000000000000000029
:10F7400000000000000000000000000000000000B9
:10F7500000000000000000000000000000000000A9
:10F760000000000000000000000000000000000099
:10F770000000000000000000000000000000000089
:10F780000000000000000000000000000000000079
:10F790000000000000000000000000000000000069
:10F7A0000000000000000000000000000000000059
:10F7B0000000000000000000000000000000000049
:10F7C0000000000000000000000000000000000039
:10F7D0000000000000000000000000000000000029
:10F7E0000000000000000000001000000000000009
:10F7F00000000000001000000000000000100000E9
:10F8000000000000000000000000001000000000E8
:10F8100000000000000000080000000000000010D0
:10F8200000000000000000000000001000210000A7
:10F83000000000210021000000080000000000106E
:10F84000001000210000000800000000000000007F
:10F850000000000000000000000000000000001098
:10F860000000000000000000000000000000000098
:10F870000000000000000000000000000000000286
:10F8800000820000000000000000000000000000F6
:10F890000000050000000000000000100000000053
:10F8A0000000001000000000001000000000000038
:10F8B0000000000000000000000000000000000840
:10F8C0000000000000100008000000000000000020
:10F8D0000000000000000000000000000000000028
:10F8E00000000000000000000000000000030021F4
:10F8F00000050005000000000000000200020000FA
:10F9000000000000000800080000000000000000E7
:10F9100000000000000500100021000000000000B1
:10F9200000000008000800100000000800000000AF
:10F9300000008408820084100408C0088400840049
:10F9400000000000000000000000000000000000B7
:10F9500000000000000000000000000000000000A7
:10F960000000000000000000000000000000000097
:10F970000000000000000000000000000000000087
:10F980000000000000000000000000000000000077
:10F990000000000000000000000000000000000067
:10F9A000000000001100040011000400020000002B
:10F9B00009000000000000000000000000900000AE
:10F9C00000000000400000000000110010000000D6
:10F9D0000000000000000000000000000000000027
:10F9E0000000000000000000000000000000000017
:10F9F0000000000000000000000000000000000007
:10FA000000000000000000000000000000000000F6
:10FA100000000000000000000000000000000000E6
:10FA200000000000000000000000000000000000D6
:10FA300000000000000000000000000000000000C6
:10FA40000000002000000000000000000000000096
:10FA500000000000000000000000000000000000A6
:10FA60000000000000000000000000000000000096
:10FA70000000000000000000000000000000000086
:10FA80000000000000000000000000000000000076
:10FA90000000000000000000000000000000000066
:10FAA0000000000000000000000000000000000056
:10FAB0000000000005000000001000000000000031
:10FAC0000000000000000000000000000000000036
:10FAD0000000000000100000000500000000000011
:10FAE00000100000000000000000000300110000F2
:10FAF0009000000000000000000000050000000071
:10FB000000004000000000000002000300000000B0
:10FB100000000000000500210010000000000000AF
:10FB200000100005000000000003000000000000BD
:10FB3000002100000000000000200000C0000000C4
:10FB4000C00810000200842100058421000000008C
:10FB50000021100000000000000000000000000074
:10FB60000000000000000000000000000000000095
:10FB70000000000000000000000000000000000085
:10FB80000020000000000000000000000000000055
:10FB90000000000000004000000000000000000025
:10FBA000001000000000008200000088000000C07B
:10FBB00040000000090000001100001000001000CB
:10FBC00009000000400000000000000000000000EC
:10FBD00000020200004000000000000000000000E1
:10FBE0000000000000000000000000000000000015
:10FBF00000004002000000000000000000000000C3
:10FC000000000000000000000000000000000000F4
:10FC100000000000000000000000000000000000E4
:10FC200000000000000000000000000000000000D4
:10FC300000000000000000000000000000000000C4
:10FC400000000000000000000000000000000000B4
:10FC500000000000000000000000000000000000A4
:10FC60000000000000000000000000000000000094
:10FC70000000000000000000000000000000000084
:10FC80000000000000000000000000000000000074
:10FC90000000000000000000000000000000000064
:10FCA0000000000000000000000000000000000054
:10FCB0000000000000000000000000000000000044
:10FCC0000000000000000000000000000000000034
:10FCD0000000000000000000000000000000000024
:10FCE0000000000000000000000000000000000014
:10FCF0000000000000000000000000000000000004
:10FD000000000000000000000000000000000000F3
:10FD100000000000000000000000000000000000E3
:10FD200000000000000000000000000000000000D3
:10FD300000000000000000000000000000000000C3
:10FD400000000000000000000000000000000000B3
:10FD500000000000000000000000000000000000A3
:10FD60000000000000000000000000000000000093
:10FD70000000000000000000000000000000000083
:10FD80000000000000000000000000000000000073
:10FD90000000000000000000000000000000000063
:10FDA0000000000000000100000000000000010051
:10FDB0000000000000000000000000000000000043
:10FDC0000000000000000000000000000000000033
:10FDD0000000000000000000000000000000000023
:10FDE0000000000000000000000000000000000013
:10FDF0000000000000000000000000000000000003
:10FE000000000000000000000000000000000000F2
:10FE100000000000000000000000000000000000E2
:10FE200000000000000000001000000000000000C2
:10FE300010000000000000000000000000000000B2
:10FE400000000000000000000000000000000000B2
:10FE500000000000000000000000000000000000A2
:10FE60000000000000000000000000000000000092
:10FE70000000000000000000000000000000000082
:10FE80000000000000000000000000000000000072
:10FE90000000000000000000000000000000000062
:10FEA0000000000000000000000000000000000052
:10FEB0000000000000000000000000000000000042
:10FEC0000000000000000000000000000000000032
:10FED0000000000000000000000000000000000022
:10FEE0000000000000000000000000000000000012
:10FEF0000000000000000000000000000000000002
:10FF000000000000000000000000000000000000F1
:10FF100000000000000000000000000000000000E1
:10FF200000000000000000000000000000000000D1
:10FF300000000000000000000000000000000000C1
:10FF400000000000000000000000000000000000B1
:10FF500000000000000000000000000000000000A1
:10FF60000000000000000000000000000000000091
:10FF70000000000000000000000000000000000081
:10FF80000000000000000000000000000000000071
:10FF90000000000000000000000000000000000061
:10FFA0000000000000000000000000000000000051
:10FFB0000000000000000000000000000000000041
:10FFC0000000000000000000000000000000000031
:10FFD0000000000000000000000000000000000021
:10FFE0000000000000000000000000000000000011
:10FFF0000000000000000000000000000000000001
:020000040004F6
:1000000000000000000000000000000000000000F0
:1000100000000000000000000000000000000000E0
:1000200000000000000000000000000000000000D0
:1000300000000000000000000000000000000000C0
:1000400000000000000000000000000000000000B0
:1000500000000000000000000000000000000000A0
:100060000000000000000000000000000000000090
:100070000000000000000000000000000000000080
:100080000000000000000000000000000000000070
:100090000000000000000000000000000000000060
:1000A0000000000000000000000000000000000050
:1000B0000000000000000000000000000000000040
:1000C0000000000000000000000000000000000030
:1000D0000000000000000000000000000000000020
:1000E0000000000000000000000000000000000010
:1000F0000000000000000000000000000000000000
:1001000000000000000000000000000000000000EF
:1001100000000000000000000000000000000000DF
:1001200000000000000000000000000000000000CF
:1001300000000000000000000000000000000000BF
:1001400000000000000000000000000000000000AF
:10015000000000000000000000000000000000009F
:10016000000000000000000000000000000000008F
:10017000000000000000000000000000000000007F
:10018000000000000000000000000000000000006F
:10019000000000000000000000000000000000005F
:1001A000000000000000000000000000000000004F
:1001B000000000000000000000000000000000003F
:1001C000000000000000000000000000000000002F
:1001D000000000000000000000000000000000001F
:1001E000000000000000000000000000000000000F
:1001F00000000000000000000000000000000000FF
:1002000000000000000000000000000000000000EE
:1002100000000000000000000000000000000000DE
:1002200000000000000000000000000000000000CE
:1002300000000000000000000000000000000000BE
:1002400000000000000000000000000000000000AE
:10025000000000000000000000000000000000009E
:10026000000000000000000000000000000000008E
:10027000000000000000000000000000000000007E
:10028000000000000000000000000000000000006E
:10029000000000000000000000000000000000005E
:1002A000000000000000000000000000000000004E
:1002B000000000000000000000000000000000003E
:1002C000000000000000000000000000000000002E
:1002D000000000000000000000000000000000001E
:1002E000000000000000000000000000000000000E
:1002F00000000000000000000000000000000000FE
:1003000000000000000000000000000000000000ED
:1003100000000000000000000000000000000000DD
:1003200000000000000000000000000000000000CD
:1003300000000000000000000000000000000000BD
:1003400000000000000000000000000000000000AD
:10035000000000000000000000000000000000009D
:10036000000000000000000000000000000000008D
:10037000000000000000000000000000000000007D
:10038000000000000000000000000000000000006D
:10039000000000000000000000000000000000005D
:1003A000000000000000000000000000000000004D
:1003B000000000000000000000000000000000003D
:1003C000000000000000000000000000000000002D
:1003D000000000000000000000000000000000001D
:1003E000000000000000000000000000000000000D
:1003F00000000000000000000000000000000000FD
:1004000000000000000000000000000000000000EC
:1004100000000000000000000000000000000000DC
:1004200000000000000000000000000000000000CC
:1004300000000000000000000000000000000000BC
:10044000000000200000000000000020000000006C
:10045000000000000000000000000000000000009C
:10046000000000000000000000000000000000008C
:10047000000000000000000000000000000000007C
:10048000000000000000000000000000000000006C
:10049000000000000000000000000000000000005C
:1004A000000000000000000000000000000000004C
:1004B000000000000000000000000000000000003C
:1004C000000000000000000002000000000000002A
:1004D000020000000000000000000000000000001A
:1004E000000000000000000000000000000000000C
:1004F00000000000000000000000000000000000FC
:1005000000000000000000000000000000000000EB
:1005100000000000000000000000000000000000DB
:1005200000000000000000000000000000000000CB
:1005300000000000000000000000000000000000BB
:1005400000000000000000000100000000000000AA
:10055000010000000000000000000000000000009A
:10056000000000000000000000000000000000008B
:10057000000000000000000000000000FFFFFFFF7F
:10058000FFFFFFFFFFFFFFFFFFFFFFFFFFFFFFFF7B
:10059000FFFFFFFFFFFFFFFFFFFFFFFFFFFFFFFF6B
:1005A000FFFFFFFFFFFFFFFFFFFFFFFFFFFFFFFF5B
:1005B000FFFFFFFFFFFFFFFFFFFFFFFFFFFFFFFF4B
:1005C000FFFFFFFFFFFFFFFFFFFFFFFFFFFFFFFF3B
:1005D000FFFFFFFFFFFFFFFFFFFFFFFFFFFFFFFF2B
:1005E000FFFFFFFFFFFFFFFFFFFFFFFFFFFFFFFF1B
:1005F000FFFFFFFFFFFFFFFFFFFFFFFFFFFFFFFF0B
:10060000FFFFFFFFFFFFFFFFFFFFFFFFFFFFFFFFFA
:10061000FFFFFFFFFFFFFFFFFFFFFFFFFFFFFFFFEA
:10062000FFFFFFFFFFFFFFFFFFFFFFFFFFFFFFFFDA
:10063000FFFFFFFFFFFFFFFFFFFFFFFFFFFFFFFFCA
:10064000FFFFFFFFFFFFFFFFFFFFFFFFFFFFFFFFBA
:10065000FFFFFFFFFFFFFFFFFFFFFFFFFFFFFFFFAA
:10066000FFFFFFFFFFFFFFFFFFFFFFFFFFFFFFFF9A
:10067000FFFFFFFFFFFFFFFFFFFFFFFFFFFFFFFF8A
:10068000000000000000000000000000000000006A
:10069000000000000000000000000000000000005A
:1006A000000000000000000000000000000000004A
:1006B000000000000000000000000000000000003A
:1006C000000000000000000000000000000000002A
:1006D000000000000000000000000000000000001A
:1006E000000000000000000000000000000000000A
:1006F00000000000000000000000000000000000FA
:1007000000000000000000000000000000000000E9
:1007100000000000000000000000000000000000D9
:1007200000000000000000000000000000000000C9
:1007300000000000000000000000000000000000B9
:1007400000000000000000000000000000000000A9
:100750000000000000000000000000000000000099
:100760000000000000000000000000000000000089
:100770000000000000000000000000000000000079
:100780000000000000000000000000000000000069
:100790000000000000000000000000000000000059
:1007A0000000000000000000000000000000000049
:1007B0000000000000000000000000000000000039
:1007C0000000000000000000000000000000000029
:1007D0000000000000000000000000000000000019
:1007E0000000000000000000000000000000000009
:1007F00000000000000000000000000000000000F9
:1008000000000000000000000000000000000000E8
:1008100000000000000000000000000000000000D8
:1008200000000000000000000000000000000000C8
:1008300000000000000000000000000000000000B8
:1008400000000000000000000000000000000000A8
:100850000000000000000000000000000000000098
:100860000000000000000000000000000000000088
:100870000000000000000000000000000000000078
:100880000000000000000000000000000000000068
:100890000000000000000000000000000000000058
:1008A0000000000000000000000000000000000048
:1008B0000000000000000000000000000000000038
:1008C0000000000000000000000000000000000028
:1008D0000000000000000000000000000000000018
:1008E0000000000000000000000000000000000008
:1008F00000000000000000000000000000000000F8
:1009000000000000000000000000000000000000E7
:1009100000000000000000000000000000000000D7
:1009200000000000000000000000000000000000C7
:1009300000000000000000000000000000000000B7
:1009400000000000000000000000000000000000A7
:100950000000000000000000000000000000000097
:100960000000000000000000000000000000000087
:100970000000000000000000000000000000000077
:100980000000000000000000000000000000000067
:100990000000000000000000000000000000000057
:1009A0000000000000000000000000000000000047
:1009B0000000000000000000000000000000000037
:1009C0000000000000000000000000000000000027
:1009D0000000000000000000000000000000000017
:1009E0000000000000000000000000000000000007
:1009F00000000000000000000000000000000000F7
:100A000000000000000000000000000000000000E6
:100A100000000000000000000000000000000000D6
:100A200000000000000000000000000000000000C6
:100A300000000000000000000000000000000000B6
:100A400000000000000000000000000000000000A6
:100A50000000000000000000000000000000000096
:100A60000000000000000000000000000000000086
:100A70000000000000000000000000000000000076
:100A80000000000000000000000000000000000066
:100A90000000000000000000000000000000000056
:100AA0000000000000000000000000000000000046
:100AB0000000000000000000000000000000000036
:100AC0000000000000000000000000000000000026
:100AD0000000000000000000000000000000000016
:100AE0000000000000000000000000000000000006
:100AF00000000000000000000000000000000000F6
:100B000000000000000000000000000000000000E5
:100B100000000000000000000000000000000000D5
:100B200000000000000000000000000000000000C5
:100B300000000000000000000000000000000000B5
:100B400000000000000000000000000000000000A5
:100B50000000000000000000000000000000000095
:100B60000000000000000000000000000000000085
:100B70000000000000000000000000000000000075
:100B80000000000000000000000000000000000065
:100B90000000000000000000000000000000000055
:100BA0000000000000000000000000000000000045
:100BB0000000000000000000000000000000000035
:100BC0000000000000000000000000000000000025
:100BD0000000000000000000000000000000000015
:100BE0000000000000000000000000000000000005
:100BF00000000000000000000000000000000000F5
:100C000000000000000000000000000000000000E4
:100C100000000000000000000000000000000000D4
:100C200000000000000000000000000000000000C4
:100C300000000000000000000000000000000000B4
:100C400000000000000000000000000000000000A4
:100C50000000000000000000000000000000000094
:100C60000000000000000000000000000000000084
:100C70000000000000000000000000000000000074
:100C80000000000000000000000000000000000064
:100C90000000000000000000000000000000000054
:100CA0000000000000000000000000000000000044
:100CB0000000000000000000000000000000000034
:100CC0000000000000000000000000000000000024
:100CD0000000000000000000000000000000000014
:100CE0000000000000000000000000000000000004
:100CF00000000000000000000000000000000000F4
:100D000000000000000000000000000000000000E3
:100D100000000000000000000000000000000000D3
:100D200000000000000000000000000000000000C3
:100D300000000000000000000000000000000000B3
:100D400000000000000000000000000000000000A3
:100D50000000000000000000000000000000000093
:100D60000000000000000000000000000000000083
:100D70000000000000000000000000000000000073
:100D80000000000000000000000000000000000063
:100D90000000000000000000000000000000000053
:100DA0000000000000000000000000000000000043
:100DB0000000000000000000000000000000000033
:100DC0000000000000000000000000000000000023
:100DD0000000000000000000000000000000000013
:100DE0000000000000000000000000000000000003
:100DF00000000000000000000000000000000000F3
:100E000000000000000000000000000000000000E2
:100E100000000000000000000000000000000000D2
:100E200000000000000000000000000000000000C2
:100E300000000000000000000000000000000000B2
:100E400000000000000000000000000000000000A2
:100E50000000000000000000000000000000000092
:100E60000000000000000000000000000000000082
:100E70000000000000000000000000000000000072
:100E80000000000000000000000000000000000062
:100E90000000000000000000000000000000000052
:100EA0000000000000000000000000000000000042
:100EB0000000000000000000000000000000000032
:100EC0000000000000000000000000000000000022
:100ED0000000000000000000000000000000000012
:100EE0000000000000000000000000000000000002
:100EF00000000000000000000000000000000000F2
:100F000000000000000000000000000000000000E1
:100F100000000000000000000000000000000000D1
:100F200000000000000000000000000000000000C1
:100F300000000000000000000000000000000000B1
:100F400000000000000000000000000000000000A1
:100F50000000000000000000000000000000000091
:100F60000000000000000000000000000000000081
:100F70000000000000000000000000000000000071
:100F80000000000000000000000000000000000061
:100F90000000000000000000000000000000000051
:100FA0000000000000000000000000000000000041
:100FB0000000000000000000000000000000000031
:100FC0000000000000000000000000000000000021
:100FD0000000000000000000000000000000000011
:100FE0000000000000000000000000000000000001
:100FF00000000000000000000000000000000000F1
:1010000000000000000000000000000000000000E0
:1010100000000000000000000000000000000000D0
:1010200000000000000000000000000000000000C0
:1010300000000000000000000000000000000000B0
:1010400000000000000000000000000000000000A0
:101050000000000000000000000000000000000090
:101060000000000000000000000000000000000080
:101070000000000000000000000000000000000070
:101080000000000000000000000000000000000060
:101090000000000000000000000000000000000050
:1010A0000000000000000000000000000000000040
:1010B0000000000000000000000000000000000030
:1010C0000000000000000000000000000000000020
:1010D0000000000000000000000000000000000010
:1010E0000000000000000000000000000000000000
:1010F00000000000000000000000000000000000F0
:1011000000000000000000000000000000000000DF
:1011100000000000000000000000000000000000CF
:1011200000000000000000000000000000000000BF
:1011300000000000000000000000000000000000AF
:10114000000000000000000000000000000000009F
:10115000000000000000000000000000000000008F
:10116000000000000000000000000000000000007F
:10117000000000000000000000000000000000006F
:10118000000000000000000000000000000000005F
:10119000000000000000000000000000000000004F
:1011A000000000000000000000000000000000003F
:1011B000000000000000000000000000000000002F
:1011C000000000000000000000000000000000001F
:1011D000000000000000000000000000000000000F
:1011E00000000000000000000000000000000000FF
:1011F00000000000000000000000000000000000EF
:1012000000000000000000000000000000000000DE
:1012100000000000000000000000000000000000CE
:1012200000000000000000000000000000000000BE
:1012300000000000000000000000000000000000AE
:10124000000000000000000000000000000000009E
:10125000000000000000000000000000000000008E
:10126000000000000000000000000000000000007E
:10127000000000000000000000000000000000006E
:10128000000000000000000000000000000000005E
:10129000000000000000000000000000000000004E
:1012A000000000000000000000000000000000003E
:1012B000000000000000000000000000000000002E
:1012C000000000000000000000000000000000001E
:1012D000000000000000000000000000000000000E
:1012E00000000000000000000000000000000000FE
:1012F00000000000000000000000000000000000EE
:1013000000000000000000000000000000000000DD
:1013100000000000000000000000000000000000CD
:1013200000000000000000000000000000000000BD
:1013300000000000000000000000000000000000AD
:10134000000000000000000000000000000000009D
:10135000000000000000000000000000000000008D
:10136000000000000000000000000000000000007D
:10137000000000000000000000000000000000006D
:10138000000000000000000000000000000000005D
:10139000000000000000000000000000000000004D
:1013A000000000000000000000000000000000003D
:1013B000000000000000000000000000000000002D
:1013C000000000000000000000000000000000001D
:1013D000000000000000000000000000000000000D
:1013E00000000000000000000000000000000000FD
:1013F00000000000000000000000000000000000ED
:1014000000000000000000000000000000000000DC
:1014100000000000000000000000000000000000CC
:1014200000000000000000000000000000000000BC
:1014300000000000000000000000000000000000AC
:10144000000000000000000000000000000000009C
:10145000000000000000000000000000000000008C
:10146000000000000000000000000000000000007C
:10147000000000000000000000000000000000006C
:10148000000000000000000000000000000000005C
:10149000000000000000000000000000000000004C
:1014A000000000000000000000000000000000003C
:1014B000000000000000000000000000000000002C
:1014C000000000000000000000000000000000001C
:1014D000000000000000000000000000000000000C
:1014E00000000000000000000000000000000000FC
:1014F00000000000000000000000000000000000EC
:1015000000000000000000000000000000000000DB
:1015100000000000000000000000000000000000CB
:1015200000000000000000000000000000000000BB
:1015300000000000000000000000000000000000AB
:10154000000000000000000000000000000000009B
:10155000000000000000000000000000000000008B
:10156000000000000000000000000000000000007B
:10157000000000000000000000000000000000006B
:10158000000000000000000000000000000000005B
:10159000000000000000000000000000000000004B
:1015A000000000000000000000000000000000003B
:1015B000000000000000000000000000000000002B
:1015C000000000000000000000000000000000001B
:1015D000000000000000000000000000000000000B
:1015E00000000000000000000000000000000000FB
:1015F00000000000000000000000000000000000EB
:1016000000000000000000000000000000000000DA
:1016100000000000000000000000000000000000CA
:1016200000000000000000000000000000000000BA
:1016300000000000000000000000000000000000AA
:10164000000000000000000000000000000000009A
:10165000000000000000000000000000000000008A
:10166000000000000000000000000000000000007A
:10167000000000000000000000000000000000006A
:10168000000000000000000000000000000000005A
:10169000000000000000000000000000000000004A
:1016A000000000000000000000000000000000003A
:1016B000000000000000000000000000000000002A
:1016C000000000000000000000000000000000001A
:1016D000000000000000000000000000000000000A
:1016E00000000000000000000000000000000000FA
:1016F00000000000000000000000000000000000EA
:1017000000000000000000000000000000000000D9
:1017100000000000000000000000000000000000C9
:1017200000000000000000000000000000000000B9
:1017300000000000000000000000000000000000A9
:101740000000000000000000000000000000000099
:101750000000000000000000000000000000000089
:101760000000000000000000000000000000000079
:101770000000000000000000000000000000000069
:101780000000000000000000000000000000000059
:101790000000000000000000000000000000000049
:1017A0000000000000000000000000000000000039
:1017B0000000000000000000000000000000000029
:1017C0000000000000000000000000000000000019
:1017D0000000000000000000000000000000000009
:1017E00000000000000000000000000000000000F9
:1017F00000000000000000000000000000000000E9
:1018000000000000000000000000000000000000D8
:1018100000000000000000000000000000000000C8
:1018200000000000000000000000000000000000B8
:1018300000000000000000000000000000000000A8
:101840000000000000000000000000000000000098
:101850000000000000000000000000000000000088
:101860000000000000000000000000000000000078
:101870000000000000000000000000000000000068
:101880000000000000000000000000000000000058
:101890000000000000000000000000000000000048
:1018A0000000000000000000000000000000000038
:1018B0000000000000000000000000000000000028
:1018C0000000000000000000000000000000000018
:1018D0000000000000000000000000000000000008
:1018E00000000000000000000000000000000000F8
:1018F00000000000000000000000000000000000E8
:1019000000000000000000000000000000000000D7
:1019100000000000000000000000000000000000C7
:1019200000000000000000000000000000000000B7
:1019300000000000000000000000000000000000A7
:101940000000000000000000000000000000000097
:101950000000000000000000000000000000000087
:101960000000000000000000000000000000000077
:101970000000000000000000000000000000000067
:101980000000000000000000000000000000000057
:101990000000000000000000000000000000000047
:1019A0000000000000000000000000000000000037
:1019B0000000000000000000000000000000000027
:1019C0000000000000000000000000000000000017
:1019D0000000000000000000000000000000000007
:1019E00000000000000000000000000000000000F7
:1019F00000000000000000000000000000000000E7
:101A000000000000000000000000000000000000D6
:101A100000000000000000000000000000000000C6
:101A200000000000000000000000000000000000B6
:101A300000000000000000000000000000000000A6
:101A40000000000000000000000000000000000096
:101A50000000000000000000000000000000000086
:101A60000000000000000000000000000000000076
:101A70000000000000000000000000000000000066
:101A80000000000000000000000000000000000056
:101A90000000000000000000000000000000000046
:101AA0000000000000000000000000000000000036
:101AB0000000000000000000000000000000000026
:101AC0000000000000000000000000000000000016
:101AD0000000000000000000000000000000000006
:101AE00000000000000000000000000000000000F6
:101AF00000000000000000000000000000000000E6
:101B000000000000000000000000000000000000D5
:101B100000000000000000000000000000000000C5
:101B200000000000000000000000000000000000B5
:101B300000000000000000000000000000000000A5
:101B40000000000000000000000000000000000095
:101B50000000000000000000000000000000000085
:101B60000000000000000000000000000000000075
:101B70000000000000000000000000000000000065
:101B80000000000000000000000000000000000055
:101B90000000000000000000000000000000000045
:101BA0000000000000000000000000000000000035
:101BB0000000000000000000000000000000000025
:101BC0000000000000000000000000000000000015
:101BD0000000000000000000000000000000000005
:101BE00000000000000000000000000000000000F5
:101BF00000000000000000000000000000000000E5
:101C000000000000000000000000000000000000D4
:101C100000000000000000000000000000000000C4
:101C200000000000000000000000000000000000B4
:101C300000000000000000000000000000000000A4
:101C40000000000000000000000000000000000094
:101C50000000000000000000000000000000000084
:101C60000000000000000000000000000000000074
:101C70000000000000000000000000000000000064
:101C80000000000000000000000000000000000054
:101C90000000000000000000000000000000000044
:101CA0000000000000000000000000000000000034
:101CB0000000000000000000000000000000000024
:101CC0000000000000000000000000000000000014
:101CD0000000000000000000000000000000000004
:101CE00000000000000000000000000000000000F4
:101CF00000000000000000000000000000000000E4
:101D000000000000000000000000000000000000D3
:101D100000000000000000000000000000000000C3
:101D200000000000000000000000000000000000B3
:101D300000000000000000000000000000000000A3
:101D40000000000000000000000000000000000093
:101D50000000000000000000000000000000000083
:101D60000000000000000000000000000000000073
:101D70000000000000000000000000000000000063
:101D80000000000000000000000000000000000053
:101D90000000000000000000000000000000000043
:101DA0000000000000000000000000000000000033
:101DB0000000000000000000000000000000000023
:101DC0000000000000000000000000000000000013
:101DD0000000000000000000000000000000000003
:101DE00000000000000000000000000000000000F3
:101DF00000000000000000000000000000000000E3
:101E000000000000000000000000000000000000D2
:101E100000000000000000000000000000000000C2
:101E200000000000000000000000000000000000B2
:101E300000000000000000000000000000000000A2
:101E40000000000000000000000000000000000092
:101E50000000000000000000000000000000000082
:101E60000000000000000000000000000000000072
:101E70000000000000000000000000000000000062
:101E80000000000000000000000000000000000052
:101E90000000000000000000000000000000000042
:101EA0000000000000000000000000000000000032
:101EB0000000000000000000000000000000000022
:101EC0000000000000000000000000000000000012
:101ED0000000000000000000000000000000000002
:101EE00000000000000000000000000000000000F2
:101EF00000000000000000000000000000000000E2
:101F000000000000000000000000000000000000D1
:101F100000000000000000000000000000000000C1
:101F200000000000000000000000000000000000B1
:101F300000000000000000000000000000000000A1
:101F40000000000000000000000000000000000091
:101F50000000000000000000000000000000000081
:101F60000000000000000000000000000000000071
:101F70000000000000000000000000000000000061
:101F80000000000000000000000000000000000051
:101F90000000000000000000000000000000000041
:101FA0000000000000000000000000000000000031
:101FB0000000000000000000000000000000000021
:101FC0000000000000000000000000000000000011
:101FD0000000000000000000000000000000000001
:101FE00000000000000000000000000000000000F1
:101FF00000000000000000000000000000000000E1
:1020000000000000000000000000000000000000D0
:1020100000000000000000000000000000000000C0
:1020200000000000000000000000000000000000B0
:1020300000000000000000000000000000000000A0
:102040000000000000000000000000000000000090
:102050000000000000000000000000000000000080
:102060000000000000000000000000000000000070
:102070000000000000000000000000000000000060
:102080000000000000000000000000000000000050
:102090000000000000000000000000000000000040
:1020A0000000000000000000000000000000000030
:1020B0000000000000000000000000000000000020
:1020C0000000000000000000000000000000000010
:1020D0000000000000000000000000000000000000
:1020E00000000000000000000000000000000000F0
:1020F00000000000000000000000000000000000E0
:1021000000000000000000000000000000000000CF
:1021100000000000000000000000000000000000BF
:1021200000000000000000000000000000000000AF
:10213000000000000000000000000000000000009F
:10214000000000000000000000000000000000008F
:10215000000000000000000000000000000000007F
:10216000000000000000000000000000000000006F
:10217000000000000000000000000000000000005F
:10218000000000000000000000000000000000004F
:10219000000000000000000000000000000000003F
:1021A000000000000000000000000000000000002F
:1021B000000000000000000000000000000000001F
:1021C000000000000000000000000000000000000F
:1021D00000000000000000000000000000000000FF
:1021E00000000000000000000000000000000000EF
:1021F00000000000000000000000000000000000DF
:1022000000000000000000000000000000000000CE
:1022100000000000000000000000000000000000BE
:1022200000000000000000000000000000000000AE
:10223000000000000000000000000000000000009E
:10224000000000000000000000000000000000008E
:10225000000000000000000000000000000000007E
:10226000000000000000000000000000000000006E
:10227000000000000000000000000000000000005E
:10228000000000000000000000000000000000004E
:10229000000000000000000000000000000000003E
:1022A000000000000000000000000000000000002E
:1022B000000000000000000000000000000000001E
:1022C000000000000000000000000000000000000E
:1022D00000000000000000000000000000000000FE
:1022E00000000000000000000000000000000000EE
:1022F00000000000000000000000000000000000DE
:1023000000000000000000000000000000000000CD
:1023100000000000000000000000000000000000BD
:1023200000000000000000000000000000000000AD
:10233000000000000000000000000000000000009D
:10234000000000000000000000000000000000008D
:10235000000000000000000000000000000000007D
:10236000000000000000000000000000000000006D
:10237000000000000000000000000000000000005D
:10238000000000000000000000000000000000004D
:10239000000000000000000000000000000000003D
:1023A000000000000000000000000000000000002D
:1023B000000000000000000000000000000000001D
:1023C000000000000000000000000000000000000D
:1023D00000000000000000000000000000000000FD
:1023E00000000000000000000000000000000000ED
:1023F00000000000000000000000000000000000DD
:1024000000000000000000000000000000000000CC
:1024100000000000000000000000000000000000BC
:1024200000000000000000000000000000000000AC
:10243000000000000000000000000000000000009C
:10244000000000000000000000000000000000008C
:10245000000000000000000000000000000000007C
:10246000000000000000000000000000000000006C
:10247000000000000000000000000000000000005C
:10248000000000000000000000000000000000004C
:10249000000000000000000000000000000000003C
:1024A000000000000000000000000000000000002C
:1024B000000000000000000000000000000000001C
:1024C000000000000000000000000000000000000C
:1024D00000000000000000000000000000000000FC
:1024E00000000000000000000000000000000000EC
:1024F00000000000000000000000000000000000DC
:1025000000000000000000000000000000000000CB
:1025100000000000000000000000000000000000BB
:1025200000000000000000000000000000000000AB
:10253000000000000000000000000000000000009B
:10254000000000000000000000000000000000008B
:10255000000000000000000000000000000000007B
:10256000000000000000000000000000000000006B
:10257000000000000000000000000000000000005B
:10258000000000000000000000000000000000004B
:10259000000000000000000000000000000000003B
:1025A000000000000000000000000000000000002B
:1025B000000000000000000000000000000000001B
:1025C000000000000000000000000000000000000B
:1025D00000000000000000000000000000000000FB
:1025E00000000000000000000000000000000000EB
:1025F00000000000000000000000000000000000DB
:1026000000000000000000000000000000000000CA
:1026100000000000000000000000000000000000BA
:1026200000000000000000000000000000000000AA
:10263000000000000000000000000000000000009A
:10264000000000000000000000000000000000008A
:10265000000000000000000000000000000000007A
:10266000000000000000000000000000000000006A
:10267000000000000000000000000000000000005A
:10268000000000000000000000000000000000004A
:10269000000000000000000000000000000000003A
:1026A000000000000000000000000000000000002A
:1026B000000000000000000000000000000000001A
:1026C000000000000000000000000000000000000A
:1026D00000000000000000000000000000000000FA
:1026E00000000000000000000000000000000000EA
:1026F00000000000000000000000000000000000DA
:1027000000000000000000000000000000000000C9
:1027100000000000000000000000000000000000B9
:1027200000000000000000000000000000000000A9
:102730000000000000000000000000000000000099
:102740000000000000000000000000000000000089
:102750000000000000000000000000000000000079
:102760000000000000000000000000000000000069
:102770000000000000000000000000000000000059
:102780000000000000000000000000000000000049
:102790000000000000000000000000000000000039
:1027A0000000000000000000000000000000000029
:1027B0000000000000000000000000000000000019
:1027C0000000000000000000000000000000000009
:1027D00000000000000000000000000000000000F9
:1027E00000000000000000000000000000000000E9
:1027F00000000000000000000000000000000000D9
:1028000000000000000000000000000000000000C8
:1028100000000000000000000000000000000000B8
:1028200000000000000000000000000000000000A8
:102830000000000000000000000000000000000098
:102840000000000000000000000000000000000088
:102850000000000000000000000000000000000078
:102860000000000000000000000000000000000068
:102870000000000000000000000000000000000058
:102880000000000000000000000000000000000048
:102890000000000000000000000000000000000038
:1028A0000000000000000000000000000000000028
:1028B0000000000000000000000000000000000018
:1028C0000000000000000000000000000000000008
:1028D00000000000000000000000000000000000F8
:1028E00000000000000000000000000000000000E8
:1028F00000000000000000000000000000000000D8
:1029000000000000000000000000000000000000C7
:1029100000000000000000000000000000000000B7
:1029200000000000000000000000000000000000A7
:102930000000000000000000000000000000000097
:102940000000000000000000000000000000000087
:102950000000000000000000000000000000000077
:102960000000000000000000000000000000000067
:102970000000000000000000000000000000000057
:102980000000000000000000000000000000000047
:102990000000000000000000000000000000000037
:1029A0000000000000000000000000000000000027
:1029B0000000000000000000000000000000000017
:1029C0000000000000000000000000000000000007
:1029D00000000000000000000000000000000000F7
:1029E00000000000000000000000000000000000E7
:1029F00000000000000000000000000000000000D7
:102A000000000000000000000000000000000000C6
:102A100000000000000000000000000000000000B6
:102A200000000000000000000000000000000000A6
:102A30000000000000000000000000000000000096
:102A40000000000000000000000000000000000086
:102A50000000000000000000000000000000000076
:102A60000000000000000000000000000000000066
:102A70000000000000000000000000000000000056
:102A80000000000000000000000000000000000046
:102A90000000000000000000000000000000000036
:102AA0000000000000000000000000000000000026
:102AB0000000000000000000000000000000000016
:102AC0000000000000000000000000000000000006
:102AD00000000000000000000000000000000000F6
:102AE00000000000000000000000000000000000E6
:102AF00000000000000000000000000000000000D6
:102B000000000000000000000000000000000000C5
:102B100000000000000000000000000000000000B5
:102B200000000000000000000000000000000000A5
:102B30000000000000000000000000000000000095
:102B40000000000000000000000000000000000085
:102B50000000000000000000000000000000000075
:102B60000000000000000000000000000000000065
:102B70000000000000000000000000000000000055
:102B80000000000000000000000000000000000045
:102B90000000000000000000000000000000000035
:102BA0000000000000000000000000000000000025
:102BB0000000000000000000000000000000000015
:102BC0000000000000000000000000000000000005
:102BD00000000000000000000000000000000000F5
:102BE00000000000000000000000000000000000E5
:102BF00000000000000000000000000000000000D5
:102C000000000000000000000000000000000000C4
:102C100000000000000000000000000000000000B4
:102C200000000000000000000000000000000000A4
:102C30000000000000000000000000000000000094
:102C40000000000000000000000000000000000084
:102C50000000000000000000000000000000000074
:102C60000000000000000000000000000000000064
:102C70000000000000000000000000000000000054
:102C80000000000000000000000000000000000044
:102C90000000000000000000000000000000000034
:102CA0000000000000000000000000000000000024
:102CB0000000000000000000000000000000000014
:102CC0000000000000000000000000000000000004
:102CD00000000000000000000000000000000000F4
:102CE00000000000000000000000000000000000E4
:102CF00000000000000000000000000000000000D4
:102D000000000000000000000000000000000000C3
:102D100000000000000000000000000000000000B3
:102D200000000000000000000000000000000000A3
:102D30000000000000000000000000000000000093
:102D40000000000000000000000000000000000083
:102D50000000000000000000000000000000000073
:102D60000000000000000000000000000000000063
:102D70000000000000000000000000000000000053
:102D80000000000000000000000000000000000043
:102D90000000000000000000000000000000000033
:102DA0000000000000000000000000000000000023
:102DB0000000000000000000000000000000000013
:102DC0000000000000000000000000000000000003
:102DD00000000000000000000000000000000000F3
:102DE00000000000000000000000000000000000E3
:102DF00000000000000000000000000000000000D3
:102E000000000000000000000000000000000000C2
:102E100000000000000000000000000000000000B2
:102E200000000000000000000000000000000000A2
:102E30000000000000000000000000000000000092
:102E40000000000000000000000000000000000082
:102E50000000000000000000000000000000000072
:102E60000000000000000000000000000000000062
:102E70000000000000000000000000000000000052
:102E80000000000000000000000000000000000042
:102E90000000000000000000000000000000000032
:102EA0000000000000000000000000000000000022
:102EB0000000000000000000000000000000000012
:102EC0000000000000000000000000000000000002
:102ED00000000000000000000000000000000000F2
:102EE00000000000000000000000000000000000E2
:102EF00000000000000000000000000000000000D2
:102F000000000000000000000000000000000000C1
:102F100000000000000000000000000000000000B1
:102F200000000000000000000000000000000000A1
:102F30000000000000000000000000000000000091
:102F40000000000000000000000000000000000081
:102F50000000000000000000000000000000000071
:102F60000000000000000000000000000000000061
:102F70000000000000000000000000000000000051
:102F80000000000000000000000000000000000041
:102F90000000000000000000000000000000000031
:102FA0000000000000000000000000000000000021
:102FB0000000000000000000000000000000000011
:102FC0000000000000000000000000000000000001
:102FD00000000000000000000000000000000000F1
:102FE00000000000000000000000000000000000E1
:102FF00000000000000000000000000000000000D1
:1030000000000000000000000000000000000000C0
:1030100000000000000000000000000000000000B0
:1030200000000000000000000000000000000000A0
:103030000000000000000000000000000000000090
:103040000000000000000000000000000000000080
:103050000000000000000000000000000000000070
:103060000000000000000000000000000000000060
:103070000000000000000000000000000000000050
:103080000000000000000000000000000000000040
:103090000000000000000000000000000000000030
:1030A0000000000000000000000000000000000020
:1030B0000000000000000000000000000000000010
:1030C0000000000000000000000000000000000000
:1030D00000000000000000000000000000000000F0
:1030E00000000000000000000000000000000000E0
:1030F00000000000000000000000000000000000D0
:1031000000000000000000000000000000000000BF
:1031100000000000000000000000000000000000AF
:10312000000000000000000000000000000000009F
:10313000000000000000000000000000000000008F
:10314000000000000000000000000000000000007F
:10315000000000000000000000000000000000006F
:10316000000000000000000000000000000000005F
:10317000000000000000000000000000000000004F
:10318000000000000000000000000000000000003F
:10319000000000000000000000000000000000002F
:1031A000000000000000000000000000000000001F
:1031B000000000000000000000000000000000000F
:1031C00000000000000000000000000000000000FF
:1031D00000000000000000000000000000000000EF
:1031E00000000000000000000000000000000000DF
:1031F00000000000000000000000000000000000CF
:1032000000000000000000000000000000000000BE
:1032100000000000000000000000000000000000AE
:10322000000000000000000000000000000000009E
:10323000000000000000000000000000000000008E
:10324000000000000000000000000000000000007E
:10325000000000000000000000000000000000006E
:10326000000000000000000000000000000000005E
:10327000000000000000000000000000000000004E
:10328000000000000000000000000000000000003E
:10329000000000000000000000000000000000002E
:1032A000000000000000000000000000000000001E
:1032B000000000000000000000000000000000000E
:1032C00000000000000000000000000000000000FE
:1032D00000000000000000000000000000000000EE
:1032E00000000000000000000000000000000000DE
:1032F00000000000000000000000000000000000CE
:1033000000000000000000000000000000000000BD
:1033100000000000000000000000000000000000AD
:10332000000000000000000000000000000000009D
:10333000000000000000000000000000000000008D
:10334000000000000000000000000000000000007D
:10335000000000000000000000000000000000006D
:10336000000000000000000000000000000000005D
:10337000000000000000000000000000000000004D
:10338000000000000000000000000000000000003D
:10339000000000000000000000000000000000002D
:1033A000000000000000000000000000000000001D
:1033B000000000000000000000000000000000000D
:1033C00000000000000000000000000000000000FD
:1033D00000000000000000000000000000000000ED
:1033E00000000000000000000000000000000000DD
:1033F00000000000000000000000000000000000CD
:1034000000000000000000000000000000000000BC
:1034100000000000000000000000000000000000AC
:10342000000000000000000000000000000000009C
:10343000000000000000000000000000000000008C
:10344000000000000000000000000000000000007C
:10345000000000000000000000000000000000006C
:10346000000000000000000000000000000000005C
:10347000000000000000000000000000000000004C
:10348000000000000000000000000000000000003C
:10349000000000000000000000000000000000002C
:1034A000000000000000000000000000000000001C
:1034B000000000000000000000000000000000000C
:1034C00000000000000000000000000000000000FC
:1034D00000000000000000000000000000000000EC
:1034E00000000000000000000000000000000000DC
:1034F00000000000000000000000000000000000CC
:1035000000000000000000000000000000000000BB
:1035100000000000000000000000000000000000AB
:10352000000000000000000000000000000000009B
:10353000000000000000000000000000000000008B
:10354000000000000000000000000000000000007B
:10355000000000000000000000000000000000006B
:10356000000000000000000000000000000000005B
:10357000000000000000000000000000000000004B
:10358000000000000000000000000000000000003B
:10359000000000000000000000000000000000002B
:1035A000000000000000000000000000000000001B
:1035B000000000000000000000000000000000000B
:1035C00000000000000000000000000000000000FB
:1035D00000000000000000000000000000000000EB
:1035E00000000000000000000000000000000000DB
:1035F00000000000000000000000000000000000CB
:1036000000000000000000000000000000000000BA
:1036100000000000000000000000000000000000AA
:10362000000000000000000000000000000000009A
:10363000000000000000000000000000000000008A
:10364000000000000000000000000000000000007A
:10365000000000000000000000000000000000006A
:10366000000000000000000000000000000000005A
:10367000000000000000000000000000000000004A
:10368000000000000000000000000000000000003A
:10369000000000000000000000000000000000002A
:1036A000000000000000000000000000000000001A
:1036B000000000000000000000000000000000000A
:1036C00000000000000000000000000000000000FA
:1036D00000000000000000000000000000000000EA
:1036E00000000000000000000000000000000000DA
:1036F00000000000000000000000000000000000CA
:1037000000000000000000000000000000000000B9
:1037100000000000000000000000000000000000A9
:103720000000000000000000000000000000000099
:103730000000000000000000000000000000000089
:103740000000000000000000000000000000000079
:103750000000000000000000000000000000000069
:103760000000000000000000000000000000000059
:103770000000000000000000000000000000000049
:103780000000000000000000000000000000000039
:103790000000000000000000000000000000000029
:1037A0000000000000000000000000000000000019
:1037B0000000000000000000000000000000000009
:1037C00000000000000000000000000000000000F9
:1037D00000000000000000000000000000000000E9
:1037E00000000000000000000000000000000000D9
:1037F00000000000000000000000000000000000C9
:1038000000000000000000000000000000000000B8
:1038100000000000000000000000000000000000A8
:103820000000000000000000000000000000000098
:103830000000000000000000000000000000000088
:103840000000000000000000000000000000000078
:103850000000000000000000000000000000000068
:103860000000000000000000000000000000000058
:103870000000000000000000000000000000000048
:103880000000000000000000000000000000000038
:103890000000000000000000000000000000000028
:1038A0000000000000000000000000000000000018
:1038B0000000000000000000000000000000000008
:1038C00000000000000000000000000000000000F8
:1038D00000000000000000000000000000000000E8
:1038E00000000000000000000000000000000000D8
:1038F00000000000000000000000000000000000C8
:1039000000000000000000000000000000000000B7
:1039100000000000000000000000000000000000A7
:103920000000000000000000000000000000000097
:103930000000000000000000000000000000000087
:103940000000000000000000000000000000000077
:103950000000000000000000000000000000000067
:103960000000000000000000000000000000000057
:103970000000000000000000000000000000000047
:103980000000000000000000000000000000000037
:103990000000000000000000000000000000000027
:1039A0000000000000000000000000000000000017
:1039B0000000000000000000000000000000000007
:1039C00000000000000000000000000000000000F7
:1039D00000000000000000000000000000000000E7
:1039E00000000000000000000000000000000000D7
:1039F00000000000000000000000000000000000C7
:103A000000000000000000000000000000000000B6
:103A100000000000000000000000000000000000A6
:103A20000000000000000000000000000000000096
:103A30000000000000000000000000000000000086
:103A40000000000000000000000000000000000076
:103A50000000000000000000000000000000000066
:103A60000000000000000000000000000000000056
:103A70000000000000000000000000000000000046
:103A80000000000000000000000000000000000036
:103A90000000000000000000000000000000000026
:103AA0000000000000000000000000000000000016
:103AB0000000000000000000000000000000000006
:103AC00000000000000000000000000000000000F6
:103AD00000000000000000000000000000000000E6
:103AE00000000000000000000000000000000000D6
:103AF00000000000000000000000000000000000C6
:103B000000000000000000000000000000000000B5
:103B100000000000000000000000000000000000A5
:103B20000000000000000000000000000000000095
:103B30000000000000000000000000000000000085
:103B40000000000000000000000000000000000075
:103B50000000000000000000000000000000000065
:103B60000000000000000000000000000000000055
:103B70000000000000000000000000000000000045
:103B80000000000000000000000000000000000035
:103B90000000000000000000000000000000000025
:103BA0000000000000000000000000000000000015
:103BB0000000000000000000000000000000000005
:103BC00000000000000000000000000000000000F5
:103BD00000000000000000000000000000000000E5
:103BE00000000000000000000000000000000000D5
:103BF00000000000000000000000000000000000C5
:103C000000000000000000000000000000000000B4
:103C100000000000000000000000000000000000A4
:103C20000000000000000000000000000000000094
:103C30000000000000000000000000000000000084
:103C40000000000000000000000000000000000074
:103C50000000000000000000000000000000000064
:103C60000000000000000000000000000000000054
:103C70000000000000000000000000000000000044
:103C80000000000000000000000000000000000034
:103C90000000000000000000000000000000000024
:103CA0000000000000000000000000000000000014
:103CB0000000000000000000000000000000000004
:103CC00000000000000000000000000000000000F4
:103CD00000000000000000000000000000000000E4
:103CE00000000000000000000000000000000000D4
:103CF00000000000000000000000000000000000C4
:103D000000000000000000000000000000000000B3
:103D100000000000000000000000000000000000A3
:103D20000000000000000000000000000000000093
:103D30000000000000000000000000000000000083
:103D40000000000000000000000000000000000073
:103D50000000000000000000000000000000000063
:103D60000000000000000000000000000000000053
:103D70000000000000000000000000000000000043
:103D80000000000000000000000000000000000033
:103D90000000000000000000000000000000000023
:103DA0000000000000000000000000000000000013
:103DB0000000000000000000000000000000000003
:103DC00000000000000000000000000000000000F3
:103DD00000000000000000000000000000000000E3
:103DE00000000000000000000000000000000000D3
:103DF00000000000000000000000000000000000C3
:103E000000000000000000000000000000000000B2
:103E100000000000000000000000000000000000A2
:103E20000000000000000000000000000000000092
:103E30000000000000000000000000000000000082
:103E40000000000000000000000000000000000072
:103E50000000000000000000000000000000000062
:103E60000000000000000000000000000000000052
:103E70000000000000000000000000000000000042
:103E80000000000000000000000000000000000032
:103E90000000000000000000000000000000000022
:103EA0000000000000000000000000000000000012
:103EB0000000000000000000000000000000000002
:103EC00000000000000000000000000000000000F2
:103ED00000000000000000000000000000000000E2
:103EE00000000000000000000000000000000000D2
:103EF00000000000000000000000000000000000C2
:103F000000000000000000000000000000000000B1
:103F100000000000000000000000000000000000A1
:103F20000000000000000000000000000000000091
:103F30000000000000000000000000000000000081
:103F40000000000000000000000000000000000071
:103F50000000000000000000000000000000000061
:103F60000000000000000000000000000000000051
:103F70000000000000000000000000000000000041
:103F80000000000000000000000000000000000031
:103F90000000000000000000000000000000000021
:103FA0000000000000000000000000000000000011
:103FB0000000000000000000000000000000000001
:103FC00000000000000000000000000000000000F1
:103FD00000000000000000000000000000000000E1
:103FE00000000000000000000000000000000000D1
:103FF00000000000000000000000000000000000C1
:1040000000000000000000000000000000000000B0
:1040100000000000000000000000000000000000A0
:104020000000000000000000000000000000000090
:104030000000000000000000000000000000000080
:104040000000000000000000000000000000000070
:104050000000000000000000000000000000000060
:104060000000000000000000000000000000000050
:104070000000000000000000000000000000000040
:104080000000000000000000000000000000000030
:104090000000000000000000000000000000000020
:1040A0000000000000000000000000000000000010
:1040B0000000000000000000000000000000000000
:1040C00000000000000000000000000000000000F0
:1040D00000000000000000000000000000000000E0
:1040E00000000000000000000000000000000000D0
:1040F00000000000000000000000000000000000C0
:1041000000000000000000000000000000000000AF
:10411000000000000000000000000000000000009F
:10412000000000000000000000000000000000008F
:10413000000000000000000000000000000000007F
:10414000000000000000000000000000000000006F
:10415000000000000000000000000000000000005F
:10416000000000000000000000000000000000004F
:10417000000000000000000000000000000000003F
:10418000000000000000000000000000000000002F
:10419000000000000000000000000000000000001F
:1041A000000000000000000000000000000000000F
:1041B00000000000000000000000000000000000FF
:1041C00000000000000000000000000000000000EF
:1041D00000000000000000000000000000000000DF
:1041E00000000000000000000000000000000000CF
:1041F00000000000000000000000000000000000BF
:1042000000000000000000000000000000000000AE
:10421000000000000000000000000000000000009E
:10422000000000000000000000000000000000008E
:10423000000000000000000000000000000000007E
:10424000000000000000000000000000000000006E
:10425000000000000000000000000000000000005E
:10426000000000000000000000000000000000004E
:10427000000000000000000000000000000000003E
:10428000000000000000000000000000000000002E
:10429000000000000000000000000000000000001E
:1042A000000000000000000000000000000000000E
:1042B00000000000000000000000000000000000FE
:1042C00000000000000000000000000000000000EE
:1042D00000000000000000000000000000000000DE
:1042E00000000000000000000000000000000000CE
:1042F00000000000000000000000000000000000BE
:1043000000000000000000000000000000000000AD
:10431000000000000000000000000000000000009D
:10432000000000000000000000000000000000008D
:10433000000000000000000000000000000000007D
:10434000000000000000000000000000000000006D
:10435000000000000000000000000000000000005D
:10436000000000000000000000000000000000004D
:10437000000000000000000000000000000000003D
:10438000000000000000000000000000000000002D
:10439000000000000000000000000000000000001D
:1043A000000000000000000000000000000000000D
:1043B00000000000000000000000000000000000FD
:1043C00000000000000000000000000000000000ED
:1043D00000000000000000000000000000000000DD
:1043E00000000000000000000000000000000000CD
:1043F00000000000000000000000000000000000BD
:1044000000000000000000000000000000000000AC
:10441000000000000000000000000000000000009C
:10442000000000000000000000000000000000008C
:10443000000000000000000000000000000000007C
:10444000000000000000000000000000000000006C
:10445000000000000000000000000000000000005C
:10446000000000000000000000000000000000004C
:10447000000000000000000000000000000000003C
:10448000000000000000000000000000000000002C
:10449000000000000000000000000000000000001C
:1044A000000000000000000000000000000000000C
:1044B00000000000000000000000000000000000FC
:1044C00000000000000000000000000000000000EC
:1044D00000000000000000000000000000000000DC
:1044E00000000000000000000000000000000000CC
:1044F00000000000000000000000000000000000BC
:1045000000000000000000000000000000000000AB
:10451000000000000000000000000000000000009B
:10452000000000000000000000000000000000008B
:10453000000000000000000000000000000000007B
:10454000000000000000000000000000000000006B
:10455000000000000000000000000000000000005B
:10456000000000000000000000000000000000004B
:10457000000000000000000000000000000000003B
:10458000000000000000000000000000000000002B
:10459000000000000000000000000000000000001B
:1045A000000000000000000000000000000000000B
:1045B00000000000000000000000000000000000FB
:1045C00000000000000000000000000000000000EB
:1045D00000000000000000000000000000000000DB
:1045E00000000000000000000000000000000000CB
:1045F00000000000000000000000000000000000BB
:1046000000000000000000000000000000000000AA
:10461000000000000000000000000000000000009A
:10462000000000000000000000000000000000008A
:10463000000000000000000000000000000000007A
:10464000000000000000000000000000000000006A
:10465000000000000000000000000000000000005A
:10466000000000000000000000000000000000004A
:10467000000000000000000000000000000000003A
:10468000000000000000000000000000000000002A
:10469000000000000000000000000000000000001A
:1046A000000000000000000000000000000000000A
:1046B00000000000000000000000000000000000FA
:1046C00000000000000000000000000000000000EA
:1046D00000000000000000000000000000000000DA
:1046E00000000000000000000000000000000000CA
:1046F00000000000000000000000000000000000BA
:1047000000000000000000000000000000000000A9
:104710000000000000000000000000000000000099
:104720000000000000000000000000000000000089
:104730000000000000000000000000000000000079
:104740000000000000000000000000000000000069
:104750000000000000000000000000000000000059
:104760000000000000000000000000000000000049
:104770000000000000000000000000000000000039
:104780000000000000000000000000000000000029
:104790000000000000000000000000000000000019
:1047A0000000000000000000000000000000000009
:1047B00000000000000000000000000000000000F9
:1047C00000000000000000000000000000000000E9
:1047D00000000000000000000000000000000000D9
:1047E00000000000000000000000000000000000C9
:1047F00000000000000000000000000000000000B9
:1048000000000000000000000000000000000000A8
:104810000000000000000000000000000000000098
:104820000000000000000000000000000000000088
:104830000000000000000000000000000000000078
:104840000000000000000000000000000000000068
:104850000000000000000000000000000000000058
:104860000000000000000000000000000000000048
:104870000000000000000000000000000000000038
:104880000000000000000000000000000000000028
:104890000000000000000000000000000000000018
:1048A0000000000000000000000000000000000008
:1048B00000000000000000000000000000000000F8
:1048C00000000000000000000000000000000000E8
:1048D00000000000000000000000000000000000D8
:1048E00000000000000000000000000000000000C8
:1048F00000000000000000000000000000000000B8
:1049000000000000000000000000000000000000A7
:104910000000000000000000000000000000000097
:104920000000000000000000000000000000000087
:104930000000000000000000000000000000000077
:104940000000000000000000000000000000000067
:104950000000000000000000000000000000000057
:104960000000000000000000000000000000000047
:104970000000000000000000000000000000000037
:104980000000000000000000000000000000000027
:104990000000000000000000000000000000000017
:1049A0000000000000000000000000000000000007
:1049B00000000000000000000000000000000000F7
:1049C00000000000000000000000000000000000E7
:1049D00000000000000000000000000000000000D7
:1049E00000000000000000000000000000000000C7
:1049F00000000000000000000000000000000000B7
:104A000000000000000000000000000000000000A6
:104A10000000000000000000000000000000000096
:104A20000000000000000000000000000000000086
:104A30000000000000000000000000000000000076
:104A40000000000000000000000000000000000066
:104A50000000000000000000000000000000000056
:104A60000000000000000000000000000000000046
:104A70000000000000000000000000000000000036
:104A80000000000000000000000000000000000026
:104A90000000000000000000000000000000000016
:104AA0000000000000000000000000000000000006
:104AB00000000000000000000000000000000000F6
:104AC00000000000000000000000000000000000E6
:104AD00000000000000000000000000000000000D6
:104AE00000000000000000000000000000000000C6
:104AF00000000000000000000000000000000000B6
:104B000000000000000000000000000000000000A5
:104B10000000000000000000000000000000000095
:104B20000000000000000000000000000000000085
:104B30000000000000000000000000000000000075
:104B40000000000000000000000000000000000065
:104B50000000000000000000000000000000000055
:104B60000000000000000000000000000000000045
:104B70000000000000000000000000000000000035
:104B80000000000000000000000000000000000025
:104B90000000000000000000000000000000000015
:104BA0000000000000000000000000000000000005
:104BB00000000000000000000000000000000000F5
:104BC00000000000000000000000000000000000E5
:104BD00000000000000000000000000000000000D5
:104BE00000000000000000000000000000000000C5
:104BF00000000000000000000000000000000000B5
:104C000000000000000000000000000000000000A4
:104C10000000000000000000000000000000000094
:104C20000000000000000000000000000000000084
:104C30000000000000000000000000000000000074
:104C40000000000000000000000000000000000064
:104C50000000000000000000000000000000000054
:104C60000000000000000000000000000000000044
:104C70000000000000000000000000000000000034
:104C80000000000000000000000000000000000024
:104C90000000000000000000000000000000000014
:104CA0000000000000000000000000000000000004
:104CB00000000000000000000000000000000000F4
:104CC00000000000000000000000000000000000E4
:104CD00000000000000000000000000000000000D4
:104CE00000000000000000000000000000000000C4
:104CF00000000000000000000000000000000000B4
:104D000000000000000000000000000000000000A3
:104D10000000000000000000000000000000000093
:104D20000000000000000000000000000000000083
:104D30000000000000000000000000000000000073
:104D40000000000000000000000000000000000063
:104D50000000000000000000000000000000000053
:104D60000000000000000000000000000000000043
:104D70000000000000000000000000000000000033
:104D80000000000000000000000000000000000023
:104D90000000000000000000000000000000000013
:104DA0000000000000000000000000000000000003
:104DB00000000000000000000000000000000000F3
:104DC00000000000000000000000000000000000E3
:104DD00000000000000000000000000000000000D3
:104DE00000000000000000000000000000000000C3
:104DF00000000000000000000000000000000000B3
:104E000000000000000000000000000000000000A2
:104E10000000000000000000000000000000000092
:104E20000000000000000000000000000000000082
:104E30000000000000000000000000000000000072
:104E40000000000000000000000000000000000062
:104E50000000000000000000000000000000000052
:104E60000000000000000000000000000000000042
:104E70000000000000000000000000000000000032
:104E80000000000000000000000000000000000022
:104E90000000000000000000000000000000000012
:104EA0000000000000000000000000000000000002
:104EB00000000000000000000000000000000000F2
:104EC00000000000000000000000000000000000E2
:104ED00000000000000000000000000000000000D2
:104EE00000000000000000000000000000000000C2
:104EF00000000000000000000000000000000000B2
:104F000000000000000000000000000000000000A1
:104F10000000000000000000000000000000000091
:104F20000000000000000000000000000000000081
:104F30000000000000000000000000000000000071
:104F40000000000000000000000000000000000061
:104F50000000000000000000000000000000000051
:104F60000000000000000000000000000000000041
:104F70000000000000000000000000000000000031
:104F80000000000000000000000000000000000021
:104F90000000000000000000000000000000000011
:104FA0000000000000000000000000000000000001
:104FB00000000000000000000000000000000000F1
:104FC00000000000000000000000000000000000E1
:104FD00000000000000000000000000000000000D1
:104FE00000000000000000000000000000000000C1
:104FF00000000000000000000000000000000000B1
:1050000000000000000000000000000000000000A0
:105010000000000000000000000000000000000090
:105020000000000000000000000000000000000080
:105030000000000000000000000000000000000070
:105040000000000000000000000000000000000060
:105050000000000000000000000000000000000050
:105060000000000000000000000000000000000040
:105070000000000000000000000000000000000030
:105080000000000000000000000000000000000020
:105090000000000000000000000000000000000010
:1050A0000000000000000000000000000000000000
:1050B00000000000000000000000000000000000F0
:1050C00000000000000000000000000000000000E0
:1050D00000000000000000000000000000000000D0
:1050E00000000000000000000000000000000000C0
:1050F00000000000000000000000000000000000B0
:10510000000000000000000000000000000000009F
:10511000000000000000000000000000000000008F
:10512000000000000000000000000000000000007F
:10513000000000000000000000000000000000006F
:10514000000000000000000000000000000000005F
:10515000000000000000000000000000000000004F
:10516000000000000000000000000000000000003F
:10517000000000000000000000000000000000002F
:10518000000000000000000000000000000000001F
:10519000000000000000000000000000000000000F
:1051A00000000000000000000000000000000000FF
:1051B00000000000000000000000000000000000EF
:1051C00000000000000000000000000000000000DF
:1051D00000000000000000000000000000000000CF
:1051E00000000000000000000000000000000000BF
:1051F00000000000000000000000000000000000AF
:10520000000000000000000000000000000000009E
:10521000000000000000000000000000000000008E
:10522000000000000000000000000000000000007E
:10523000000000000000000000000000000000006E
:10524000000000000000000000000000000000005E
:10525000000000000000000000000000000000004E
:10526000000000000000000000000000000000003E
:10527000000000000000000000000000000000002E
:10528000000000000000000000000000000000001E
:10529000000000000000000000000000000000000E
:1052A00000000000000000000000000000000000FE
:1052B00000000000000000000000000000000000EE
:1052C00000000000000000000000000000000000DE
:1052D00000000000000000000000000000000000CE
:1052E00000000000000000000000000000000000BE
:1052F00000000000000000000000000000000000AE
:10530000000000000000000000000000000000009D
:10531000000000000000000000000000000000008D
:10532000000000000000000000000000000000007D
:10533000000000000000000000000000000000006D
:10534000000000000000000000000000000000005D
:10535000000000000000000000000000000000004D
:10536000000000000000000000000000000000003D
:10537000000000000000000000000000000000002D
:10538000000000000000000000000000000000001D
:10539000000000000000000000000000000000000D
:1053A00000000000000000000000000000000000FD
:1053B00000000000000000000000000000000000ED
:1053C00000000000000000000000000000000000DD
:1053D00000000000000000000000000000000000CD
:1053E00000000000000000000000000000000000BD
:1053F00000000000000000000000000000000000AD
:10540000000000000000000000000000000000009C
:10541000000000000000000000000000000000008C
:10542000000000000000000000000000000000007C
:10543000000000000000000000000000000000006C
:10544000000000000000000000000000000000005C
:10545000000000000000000000000000000000004C
:10546000000000000000000000000000000000003C
:10547000000000000000000000000000000000002C
:10548000000000000000000000000000000000001C
:10549000000000000000000000000000000000000C
:1054A00000000000000000000000000000000000FC
:1054B00000000000000000000000000000000000EC
:1054C00000000000000000000000000000000000DC
:1054D00000000000000000000000000000000000CC
:1054E00000000000000000000000000000000000BC
:1054F00000000000000000000000000000000000AC
:10550000000000000000000000000000000000009B
:10551000000000000000000000000000000000008B
:10552000000000000000000000000000000000007B
:10553000000000000000000000000000000000006B
:10554000000000000000000000000000000000005B
:10555000000000000000000000000000000000004B
:10556000000000000000000000000000000000003B
:10557000000000000000000000000000000000002B
:10558000000000000000000000000000000000001B
:10559000000000000000000000000000000000000B
:1055A00000000000000000000000000000000000FB
:1055B00000000000000000000000000000000000EB
:1055C00000000000000000000000000000000000DB
:1055D00000000000000000000000000000000000CB
:1055E00000000000000000000000000000000000BB
:1055F00000000000000000000000000000000000AB
:10560000000000000000000000000000000000009A
:10561000000000000000000000000000000000008A
:10562000000000000000000000000000000000007A
:10563000000000000000000000000000000000006A
:10564000000000000000000000000000000000005A
:10565000000000000000000000000000000000004A
:10566000000000000000000000000000000000003A
:10567000000000000000000000000000000000002A
:10568000000000000000000000000000000000001A
:10569000000000000000000000000000000000000A
:1056A00000000000000000000000000000000000FA
:1056B00000000000000000000000000000000000EA
:1056C00000000000000000000000000000000000DA
:1056D00000000000000000000000000000000000CA
:1056E00000000000000000000000000000000000BA
:1056F00000000000000000000000000000000000AA
:105700000000000000000000000000000000000099
:105710000000000000000000000000000000000089
:105720000000000000000000000000000000000079
:105730000000000000000000000000000000000069
:105740000000000000000000000000000000000059
:105750000000000000000000000000000000000049
:105760000000000000000000000000000000000039
:105770000000000000000000000000000000000029
:105780000000000000000000000000000000000019
:105790000000000000000000000000000000000009
:1057A00000000000000000000000000000000000F9
:1057B00000000000000000000000000000000000E9
:1057C00000000000000000000000000000000000D9
:1057D00000000000000000000000000000000000C9
:1057E00000000000000000000000000000000000B9
:1057F00000000000000000000000000000000000A9
:105800000000000000000000000000000000000098
:105810000000000000000000000000000000000088
:105820000000000000000000000000000000000078
:105830000000000000000000000000000000000068
:105840000000000000000000000000000000000058
:105850000000000000000000000000000000000048
:105860000000000000000000000000000000000038
:105870000000000000000000000000000000000028
:105880000000000000000000000000000000000018
:105890000000000000000000000000000000000008
:1058A00000000000000000000000000000000000F8
:1058B00000000000000000000000000000000000E8
:1058C00000000000000000000000000000000000D8
:1058D00000000000000000000000000000000000C8
:1058E00000000000000000000000000000000000B8
:1058F00000000000000000000000000000000000A8
:105900000000000000000000000000000000000097
:105910000000000000000000000000000000000087
:105920000000000000000000000000000000000077
:105930000000000000000000000000000000000067
:105940000000000000000000000000000000000057
:105950000000000000000000000000000000000047
:105960000000000000000000000000000000000037
:105970000000000000000000000000000000000027
:105980000000000000000000000000000000000017
:105990000000000000000000000000000000000007
:1059A00000000000000000000000000000000000F7
:1059B00000000000000000000000000000000000E7
:1059C00000000000000000000000000000000000D7
:1059D00000000000000000000000000000000000C7
:1059E00000000000000000000000000000000000B7
:1059F00000000000000000000000000000000000A7
:105A00000000000000000000000000000000000096
:105A10000000000000000000000000000000000086
:105A20000000000000000000000000000000000076
:105A30000000000000000000000000000000000066
:105A40000000000000000000000000000000000056
:105A50000000000000000000000000000000000046
:105A60000000000000000000000000000000000036
:105A70000000000000000000000000000000000026
:105A80000000000000000000000000000000000016
:105A90000000000000000000000000000000000006
:105AA00000000000000000000000000000000000F6
:105AB00000000000000000000000000000000000E6
:105AC00000000000000000000000000000000000D6
:105AD00000000000000000000000000000000000C6
:105AE00000000000000000000000000000000000B6
:105AF00000000000000000000000000000000000A6
:105B00000000000000000000000000000000000095
:105B10000000000000000000000000000000000085
:105B20000000000000000000000000000000000075
:105B30000000000000000000000000000000000065
:105B40000000000000000000000000000000000055
:105B50000000000000000000000000000000000045
:105B60000000000000000000000000000000000035
:105B70000000000000000000000000000000000025
:105B80000000000000000000000000000000000015
:105B90000000000000000000000000000000000005
:105BA00000000000000000000000000000000000F5
:105BB00000000000000000000000000000000000E5
:105BC00000000000000000000000000000000000D5
:105BD00000000000000000000000000000000000C5
:105BE00000000000000000000000000000000000B5
:105BF00000000000000000000000000000000000A5
:105C00000000000000000000000000000000000094
:105C10000000000000000000000000000000000084
:105C20000000000000000000000000000000000074
:105C30000000000000000000000000000000000064
:105C40000000000000000000000000000000000054
:105C50000000000000000000000000000000000044
:105C60000000000000000000000000000000000034
:105C70000000000000000000000000000000000024
:105C80000000000000000000000000000000000014
:105C90000000000000000000000000000000000004
:105CA00000000000000000000000000000000000F4
:105CB00000000000000000000000000000000000E4
:105CC00000000000000000000000000000000000D4
:105CD00000000000000000000000000000000000C4
:105CE00000000000000000000000000000000000B4
:105CF00000000000000000000000000000000000A4
:105D00000000000000000000000000000000000093
:105D10000000000000000000000000000000000083
:105D20000000000000000000000000000000000073
:105D30000000000000000000000000000000000063
:105D40000000000000000000000000000000000053
:105D50000000000000000000000000000000000043
:105D60000000000000000000000000000000000033
:105D70000000000000000000000000000000000023
:105D80000000000000000000000000000000000013
:105D90000000000000000000000000000000000003
:105DA00000000000000000000000000000000000F3
:105DB00000000000000000000000000000000000E3
:105DC00000000000000000000000000000000000D3
:105DD00000000000000000000000000000000000C3
:105DE00000000000000000000000000000000000B3
:105DF00000000000000000000000000000000000A3
:105E00000000000000000000000000000000000092
:105E10000000000000000000000000000000000082
:105E20000000000000000000000000000000000072
:105E30000000000000000000000000000000000062
:105E40000000000000000000000000000000000052
:105E50000000000000000000000000000000000042
:105E60000000000000000000000000000000000032
:105E70000000000000000000000000000000000022
:105E80000000000000000000000000000000000012
:105E90000000000000000000000000000000000002
:105EA00000000000000000000000000000000000F2
:105EB00000000000000000000000000000000000E2
:105EC00000000000000000000000000000000000D2
:105ED00000000000000000000000000000000000C2
:105EE00000000000000000000000000000000000B2
:105EF00000000000000000000000000000000000A2
:105F00000000000000000000000000000000000091
:105F10000000000000000000000000000000000081
:105F20000000000000000000000000000000000071
:105F30000000000000000000000000000000000061
:105F40000000000000000000000000000000000051
:105F50000000000000000000000000000000000041
:105F60000000000000000000000000000000000031
:105F70000000000000000000000000000000000021
:105F80000000000000000000000000000000000011
:105F90000000000000000000000000000000000001
:105FA00000000000000000000000000000000000F1
:105FB00000000000000000000000000000000000E1
:105FC00000000000000000000000000000000000D1
:105FD00000000000000000000000000000000000C1
:105FE00000000000000000000000000000000000B1
:105FF00000000000000000000000000000000000A1
:106000000000000000000000000000000000000090
:106010000000000000000000000000000000000080
:106020000000000000000000000000000000000070
:106030000000000000000000000000000000000060
:106040000000000000000000000000000000000050
:106050000000000000000000000000000000000040
:106060000000000000000000000000000000000030
:106070000000000000000000000000000000000020
:106080000000000000000000000000000000000010
:106090000000000000000000000000000000000000
:1060A00000000000000000000000000000000000F0
:1060B00000000000000000000000000000000000E0
:1060C00000000000000000000000000000000000D0
:1060D00000000000000000000000000000000000C0
:1060E00000000000000000000000000000000000B0
:1060F00000000000000000000000000000000000A0
:10610000000000000000000000000000000000008F
:10611000000000000000000000000000000000007F
:10612000000000000000000000000000000000006F
:10613000000000000000000000000000000000005F
:10614000000000000000000000000000000000004F
:10615000000000000000000000000000000000003F
:10616000000000000000000000000000000000002F
:10617000000000000000000000000000000000001F
:10618000000000000000000000000000000000000F
:1061900000000000000000000000000000000000FF
:1061A00000000000000000000000000000000000EF
:1061B00000000000000000000000000000000000DF
:1061C00000000000000000000000000000000000CF
:1061D00000000000000000000000000000000000BF
:1061E00000000000000000000000000000000000AF
:1061F000000000000000000000000000000000009F
:10620000000000000000000000000000000000008E
:10621000000000000000000000000000000000007E
:10622000000000000000000000000000000000006E
:10623000000000000000000000000000000000005E
:10624000000000000000000000000000000000004E
:10625000000000000000000000000000000000003E
:10626000000000000000000000000000000000002E
:10627000000000000000000000000000000000001E
:10628000000000000000000000000000000000000E
:1062900000000000000000000000000000000000FE
:1062A00000000000000000000000000000000000EE
:1062B00000000000000000000000000000000000DE
:1062C00000000000000000000000000000000000CE
:1062D00000000000000000000000000000000000BE
:1062E00000000000000000000000000000000000AE
:1062F000000000000000000000000000000000009E
:10630000000000000000000000000000000000008D
:10631000000000000000000000000000000000007D
:10632000000000000000000000000000000000006D
:10633000000000000000000000000000000000005D
:10634000000000000000000000000000000000004D
:10635000000000000000000000000000000000003D
:10636000000000000000000000000000000000002D
:10637000000000000000000000000000000000001D
:10638000000000000000000000000000000000000D
:1063900000000000000000000000000000000000FD
:1063A00000000000000000000000000000000000ED
:1063B00000000000000000000000000000000000DD
:1063C00000000000000000000000000000000000CD
:1063D00000000000000000000000000000000000BD
:1063E00000000000000000000000000000000000AD
:1063F000000000000000000000000000000000009D
:10640000000000000000000000000000000000008C
:10641000000000000000000000000000000000007C
:10642000000000000000000000000000000000006C
:10643000000000000000000000000000000000005C
:10644000000000000000000000000000000000004C
:10645000000000000000000000000000000000003C
:10646000000000000000000000000000000000002C
:10647000000000000000000000000000000000001C
:10648000000000000000000000000000000000000C
:1064900000000000000000000000000000000000FC
:1064A00000000000000000000000000000000000EC
:1064B00000000000000000000000000000000000DC
:1064C00000000000000000000000000000000000CC
:1064D00000000000000000000000000000000000BC
:1064E00000000000000000000000000000000000AC
:1064F000000000000000000000000000000000009C
:10650000000000000000000000000000000000008B
:10651000000000000000000000000000000000007B
:10652000000000000000000000000000000000006B
:10653000000000000000000000000000000000005B
:10654000000000000000000000000000000000004B
:10655000000000000000000000000000000000003B
:10656000000000000000000000000000000000002B
:10657000000000000000000000000000000000001B
:10658000000000000000000000000000000000000B
:1065900000000000000000000000000000000000FB
:1065A00000000000000000000000000000000000EB
:1065B00000000000000000000000000000000000DB
:1065C00000000000000000000000000000000000CB
:1065D00000000000000000000000000000000000BB
:1065E00000000000000000000000000000000000AB
:1065F000000000000000000000000000000000009B
:10660000000000000000000000000000000000008A
:10661000000000000000000000000000000000007A
:10662000000000000000000000000000000000006A
:10663000000000000000000000000000000000005A
:10664000000000000000000000000000000000004A
:10665000000000000000000000000000000000003A
:10666000000000000000000000000000000000002A
:10667000000000000000000000000000000000001A
:10668000000000000000000000000000000000000A
:1066900000000000000000000000000000000000FA
:1066A00000000000000000000000000000000000EA
:1066B00000000000000000000000000000000000DA
:1066C00000000000000000000000000000000000CA
:1066D00000000000000000000000000000000000BA
:1066E00000000000000000000000000000000000AA
:1066F000000000000000000000000000000000009A
:106700000000000000000000000000000000000089
:106710000000000000000000000000000000000079
:106720000000000000000000000000000000000069
:106730000000000000000000000000000000000059
:106740000000000000000000000000000000000049
:106750000000000000000000000000000000000039
:106760000000000000000000000000000000000029
:106770000000000000000000000000000000000019
:106780000000000000000000000000000000000009
:1067900000000000000000000000000000000000F9
:1067A00000000000000000000000000000000000E9
:1067B00000000000000000000000000000000000D9
:1067C00000000000000000000000000000000000C9
:1067D00000000000000000000000000000000000B9
:1067E00000000000000000000000000000000000A9
:1067F0000000000000000000000000000000000099
:106800000000000000000000000000000000000088
:106810000000000000000000000000000000000078
:106820000000000000000000000000000000000068
:106830000000000000000000000000000000000058
:106840000000000000000000000000000000000048
:106850000000000000000000000000000000000038
:106860000000000000000000000000000000000028
:106870000000000000000000000000000000000018
:106880000000000000000000000000000000000008
:1068900000000000000000000000000000000000F8
:1068A00000000000000000000000000000000000E8
:1068B00000000000000000000000000000000000D8
:1068C00000000000000000000000000000000000C8
:1068D00000000000000000000000000000000000B8
:1068E00000000000000000000000000000000000A8
:1068F0000000000000000000000000000000000098
:106900000000000000000000000000000000000087
:106910000000000000000000000000000000000077
:106920000000000000000000000000000000000067
:106930000000000000000000000000000000000057
:106940000000000000000000000000000000000047
:106950000000000000000000000000000000000037
:106960000000000000000000000000000000000027
:106970000000000000000000000000000000000017
:106980000000000000000000000000000000000007
:1069900000000000000000000000000000000000F7
:1069A00000000000000000000000000000000000E7
:1069B00000000000000000000000000000000000D7
:1069C00000000000000000000000000000000000C7
:1069D00000000000000000000000000000000000B7
:1069E00000000000000000000000000000000000A7
:1069F0000000000000000000000000000000000097
:106A00000000000000000000000000000000000086
:106A10000000000000000000000000000000000076
:106A20000000000000000000000000000000000066
:106A30000000000000000000000000000000000056
:106A40000000000000000000000000000000000046
:106A50000000000000000000000000000000000036
:106A60000000000000000000000000000000000026
:106A70000000000000000000000000000000000016
:106A80000000000000000000000000000000000006
:106A900000000000000000000000000000000000F6
:106AA00000000000000000000000000000000000E6
:106AB00000000000000000000000000000000000D6
:106AC00000000000000000000000000000000000C6
:106AD00000000000000000000000000000000000B6
:106AE00000000000000000000000000000000000A6
:106AF0000000000000000000000000000000000096
:106B00000000000000000000000000000000000085
:106B10000000000000000000000000000000000075
:106B20000000000000000000000000000000000065
:106B30000000000000000000000000000000000055
:106B40000000000000000000000000000000000045
:106B50000000000000000000000000000000000035
:106B60000000000000000000000000000000000025
:106B70000000000000000000000000000000000015
:106B80000000000000000000000000000000000005
:106B900000000000000000000000000000000000F5
:106BA00000000000000000000000000000000000E5
:106BB00000000000000000000000000000000000D5
:106BC00000000000000000000000000000000000C5
:106BD00000000000000000000000000000000000B5
:106BE00000000000000000000000000000000000A5
:106BF0000000000000000000000000000000000095
:106C00000000000000000000000000000000000084
:106C10000000000000000000000000000000000074
:106C20000000000000000000000000000000000064
:106C30000000000000000000000000000000000054
:106C40000000000000000000000000000000000044
:106C50000000000000000000000000000000000034
:106C60000000000000000000000000000000000024
:106C70000000000000000000000000000000000014
:106C80000000000000000000000000000000000004
:106C900000000000000000000000000000000000F4
:106CA00000000000000000000000000000000000E4
:106CB00000000000000000000000000000000000D4
:106CC00000000000000000000000000000000000C4
:106CD00000000000000000000000000000000000B4
:106CE00000000000000000000000000000000000A4
:106CF0000000000000000000000000000000000094
:106D00000000000000000000000000000000000083
:106D10000000000000000000000000000000000073
:106D20000000000000000000000000000000000063
:106D30000000000000000000000000000000000053
:106D40000000000000000000000000000000000043
:106D50000000000000000000000000000000000033
:106D60000000000000000000000000000000000023
:106D70000000000000000000000000000000000013
:106D80000000000000000000000000000000000003
:106D900000000000000000000000000000000000F3
:106DA00000000000000000000000000000000000E3
:106DB00000000000000000000000000000000000D3
:106DC00000000000000000000000000000000000C3
:106DD00000000000000000000000000000000000B3
:106DE00000000000000000000000000000000000A3
:106DF0000000000000000000000000000000000093
:106E00000000000000000000000000000000000082
:106E10000000000000000000000000000000000072
:106E20000000000000000000000000000000000062
:106E30000000000000000000000000000000000052
:106E40000000000000000000000000000000000042
:106E50000000000000000000000000000000000032
:106E60000000000000000000000000000000000022
:106E70000000000000000000000000000000000012
:106E80000000000000000000000000000000000002
:106E900000000000000000000000000000000000F2
:106EA00000000000000000000000000000000000E2
:106EB00000000000000000000000000000000000D2
:106EC00000000000000000000000000000000000C2
:106ED00000000000000000000000000000000000B2
:106EE00000000000000000000000000000000000A2
:106EF0000000000000000000000000000000000092
:106F00000000000000000000000000000000000081
:106F10000000000000000000000000000000000071
:106F20000000000000000000000000000000000061
:106F30000000000000000000000000000000000051
:106F40000000000000000000000000000000000041
:106F50000000000000000000000000000000000031
:106F60000000000000000000000000000000000021
:106F70000000000000000000000000000000000011
:106F80000000000000000000000000000000000001
:106F900000000000000000000000000000000000F1
:106FA00000000000000000000000000000000000E1
:106FB00000000000000000000000000000000000D1
:106FC00000000000000000000000000000000000C1
:106FD00000000000000000000000000000000000B1
:106FE00000000000000000000000000000000000A1
:106FF0000000000000000000000000000000000091
:107000000000000000000000000000000000000080
:107010000000000000000000000000000000000070
:107020000000000000000000000000000000000060
:107030000000000000000000000000000000000050
:107040000000000000000000000000000000000040
:107050000000000000000000000000000000000030
:107060000000000000000000000000000000000020
:107070000000000000000000000000000000000010
:107080000000000000000000000000000000000000
:1070900000000000000000000000000000000000F0
:1070A00000000000000000000000000000000000E0
:1070B00000000000000000000000000000000000D0
:1070C00000000000000000000000000000000000C0
:1070D00000000000000000000000000000000000B0
:1070E00000000000000000000000000000000000A0
:1070F0000000000000000000000000000000000090
:10710000000000000000000000000000000000007F
:10711000000000000000000000000000000000006F
:10712000000000000000000000000000000000005F
:10713000000000000000000000000000000000004F
:10714000000000000000000000000000000000003F
:10715000000000000000000000000000000000002F
:10716000000000000000000000000000000000001F
:10717000000000000000000000000000000000000F
:1071800000000000000000000000000000000000FF
:1071900000000000000000000000000000000000EF
:1071A00000000000000000000000000000000000DF
:1071B00000000000000000000000000000000000CF
:1071C00000000000000000000000000000000000BF
:1071D00000000000000000000000000000000000AF
:1071E000000000000000000000000000000000009F
:1071F000000000000000000000000000000000008F
:10720000000000000000000000000000000000007E
:10721000000000000000000000000000000000006E
:10722000000000000000000000000000000000005E
:10723000000000000000000000000000000000004E
:10724000000000000000000000000000000000003E
:10725000000000000000000000000000000000002E
:10726000000000000000000000000000000000001E
:10727000000000000000000000000000000000000E
:1072800000000000000000000000000000000000FE
:1072900000000000000000000000000000000000EE
:1072A00000000000000000000000000000000000DE
:1072B00000000000000000000000000000000000CE
:1072C00000000000000000000000000000000000BE
:1072D00000000000000000000000000000000000AE
:1072E000000000000000000000000000000000009E
:1072F000000000000000000000000000000000008E
:10730000000000000000000000000000000000007D
:10731000000000000000000000000000000000006D
:10732000000000000000000000000000000000005D
:10733000000000000000000000000000000000004D
:10734000000000000000000000000000000000003D
:10735000000000000000000000000000000000002D
:10736000000000000000000000000000000000001D
:10737000000000000000000000000000000000000D
:1073800000000000000000000000000000000000FD
:1073900000000000000000000000000000000000ED
:1073A00000000000000000000000000000000000DD
:1073B00000000000000000000000000000000000CD
:1073C00000000000000000000000000000000000BD
:1073D00000000000000000000000000000000000AD
:1073E000000000000000000000000000000000009D
:1073F000000000000000000000000000000000008D
:10740000000000000000000000000000000000007C
:10741000000000000000000000000000000000006C
:10742000000000000000000000000000000000005C
:10743000000000000000000000000000000000004C
:10744000000000000000000000000000000000003C
:10745000000000000000000000000000000000002C
:10746000000000000000000000000000000000001C
:10747000000000000000000000000000000000000C
:1074800000000000000000000000000000000000FC
:1074900000000000000000000000000000000000EC
:1074A00000000000000000000000000000000000DC
:1074B00000000000000000000000000000000000CC
:1074C00000000000000000000000000000000000BC
:1074D00000000000000000000000000000000000AC
:1074E000000000000000000000000000000000009C
:1074F000000000000000000000000000000000008C
:10750000000000000000000000000000000000007B
:10751000000000000000000000000000000000006B
:10752000000000000000000000000000000000005B
:10753000000000000000000000000000000000004B
:10754000000000000000000000000000000000003B
:10755000000000000000000000000000000000002B
:10756000000000000000000000000000000000001B
:10757000000000000000000000000000000000000B
:1075800000000000000000000000000000000000FB
:1075900000000000000000000000000000000000EB
:1075A00000000000000000000000000000000000DB
:1075B00000000000000000000000000000000000CB
:1075C00000000000000000000000000000000000BB
:1075D00000000000000000000000000000000000AB
:1075E000000000000000000000000000000000009B
:1075F000000000000000000000000000000000008B
:10760000000000000000000000000000000000007A
:10761000000000000000000000000000000000006A
:10762000000000000000000000000000000000005A
:10763000000000000000000000000000000000004A
:10764000000000000000000000000000000000003A
:10765000000000000000000000000000000000002A
:10766000000000000000000000000000000000001A
:10767000000000000000000000000000000000000A
:1076800000000000000000000000000000000000FA
:1076900000000000000000000000000000000000EA
:1076A00000000000000000000000000000000000DA
:1076B00000000000000000000000000000000000CA
:1076C00000000000000000000000000000000000BA
:1076D00000000000000000000000000000000000AA
:1076E000000000000000000000000000000000009A
:1076F000000000000000000000000000000000008A
:107700000000000000000000000000000000000079
:107710000000000000000000000000000000000069
:107720000000000000000000000000000000000059
:107730000000000000000000000000000000000049
:107740000000000000000000000000000000000039
:107750000000000000000000000000000000000029
:107760000000000000000000000000000000000019
:107770000000000000000000000000000000000009
:1077800000000000000000000000000000000000F9
:1077900000000000000000000000000000000000E9
:1077A00000000000000000000000000000000000D9
:1077B00000000000000000000000000000000000C9
:1077C00000000000000000000000000000000000B9
:1077D00000000000000000000000000000000000A9
:1077E0000000000000000000000000000000000099
:1077F0000000000000000000000000000000000089
:107800000000000000000000000000000000000078
:107810000000000000000000000000000000000068
:107820000000000000000000000000000000000058
:107830000000000000000000000000000000000048
:107840000000000000000000000000000000000038
:107850000000000000000000000000000000000028
:107860000000000000000000000000000000000018
:107870000000000000000000000000000000000008
:1078800000000000000000000000000000000000F8
:1078900000000000000000000000000000000000E8
:1078A00000000000000000000000000000000000D8
:1078B00000000000000000000000000000000000C8
:1078C00000000000000000000000000000000000B8
:1078D00000000000000000000000000000000000A8
:1078E0000000000000000000000000000000000098
:1078F0000000000000000000000000000000000088
:107900000000000000000000000000000000000077
:107910000000000000000000000000000000000067
:107920000000000000000000000000000000000057
:107930000000000000000000000000000000000047
:107940000000000000000000000000000000000037
:107950000000000000000000000000000000000027
:107960000000000000000000000000000000000017
:107970000000000000000000000000000000000007
:1079800000000000000000000000000000000000F7
:1079900000000000000000000000000000000000E7
:1079A00000000000000000000000000000000000D7
:1079B00000000000000000000000000000000000C7
:1079C00000000000000000000000000000000000B7
:1079D00000000000000000000000000000000000A7
:1079E0000000000000000000000000000000000097
:1079F0000000000000000000000000000000000087
:107A00000000000000000000000000000000000076
:107A10000000000000000000000000000000000066
:107A20000000000000000000000000000000000056
:107A30000000000000000000000000000000000046
:107A40000000000000000000000000000000000036
:107A50000000000000000000000000000000000026
:107A60000000000000000000000000000000000016
:107A70000000000000000000000000000000000006
:107A800000000000000000000000000000000000F6
:107A900000000000000000000000000000000000E6
:107AA00000000000000000000000000000000000D6
:107AB00000000000000000000000000000000000C6
:107AC00000000000000000000000000000000000B6
:107AD00000000000000000000000000000000000A6
:107AE0000000000000000000000000000000000096
:107AF0000000000000000000000000000000000086
:107B00000000000000000000000000000000000075
:107B10000000000000000000000000000000000065
:107B20000000000000000000000000000000000055
:107B30000000000000000000000000000000000045
:107B40000000000000000000000000000000000035
:107B50000000000000000000000000000000000025
:107B60000000000000000000000000000000000015
:107B70000000000000000000000000000000000005
:107B800000000000000000000000000000000000F5
:107B900000000000000000000000000000000000E5
:107BA00000000000000000000000000000000000D5
:107BB00000000000000000000000000000000000C5
:107BC00000000000000000000000000000000000B5
:107BD00000000000000000000000000000000000A5
:107BE0000000000000000000000000000000000095
:107BF0000000000000000000000000000000000085
:107C00000000000000000000000000000000000074
:107C10000000000000000000000000000000000064
:107C20000000000000000000000000000000000054
:107C30000000000000000000000000000000000044
:107C40000000000000000000000000000000000034
:107C50000000000000000000000000000000000024
:107C60000000000000000000000000000000000014
:107C70000000000000000000000000000000000004
:107C800000000000000000000000000000000000F4
:107C900000000000000000000000000000000000E4
:107CA00000000000000000000000000000000000D4
:107CB00000000000000000000000000000000000C4
:107CC00000000000000000000000000000000000B4
:107CD00000000000000000000000000000000000A4
:107CE0000000000000000000000000000000000094
:107CF0000000000000000000000000000000000084
:107D00000000000000000000000000000000000073
:107D10000000000000000000000000000000000063
:107D20000000000000000000000000000000000053
:107D30000000000000000000000000000000000043
:107D40000000000000000000000000000000000033
:107D50000000000000000000000000000000000023
:107D60000000000000000000000000000000000013
:107D70000000000000000000000000000000000003
:107D800000000000000000000000000000000000F3
:107D900000000000000000000000000000000000E3
:107DA00000000000000000000000000000000000D3
:107DB00000000000000000000000000000000000C3
:107DC00000000000000000000000000000000000B3
:107DD00000000000000000000000000000000000A3
:107DE0000000000000000000000000000000000093
:107DF0000000000000000000000000000000000083
:107E00000000000000000000000000000000000072
:107E10000000000000000000000000000000000062
:107E20000000000000000000000000000000000052
:107E30000000000000000000000000000000000042
:107E40000000000000000000000000000000000032
:107E50000000000000000000000000000000000022
:107E60000000000000000000000000000000000012
:107E70000000000000000000000000000000000002
:107E800000000000000000000000000000000000F2
:107E900000000000000000000000000000000000E2
:107EA00000000000000000000000000000000000D2
:107EB00000000000000000000000000000000000C2
:107EC00000000000000000000000000000000000B2
:107ED00000000000000000000000000000000000A2
:107EE0000000000000000000000000000000000092
:107EF0000000000000000000000000000000000082
:107F00000000000000000000000000000000000071
:107F10000000000000000000000000000000000061
:107F20000000000000000000000000000000000051
:107F30000000000000000000000000000000000041
:107F40000000000000000000000000000000000031
:107F50000000000000000000000000000000000021
:107F60000000000000000000000000000000000011
:107F70000000000000000000000000000000000001
:107F800000000000000000000000000000000000F1
:107F900000000000000000000000000000000000E1
:107FA00000000000000000000000000000000000D1
:107FB00000000000000000000000000000000000C1
:107FC00000000000000000000000000000000000B1
:107FD00000000000000000000000000000000000A1
:107FE0000000000000000000000000000000000091
:107FF0000000000000000000000000000000000081
:108000000000000000000000000000000000000070
:108010000000000000000000000000000000000060
:108020000000000000000000000000000000000050
:108030000000000000000000000000000000000040
:108040000000000000000000000000000000000030
:108050000000000000000000000000000000000020
:108060000000000000000000000000000000000010
:108070000000000000000000000000000000000000
:1080800000000000000000000000000000000000F0
:1080900000000000000000000000000000000000E0
:1080A00000000000000000000000000000000000D0
:1080B00000000000000000000000000000000000C0
:1080C00000000000000000000000000000000000B0
:1080D00000000000000000000000000000000000A0
:1080E0000000000000000000000000000000000090
:1080F0000000000000000000000000000000000080
:10810000000000000000000000000000000000006F
:10811000000000000000000000000000000000005F
:10812000000000000000000000000000000000004F
:10813000000000000000000000000000000000003F
:10814000000000000000000000000000000000002F
:10815000000000000000000000000000000000001F
:10816000000000000000000000000000000000000F
:1081700000000000000000000000000000000000FF
:1081800000000000000000000000000000000000EF
:1081900000000000000000000000000000000000DF
:1081A00000000000000000000000000000000000CF
:1081B00000000000000000000000000000000000BF
:1081C00000000000000000000000000000000000AF
:1081D000000000000000000000000000000000009F
:1081E000000000000000000000000000000000008F
:1081F000000000000000000000000000000000007F
:10820000000000000000000000000000000000006E
:10821000000000000000000000000000000000005E
:10822000000000000000000000000000000000004E
:10823000000000000000000000000000000000003E
:10824000000000000000000000000000000000002E
:10825000000000000000000000000000000000001E
:10826000000000000000000000000000000000000E
:1082700000000000000000000000000000000000FE
:1082800000000000000000000000000000000000EE
:1082900000000000000000000000000000000000DE
:1082A00000000000000000000000000000000000CE
:1082B00000000000000000000000000000000000BE
:1082C00000000000000000000000000000000000AE
:1082D000000000000000000000000000000000009E
:1082E000000000000000000000000000000000008E
:1082F000000000000000000000000000000000007E
:10830000000000000000000000000000000000006D
:10831000000000000000000000000000000000005D
:10832000000000000000000000000000000000004D
:10833000000000000000000000000000000000003D
:10834000000000000000000000000000000000002D
:10835000000000000000000000000000000000001D
:10836000000000000000000000000000000000000D
:1083700000000000000000000000000000000000FD
:1083800000000000000000000000000000000000ED
:1083900000000000000000000000000000000000DD
:1083A00000000000000000000000000000000000CD
:1083B00000000000000000000000000000000000BD
:1083C00000000000000000000000000000000000AD
:1083D000000000000000000000000000000000009D
:1083E000000000000000000000000000000000008D
:1083F000000000000000000000000000000000007D
:10840000000000000000000000000000000000006C
:10841000000000000000000000000000000000005C
:10842000000000000000000000000000000000004C
:10843000000000000000000000000000000000003C
:10844000000000000000000000000000000000002C
:10845000000000000000000000000000000000001C
:10846000000000000000000000000000000000000C
:1084700000000000000000000000000000000000FC
:1084800000000000000000000000000000000000EC
:1084900000000000000000000000000000000000DC
:1084A00000000000000000000000000000000000CC
:1084B00000000000000000000000000000000000BC
:1084C00000000000000000000000000000000000AC
:1084D000000000000000000000000000000000009C
:1084E000000000000000000000000000000000008C
:1084F000000000000000000000000000000000007C
:10850000000000000000000000000000000000006B
:10851000000000000000000000000000000000005B
:10852000000000000000000000000000000000004B
:10853000000000000000000000000000000000003B
:10854000000000000000000000000000000000002B
:10855000000000000000000000000000000000001B
:10856000000000000000000000000000000000000B
:1085700000000000000000000000000000000000FB
:1085800000000000000000000000000000000000EB
:1085900000000000000000000000000000000000DB
:1085A00000000000000000000000000000000000CB
:1085B00000000000000000000000000000000000BB
:1085C00000000000000000000000000000000000AB
:1085D000000000000000000000000000000000009B
:1085E000000000000000000000000000000000008B
:1085F000000000000000000000000000000000007B
:10860000000000000000000000000000000000006A
:10861000000000000000000000000000000000005A
:10862000000000000000000000000000000000004A
:10863000000000000000000000000000000000003A
:10864000000000000000000000000000000000002A
:10865000000000000000000000000000000000001A
:10866000000000000000000000000000000000000A
:1086700000000000000000000000000000000000FA
:1086800000000000000000000000000000000000EA
:1086900000000000000000000000000000000000DA
:1086A00000000000000000000000000000000000CA
:1086B00000000000000000000000000000000000BA
:1086C00000000000000000000000000000000000AA
:1086D000000000000000000000000000000000009A
:1086E000000000000000000000000000000000008A
:1086F000000000000000000000000000000000007A
:108700000000000000000000000000000000000069
:108710000000000000000000000000000000000059
:108720000000000000000000000000000000000049
:108730000000000000000000000000000000000039
:108740000000000000000000000000000000000029
:108750000000000000000000000000000000000019
:108760000000000000000000000000000000000009
:1087700000000000000000000000000000000000F9
:1087800000000000000000000000000000000000E9
:1087900000000000000000000000000000000000D9
:1087A00000000000000000000000000000000000C9
:1087B00000000000000000000000000000000000B9
:1087C00000000000000000000000000000000000A9
:1087D0000000000000000000000000000000000099
:1087E0000000000000000000000000000000000089
:1087F0000000000000000000000000000000000079
:108800000000000000000000000000000000000068
:108810000000000000000000000000000000000058
:108820000000000000000000000000000000000048
:108830000000000000000000000000000000000038
:108840000000000000000000000000000000000028
:108850000000000000000000000000000000000018
:108860000000000000000000000000000000000008
:1088700000000000000000000000000000000000F8
:1088800000000000000000000000000000000000E8
:1088900000000000000000000000000000000000D8
:1088A00000000000000000000000000000000000C8
:1088B00000000000000000000000000000000000B8
:1088C00000000000000000000000000000000000A8
:1088D0000000000000000000000000000000000098
:1088E0000000000000000000000000000000000088
:1088F0000000000000000000000000000000000078
:108900000000000000000000000000000000000067
:108910000000000000000000000000000000000057
:108920000000000000000000000000000000000047
:108930000000000000000000000000000000000037
:108940000000000000000000000000000000000027
:108950000000000000000000000000000000000017
:108960000000000000000000000000000000000007
:1089700000000000000000000000000000000000F7
:1089800000000000000000000000000000000000E7
:1089900000000000000000000000000000000000D7
:1089A00000000000000000000000000000000000C7
:1089B00000000000000000000000000000000000B7
:1089C00000000000000000000000000000000000A7
:1089D0000000000000000000000000000000000097
:1089E0000000000000000000000000000000000087
:1089F0000000000000000000000000000000000077
:108A00000000000000000000000000000000000066
:108A10000000000000000000000000000000000056
:108A20000000000000000000000000000000000046
:108A30000000000000000000000000000000000036
:108A40000000000000000000000000000000000026
:108A50000000000000000000000000000000000016
:108A60000000000000000000000000000000000006
:108A700000000000000000000000000000000000F6
:108A800000000000000000000000000000000000E6
:108A900000000000000000000000000000000000D6
:108AA00000000000000000000000000000000000C6
:108AB00000000000000000000000000000000000B6
:108AC00000000000000000000000000000000000A6
:108AD0000000000000000000000000000000000096
:108AE0000000000000000000000000000000000086
:108AF0000000000000000000000000000000000076
:108B00000000000000000000000000000000000065
:108B10000000000000000000000000000000000055
:108B20000000000000000000000000000000000045
:108B30000000000000000000000000000000000035
:108B40000000000000000000000000000000000025
:108B50000000000000000000000000000000000015
:108B60000000000000000000000000000000000005
:108B700000000000000000000000000000000000F5
:108B800000000000000000000000000000000000E5
:108B900000000000000000000000000000000000D5
:108BA00000000000000000000000000000000000C5
:108BB00000000000000000000000000000000000B5
:108BC00000000000000000000000000000000000A5
:108BD0000000000000000000000000000000000095
:108BE0000000000000000000000000000000000085
:108BF0000000000000000000000000000000000075
:108C00000000000000000000000000000000000064
:108C10000000000000000000000000000000000054
:108C20000000000000000000000000000000000044
:108C30000000000000000000000000000000000034
:108C40000000000000000000000000000000000024
:108C50000000000000000000000000000000000014
:108C60000000000000000000000000000000000004
:108C700000000000000000000000000000000000F4
:108C800000000000000000000000000000000000E4
:108C900000000000000000000000000000000000D4
:108CA00000000000000000000000000000000000C4
:108CB00000000000000000000000000000000000B4
:108CC00000000000000000000000000000000000A4
:108CD0000000000000000000000000000000000094
:108CE0000000000000000000000000000000000084
:108CF0000000000000000000000000000000000074
:108D00000000000000000000000000000000000063
:108D10000000000000000000000000000000000053
:108D20000000000000000000000000000000000043
:108D30000000000000000000000000000000000033
:108D40000000000000000000000000000000000023
:108D50000000000000000000000000000000000013
:108D60000000000000000000000000000000000003
:108D700000000000000000000000000000000000F3
:108D800000000000000000000000000000000000E3
:108D900000000000000000000000000000000000D3
:108DA00000000000000000000000000000000000C3
:108DB00000000000000000000000000000000000B3
:108DC00000000000000000000000000000000000A3
:108DD0000000000000000000000000000000000093
:108DE0000000000000000000000000000000000083
:108DF0000000000000000000000000000000000073
:108E00000000000000000000000000000000000062
:108E10000000000000000000000000000000000052
:108E20000000000000000000000000000000000042
:108E30000000000000000000000000000000000032
:108E40000000000000000000000000000000000022
:108E50000000000000000000000000000000000012
:108E60000000000000000000000000000000000002
:108E700000000000000000000000000000000000F2
:108E800000000000000000000000000000000000E2
:108E900000000000000000000000000000000000D2
:108EA00000000000000000000000000000000000C2
:108EB00000000000000000000000000000000000B2
:108EC00000000000000000000000000000000000A2
:108ED0000000000000000000000000000000000092
:108EE0000000000000000000000000000000000082
:108EF0000000000000000000000000000000000072
:108F00000000000000000000000000000000000061
:108F10000000000000000000000000000000000051
:108F20000000000000000000000000000000000041
:108F30000000000000000000000000000000000031
:108F40000000000000000000000000000000000021
:108F50000000000000000000000000000000000011
:108F60000000000000000000000000000000000001
:108F700000000000000000000000000000000000F1
:108F800000000000000000000000000000000000E1
:108F900000000000000000000000000000000000D1
:108FA00000000000000000000000000000000000C1
:108FB00000000000000000000000000000000000B1
:108FC00000000000000000000000000000000000A1
:108FD0000000000000000000000000000000000091
:108FE0000000000000000000000000000000000081
:108FF0000000000000000000000000000000000071
:109000000000000000000000000000000000000060
:109010000000000000000000000000000000000050
:109020000000000000000000000000000000000040
:109030000000000000000000000000000000000030
:109040000000000000000000000000000000000020
:109050000000000000000000000000000000000010
:109060000000000000000000000000000000000000
:1090700000000000000000000000000000000000F0
:1090800000000000000000000000000000000000E0
:1090900000000000000000000000000000000000D0
:1090A00000000000000000000000000000000000C0
:1090B00000000000000000000000000000000000B0
:1090C00000000000000000000000000000000000A0
:1090D0000000000000000000000000000000000090
:1090E0000000000000000000000000000000000080
:1090F0000000000000000000000000000000000070
:10910000000000000000000000000000000000005F
:10911000000000000000000000000000000000004F
:10912000000000000000000000000000000000003F
:10913000000000000000000000000000000000002F
:10914000000000000000000000000000000000001F
:10915000000000000000000000000000000000000F
:1091600000000000000000000000000000000000FF
:1091700000000000000000000000000000000000EF
:1091800000000000000000000000000000000000DF
:1091900000000000000000000000000000000000CF
:1091A00000000000000000000000000000000000BF
:1091B00000000000000000000000000000000000AF
:1091C000000000000000000000000000000000009F
:1091D000000000000000000000000000000000008F
:1091E000000000000000000000000000000000007F
:1091F000000000000000000000000000000000006F
:10920000000000000000000000000000000000005E
:10921000000000000000000000000000000000004E
:10922000000000000000000000000000000000003E
:10923000000000000000000000000000000000002E
:10924000000000000000000000000000000000001E
:10925000000000000000000000000000000000000E
:1092600000000000000000000000000000000000FE
:1092700000000000000000000000000000000000EE
:1092800000000000000000000000000000000000DE
:1092900000000000000000000000000000000000CE
:1092A00000000000000000000000000000000000BE
:1092B00000000000000000000000000000000000AE
:1092C000000000000000000000000000000000009E
:1092D000000000000000000000000000000000008E
:1092E000000000000000000000000000000000007E
:1092F000000000000000000000000000000000006E
:10930000000000000000000000000000000000005D
:10931000000000000000000000000000000000004D
:10932000000000000000000000000000000000003D
:10933000000000000000000000000000000000002D
:10934000000000000000000000000000000000001D
:10935000000000000000000000000000000000000D
:1093600000000000000000000000000000000000FD
:1093700000000000000000000000000000000000ED
:1093800000000000000000000000000000000000DD
:1093900000000000000000000000000000000000CD
:1093A00000000000000000000000000000000000BD
:1093B00000000000000000000000000000000000AD
:1093C000000000000000000000000000000000009D
:1093D000000000000000000000000000000000008D
:1093E000000000000000000000000000000000007D
:1093F000000000000000000000000000000000006D
:10940000000000000000000000000000000000005C
:10941000000000000000000000000000000000004C
:10942000000000000000000000000000000000003C
:10943000000000000000000000000000000000002C
:10944000000000000000000000000000000000001C
:10945000000000000000000000000000000000000C
:1094600000000000000000000000000000000000FC
:1094700000000000000000000000000000000000EC
:1094800000000000000000000000000000000000DC
:1094900000000000000000000000000000000000CC
:1094A00000000000000000000000000000000000BC
:1094B00000000000000000000000000000000000AC
:1094C000000000000000000000000000000000009C
:1094D000000000000000000000000000000000008C
:1094E000000000000000000000000000000000007C
:1094F000000000000000000000000000000000006C
:10950000000000000000000000000000000000005B
:10951000000000000000000000000000000000004B
:10952000000000000000000000000000000000003B
:10953000000000000000000000000000000000002B
:10954000000000000000000000000000000000001B
:10955000000000000000000000000000000000000B
:1095600000000000000000000000000000000000FB
:1095700000000000000000000000000000000000EB
:1095800000000000000000000000000000000000DB
:1095900000000000000000000000000000000000CB
:1095A00000000000000000000000000000000000BB
:1095B00000000000000000000000000000000000AB
:1095C000000000000000000000000000000000009B
:1095D000000000000000000000000000000000008B
:1095E000000000000000000000000000000000007B
:1095F000000000000000000000000000000000006B
:10960000000000000000000000000000000000005A
:10961000000000000000000000000000000000004A
:10962000000000000000000000000000000000003A
:10963000000000000000000000000000000000002A
:10964000000000000000000000000000000000001A
:10965000000000000000000000000000000000000A
:1096600000000000000000000000000000000000FA
:1096700000000000000000000000000000000000EA
:1096800000000000000000000000000000000000DA
:1096900000000000000000000000000000000000CA
:1096A00000000000000000000000000000000000BA
:1096B00000000000000000000000000000000000AA
:1096C000000000000000000000000000000000009A
:1096D000000000000000000000000000000000008A
:1096E000000000000000000000000000000000007A
:1096F000000000000000000000000000000000006A
:109700000000000000000000000000000000000059
:109710000000000000000000000000000000000049
:109720000000000000000000000000000000000039
:109730000000000000000000000000000000000029
:109740000000000000000000000000000000000019
:109750000000000000000000000000000000000009
:1097600000000000000000000000000000000000F9
:1097700000000000000000000000000000000000E9
:1097800000000000000000000000000000000000D9
:1097900000000000000000000000000000000000C9
:1097A00000000000000000000000000000000000B9
:1097B00000000000000000000000000000000000A9
:1097C0000000000000000000000000000000000099
:1097D0000000000000000000000000000000000089
:1097E0000000000000000000000000000000000079
:1097F0000000000000000000000000000000000069
:109800000000000000000000000000000000000058
:109810000000000000000000000000000000000048
:109820000000000000000000000000000000000038
:109830000000000000000000000000000000000028
:109840000000000000000000000000000000000018
:109850000000000000000000000000000000000008
:1098600000000000000000000000000000000000F8
:1098700000000000000000000000000000000000E8
:1098800000000000000000000000000000000000D8
:1098900000000000000000000000000000000000C8
:1098A00000000000000000000000000000000000B8
:1098B00000000000000000000000000000000000A8
:1098C0000000000000000000000000000000000098
:1098D0000000000000000000000000000000000088
:1098E0000000000000000000000000000000000078
:1098F0000000000000000000000000000000000068
:109900000000000000000000000000000000000057
:109910000000000000000000000000000000000047
:109920000000000000000000000000000000000037
:109930000000000000000000000000000000000027
:109940000000000000000000000000000000000017
:109950000000000000000000000000000000000007
:1099600000000000000000000000000000000000F7
:1099700000000000000000000000000000000000E7
:1099800000000000000000000000000000000000D7
:1099900000000000000000000000000000000000C7
:1099A00000000000000000000000000000000000B7
:1099B00000000000000000000000000000000000A7
:1099C0000000000000000000000000000000000097
:1099D0000000000000000000000000000000000087
:1099E0000000000000000000000000000000000077
:1099F0000000000000000000000000000000000067
:109A00000000000000000000000000000000000056
:109A10000000000000000000000000000000000046
:109A20000000000000000000000000000000000036
:109A30000000000000000000000000000000000026
:109A40000000000000000000000000000000000016
:109A50000000000000000000000000000000000006
:109A600000000000000000000000000000000000F6
:109A700000000000000000000000000000000000E6
:109A800000000000000000000000000000000000D6
:109A900000000000000000000000000000000000C6
:109AA00000000000000000000000000000000000B6
:109AB00000000000000000000000000000000000A6
:109AC0000000000000000000000000000000000096
:109AD0000000000000000000000000000000000086
:109AE0000000000000000000000000000000000076
:109AF0000000000000000000000000000000000066
:109B00000000000000000000000000000000000055
:109B10000000000000000000000000000000000045
:109B20000000000000000000000000000000000035
:109B30000000000000000000000000000000000025
:109B40000000000000000000000000000000000015
:109B50000000000000000000000000000000000005
:109B600000000000000000000000000000000000F5
:109B700000000000000000000000000000000000E5
:109B800000000000000000000000000000000000D5
:109B900000000000000000000000000000000000C5
:109BA00000000000000000000000000000000000B5
:109BB00000000000000000000000000000000000A5
:109BC0000000000000000000000000000000000095
:109BD0000000000000000000000000000000000085
:109BE0000000000000000000000000000000000075
:109BF0000000000000000000000000000000000065
:109C00000000000000000000000000000000000054
:109C10000000000000000000000000000000000044
:109C20000000000000000000000000000000000034
:109C30000000000000000000000000000000000024
:109C40000000000000000000000000000000000014
:109C50000000000000000000000000000000000004
:109C600000000000000000000000000000000000F4
:109C700000000000000000000000000000000000E4
:109C800000000000000000000000000000000000D4
:109C900000000000000000000000000000000000C4
:109CA00000000000000000000000000000000000B4
:109CB00000000000000000000000000000000000A4
:109CC0000000000000000000000000000000000094
:109CD0000000000000000000000000000000000084
:109CE0000000000000000000000000000000000074
:109CF0000000000000000000000000000000000064
:109D00000000000000000000000000000000000053
:109D10000000000000000000000000000000000043
:109D20000000000000000000000000000000000033
:109D30000000000000000000000000000000000023
:109D40000000000000000000000000000000000013
:109D50000000000000000000000000000000000003
:109D600000000000000000000000000000000000F3
:109D700000000000000000000000000000000000E3
:109D800000000000000000000000000000000000D3
:109D900000000000000000000000000000000000C3
:109DA00000000000000000000000000000000000B3
:109DB00000000000000000000000000000000000A3
:109DC0000000000000000000000000000000000093
:109DD0000000000000000000000000000000000083
:109DE0000000000000000000000000000000000073
:109DF0000000000000000000000000000000000063
:109E00000000000000000000000000000000000052
:109E10000000000000000000000000000000000042
:109E20000000000000000000000000000000000032
:109E30000000000000000000000000000000000022
:109E40000000000000000000000000000000000012
:109E50000000000000000000000000000000000002
:109E600000000000000000000000000000000000F2
:109E700000000000000000000000000000000000E2
:109E800000000000000000000000000000000000D2
:109E900000000000000000000000000000000000C2
:109EA00000000000000000000000000000000000B2
:109EB00000000000000000000000000000000000A2
:109EC0000000000000000000000000000000000092
:109ED0000000000000000000000000000000000082
:109EE0000000000000000000000000000000000072
:109EF0000000000000000000000000000000000062
:109F00000000000000000000000000000000000051
:109F10000000000000000000000000000000000041
:109F20000000000000000000000000000000000031
:109F30000000000000000000000000000000000021
:109F40000000000000000000000000000000000011
:109F50000000000000000000000000000000000001
:109F600000000000000000000000000000000000F1
:109F700000000000000000000000000000000000E1
:109F800000000000000000000000000000000000D1
:109F900000000000000000000000000000000000C1
:109FA00000000000000000000000000000000000B1
:109FB00000000000000000000000000000000000A1
:109FC0000000000000000000000000000000000091
:109FD0000000000000000000000000000000000081
:109FE0000000000000000000000000000000000071
:109FF0000000000000000000000000000000000061
:10A000000000000000000000000000000000000050
:10A010000000000000000000000000000000000040
:10A020000000000000000000000000000000000030
:10A030000000000000000000000000000000000020
:10A040000000000000000000000000000000000010
:10A050000000000000000000000000000000000000
:10A0600000000000000000000000000000000000F0
:10A0700000000000000000000000000000000000E0
:10A0800000000000000000000000000000000000D0
:10A0900000000000000000000000000000000000C0
:10A0A00000000000000000000000000000000000B0
:10A0B00000000000000000000000000000000000A0
:10A0C0000000000000000000000000000000000090
:10A0D0000000000000000000000000000000000080
:10A0E0000000000000000000000000000000000070
:10A0F0000000000000000000000000000000000060
:10A10000000000000000000000000000000000004F
:10A11000000000000000000000000000000000003F
:10A12000000000000000000000000000000000002F
:10A13000000000000000000000000000000000001F
:10A14000000000000000000000000000000000000F
:10A1500000000000000000000000000000000000FF
:10A1600000000000000000000000000000000000EF
:10A1700000000000000000000000000000000000DF
:10A1800000000000000000000000000000000000CF
:10A1900000000000000000000000000000000000BF
:10A1A00000000000000000000000000000000000AF
:10A1B000000000000000000000000000000000009F
:10A1C000000000000000000000000000000000008F
:10A1D000000000000000000000000000000000007F
:10A1E000000000000000000000000000000000006F
:10A1F000000000000000000000000000000000005F
:10A20000000000000000000000000000000000004E
:10A21000000000000000000000000000000000003E
:10A22000000000000000000000000000000000002E
:10A23000000000000000000000000000000000001E
:10A24000000000000000000000000000000000000E
:10A2500000000000000000000000000000000000FE
:10A2600000000000000000000000000000000000EE
:10A2700000000000000000000000000000000000DE
:10A2800000000000000000000000000000000000CE
:10A2900000000000000000000000000000000000BE
:10A2A00000000000000000000000000000000000AE
:10A2B000000000000000000000000000000000009E
:10A2C000000000000000000000000000000000008E
:10A2D000000000000000000000000000000000007E
:10A2E000000000000000000000000000000000006E
:10A2F000000000000000000000000000000000005E
:10A30000000000000000000000000000000000004D
:10A31000000000000000000000000000000000003D
:10A32000000000000000000000000000000000002D
:10A33000000000000000000000000000000000001D
:10A34000000000000000000000000000000000000D
:10A3500000000000000000000000000000000000FD
:10A3600000000000000000000000000000000000ED
:10A3700000000000000000000000000000000000DD
:10A3800000000000000000000000000000000000CD
:10A3900000000000000000000000000000000000BD
:10A3A00000000000000000000000000000000000AD
:10A3B000000000000000000000000000000000009D
:10A3C000000000000000000000000000000000008D
:10A3D000000000000000000000000000000000007D
:10A3E000000000000000000000000000000000006D
:10A3F000000000000000000000000000000000005D
:10A40000000000000000000000000000000000004C
:10A41000000000000000000000000000000000003C
:10A42000000000000000000000000000000000002C
:10A43000000000000000000000000000000000001C
:10A44000000000000000000000000000000000000C
:10A4500000000000000000000000000000000000FC
:10A4600000000000000000000000000000000000EC
:10A4700000000000000000000000000000000000DC
:10A4800000000000000000000000000000000000CC
:10A4900000000000000000000000000000000000BC
:10A4A00000000000000000000000000000000000AC
:10A4B000000000000000000000000000000000009C
:10A4C000000000000000000000000000000000008C
:10A4D000000000000000000000000000000000007C
:10A4E000000000000000000000000000000000006C
:10A4F000000000000000000000000000000000005C
:10A50000000000000000000000000000000000004B
:10A51000000000000000000000000000000000003B
:10A52000000000000000000000000000000000002B
:10A53000000000000000000000000000000000001B
:10A54000000000000000000000000000000000000B
:10A5500000000000000000000000000000000000FB
:10A5600000000000000000000000000000000000EB
:10A5700000000000000000000000000000000000DB
:10A5800000000000000000000000000000000000CB
:10A5900000000000000000000000000000000000BB
:10A5A00000000000000000000000000000000000AB
:10A5B000000000000000000000000000000000009B
:10A5C000000000000000000000000000000000008B
:10A5D000000000000000000000000000000000007B
:10A5E000000000000000000000000000000000006B
:10A5F000000000000000000000000000000000005B
:10A60000000000000000000000000000000000004A
:10A61000000000000000000000000000000000003A
:10A62000000000000000000000000000000000002A
:10A63000000000000000000000000000000000001A
:10A64000000000000000000000000000000000000A
:10A6500000000000000000000000000000000000FA
:10A6600000000000000000000000000000000000EA
:10A6700000000000000000000000000000000000DA
:10A6800000000000000000000000000000000000CA
:10A6900000000000000000000000000000000000BA
:10A6A00000000000000000000000000000000000AA
:10A6B000000000000000000000000000000000009A
:10A6C000000000000000000000000000000000008A
:10A6D000000000000000000000000000000000007A
:10A6E000000000000000000000000000000000006A
:10A6F000000000000000000000000000000000005A
:10A700000000000000000000000000000000000049
:10A710000000000000000000000000000000000039
:10A720000000000000000000000000000000000029
:10A730000000000000000000000000000000000019
:10A740000000000000000000000000000000000009
:10A7500000000000000000000000000000000000F9
:10A7600000000000000000000000000000000000E9
:10A7700000000000000000000000000000000000D9
:10A7800000000000000000000000000000000000C9
:10A7900000000000000000000000000000000000B9
:10A7A00000000000000000000000000000000000A9
:10A7B0000000000000000000000000000000000099
:10A7C0000000000000000000000000000000000089
:10A7D0000000000000000000000000000000000079
:10A7E0000000000000000000000000000000000069
:10A7F0000000000000000000000000000000000059
:10A800000000000000000000000000000000000048
:10A810000000000000000000000000000000000038
:10A820000000000000000000000000000000000028
:10A830000000000000000000000000000000000018
:10A840000000000000000000000000000000000008
:10A8500000000000000000000000000000000000F8
:10A8600000000000000000000000000000000000E8
:10A8700000000000000000000000000000000000D8
:10A8800000000000000000000000000000000000C8
:10A8900000000000000000000000000000000000B8
:10A8A00000000000000000000000000000000000A8
:10A8B0000000000000000000000000000000000098
:10A8C0000000000000000000000000000000000088
:10A8D0000000000000000000000000000000000078
:10A8E0000000000000000000000000000000000068
:10A8F0000000000000000000000000000000000058
:10A900000000000000000000000000000000000047
:10A910000000000000000000000000000000000037
:10A920000000000000000000000000000000000027
:10A930000000000000000000000000000000000017
:10A940000000000000000000000000000000000007
:10A9500000000000000000000000000000000000F7
:10A9600000000000000000000000000000000000E7
:10A9700000000000000000000000000000000000D7
:10A9800000000000000000000000000000000000C7
:10A9900000000000000000000000000000000000B7
:10A9A00000000000000000000000000000000000A7
:10A9B0000000000000000000000000000000000097
:10A9C0000000000000000000000000000000000087
:10A9D0000000000000000000000000000000000077
:10A9E0000000000000000000000000000000000067
:10A9F0000000000000000000000000000000000057
:10AA00000000000000000000000000000000000046
:10AA10000000000000000000000000000000000036
:10AA20000000000000000000000000000000000026
:10AA30000000000000000000000000000000000016
:10AA40000000000000000000000000000000000006
:10AA500000000000000000000000000000000000F6
:10AA600000000000000000000000000000000000E6
:10AA700000000000000000000000000000000000D6
:10AA800000000000000000000000000000000000C6
:10AA900000000000000000000000000000000000B6
:10AAA00000000000000000000000000000000000A6
:10AAB0000000000000000000000000000000000096
:10AAC0000000000000000000000000000000000086
:10AAD0000000000000000000000000000000000076
:10AAE0000000000000000000000000000000000066
:10AAF0000000000000000000000000000000000056
:10AB00000000000000000000000000000000000045
:10AB10000000000000000000000000000000000035
:10AB20000000000000000000000000000000000025
:10AB30000000000000000000000000000000000015
:10AB40000000000000000000000000000000000005
:10AB500000000000000000000000000000000000F5
:10AB600000000000000000000000000000000000E5
:10AB700000000000000000000000000000000000D5
:10AB800000000000000000000000000000000000C5
:10AB900000000000000000000000000000000000B5
:10ABA00000000000000000000000000000000000A5
:10ABB0000000000000000000000000000000000095
:10ABC0000000000000000000000000000000000085
:10ABD0000000000000000000000000000000000075
:10ABE0000000000000000000000000000000000065
:10ABF0000000000000000000000000000000000055
:10AC00000000000000000000000000000000000044
:10AC10000000000000000000000000000000000034
:10AC20000000000000000000000000000000000024
:10AC30000000000000000000000000000000000014
:10AC40000000000000000000000000000000000004
:10AC500000000000000000000000000000000000F4
:10AC600000000000000000000000000000000000E4
:10AC700000000000000000000000000000000000D4
:10AC800000000000000000000000000000000000C4
:10AC900000000000000000000000000000000000B4
:10ACA00000000000000000000000000000000000A4
:10ACB0000000000000000000000000000000000094
:10ACC0000000000000000000000000000000000084
:10ACD0000000000000000000000000000000000074
:10ACE0000000000000000000000000000000000064
:10ACF0000000000000000000000000000000000054
:10AD00000000000000000000000000000000000043
:10AD10000000000000000000000000000000000033
:10AD20000000000000000000000000000000000023
:10AD30000000000000000000000000000000000013
:10AD40000000000000000000000000000000000003
:10AD500000000000000000000000000000000000F3
:10AD600000000000000000000000000000000000E3
:10AD700000000000000000000000000000000000D3
:10AD800000000000000000000000000000000000C3
:10AD900000000000000000000000000000000000B3
:10ADA00000000000000000000000000000000000A3
:10ADB0000000000000000000000000000000000093
:10ADC0000000000000000000000000000000000083
:10ADD0000000000000000000000000000000000073
:10ADE0000000000000000000000000000000000063
:10ADF0000000000000000000000000000000000053
:10AE00000000000000000000000000000000000042
:10AE10000000000000000000000000000000000032
:10AE20000000000000000000000000000000000022
:10AE30000000000000000000000000000000000012
:10AE40000000000000000000000000000000000002
:10AE500000000000000000000000000000000000F2
:10AE600000000000000000000000000000000000E2
:10AE700000000000000000000000000000000000D2
:10AE800000000000000000000000000000000000C2
:10AE900000000000000000000000000000000000B2
:10AEA00000000000000000000000000000000000A2
:10AEB0000000000000000000000000000000000092
:10AEC0000000000000000000000000000000000082
:10AED0000000000000000000000000000000000072
:10AEE0000000000000000000000000000000000062
:10AEF0000000000000000000000000000000000052
:10AF00000000000000000000000000000000000041
:10AF10000000000000000000000000000000000031
:10AF20000000000000000000000000000000000021
:10AF30000000000000000000000000000000000011
:10AF40000000000000000000000000000000000001
:10AF500000000000000000000000000000000000F1
:10AF600000000000000000000000000000000000E1
:10AF700000000000000000000000000000000000D1
:10AF800000000000000000000000000000000000C1
:10AF900000000000000000000000000000000000B1
:10AFA00000000000000000000000000000000000A1
:10AFB0000000000000000000000000000000000091
:10AFC0000000000000000000000000000000000081
:10AFD0000000000000000000000000000000000071
:10AFE0000000000000000000000000000000000061
:10AFF0000000000000000000000000000000000051
:10B000000000000000000000000000000000000040
:10B010000000000000000000000000000000000030
:10B020000000000000000000000000000000000020
:10B030000000000000000000000000000000000010
:10B040000000000000000000000000000000000000
:10B0500000000000000000000000000000000000F0
:10B0600000000000000000000000000000000000E0
:10B0700000000000000000000000000000000000D0
:10B0800000000000000000000000000000000000C0
:10B0900000000000000000000000000000000000B0
:10B0A00000000000000000000000000000000000A0
:10B0B0000000000000000000000000000000000090
:10B0C0000000000000000000000000000000000080
:10B0D0000000000000000000000000000000000070
:10B0E0000000000000000000000000000000000060
:10B0F0000000000000000000000000000000000050
:10B10000000000000000000000000000000000003F
:10B11000000000000000000000000000000000002F
:10B12000000000000000000000000000000000001F
:10B13000000000000000000000000000000000000F
:10B1400000000000000000000000000000000000FF
:10B1500000000000000000000000000000000000EF
:10B1600000000000000000000000000000000000DF
:10B1700000000000000000000000000000000000CF
:10B1800000000000000000000000000000000000BF
:10B1900000000000000000000000000000000000AF
:10B1A000000000000000000000000000000000009F
:10B1B000000000000000000000000000000000008F
:10B1C000000000000000000000000000000000007F
:10B1D000000000000000000000000000000000006F
:10B1E000000000000000000000000000000000005F
:10B1F000000000000000000000000000000000004F
:10B20000000000000000000000000000000000003E
:10B21000000000000000000000000000000000002E
:10B22000000000000000000000000000000000001E
:10B23000000000000000000000000000000000000E
:10B2400000000000000000000000000000000000FE
:10B2500000000000000000000000000000000000EE
:10B2600000000000000000000000000000000000DE
:10B2700000000000000000000000000000000000CE
:10B2800000000000000000000000000000000000BE
:10B2900000000000000000000000000000000000AE
:10B2A000000000000000000000000000000000009E
:10B2B000000000000000000000000000000000008E
:10B2C000000000000000000000000000000000007E
:10B2D000000000000000000000000000000000006E
:10B2E000000000000000000000000000000000005E
:10B2F000000000000000000000000000000000004E
:10B30000000000000000000000000000000000003D
:10B31000000000000000000000000000000000002D
:10B32000000000000000000000000000000000001D
:10B33000000000000000000000000000000000000D
:10B3400000000000000000000000000000000000FD
:10B3500000000000000000000000000000000000ED
:10B3600000000000000000000000000000000000DD
:10B3700000000000000000000000000000000000CD
:10B3800000000000000000000000000000000000BD
:10B3900000000000000000000000000000000000AD
:10B3A000000000000000000000000000000000009D
:10B3B000000000000000000000000000000000008D
:10B3C000000000000000000000000000000000007D
:10B3D000000000000000000000000000000000006D
:10B3E000000000000000000000000000000000005D
:10B3F000000000000000000000000000000000004D
:10B40000000000000000000000000000000000003C
:10B41000000000000000000000000000000000002C
:10B42000000000000000000000000000000000001C
:10B43000000000000000000000000000000000000C
:10B4400000000000000000000000000000000000FC
:10B4500000000000000000000000000000000000EC
:10B4600000000000000000000000000000000000DC
:10B4700000000000000000000000000000000000CC
:10B4800000000000000000000000000000000000BC
:10B4900000000000000000000000000000000000AC
:10B4A000000000000000000000000000000000009C
:10B4B000000000000000000000000000000000008C
:10B4C000000000000000000000000000000000007C
:10B4D000000000000000000000000000000000006C
:10B4E000000000000000000000000000000000005C
:10B4F000000000000000000000000000000000004C
:10B50000000000000000000000000000000000003B
:10B51000000000000000000000000000000000002B
:10B52000000000000000000000000000000000001B
:10B53000000000000000000000000000000000000B
:10B5400000000000000000000000000000000000FB
:10B5500000000000000000000000000000000000EB
:10B5600000000000000000000000000000000000DB
:10B5700000000000000000000000000000000000CB
:10B5800000000000000000000000000000000000BB
:10B5900000000000000000000000000000000000AB
:10B5A000000000000000000000000000000000009B
:10B5B000000000000000000000000000000000008B
:10B5C000000000000000000000000000000000007B
:10B5D000000000000000000000000000000000006B
:10B5E000000000000000000000000000000000005B
:10B5F000000000000000000000000000000000004B
:10B60000000000000000000000000000000000003A
:10B61000000000000000000000000000000000002A
:10B62000000000000000000000000000000000001A
:10B63000000000000000000000000000000000000A
:10B6400000000000000000000000000000000000FA
:10B6500000000000000000000000000000000000EA
:10B6600000000000000000000000000000000000DA
:10B6700000000000000000000000000000000000CA
:10B6800000000000000000000000000000000000BA
:10B6900000000000000000000000000000000000AA
:10B6A000000000000000000000000000000000009A
:10B6B000000000000000000000000000000000008A
:10B6C000000000000000000000000000000000007A
:10B6D000000000000000000000000000000000006A
:10B6E000000000000000000000000000000000005A
:10B6F000000000000000000000000000000000004A
:10B700000000000000000000000000000000000039
:10B710000000000000000000000000000000000029
:10B720000000000000000000000000000000000019
:10B730000000000000000000000000000000000009
:10B7400000000000000000000000000000000000F9
:10B7500000000000000000000000000000000000E9
:10B7600000000000000000000000000000000000D9
:10B7700000000000000000000000000000000000C9
:10B7800000000000000000000000000000000000B9
:10B7900000000000000000000000000000000000A9
:10B7A0000000000000000000000000000000000099
:10B7B0000000000000000000000000000000000089
:10B7C0000000000000000000000000000000000079
:10B7D0000000000000000000000000000000000069
:10B7E0000000000000000000000000000000000059
:10B7F0000000000000000000000000000000000049
:10B800000000000000000000000000000000000038
:10B810000000000000000000000000000000000028
:10B820000000000000000000000000000000000018
:10B830000000000000000000000000000000000008
:10B8400000000000000000000000000000000000F8
:10B8500000000000000000000000000000000000E8
:10B8600000000000000000000000000000000000D8
:10B8700000000000000000000000000000000000C8
:10B8800000000000000000000000000000000000B8
:10B8900000000000000000000000000000000000A8
:10B8A0000000000000000000000000000000000098
:10B8B0000000000000000000000000000000000088
:10B8C0000000000000000000000000000000000078
:10B8D0000000000000000000000000000000000068
:10B8E0000000000000000000000000000000000058
:10B8F0000000000000000000000000000000000048
:10B900000000000000000000000000000000000037
:10B910000000000000000000000000000000000027
:10B920000000000000000000000000000000000017
:10B930000000000000000000000000000000000007
:10B9400000000000000000000000000000000000F7
:10B9500000000000000000000000000000000000E7
:10B9600000000000000000000000000000000000D7
:10B9700000000000000000000000000000000000C7
:10B9800000000000000000000000000000000000B7
:10B9900000000000000000000000000000000000A7
:10B9A0000000000000000000000000000000000097
:10B9B0000000000000000000000000000000000087
:10B9C0000000000000000000000000000000000077
:10B9D0000000000000000000000000000000000067
:10B9E0000000000000000000000000000000000057
:10B9F0000000000000000000000000000000000047
:10BA00000000000000000000000000000000000036
:10BA10000000000000000000000000000000000026
:10BA20000000000000000000000000000000000016
:10BA30000000000000000000000000000000000006
:10BA400000000000000000000000000000000000F6
:10BA500000000000000000000000000000000000E6
:10BA600000000000000000000000000000000000D6
:10BA700000000000000000000000000000000000C6
:10BA800000000000000000000000000000000000B6
:10BA900000000000000000000000000000000000A6
:10BAA0000000000000000000000000000000000096
:10BAB0000000000000000000000000000000000086
:10BAC0000000000000000000000000000000000076
:10BAD0000000000000000000000000000000000066
:10BAE0000000000000000000000000000000000056
:10BAF0000000000000000000000000000000000046
:10BB00000000000000000000000000000000000035
:10BB10000000000000000000000000000000000025
:10BB20000000000000000000000000000000000015
:10BB30000000000000000000000000000000000005
:10BB400000000000000000000000000000000000F5
:10BB500000000000000000000000000000000000E5
:10BB600000000000000000000000000000000000D5
:10BB700000000000000000000000000000000000C5
:10BB800000000000000000000000000000000000B5
:10BB900000000000000000000000000000000000A5
:10BBA0000000000000000000000000000000000095
:10BBB0000000000000000000000000000000000085
:10BBC0000000000000000000000000000000000075
:10BBD0000000000000000000000000000000000065
:10BBE0000000000000000000000000000000000055
:10BBF0000000000000000000000000000000000045
:10BC00000000000000000000000000000000000034
:10BC10000000000000000000000000000000000024
:10BC20000000000000000000000000000000000014
:10BC30000000000000000000000000000000000004
:10BC400000000000000000000000000000000000F4
:10BC500000000000000000000000000000000000E4
:10BC600000000000000000000000000000000000D4
:10BC700000000000000000000000000000000000C4
:10BC800000000000000000000000000000000000B4
:10BC900000000000000000000000000000000000A4
:10BCA0000000000000000000000000000000000094
:10BCB0000000000000000000000000000000000084
:10BCC0000000000000000000000000000000000074
:10BCD0000000000000000000000000000000000064
:10BCE0000000000000000000000000000000000054
:10BCF0000000000000000000000000000000000044
:10BD00000000000000000000000000000000000033
:10BD10000000000000000000000000000000000023
:10BD20000000000000000000000000000000000013
:10BD30000000000000000000000000000000000003
:10BD400000000000000000000000000000000000F3
:10BD500000000000000000000000000000000000E3
:10BD600000000000000000000000000000000000D3
:10BD700000000000000000000000000000000000C3
:10BD800000000000000000000000000000000000B3
:10BD900000000000000000000000000000000000A3
:10BDA0000000000000000000000000000000000093
:10BDB0000000000000000000000000000000000083
:10BDC0000000000000000000000000000000000073
:10BDD0000000000000000000000000000000000063
:10BDE0000000000000000000000000000000000053
:10BDF0000000000000000000000000000000000043
:10BE00000000000000000000000000000000000032
:10BE10000000000000000000000000000000000022
:10BE20000000000000000000000000000000000012
:10BE30000000000000000000000000000000000002
:10BE400000000000000000000000000000000000F2
:10BE500000000000000000000000000000000000E2
:10BE600000000000000000000000000000000000D2
:10BE700000000000000000000000000000000000C2
:10BE800000000000000000000000000000000000B2
:10BE900000000000000000000000000000000000A2
:10BEA0000000000000000000000000000000000092
:10BEB0000000000000000000000000000000000082
:10BEC0000000000000000000000000000000000072
:10BED0000000000000000000000000000000000062
:10BEE0000000000000000000000000000000000052
:10BEF0000000000000000000000000000000000042
:10BF00000000000000000000000000000000000031
:10BF10000000000000000000000000000000000021
:10BF20000000000000000000000000000000000011
:10BF30000000000000000000000000000000000001
:10BF400000000000000000000000000000000000F1
:10BF500000000000000000000000000000000000E1
:10BF600000000000000000000000000000000000D1
:10BF700000000000000000000000000000000000C1
:10BF800000000000000000000000000000000000B1
:10BF900000000000000000000000000000000000A1
:10BFA0000000000000000000000000000000000091
:10BFB0000000000000000000000000000000000081
:10BFC0000000000000000000000000000000000071
:10BFD0000000000000000000000000000000000061
:10BFE0000000000000000000000000000000000051
:10BFF0000000000000000000000000000000000041
:10C000000000000000000000000000000000000030
:10C010000000000000000000000000000000000020
:10C020000000000000000000000000000000000010
:10C030000000000000000000000000000000000000
:10C0400000000000000000000000000000000000F0
:10C0500000000000000000000000000000000000E0
:10C0600000000000000000000000000000000000D0
:10C0700000000000000000000000000000000000C0
:10C0800000000000000000000000000000000000B0
:10C0900000000000000000000000000000000000A0
:10C0A0000000000000000000000000000000000090
:10C0B0000000000000000000000000000000000080
:10C0C0000000000000000000000000000000000070
:10C0D0000000000000000000000000000000000060
:10C0E0000000000000000000000000000000000050
:10C0F0000000000000000000000000000000000040
:10C10000000000000000000000000000000000002F
:10C11000000000000000000000000000000000001F
:10C12000000000000000000000000000000000000F
:10C1300000000000000000000000000000000000FF
:10C1400000000000000000000000000000000000EF
:10C1500000000000000000000000000000000000DF
:10C1600000000000000000000000000000000000CF
:10C1700000000000000000000000000000000000BF
:10C1800000000000000000000000000000000000AF
:10C19000000000000000000000000000000000009F
:10C1A000000000000000000000000000000000008F
:10C1B000000000000000000000000000000000007F
:10C1C000000000000000000000000000000000006F
:10C1D000000000000000000000000000000000005F
:10C1E000000000000000000000000000000000004F
:10C1F000000000000000000000000000000000003F
:10C20000000000000000000000000000000000002E
:10C21000000000000000000000000000000000001E
:10C22000000000000000000000000000000000000E
:10C2300000000000000000000000000000000000FE
:10C2400000000000000000000000000000000000EE
:10C2500000000000000000000000000000000000DE
:10C2600000000000000000000000000000000000CE
:10C2700000000000000000000000000000000000BE
:10C2800000000000000000000000000000000000AE
:10C29000000000000000000000000000000000009E
:10C2A000000000000000000000000000000000008E
:10C2B000000000000000000000000000000000007E
:10C2C000000000000000000000000000000000006E
:10C2D000000000000000000000000000000000005E
:10C2E000000000000000000000000000000000004E
:10C2F000000000000000000000000000000000003E
:10C30000000000000000000000000000000000002D
:10C31000000000000000000000000000000000001D
:10C32000000000000000000000000000000000000D
:10C3300000000000000000000000000000000000FD
:10C3400000000000000000000000000000000000ED
:10C3500000000000000000000000000000000000DD
:10C3600000000000000000000000000000000000CD
:10C3700000000000000000000000000000000000BD
:10C3800000000000000000000000000000000000AD
:10C39000000000000000000000000000000000009D
:10C3A000000000000000000000000000000000008D
:10C3B000000000000000000000000000000000007D
:10C3C000000000000000000000000000000000006D
:10C3D000000000000000000000000000000000005D
:10C3E000000000000000000000000000000000004D
:10C3F000000000000000000000000000000000003D
:10C40000000000000000000000000000000000002C
:10C41000000000000000000000000000000000001C
:10C42000000000000000000000000000000000000C
:10C4300000000000000000000000000000000000FC
:10C4400000000000000000000000000000000000EC
:10C4500000000000000000000000000000000000DC
:10C4600000000000000000000000000000000000CC
:10C4700000000000000000000000000000000000BC
:10C4800000000000000000000000000000000000AC
:10C49000000000000000000000000000000000009C
:10C4A000000000000000000000000000000000008C
:10C4B000000000000000000000000000000000007C
:10C4C000000000000000000000000000000000006C
:10C4D000000000000000000000000000000000005C
:10C4E000000000000000000000000000000000004C
:10C4F000000000000000000000000000000000003C
:10C50000000000000000000000000000000000002B
:10C51000000000000000000000000000000000001B
:10C52000000000000000000000000000000000000B
:10C5300000000000000000000000000000000000FB
:10C5400000000000000000000000000000000000EB
:10C5500000000000000000000000000000000000DB
:10C5600000000000000000000000000000000000CB
:10C5700000000000000000000000000000000000BB
:10C5800000000000000000000000000000000000AB
:10C59000000000000000000000000000000000009B
:10C5A000000000000000000000000000000000008B
:10C5B000000000000000000000000000000000007B
:10C5C000000000000000000000000000000000006B
:10C5D000000000000000000000000000000000005B
:10C5E000000000000000000000000000000000004B
:10C5F000000000000000000000000000000000003B
:10C60000000000000000000000000000000000002A
:10C61000000000000000000000000000000000001A
:10C62000000000000000000000000000000000000A
:10C6300000000000000000000000000000000000FA
:10C6400000000000000000000000000000000000EA
:10C6500000000000000000000000000000000000DA
:10C6600000000000000000000000000000000000CA
:10C6700000000000000000000000000000000000BA
:10C6800000000000000000000000000000000000AA
:10C69000000000000000000000000000000000009A
:10C6A000000000000000000000000000000000008A
:10C6B000000000000000000000000000000000007A
:10C6C000000000000000000000000000000000006A
:10C6D000000000000000000000000000000000005A
:10C6E000000000000000000000000000000000004A
:10C6F000000000000000000000000000000000003A
:10C700000000000000000000000000000000000029
:10C710000000000000000000000000000000000019
:10C720000000000000000000000000000000000009
:10C7300000000000000000000000000000000000F9
:10C7400000000000000000000000000000000000E9
:10C7500000000000000000000000000000000000D9
:10C7600000000000000000000000000000000000C9
:10C7700000000000000000000000000000000000B9
:10C7800000000000000000000000000000000000A9
:10C790000000000000000000000000000000000099
:10C7A0000000000000000000000000000000000089
:10C7B0000000000000000000000000000000000079
:10C7C0000000000000000000000000000000000069
:10C7D0000000000000000000000000000000000059
:10C7E0000000000000000000000000000000000049
:10C7F0000000000000000000000000000000000039
:10C800000000000000000000000000000000000028
:10C810000000000000000000000000000000000018
:10C820000000000000000000000000000000000008
:10C8300000000000000000000000000000000000F8
:10C8400000000000000000000000000000000000E8
:10C8500000000000000000000000000000000000D8
:10C8600000000000000000000000000000000000C8
:10C8700000000000000000000000000000000000B8
:10C8800000000000000000000000000000000000A8
:10C890000000000000000000000000000000000098
:10C8A0000000000000000000000000000000000088
:10C8B0000000000000000000000000000000000078
:10C8C0000000000000000000000000000000000068
:10C8D0000000000000000000000000000000000058
:10C8E0000000000000000000000000000000000048
:10C8F0000000000000000000000000000000000038
:10C900000000000000000000000000000000000027
:10C910000000000000000000000000000000000017
:10C920000000000000000000000000000000000007
:10C9300000000000000000000000000000000000F7
:10C9400000000000000000000000000000000000E7
:10C9500000000000000000000000000000000000D7
:10C9600000000000000000000000000000000000C7
:10C9700000000000000000000000000000000000B7
:10C9800000000000000000000000000000000000A7
:10C990000000000000000000000000000000000097
:10C9A0000000000000000000000000000000000087
:10C9B0000000000000000000000000000000000077
:10C9C0000000000000000000000000000000000067
:10C9D0000000000000000000000000000000000057
:10C9E0000000000000000000000000000000000047
:10C9F0000000000000000000000000000000000037
:10CA00000000000000000000000000000000000026
:10CA10000000000000000000000000000000000016
:10CA20000000000000000000000000000000000006
:10CA300000000000000000000000000000000000F6
:10CA400000000000000000000000000000000000E6
:10CA500000000000000000000000000000000000D6
:10CA600000000000000000000000000000000000C6
:10CA700000000000000000000000000000000000B6
:10CA800000000000000000000000000000000000A6
:10CA90000000000000000000000000000000000096
:10CAA0000000000000000000000000000000000086
:10CAB0000000000000000000000000000000000076
:10CAC0000000000000000000000000000000000066
:10CAD0000000000000000000000000000000000056
:10CAE0000000000000000000000000000000000046
:10CAF0000000000000000000000000000000000036
:10CB00000000000000000000000000000000000025
:10CB10000000000000000000000000000000000015
:10CB20000000000000000000000000000000000005
:10CB300000000000000000000000000000000000F5
:10CB400000000000000000000000000000000000E5
:10CB500000000000000000000000000000000000D5
:10CB600000000000000000000000000000000000C5
:10CB700000000000000000000000000000000000B5
:10CB800000000000000000000000000000000000A5
:10CB90000000000000000000000000000000000095
:10CBA0000000000000000000000000000000000085
:10CBB0000000000000000000000000000000000075
:10CBC0000000000000000000000000000000000065
:10CBD0000000000000000000000000000000000055
:10CBE0000000000000000000000000000000000045
:10CBF0000000000000000000000000000000000035
:10CC00000000000000000000000000000000000024
:10CC10000000000000000000000000000000000014
:10CC20000000000000000000000000000000000004
:10CC300000000000000000000000000000000000F4
:10CC400000000000000000000000000000000000E4
:10CC500000000000000000000000000000000000D4
:10CC600000000000000000000000000000000000C4
:10CC700000000000000000000000000000000000B4
:10CC800000000000000000000000000000000000A4
:10CC90000000000000000000000000000000000094
:10CCA0000000000000000000000000000000000084
:10CCB0000000000000000000000000000000000074
:10CCC0000000000000000000000000000000000064
:10CCD0000000000000000000000000000000000054
:10CCE0000000000000000000000000000000000044
:10CCF0000000000000000000000000000000000034
:10CD00000000000000000000000000000000000023
:10CD10000000000000000000000000000000000013
:10CD20000000000000000000000000000000000003
:10CD300000000000000000000000000000000000F3
:10CD400000000000000000000000000000000000E3
:10CD500000000000000000000000000000000000D3
:10CD600000000000000000000000000000000000C3
:10CD700000000000000000000000000000000000B3
:10CD800000000000000000000000000000000000A3
:10CD90000000000000000000000000000000000093
:10CDA0000000000000000000000000000000000083
:10CDB0000000000000000000000000000000000073
:10CDC0000000000000000000000000000000000063
:10CDD0000000000000000000000000000000000053
:10CDE0000000000000000000000000000000000043
:10CDF0000000000000000000000000000000000033
:10CE00000000000000000000000000000000000022
:10CE10000000000000000000000000000000000012
:10CE20000000000000000000000000000000000002
:10CE300000000000000000000000000000000000F2
:10CE400000000000000000000000000000000000E2
:10CE500000000000000000000000000000000000D2
:10CE600000000000000000000000000000000000C2
:10CE700000000000000000000000000000000000B2
:10CE800000000000000000000000000000000000A2
:10CE90000000000000000000000000000000000092
:10CEA0000000000000000000000000000000000082
:10CEB0000000000000000000000000000000000072
:10CEC0000000000000000000000000000000000062
:10CED0000000000000000000000000000000000052
:10CEE0000000000000000000000000000000000042
:10CEF0000000000000000000000000000000000032
:10CF00000000000000000000000000000000000021
:10CF10000000000000000000000000000000000011
:10CF20000000000000000000000000000000000001
:10CF300000000000000000000000000000000000F1
:10CF400000000000000000000000000000000000E1
:10CF500000000000000000000000000000000000D1
:10CF600000000000000000000000000000000000C1
:10CF700000000000000000000000000000000000B1
:10CF800000000000000000000000000000000000A1
:10CF90000000000000000000000000000000000091
:10CFA0000000000000000000000000000000000081
:10CFB0000000000000000000000000000000000071
:10CFC0000000000000000000000000000000000061
:10CFD0000000000000000000000000000000000051
:10CFE0000000000000000000000000000000000041
:10CFF0000000000000000000000000000000000031
:10D000000000000000000000000000000000000020
:10D010000000000000000000000000000000000010
:10D020000000000000000000000000000000000000
:10D0300000000000000000000000000000000000F0
:10D0400000000000000000000000000000000000E0
:10D0500000000000000000000000000000000000D0
:10D0600000000000000000000000000000000000C0
:10D0700000000000000000000000000000000000B0
:10D0800000000000000000000000000000000000A0
:10D090000000000000000000000000000000000090
:10D0A0000000000000000000000000000000000080
:10D0B0000000000000000000000000000000000070
:10D0C0000000000000000000000000000000000060
:10D0D0000000000000000000000000000000000050
:10D0E0000000000000000000000000000000000040
:10D0F0000000000000000000000000000000000030
:10D10000000000000000000000000000000000001F
:10D11000000000000000000000000000000000000F
:10D1200000000000000000000000000000000000FF
:10D1300000000000000000000000000000000000EF
:10D1400000000000000000000000000000000000DF
:10D1500000000000000000000000000000000000CF
:10D1600000000000000000000000000000000000BF
:10D1700000000000000000000000000000000000AF
:10D18000000000000000000000000000000000009F
:10D19000000000000000000000000000000000008F
:10D1A000000000000000000000000000000000007F
:10D1B000000000000000000000000000000000006F
:10D1C000000000000000000000000000000000005F
:10D1D000000000000000000000000000000000004F
:10D1E000000000000000000000000000000000003F
:10D1F000000000000000000000000000000000002F
:10D20000000000000000000000000000000000001E
:10D21000000000000000000000000000000000000E
:10D2200000000000000000000000000000000000FE
:10D2300000000000000000000000000000000000EE
:10D2400000000000000000000000000000000000DE
:10D2500000000000000000000000000000000000CE
:10D2600000000000000000000000000000000000BE
:10D2700000000000000000000000000000000000AE
:10D28000000000000000000000000000000000009E
:10D29000000000000000000000000000000000008E
:10D2A000000000000000000000000000000000007E
:10D2B000000000000000000000000000000000006E
:10D2C000000000000000000000000000000000005E
:10D2D000000000000000000000000000000000004E
:10D2E000000000000000000000000000000000003E
:10D2F000000000000000000000000000000000002E
:10D30000000000000000000000000000000000001D
:10D31000000000000000000000000000000000000D
:10D3200000000000000000000000000000000000FD
:10D3300000000000000000000000000000000000ED
:10D3400000000000000000000000000000000000DD
:10D3500000000000000000000000000000000000CD
:10D3600000000000000000000000000000000000BD
:10D3700000000000000000000000000000000000AD
:10D38000000000000000000000000000000000009D
:10D39000000000000000000000000000000000008D
:10D3A000000000000000000000000000000000007D
:10D3B000000000000000000000000000000000006D
:10D3C000000000000000000000000000000000005D
:10D3D000000000000000000000000000000000004D
:10D3E000000000000000000000000000000000003D
:10D3F000000000000000000000000000000000002D
:10D40000000000000000000000000000000000001C
:10D41000000000000000000000000000000000000C
:10D4200000000000000000000000000000000000FC
:10D4300000000000000000000000000000000000EC
:10D4400000000000000000000000000000000000DC
:10D4500000000000000000000000000000000000CC
:10D4600000000000000000000000000000000000BC
:10D4700000000000000000000000000000000000AC
:10D48000000000000000000000000000000000009C
:10D49000000000000000000000000000000000008C
:10D4A000000000000000000000000000000000007C
:10D4B000000000000000000000000000000000006C
:10D4C000000000000000000000000000000000005C
:10D4D000000000000000000000000000000000004C
:10D4E000000000000000000000000000000000003C
:10D4F000000000000000000000000000000000002C
:10D50000000000000000000000000000000000001B
:10D51000000000000000000000000000000000000B
:10D5200000000000000000000000000000000000FB
:10D5300000000000000000000000000000000000EB
:10D5400000000000000000000000000000000000DB
:10D5500000000000000000000000000000000000CB
:10D5600000000000000000000000000000000000BB
:10D5700000000000000000000000000000000000AB
:10D58000000000000000000000000000000000009B
:10D59000000000000000000000000000000000008B
:10D5A000000000000000000000000000000000007B
:10D5B000000000000000000000000000000000006B
:10D5C000000000000000000000000000000000005B
:10D5D000000000000000000000000000000000004B
:10D5E000000000000000000000000000000000003B
:10D5F000000000000000000000000000000000002B
:10D60000000000000000000000000000000000001A
:10D61000000000000000000000000000000000000A
:10D6200000000000000000000000000000000000FA
:10D6300000000000000000000000000000000000EA
:10D6400000000000000000000000000000000000DA
:10D6500000000000000000000000000000000000CA
:10D6600000000000000000000000000000000000BA
:10D6700000000000000000000000000000000000AA
:10D68000000000000000000000000000000000009A
:10D69000000000000000000000000000000000008A
:10D6A000000000000000000000000000000000007A
:10D6B000000000000000000000000000000000006A
:10D6C000000000000000000000000000000000005A
:10D6D000000000000000000000000000000000004A
:10D6E000000000000000000000000000000000003A
:10D6F000000000000000000000000000000000002A
:10D700000000000000000000000000000000000019
:10D710000000000000000000000000000000000009
:10D7200000000000000000000000000000000000F9
:10D7300000000000000000000000000000000000E9
:10D7400000000000000000000000000000000000D9
:10D7500000000000000000000000000000000000C9
:10D7600000000000000000000000000000000000B9
:10D7700000000000000000000000000000000000A9
:10D780000000000000000000000000000000000099
:10D790000000000000000000000000000000000089
:10D7A0000000000000000000000000000000000079
:10D7B0000000000000000000000000000000000069
:10D7C0000000000000000000000000000000000059
:10D7D0000000000000000000000000000000000049
:10D7E0000000000000000000000000000000000039
:10D7F0000000000000000000000000000000000029
:10D800000000000000000000000000000000000018
:10D810000000000000000000000000000000000008
:10D8200000000000000000000000000000000000F8
:10D8300000000000000000000000000000000000E8
:10D8400000000000000000000000000000000000D8
:10D8500000000000000000000000000000000000C8
:10D8600000000000000000000000000000000000B8
:10D8700000000000000000000000000000000000A8
:10D880000000000000000000000000000000000098
:10D890000000000000000000000000000000000088
:10D8A0000000000000000000000000000000000078
:10D8B0000000000000000000000000000000000068
:10D8C0000000000000000000000000000000000058
:10D8D0000000000000000000000000000000000048
:10D8E0000000000000000000000000000000000038
:10D8F0000000000000000000000000000000000028
:10D900000000000000000000000000000000000017
:10D910000000000000000000000000000000000007
:10D9200000000000000000000000000000000000F7
:10D9300000000000000000000000000000000000E7
:10D9400000000000000000000000000000000000D7
:10D9500000000000000000000000000000000000C7
:10D9600000000000000000000000000000000000B7
:10D9700000000000000000000000000000000000A7
:10D980000000000000000000000000000000000097
:10D990000000000000000000000000000000000087
:10D9A0000000000000000000000000000000000077
:10D9B0000000000000000000000000000000000067
:10D9C0000000000000000000000000000000000057
:10D9D0000000000000000000000000000000000047
:10D9E0000000000000000000000000000000000037
:10D9F0000000000000000000000000000000000027
:10DA00000000000000000000000000000000000016
:10DA10000000000000000000000000000000000006
:10DA200000000000000000000000000000000000F6
:10DA300000000000000000000000000000000000E6
:10DA400000000000000000000000000000000000D6
:10DA500000000000000000000000000000000000C6
:10DA600000000000000000000000000000000000B6
:10DA700000000000000000000000000000000000A6
:10DA80000000000000000000000000000000000096
:10DA90000000000000000000000000000000000086
:10DAA0000000000000000000000000000000000076
:10DAB0000000000000000000000000000000000066
:10DAC0000000000000000000000000000000000056
:10DAD0000000000000000000000000000000000046
:10DAE0000000000000000000000000000000000036
:10DAF0000000000000000000000000000000000026
:10DB00000000000000000000000000000000000015
:10DB10000000000000000000000000000000000005
:10DB200000000000000000000000000000000000F5
:10DB300000000000000000000000000000000000E5
:10DB400000000000000000000000000000000000D5
:10DB500000000000000000000000000000000000C5
:10DB600000000000000000000000000000000000B5
:10DB700000000000000000000000000000000000A5
:10DB80000000000000000000000000000000000095
:10DB90000000000000000000000000000000000085
:10DBA0000000000000000000000000000000000075
:10DBB0000000000000000000000000000000000065
:10DBC0000000000000000000000000000000000055
:10DBD0000000000000000000000000000000000045
:10DBE0000000000000000000000000000000000035
:10DBF0000000000000000000000000000000000025
:10DC00000000000000000000000000000000000014
:10DC10000000000000000000000000000000000004
:10DC200000000000000000000000000000000000F4
:10DC300000000000000000000000000000000000E4
:10DC400000000000000000000000000000000000D4
:10DC500000000000000000000000000000000000C4
:10DC600000000000000000000000000000000000B4
:10DC700000000000000000000000000000000000A4
:10DC80000000000000000000000000000000000094
:10DC90000000000000000000000000000000000084
:10DCA0000000000000000000000000000000000074
:10DCB0000000000000000000000000000000000064
:10DCC0000000000000000000000000000000000054
:10DCD0000000000000000000000000000000000044
:10DCE0000000000000000000000000000000000034
:10DCF0000000000000000000000000000000000024
:10DD00000000000000000000000000000000000013
:10DD10000000000000000000000000000000000003
:10DD200000000000000000000000000000000000F3
:10DD300000000000000000000000000000000000E3
:10DD400000000000000000000000000000000000D3
:10DD500000000000000000000000000000000000C3
:10DD600000000000000000000000000000000000B3
:10DD700000000000000000000000000000000000A3
:10DD80000000000000000000000000000000000093
:10DD90000000000000000000000000000000000083
:10DDA0000000000000000000000000000000000073
:10DDB0000000000000000000000000000000000063
:10DDC0000000000000000000000000000000000053
:10DDD0000000000000000000000000000000000043
:10DDE0000000000000000000000000000000000033
:10DDF0000000000000000000000000000000000023
:10DE00000000000000000000000000000000000012
:10DE10000000000000000000000000000000000002
:10DE200000000000000000000000000000000000F2
:10DE300000000000000000000000000000000000E2
:10DE400000000000000000000000000000000000D2
:10DE500000000000000000000000000000000000C2
:10DE600000000000000000000000000000000000B2
:10DE700000000000000000000000000000000000A2
:10DE80000000000000000000000000000000000092
:10DE90000000000000000000000000000000000082
:10DEA0000000000000000000000000000000000072
:10DEB0000000000000000000000000000000000062
:10DEC0000000000000000000000000000000000052
:10DED0000000000000000000000000000000000042
:10DEE0000000000000000000000000000000000032
:10DEF0000000000000000000000000000000000022
:10DF00000000000000000000000000000000000011
:10DF10000000000000000000000000000000000001
:10DF200000000000000000000000000000000000F1
:10DF300000000000000000000000000000000000E1
:10DF400000000000000000000000000000000000D1
:10DF500000000000000000000000000000000000C1
:10DF600000000000000000000000000000000000B1
:10DF700000000000000000000000000000000000A1
:10DF80000000000000000000000000000000000091
:10DF90000000000000000000000000000000000081
:10DFA0000000000000000000000000000000000071
:10DFB0000000000000000000000000000000000061
:10DFC0000000000000000000000000000000000051
:10DFD0000000000000000000000000000000000041
:10DFE0000000000000000000000000000000000031
:10DFF0000000000000000000000000000000000021
:10E000000000000000000000000000000000000010
:10E010000000000000000000000000000000000000
:10E0200000000000000000000000000000000000F0
:10E0300000000000000000000000000000000000E0
:10E0400000000000000000000000000000000000D0
:10E0500000000000000000000000000000000000C0
:10E0600000000000000000000000000000000000B0
:10E0700000000000000000000000000000000000A0
:10E080000000000000000000000000000000000090
:10E090000000000000000000000000000000000080
:10E0A0000000000000000000000000000000000070
:10E0B0000000000000000000000000000000000060
:10E0C0000000000000000000000000000000000050
:10E0D0000000000000000000000000000000000040
:10E0E0000000000000000000000000000000000030
:10E0F0000000000000000000000000000000000020
:10E10000000000000000000000000000000000000F
:10E1100000000000000000000000000000000000FF
:10E1200000000000000000000000000000000000EF
:10E1300000000000000000000000000000000000DF
:10E1400000000000000000000000000000000000CF
:10E1500000000000000000000000000000000000BF
:10E1600000000000000000000000000000000000AF
:10E17000000000000000000000000000000000009F
:10E18000000000000000000000000000000000008F
:10E19000000000000000000000000000000000007F
:10E1A000000000000000000000000000000000006F
:10E1B000000000000000000000000000000000005F
:10E1C000000000000000000000000000000000004F
:10E1D000000000000000000000000000000000003F
:10E1E000000000000000000000000000000000002F
:10E1F0000000BCD032F80C0000000000000000005D
:10E20000000000000000000000000000000000000E
:10E210000000040E000000000000000000000000EC
:10E2200000000000000000000000C0030000040027
:10E2300000000000000000000000000000000000DE
:10E2400000000000000000000000000000000000CE
:10E2500000000000000000000000000000000000BE
:10E2600000000000000000000000000000000000AE
:10E27000000000000000000000000000000000009E
:10E280000000509C83CFC62F30BFC0FC02F30BCCE4
:10E29000401380802C30B0C0CFAF3FF8EB0CBC33C4
:10E2A0000E0C2D184C40BCD3E24FC0133F04EF00BE
:10E2B000CD420BCC2F30BFC0FC02F30BCCDF338C34
:10E2C000400C2D300404E000B0B03CF9A00B0C432E
:10E2D0000EA30BDCC0B2C000CC30B4463C05C0CBB2
:10E2E000CB822F3544D410003BC0C0113480C01302
:10E2F0003080037000C1BC00F3C2C30BF302C3FB48
:10E30000F03E0337032F30033B00C3C1CBCBC20E1B
:10E3100037C38C0C70F308C90023F320DC30E50F01
:10E32000810DE58F80CE6043CC230136C00C30E0F8
:10E330000386830E033A808E033A8E8E0F3A0EC800
:10E340000C808888830D03363CDC30C0C0F000337D
:10E35000600CACE04FCE0C2C07090C101303410EDF
:10E36000001003400E331043420203C0E440510347
:10E3700000D400D0C30CD46002809119EC66B83987
:10E380006166868812AC409810E36606B11342CCF1
:10E3900030B901CC8C1000A22298192142069108B4
:10E3A0000400B8B94066069339CCEC3C10F3FFCFBB
:10E3B000FF3FFFFFFCFFF3FFCFFF3FFFFFFCFFF33B
:10E3C000FFCFFF3FFFFFFCFFF3FFCFFF3FFFFFFC4F
:10E3D000FFF3FFCFFF3FFFFFFCFFF3FFCFFF3FFF48
:10E3E000FFFCFFF3FFCFFF3FFFFFFCFFF3FFCFFF7B
:10E3F0003FFFFFFCFFF3FFCFFF3FFFFFFCFFF3FFFB
:10E40000CFFF3FFFFFFCFFF3FFCFFF3FFFFFFCFF0E
:10E41000F3FFCFFF3FFFFFFCFFF3FFCFFF3FFFFF07
:10E42000FCFFF3FFCFFF3FFFFFFCFFF3FFCFFF3FFA
:10E43000FFFFFCFFF3FFCFFF3FFFFFFCFFF3FFCF2A
:10E44000FF3FFFFFFCFFF3FFCFFF3FFFFFFCFFF3AA
:10E45000FFCFFF3FFFFFFCFFF3FFCFFF3FFFFFFCBE
:10E46000FFF3FFCFFF3FFFFFFCFFF3FFCFFF3FFFB7
:10E47000FFFCFFF3FFCFFF3FFFFFFCFFF3FFCFFFEA
:10E480003FFFFFFCFFF3FFCFFF3FFFFFFCFFF3FF6A
:10E49000CFFF3FFFFFFCFFF3FFCFFF3FFFFFFCFF7E
:10E4A000F3FFCFFF3FFFFFFCFFF3FFCFFF3FFFFF77
:10E4B000FCFFF3FFCFFF3FFFFFFCFFF3FFCFFF3F6A
:10E4C000FFFFFCFFF3FFCFFF3FFFFFFCFFF3FFCF9A
:10E4D000FF3FFFFFFCFFF3FFCFFF3FFFFFFCFFF31A
:10E4E000FFCFFF3FFFFFFCFFF3FFCFFF3FFFFFFC2E
:10E4F000FFF3FFCFFF3FFFFFFCFFF3FFCFFF3FFF27
:10E50000FFFCFFF3FFCFFF3FFFFFFCFFF3FFCFFF59
:10E510003FFFFFFCFFF3FFCFFF3FFFFFFCFFF3FFD9
:10E52000CFFF3FFFFFFCFFF3FFCFFF3FFFFFFCFFED
:10E53000F3FFCFFF3FFFFFFCFFF3FFCFFF3FFFFFE6
:10E54000FCFFF3FFCFFF3FFFFFFCFFF3FFCFFF3FD9
:10E55000FFFFFCFFF3FFCFFF3FFFFFFCFFF3FFCF09
:10E56000FF3FFFFFFCFFF3FFCFFF3FFFFFFCFFF389
:10E57000FFCFFF3FFFFFFCFFF3FFCFFF3FFFFFFC9D
:10E58000FFF3FFCFFF3FFFFFFCFFF3FFCFFF3FFF96
:10E59000FFFCFFF3FFCFFF3FFFFFFCFFF3FFCFFFC9
:10E5A0003FFFFFFCFFF3FFCFFF3FFFFFFCFFF3FF49
:10E5B000CFFF3FFFFFFCFFF3FFCFFF3FFFFFFCFF5D
:10E5C000F3FFCFFF3FFFFFFCFFF3FFCFFF3FFFFF56
:10E5D000FCFFF3FFCFFF3FFFFFFCFFF3FFCFFF3F49
:10E5E000FFFFFCFFF3FFCFFF3FFFFFFCFFF3FFCF79
:10E5F000FF3FFFFFFCFFF3FFCFFF3FFFFFFCFFF3F9
:10E60000FFCFFF3FFFFFFCFFF3FFCFFF3FFFFFFC0C
:10E61000FFF3FFCFFF3FFFFFFCFFF3FFCFFF3FFF05
:10E62000FFFCFFF3FFCFFF3FFFFFFCFFF3FFCFFF38
:10E630003FFFFFFCFFF3FFCFFF3FFFFFFCFFF3FFB8
:10E64000CFFF3FFFFFFCFFF3FFCFFF3FFFFFFCFFCC
:10E65000F3FFCFFF3FFFFFFCFFF3FFCFFF3FFFFFC5
:10E66000FCFFF3FFCFFF3FFFFFFCFFF3FFCFFF3FB8
:10E67000FFFFFCFFF3FFCFFF3FFFFFFCFFF3FFCFE8
:10E68000FF3FFFFFFCFFF3FFCFFF3FFFFFFCFFF368
:10E69000FFCFFF3FFFFFFCFFF3FFCFFF3FFFFFFC7C
:10E6A000FFF3FFCFFF3FFFFFFCFFF3FFCFFF3FFF75
:10E6B000FFFCFFF3FFCFFF3FFFFFFCFFF3FFCFFFA8
:10E6C0003FFFFFFCFFF3FFCFFF3FFFFFFCFFF3FF28
:10E6D000CFFF3FFFFFFCFFF3FFCFFF3FFFFFFCFF3C
:10E6E000F3FFCFFF3FFFFFFCFFF3FFCFFF3FFFFF35
:10E6F000FCFFF3FFCFFF3FFFFFFCFFF3FFCFFF3F28
:10E70000FFFFFCFFF3FFCFFF3FFFFFFCFFF3FFCF57
:10E71000FF3FFFFFFCFFF3FFCFFF3FFFFFFCFFF3D7
:10E72000FFCFFF3FFFFFFCFFF3FFCFFF3FFFFFFCEB
:10E73000FFF3FFCFFF3FFFFFFCFFF3FFCFFF3FFFE4
:10E74000FFFCFFF3FFCFFF3FFFFFFCFFF3FFCFFF17
:10E750003FFFFFFCFFF3FFCFFF3FFFFFFCFFF3FF97
:10E76000CFFF3FFFFFFCFFF3FFCFFF3FFFFFFCFFAB
:10E77000F3FFCFFF3FFFFFFCFFF3FFCFFF3FFFFFA4
:10E78000FCFFF3FFCFFF3FFFFFFCFFF3FFCFFF3F97
:10E79000FFFFFCFFF3FFCFFF3FFFFFFCFFF3FFCFC7
:10E7A000FF3FFFFFFCFFF3FFCFFF3FFFFFFCFFF347
:10E7B000FFCFFF3FFFFFFCFFF3FFCFFF3FFFFFFC5B
:10E7C000FFF3FFCFFF3FFFFFFCFFF3FFCFFF3FFF54
:10E7D000FFFCFFF3FFCFFF3FFFFFFCFFF3FFCFFF87
:10E7E0003FFFFFFCFFF3FFCFFF3FFFFFFCFFF3FF07
:10E7F000CFFF3FFFFFFCFFF3FFCFFF3FFFFFFCFF1B
:10E80000F3FFCFFF3FFFFFFCFFF3FFCFFF3FFFFF13
:10E81000FCFFF3FFCFFF3FFFFFFCFFF3FFCFFF3F06
:10E82000FFFFFCFFF3FFCFFF3FFFFFFCFFF3FFCF36
:10E83000FF3FFFFFFCFFF3FFCFFF3FFFFFFCFFF3B6
:10E84000FFCFFF3FFFFFFCFFF3FFCFFF3FFFFFFCCA
:10E85000FFF3FFCFFF3FFFFFFCFFF3FFCFFF3FFFC3
:10E86000FFFCFFF3FFCFFF3FFFFFFCFFF3FFCFFFF6
:10E870003FFFFFFCFFF3FFCFFF3FFFFFFCFFF3FF76
:10E88000CFFF3FFFFFFCFFF3FFCFFF3FFFFFFCFF8A
:10E89000F3FFCFFF3FFFFFFCFFF3FFCFFF3FFFFF83
:10E8A000FCFFF3FFCFFF3FFFFFFCFFF3FFCFFF3F76
:10E8B000FFFFFCFFF3FFCFFF3FFFFFFCFFF3FFCFA6
:10E8C000FF3FFFFFFCFFF3FFCFFF3FFFFFFCFFF326
:10E8D000FFCFFF3FFFFFFCFFF3FFCFFF3FFFFFFC3A
:10E8E000FFF3FFCFFF3FFFFFFCFFF3FFCFFF3FFF33
:10E8F000FFFCFFF3FFCFFF3FFFFFFCFFF3FFCFFF66
:10E900003FFFFFFCFFF3FFCFFF3FFFFFFCFFF3FFE5
:10E91000CFFF3FFFFFFCFFF3FFCFFF3FFFFFFCFFF9
:10E92000F3FFCFFF3FFFFFFCFFF3FFCFFF3FFFFFF2
:10E93000FCFFF3FFCFFF3FFFFFFCFFF3FFCFFF3FE5
:10E94000FFFFFCFFF3FFCFFF3FFFFFFCFFF3FFCF15
:10E95000FF3FFFFFFCFFF3FFCFFF3FFFFFFCFFF395
:10E96000FFCFFF3FFFFFFCFFF3FFCFFF3FFFFFFCA9
:10E97000FFF3FFCFFF3FFFFFFCFFF3FFCFFF3FFFA2
:10E98000FFFCFFF3FFCFFF3FFFFFFCFFF3FFCFFFD5
:10E990003FFFFFFCFFF3FFCFFF3FFFFFFCFFF3FF55
:10E9A000CFFF3FFFFFFCFFF3FFCFFF3FFFFFFCFF69
:10E9B000F3FFCFFF3FFFFFFCFFF3FFCFFF3FFFFF62
:10E9C000FCFFF3FFCFFF3FFFFFFCFFF3FFCFFF3F55
:10E9D000FFFFFCFFF3FFCFFF3FFFFFFCFFF3FFCF85
:10E9E000FF3FFFFFFCFFF3FFCFFF3FFFFFFCFFF305
:10E9F000FFCFFF3FFFFFFCFFF3FFCFFF3FFFFFFC19
:10EA0000FFF3FFCFFF3FFFFFFCFFF3FFCFFF3FFF11
:10EA1000FFFCFFF3FFCFFF3FFFFFFCFFF3FFCFFF44
:10EA20003FFFFFFCFFF3FFCFFF3FFFFFFCFFF3FFC4
:10EA3000CFFF3FFFFFFCFFF3FFCFFF3FFFFFFCFFD8
:10EA4000F3FFCFFF3FFFFFFCFFF3FFCFFF3FFFFFD1
:10EA5000FCFFF3FFCFFF3FFFFFFCFFF3FFCFFF3FC4
:10EA6000FFFFFCFFF3FFCFFF3FFFFFFCFFF3FFCFF4
:10EA7000FF3FFFFFFCFFF3FFCFFF3FFFFFFCFFF374
:10EA8000FFCFFF3FFFFFFCFFF3FFCFFF3FFFFFFC88
:10EA9000FFF3FFCFFF3FFFFFFCFFF3FFCFFF3FFF81
:10EAA000FFFCFFF3FFCFFF3FFFFFFCFFF3FFCFFFB4
:10EAB0003FFFFFFCFFF3FFCFFF3FFFFFFCFFF3FF34
:10EAC000CFFF3FFFFFFCFFF3FFCFFF3FFFFFFCFF48
:10EAD000F3FFCFFF3FFFFFFCFFF3FFCFFF3FFFFF41
:10EAE000FCFFF3FFCFFF3FFFFFFCFFF3FFCFFF3F34
:10EAF000FFFF000000000000000000000000000018
:10EB00000000000000000000000000000000000005
:10EB1000000000000000B043C3FF08000200000036
:10EB200000000000000000000000000000000000E5
:10EB300000000000000000300000000000000000A5
:10EB40000000000000000000000000000000000CB9
:10EB500000000000000000000000000000000000B5
:10EB600000000000000000000000000000000000A5
:10EB70000000000000000000000000000000000095
:10EB80000000000000000000000000000000000085
:10EB90000000000000000000000000000000000075
:10EBA0000000000000000458F08F4C301EC3702C91
:10EBB000E3D1CCC7922084A4301DC07CC17035BC89
:10EBC000DC105CB3850332210680DCF232010003E5
:10EBD0001C1057D06C800C47301DC3702CD3D1CC87
:10EBE000C7FE23F7802C32704803E912D0D8047C8A
:10EBF00083BCC7512C8B3CC0A2C37C08D612B86F13
:10EC0000FC01C04DCC822F42CB102982BDC85221BD
:10EC1000B3A4D023C1A40B1C0070C4C0117349CC91
:10EC2000093309FC00DF81B009B11D8BBDE821402B
:10EC30004C4C632FBFC98437F21B017823F09D042D
:10EC4000EA127E08D32F7E1E106DF00B070513BF4E
:10EC50007B6C1D3149CF122D49B4106D40B4096D44
:10EC600025B44DBC26F1FF4F122E48B8DC5B621470
:10EC7000C582399AF434B413054E22326878D4F23E
:10EC8000414C099412444C90D792448C1A1EB5768C
:10EC90001C9332A5042913C4B5240DF35C0B810C1D
:10ECA00025FF9016E097CF22015100FC00402A0872
:10ECB000A001BF4CD00AB38A800114C138E00FF024
:10ECC0000202A01E00B5C06A017E09C00B00111C23
:10ECD000007077C7DD1D7777DCDD7177C7DD1D77C5
:10ECE00077DCDD7177C7DD1D7777DCDD7177C7DD18
:10ECF0001D7777DCDD7177C7DD1D7777DCDD717718
:10ED0000C7DD1D7777DCDD7177C7DD1D7777DCDD4B
:10ED10007177C7DD1D7777DCDD7177C7DD1D77770C
:10ED2000DCDD7177C7DD1D7777DCDD7177C7DD1D31
:10ED30007777DCDD7177C7DD1D7777DCDD7177C72D
:10ED4000DD1D7777DCDD7177C7DD1D7777DCDD7161
:10ED500077C7DD1D7777DCDD7177C7DD1D7777DC61
:10ED6000DD7177C7DD1D7777DCDD7177C7DD1D7756
:10ED700077DCDD7177C7DD1D7777DCDD7177C7DD87
:10ED80001D7777DCDD7177C7DD1D7777DCDD717787
:10ED9000C7DD1D7777DCDD7177C7DD1D7777DCDDBB
:10EDA0007177C7DD1D7777DCDD7177C7DD1D77777C
:10EDB000DCDD7177C7DD1D7777DCDD7177C7DD1DA1
:10EDC0007777DCDD7177C7DD1D7777DCDD7177C79D
:10EDD000DD1D7777DCDD7177C7DD1D7777DCDD71D1
:10EDE00077C7DD1D7777DCDD7177C7DD1D7777DCD1
:10EDF000DD7177C7DD1D7777DCDD7177C7DD1D77C6
:10EE000077DCDD7177C7DD1D7777DCDD7177C7DDF6
:10EE10001D7777DCDD7177C7DD1D7777DCDD7177F6
:10EE2000C7DD1D7777DCDD7177C7DD1D7777DCDD2A
:10EE30007177C7DD1D7777DCDD7177C7DD1D7777EB
:10EE4000DCDD7177C7DD1D7777DCDD7177C7DD1D10
:10EE50007777DCDD7177C7DD1D7777DCDD7177C70C
:10EE6000DD1D7777DCDD7177C7DD1D7777DCDD7140
:10EE700077C7DD1D7777DCDD7177C7DD1D7777DC40
:10EE8000DD7177C7DD1D7777DCDD7177C7DD1D7735
:10EE900077DCDD7177C7DD1D7777DCDD7177C7DD66
:10EEA0001D7777DCDD7177C7DD1D7777DCDD717766
:10EEB000C7DD1D7777DCDD7177C7DD1D7777DCDD9A
:10EEC0007177C7DD1D7777DCDD7177C7DD1D77775B
:10EED000DCDD7177C7DD1D7777DCDD7177C7DD1D80
:10EEE0007777DCDD7177C7DD1D7777DCDD7177C77C
:10EEF000DD1D7777DCDD7177C7DD1D7777DCDD71B0
:10EF000077C7DD1D7777DCDD7177C7DD1D7777DCAF
:10EF1000DD7177C7DD1D7777DCDD7177C7DD1D77A4
:10EF200077DCDD7177C7DD1D7777DCDD7177C7DDD5
:10EF30001D7777DCDD7177C7DD1D7777DCDD7177D5
:10EF4000C7DD1D7777DCDD7177C7DD1D7777DCDD09
:10EF50007177C7DD1D7777DCDD7177C7DD1D7777CA
:10EF6000DCDD7177C7DD1D7777DCDD7177C7DD1DEF
:10EF70007777DCDD7177C7DD1D7777DCDD7177C7EB
:10EF8000DD1D7777DCDD7177C7DD1D7777DCDD711F
:10EF900077C7DD1D7777DCDD7177C7DD1D7777DC1F
:10EFA000DD7177C7DD1D7777DCDD7177C7DD1D7714
:10EFB00077DCDD7177C7DD1D7777DCDD7177C7DD45
:10EFC0001D7777DCDD7177C7DD1D7777DCDD717745
:10EFD000C7DD1D7777DCDD7177C7DD1D7777DCDD79
:10EFE0007177C7DD1D7777DCDD7177C7DD1D77773A
:10EFF000DCDD7177C7DD1D7777DCDD7177C7DD1D5F
:10F000007777DCDD7177C7DD1D7777DCDD7177C75A
:10F01000DD1D7777DCDD7177C7DD1D7777DCDD718E
:10F0200077C7DD1D7777DCDD7177C7DD1D7777DC8E
:10F03000DD7177C7DD1D7777DCDD7177C7DD1D7783
:10F0400077DCDD7177C7DD1D7777DCDD7177C7DDB4
:10F050001D7777DCDD7177C7DD1D7777DCDD7177B4
:10F06000C7DD1D7777DCDD7177C7DD1D7777DCDDE8
:10F070007177C7DD1D7777DCDD7177C7DD1D7777A9
:10F08000DCDD7177C7DD1D7777DCDD7177C7DD1DCE
:10F090007777DCDD7177C7DD1D7777DCDD7177C7CA
:10F0A000DD1D7777DCDD7177C7DD1D7777DCDD71FE
:10F0B00077C7DD1D7777DCDD7177C7DD1D7777DCFE
:10F0C000DD7177C7DD1D7777DCDD7177C7DD1D77F3
:10F0D00077DCDD7177C7DD1D7777DCDD7177C7DD24
:10F0E0001D7777DCDD7177C7DD1D7777DCDD717724
:10F0F000C7DD1D7777DCDD7177C7DD1D7777DCDD58
:10F100007177C7DD1D7777DCDD7177C7DD1D777718
:10F11000DCDD7177C7DD1D7777DCDD7177C7DD1D3D
:10F120007777DCDD7177C7DD1D7777DCDD7177C739
:10F13000DD1D7777DCDD7177C7DD1D7777DCDD716D
:10F1400077C7DD1D7777DCDD7177C7DD1D7777DC6D
:10F15000DD7177C7DD1D7777DCDD7177C7DD1D7762
:10F1600077DCDD7177C7DD1D7777DCDD7177C7DD93
:10F170001D7777DCDD7177C7DD1D7777DCDD717793
:10F18000C7DD1D7777DCDD7177C7DD1D7777DCDDC7
:10F190007177C7DD1D7777DCDD7177C7DD1D777788
:10F1A000DCDD7177C7DD1D7777DCDD7177C7DD1DAD
:10F1B0007777DCDD7177C7DD1D7777DCDD7177C7A9
:10F1C000DD1D7777DCDD7177C7DD1D7777DCDD71DD
:10F1D00077C7DD1D7777DCDD7177C7DD1D7777DCDD
:10F1E000DD7177C7DD1D7777DCDD7177C7DD1D77D2
:10F1F00077DCDD7177C7DD1D7777DCDD7177C7DD03
:10F200001D7777DCDD7177C7DD1D7777DCDD717702
:10F21000C7DD1D7777DCDD7177C7DD1D7777DCDD36
:10F220007177C7DD1D7777DCDD7177C7DD1D7777F7
:10F23000DCDD7177C7DD1D7777DCDD7177C7DD1D1C
:10F240007777DCDD7177C7DD1D7777DCDD7177C718
:10F25000DD1D7777DCDD7177C7DD1D7777DCDD714C
:10F2600077C7DD1D7777DCDD7177C7DD1D7777DC4C
:10F27000DD7177C7DD1D7777DCDD7177C7DD1D7741
:10F2800077DCDD7177C7DD1D7777DCDD7177C7DD72
:10F290001D7777DCDD7177C7DD1D7777DCDD717772
:10F2A000C7DD1D7777DCDD7177C7DD1D7777DCDDA6
:10F2B0007177C7DD1D7777DCDD7177C7DD1D777767
:10F2C000DCDD7177C7DD1D7777DCDD7177C7DD1D8C
:10F2D0007777DCDD7177C7DD1D7777DCDD7177C788
:10F2E000DD1D7777DCDD7177C7DD1D7777DCDD71BC
:10F2F00077C7DD1D7777DCDD7177C7DD1D7777DCBC
:10F30000DD7177C7DD1D7777DCDD7177C7DD1D77B0
:10F3100077DCDD7177C7DD1D7777DCDD7177C7DDE1
:10F320001D7777DCDD7177C7DD1D7777DCDD7177E1
:10F33000C7DD1D7777DCDD7177C7DD1D7777DCDD15
:10F340007177C7DD1D7777DCDD7177C7DD1D7777D6
:10F35000DCDD7177C7DD1D7777DCDD7177C7DD1DFB
:10F360007777DCDD7177C7DD1D7777DCDD7177C7F7
:10F37000DD1D7777DCDD7177C7DD1D7777DCDD712B
:10F3800077C7DD1D7777DCDD7177C7DD1D7777DC2B
:10F39000DD7177C7DD1D7777DCDD7177C7DD1D7720
:10F3A00077DCDD7177C7DD1D7777DCDD7177C7DD51
:10F3B0001D7777DCDD7177C7DD1D7777DCDD717751
:10F3C000C7DD1D7777DCDD7177C7DD1D7777DCDD85
:10F3D0007177C7DD1D7777DCDD7177C7DD1D777746
:10F3E000DCDD7177C7DD1D7777DCDD7177C7DD1D6B
:10F3F0007777DCDD7177C7DD1D7777DCDD7177C767
:10F40000DD1D7777DCDD7177C7DD1D7777DCDD719A
:10F4100077C7DD1D777700000000000000000000C6
:10F4200000000000000000000000000000000000DC
:10F4300000000000000000000000000000000000CC
:10F4400000000000000000000000000000000000BC
:10F4500000000000000000000000000000000000AC
:10F46000000000000000000000000000000000009C
:10F47000000000000000000000000000000000008C
:10F48000000000000000000000000000000000007C
:10F49000000000000000000000000000000000006C
:10F4A000000000000000000000000000000000005C
:10F4B000000000000000000000000000000000004C
:10F4C000000000000000000000000000000000003C
:10F4D000000000000000000000000000000000002C
:10F4E000000000000000000000000000000000001C
:10F4F000000000000000000000000000000000000C
:10F5000000000000000000000000000000000000FB
:10F5100000000000000000000000000000000000EB
:10F5200000000000000000000000000000000000DB
:10F5300000000000000000000000000000000000CB
:10F5400000000000000000000000000000000000BB
:10F5500000000000000000000000000000000000AB
:10F56000000000000000000000000000000000009B
:10F57000000000000000000000000000000000008B
:10F58000000000000000000000000000000000007B
:10F59000000000000000000000000000000000006B
:10F5A000000000000000000000000000000000005B
:10F5B000000000000000000000000000000000004B
:10F5C000000000000000000000000000000000003B
:10F5D000000000000000000000000000000000002B
:10F5E000000000000000000000000000000000001B
:10F5F000000000000000000000000000000000000B
:10F6000000000000000000000000000000000000FA
:10F6100000000000000000000000000000000000EA
:10F6200000000000000000000000000000000000DA
:10F6300000000000000000000000000000000000CA
:10F6400000000000000000000000000000000000BA
:10F6500000000000000000000000000000000000AA
:10F66000000000000000000000000000000000009A
:10F67000000000000000000000000000000000008A
:10F68000000000000000000000000000000000007A
:10F69000000000000000000000000000000000006A
:10F6A000000000000000000000000000000000005A
:10F6B000000000000000000000000000000000004A
:10F6C000000000000000000000000000000000003A
:10F6D000000000000000000000000000000000002A
:10F6E000000000000000000000000000000000001A
:10F6F000000000000000000000000000000000000A
:10F7000000000000000000000000000000000000F9
:10F7100000000000000000000000000000000000E9
:10F7200000000000000000000000000000000000D9
:10F7300000000000000000000000000000000000C9
:10F7400000000000000000000000000000000000B9
:10F7500000000000000000000000000000000000A9
:10F760000000000000000000000000000000000099
:10F770000000000000000000000000000000000089
:10F780000000000000000000000000000000000079
:10F790000000000000000000000000000000000069
:10F7A0000000000000000000000000000000000059
:10F7B0000000000000000000000000000000000049
:10F7C0000000000000000000000000000000000039
:10F7D0000000000000000000000000000000000029
:10F7E0000000000000000000000000000000000019
:10F7F0000000000000000000000000000000000009
:10F8000000000000000000000000000000000000F8
:10F8100000000000000000000000000000000000E8
:10F8200000000000000000000000000000000000D8
:10F8300000000000000000000000000000000000C8
:10F8400000000000000000000000000000000000B8
:10F8500000000000000000000000000000000000A8
:10F860000000000000000000000000000000000098
:10F870000000000000000000000000000000000088
:10F880000000000000000000000000000000000078
:10F890000000000000000000000000000000000068
:10F8A0000000000000000000000000000000000058
:10F8B0000000000000000000000000000000000048
:10F8C0000000000000000000000000000000000038
:10F8D0000000000000000000000000000000000028
:10F8E0000000000000000000000000000000000018
:10F8F0000000000000000000000000000000000008
:10F9000000000000000000000000000000000000F7
:10F9100000000000000000000000000000000000E7
:10F9200000000000000000000000000000000000D7
:10F9300000000000000000000000000000000000C7
:10F9400000000000000000000000000000000000B7
:10F9500000000000000000000000000000000000A7
:10F960000000000000000000000000000000000097
:10F970000000000000000000000000000000000087
:10F980000000000000000000000000000000000077
:10F990000000000000000000000000000000000067
:10F9A0000000000000000000000000000000000057
:10F9B0000000000000000000000000000000000047
:10F9C0000000000000000000000000000000000037
:10F9D0000000000000000000000000000000000027
:10F9E0000000000000000000000000000000000017
:10F9F0000000000000000000000000000000000007
:10FA000000000000000000000000000000000000F6
:10FA100000000000000000000000000000000000E6
:10FA200000000000000000000000000000000000D6
:10FA300000000000000000000000000000000000C6
:10FA400000000000000000000000000000000000B6
:10FA500000000000000000000000000000000000A6
:10FA60000000000000000000000000000000000096
:10FA70000000000000000000000000000000000086
:10FA80000000000000000000000000000000000076
:10FA90000000000000000000000000000000000066
:10FAA0000000000000000000000000000000000056
:10FAB0000000000000000000000000000000000046
:10FAC0000000000000000000000000000000000036
:10FAD0000000000000000000000000000000000026
:10FAE0000000000000000000000000000000000016
:10FAF0000000000000000000000000000000000006
:10FB000000000000000000000000000000000000F5
:10FB100000000000000000000000000000000000E5
:10FB200000000000000000000000000000000000D5
:10FB300000000000000000000000000000000000C5
:10FB400000000000000000000000000000000000B5
:10FB500000000000000000000000000000000000A5
:10FB60000000000000000000000000000000000095
:10FB70000000000000000000000000000000000085
:10FB80000000000000000000000000000000000075
:10FB90000000000000000000000000000000000065
:10FBA0000000000000000000000000000000000055
:10FBB0000000000000000000000000000000000045
:10FBC0000000000000000000000000000000000035
:10FBD0000000000000000000000000000000000025
:10FBE0000000000000000000000000000000000015
:10FBF0000000000000000000000000000000000005
:10FC000000000000000000000000000000000000F4
:10FC100000000000000000000000000000000000E4
:10FC200000000000000000000000000000000000D4
:10FC300000000000000000000000000000000000C4
:10FC400000000000000000000000000000000000B4
:10FC500000000000000000000000000000000000A4
:10FC60000000000000000000000000000000000094
:10FC70000000000000000000000000000000000084
:10FC80000000000000000000000000000000000074
:10FC90000000000000000000000000000000000064
:10FCA0000000000000000000000000000000000054
:10FCB0000000000000000000000000000000000044
:10FCC0000000000000000000000000000000000034
:10FCD0000000000000000000000000000000000024
:10FCE0000000000000000000000000000000000014
:10FCF0000000000000000000000000000000000004
:10FD000000000000000000000000000000000000F3
:10FD100000000000000000000000000000000000E3
:10FD200000000000000000000000000000000000D3
:10FD300000000000000000000000000000000000C3
:10FD400000000000000000000000000000000000B3
:10FD500000000000000000000000000000000000A3
:10FD60000000000000000000000000000000000093
:10FD70000000000000000000000000000000000083
:10FD80000000000000000000000000000000000073
:10FD90000000000000000000000000000000000063
:10FDA0000000000000000000000000000000000053
:10FDB0000000000000000000000000000000000043
:10FDC0000000000000000000000000000000000033
:10FDD0000000000000000000000000000000000023
:10FDE0000000000000000000000000000000000013
:10FDF0000000000000000000000000000000000003
:10FE000000000000000000000000000000000000F2
:10FE100000000000000000000000000000000000E2
:10FE200000000000000000000000000000000000D2
:10FE300000000000000000000000000000000000C2
:10FE400000000000000000000000000000000000B2
:10FE500000000000000000000000000000000000A2
:10FE60000000000000000000000000000000000092
:10FE70000000000000000000000000000000000082
:10FE80000000000000000000000000000000000072
:10FE90000000000000000000000000000000000062
:10FEA0000000000000000000000000000000000052
:10FEB0000000000000000000000000000000000042
:10FEC0000000000000000000000000000000000032
:10FED0000000000000000000000000000000000022
:10FEE0000000000000000000000000000000000012
:10FEF0000000000000000000000000000000000002
:10FF000000000000000000000000000000000000F1
:10FF100000000000000000000000000000000000E1
:10FF200000000000000000000000000000000000D1
:10FF300000000000000000000000000000000000C1
:10FF400000000000000000000000000000000000B1
:10FF500000000000000000000000000000000000A1
:10FF60000000000000000000000000000000000091
:10FF70000000000000000000000000000000000081
:10FF80000000000000000000000000000000000071
:10FF90000000000000000000000000000000000061
:10FFA0000000000000000000000000000000000051
:10FFB0000000000000000000000000000000000041
:10FFC0000000000000000000000000000000000031
:10FFD0000000000000000000000000000000000021
:10FFE0000000000000000000000000000000000011
:10FFF0000000000000000000000000000000000001
:020000040005F5
:1000000000000000000000000000000000000000F0
:1000100000000000000000000000000000000000E0
:1000200000000000000000000000000000000000D0
:1000300000000000000000000000000000000000C0
:1000400000000000000000000000000000000000B0
:1000500000000000000000000000000000000000A0
:100060000000000000000000000000000000000090
:100070000000000000000000000000000000000080
:100080000000000000000000000000000000000070
:100090000000000000000000000000000000000060
:1000A0000000000000000000000000000000000050
:1000B0000000000000000000000000000000000040
:1000C0000000000000000000000000000000000030
:1000D0000000000000000000000000000000000020
:1000E0000000000000000000000000000000000010
:1000F0000000000000000000000000000000000000
:1001000000000000000000000000000000000000EF
:1001100000000000000000000000000000000000DF
:1001200000000000000000000000000000000000CF
:1001300000000000000000000000000000000000BF
:1001400000000000000000000000000000000000AF
:10015000000000000000000000000000000000009F
:10016000000000000000000000000000000000008F
:10017000000000000000000000000000000000007F
:10018000000000000000000000000000000000006F
:10019000000000000000000000000000000000005F
:1001A000000000000000000000000000000000004F
:1001B000000000000000000000000000000000003F
:1001C000000000000000000000000000000000002F
:1001D000000000000000000000000000000000001F
:1001E000000000000000000000000000000000000F
:1001F00000000000000000000000000000000000FF
:1002000000000000000000000000000000000000EE
:1002100000000000000000000000000000000000DE
:1002200000000000000000000000000000000000CE
:1002300000000000000000000000000000000000BE
:1002400000000000000000000000000000000000AE
:10025000000000000000000000000000000000009E
:10026000000000000000000000000000000000008E
:10027000000000000000000000000000000000007E
:10028000000000000000000000000000000000006E
:10029000000000000000000000000000000000005E
:1002A000000000000000000000000000000000004E
:1002B000000000000000000000000000000000003E
:1002C000000000000000000000000000000000002E
:1002D000000000000000000000000000000000001E
:1002E000000000000000000000000000000000000E
:1002F00000000000000000000000000000000000FE
:1003000000000000000000000000000000000000ED
:1003100000000000000000000000000000000000DD
:1003200000000000000000000000000000000000CD
:1003300000000000000000000000000000000000BD
:1003400000000000000000000000000000000000AD
:10035000000000000000000000000000000000009D
:10036000000000000000000000000000000000008D
:10037000000000000000000000000000000000007D
:10038000000000000000000000000000000000006D
:10039000000000000000000000000000000000005D
:1003A000000000000000000000000000000000004D
:1003B000000000000000000000000000000000003D
:1003C000000000000000000000000000000000002D
:1003D000000000000000000000000000000000001D
:1003E000000000000000000000000000000000000D
:1003F00000000000000000000000000000000000FD
:1004000000000000000000000000000000000000EC
:1004100000000000000000000000000000000000DC
:1004200000000000000000000000000000000000CC
:1004300000000000000000000000000000000000BC
:1004400000000000000000000000000000000000AC
:10045000000000000000000000000000000000009C
:10046000000000000000000000000000000000008C
:10047000000000000000000000000000000000007C
:10048000000000000000000000000000000000006C
:10049000000000000000000000000000000000005C
:1004A000000000000000000000000000000000004C
:1004B000000000000000000000000000000000003C
:1004C000000000000000000000000000000000002C
:1004D000000000000000000000000000000000001C
:1004E000000000000000000000000000000000000C
:1004F00000000000000000000000000000000000FC
:1005000000000000000000000000000000000000EB
:1005100000000000000000000000000000000000DB
:1005200000000000000000000000000000000000CB
:1005300000000000000000000000000000000000BB
:1005400000000000000000000000000000000000AB
:10055000000000000000000000000000000000009B
:10056000000000000000000000000000000000008B
:10057000000000000000000000000000000000007B
:10058000000000000000000000000000000000006B
:10059000000000000000000000000000000000005B
:1005A000000000000000000000000000000000004B
:1005B000000000000000000000000000000000003B
:1005C000000000000000000000000000000000002B
:1005D000000000000000000000000000000000001B
:1005E000000000000000000000000000000000000B
:1005F00000000000000000000000000000000000FB
:1006000000000000000000000000000000000000EA
:1006100000000000000000000000000000000000DA
:1006200000000000000000000000000000000000CA
:1006300000000000000000000000000000000000BA
:1006400000000000000000000000000000000000AA
:10065000000000000000000000000000000000009A
:10066000000000000000000000000000000000008A
:10067000000000000000000000000000000000007A
:10068000000000000000000000000000000000006A
:10069000000000000000000000000000000000005A
:1006A000000000000000000000000000000000004A
:1006B000000000000000000000000000000000003A
:1006C000000000000000000000000000000000002A
:1006D000000000000000000000000000000000001A
:1006E000000000000000000000000000000000000A
:1006F00000000000000000000000000000000000FA
:1007000000000000000000000000000000000000E9
:1007100000000000000000000000000000000000D9
:1007200000000000000000000000000000000000C9
:1007300000000000000000000000000000000000B9
:1007400000000000000000000000000000000000A9
:100750000000000000000000000000000000000099
:100760000000000000000000000000000000000089
:100770000000000000000000000000000000000079
:100780000000000000000000000000000000000069
:100790000000000000000000000000000000000059
:1007A0000000000000000000000000000000000049
:1007B0000000000000000000000000000000000039
:1007C0000000000000000000000000000000000029
:1007D0000000000000000000000000000000000019
:1007E0000000000000000000000000000000000009
:1007F00000000000000000000000000000000000F9
:1008000000000000000000000000000000000000E8
:1008100000000000000000000000000000000000D8
:1008200000000000000000000000000000000000C8
:1008300000000000000000000000000000000000B8
:1008400000000000000000000000000000000000A8
:100850000000000000000000000000000000000098
:100860000000000000000000000000000000000088
:100870000000000000000000000000000000000078
:100880000000000000000000000000000000000068
:100890000000000000000000000000000000000058
:1008A0000000000000000000000000000000000048
:1008B0000000000000000000000000000000000038
:1008C0000000000000000000000000000000000028
:1008D0000000000000000000000000000000000018
:1008E0000000000000000000000000000000000008
:1008F00000000000000000000000000000000000F8
:1009000000000000000000000000000000000000E7
:1009100000000000000000000000000000000000D7
:1009200000000000000000000000000000000000C7
:1009300000000000000000000000000000000000B7
:1009400000000000000000000000000000000000A7
:100950000000000000000000000000000000000097
:100960000000000000000000000000000000000087
:100970000000000000000000000000000000000077
:100980000000000000000000000000000000000067
:100990000000000000000000000000000000000057
:1009A0000000000000000000000000000000000047
:1009B0000000000000000000000000000000000037
:1009C0000000000000000000000000000000000027
:1009D0000000000000000000000000000000000017
:1009E0000000000000000000000000000000000007
:1009F00000000000000000000000000000000000F7
:100A000000000000000000000000000000000000E6
:100A100000000000000000000000000000000000D6
:100A200000000000000000000000000000000000C6
:100A300000000000000000000000000000000000B6
:100A400000000000000000000000000000000000A6
:100A50000000000000000000000000000000000096
:100A60000000000000000000000000000000000086
:100A70000000000000000000000000000000000076
:100A80000000000000000000000000000000000066
:100A90000000000000000000000000000000000056
:100AA0000000000000000000000000000000000046
:100AB0000000000000000000000000000000000036
:100AC0000000000000000000000000000000000026
:100AD0000000000000000000000000000000000016
:100AE0000000000000000000000000000000000006
:100AF00000000000000000000000000000000000F6
:100B000000000000000000000000000000000000E5
:100B100000000000000000000000000000000000D5
:100B200000000000000000000000000000000000C5
:100B300000000000000000000000000000000000B5
:100B400000000000000000000000000000000000A5
:100B50000000000000000000000000000000000095
:100B60000000000000000000000000000000000085
:100B70000000000000000000000000000000000075
:100B80000000000000000000000000000000000065
:100B90000000000000000000000000000000000055
:100BA0000000000000000000000000000000000045
:100BB0000000000000000000000000000000000035
:100BC0000000000000000000000000000000000025
:100BD0000000000000000000000000000000000015
:100BE0000000000000000000000000000000000005
:100BF00000000000000000000000000000000000F5
:100C000000000000000000000000000000000000E4
:100C100000000000000000000000000000000000D4
:100C200000000000000000000000000000000000C4
:100C300000000000000000000000000000000000B4
:100C400000000000000000000000000000000000A4
:100C50000000000000000000000000000000000094
:100C60000000000000000000000000000000000084
:100C70000000000000000000000000000000000074
:100C80000000000000000000000000000000000064
:100C90000000000000000000000000000000000054
:100CA0000000000000000000000000000000000044
:100CB0000000000000000000000000000000000034
:100CC0000000000000000000000000000000000024
:100CD0000000000000000000000000000000000014
:100CE0000000000000000000000000000000000004
:100CF00000000000000000000000000000000000F4
:100D000000000000000000000000000000000000E3
:100D100000000000000000000000000000000000D3
:100D200000000000000000000000000000000000C3
:100D300000000000000000000000000000000000B3
:100D400000000000000000000000000000000000A3
:100D50000000000000000000000000000000000093
:100D60000000000000000000000000000000000083
:100D70000000000000000000000000000000000073
:100D80000000000000000000000000000000000063
:100D90000000000000000000000000000000000053
:100DA0000000000000000000000000000000000043
:100DB0000000000000000000000000000000000033
:100DC0000000000000000000000000000000000023
:100DD0000000000000000000000000000000000013
:100DE0000000000000000000000000000000000003
:100DF00000000000000000000000000000000000F3
:100E000000000000000000000000000000000000E2
:100E100000000000000000000000000000000000D2
:100E200000000000000000000000000000000000C2
:100E300000000000000000000000000000000000B2
:100E400000000000000000000000000000000000A2
:100E50000000000000000000000000000000000092
:100E60000000000000000000000000000000000082
:100E70000000000000000000000000000000000072
:100E80000000000000000000000000000000000062
:100E90000000000000000000000000000000000052
:100EA0000000000000000000000000000000000042
:100EB0000000000000000000000000000000000032
:100EC0000000000000000000000000000000000022
:100ED0000000000000000000000000000000000012
:100EE0000000000000000000000000000000000002
:100EF00000000000000000000000000000000000F2
:100F000000000000000000000000000000000000E1
:100F100000000000000000000000000000000000D1
:100F200000000000000000000000000000000000C1
:100F300000000000000000000000000000000000B1
:100F400000000000000000000000000000000000A1
:100F50000000000000000000000000000000000091
:100F60000000000000000000000000000000000081
:100F70000000000000000000000000000000000071
:100F80000000000000000000000000000000000061
:100F90000000000000000000000000000000000051
:100FA0000000000000000000000000000000000041
:100FB0000000000000000000000000000000000031
:100FC0000000000000000000000000000000000021
:100FD0000000000000000000000000000000000011
:100FE0000000000000000000000000000000000001
:100FF00000000000000000000000000000000000F1
:1010000000000000000000000000000000000000E0
:1010100000000000000000000000000000000000D0
:1010200000000000000000000000000000000000C0
:1010300000000000000000000000000000000000B0
:1010400000000000000000000000000000000000A0
:101050000000000000000000000000000000000090
:101060000000000000000000000000000000000080
:101070000000000000000000000000000000000070
:101080000000000000000000000000000000000060
:101090000000000000000000000000000000000050
:1010A0000000000000000000000000000000000040
:1010B0000000000000000000000000000000000030
:1010C0000000000000000000000000000000000020
:1010D0000000000000000000000000000000000010
:1010E0000000000000000000000000000000000000
:1010F00000000000000000000000000000000000F0
:1011000000000000000000000000000000000000DF
:1011100000000000000000000000000000000000CF
:1011200000000000000000000000000000000000BF
:1011300000000000000000000000000000000000AF
:10114000000000000000000000000000000000009F
:10115000000000000000000000000000000000008F
:10116000000000000000000000000000000000007F
:10117000000000000000000000000000000000006F
:10118000000000000000000000000000000000005F
:10119000000000000000000000000000000000004F
:1011A000000000000000000000000000000000003F
:1011B000000000000000000000000000000000002F
:1011C000000000000000000000000000000000001F
:1011D000000000000000000000000000000000000F
:1011E00000000000000000000000000000000000FF
:1011F00000000000000000000000000000000000EF
:1012000000000000000000000000000000000000DE
:1012100000000000000000000000000000000000CE
:1012200000000000000000000000000000000000BE
:1012300000000000000000000000000000000000AE
:10124000000000000000000000000000000000009E
:10125000000000000000000000000000000000008E
:10126000000000000000000000000000000000007E
:10127000000000000000000000000000000000006E
:10128000000000000000000000000000000000005E
:10129000000000000000000000000000000000004E
:1012A000000000000000000000000000000000003E
:1012B000000000000000000000000000000000002E
:1012C000000000000000000000000000000000001E
:1012D000000000000000000000000000000000000E
:1012E00000000000000000000000000000000000FE
:1012F00000000000000000000000000000000000EE
:1013000000000000000000000000000000000000DD
:1013100000000000000000000000000000000000CD
:1013200000000000000000000000000000000000BD
:1013300000000000000000000000000000000000AD
:10134000000000000000000000000000000000009D
:10135000000000000000000000000000000000008D
:10136000000000000000000000000000000000007D
:10137000000000000000000000000000000000006D
:10138000000000000000000000000000000000005D
:10139000000000000000000000000000000000004D
:1013A000000000000000000000000000000000003D
:1013B000000000000000000000000000000000002D
:1013C000000000000000000000000000000000001D
:1013D000000000000000000000000000000000000D
:1013E00000000000000000000000000000000000FD
:1013F00000000000000000000000000000000000ED
:1014000000000000000000000000000000000000DC
:1014100000000000000000000000000000000000CC
:1014200000000000000000000000000000000000BC
:1014300000000000000000000000000000000000AC
:10144000000000000000000000000000000000009C
:10145000000000000000000000000000000000008C
:10146000000000000000000000000000000000007C
:10147000000000000000000000000000000000006C
:10148000000000000000000000000000000000005C
:10149000000000000000000000000000000000004C
:1014A000000000000000000000000000000000003C
:1014B000000000000000000000000000000000002C
:1014C000000000000000000000000000000000001C
:1014D000000000000000000000000000000000000C
:1014E00000000000000000000000000000000000FC
:1014F00000000000000000000000000000000000EC
:1015000000000000000000000000000000000000DB
:1015100000000000000000000000000000000000CB
:1015200000000000000000000000000000000000BB
:1015300000000000000000000000000000000000AB
:10154000000000000000000000000000000000009B
:10155000000000000000000000000000000000008B
:10156000000000000000000000000000000000007B
:10157000000000000000000000000000000000006B
:10158000000000000000000000000000000000005B
:10159000000000000000000000000000000000004B
:1015A000000000000000000000000000000000003B
:1015B000000000000000000000000000000000002B
:1015C000000000000000000000000000000000001B
:1015D000000000000000000000000000000000000B
:1015E00000000000000000000000000000000000FB
:1015F00000000000000000000000000000000000EB
:1016000000000000000000000000000000000000DA
:1016100000000000000000000000000000000000CA
:1016200000000000000000000000000000000000BA
:1016300000000000000000000000000000000000AA
:10164000000000000000000000000000000000009A
:10165000000000000000000000000000000000008A
:10166000000000000000000000000000000000007A
:10167000000000000000000000000000000000006A
:10168000000000000000000000000000000000005A
:10169000000000000000000000000000000000004A
:1016A000000000000000000000000000000000003A
:1016B000000000000000000000000000000000002A
:1016C000000000000000000000000000000000001A
:1016D000000000000000000000000000000000000A
:1016E00000000000000000000000000000000000FA
:1016F00000000000000000000000000000000000EA
:1017000000000000000000000000000000000000D9
:1017100000000000000000000000000000000000C9
:1017200000000000000000000000000000000000B9
:1017300000000000000000000000000000000000A9
:101740000000000000000000000000000000000099
:101750000000000000000000000000000000000089
:101760000000000000000000000000000000000079
:101770000000000000000000000000000000000069
:101780000000000000000000000000000000000059
:101790000000000000000000000000000000000049
:1017A0000000000000000000000000000000000039
:1017B0000000000000000000000000000000000029
:1017C0000000000000000000000000000000000019
:1017D0000000000000000000000000000000000009
:1017E00000000000000000000000000000000000F9
:1017F00000000000000000000000000000000000E9
:1018000000000000000000000000000000000000D8
:1018100000000000000000000000000000000000C8
:1018200000000000000000000000000000000000B8
:1018300000000000000000000000000000000000A8
:101840000000000000000000000000000000000098
:101850000000000000000000000000000000000088
:101860000000000000000000000000000000000078
:101870000000000000000000000000000000000068
:101880000000000000000000000000000000000058
:101890000000000000000000000000000000000048
:1018A0000000000000000000000000000000000038
:1018B0000000000000000000000000000000000028
:1018C0000000000000000000000000000000000018
:1018D0000000000000000000000000000000000008
:1018E00000000000000000000000000000000000F8
:1018F00000000000000000000000000000000000E8
:1019000000000000000000000000000000000000D7
:1019100000000000000000000000000000000000C7
:1019200000000000000000000000000000000000B7
:1019300000000000000000000000000000000000A7
:101940000000000000000000000000000000000097
:101950000000000000000000000000000000000087
:101960000000000000000000000000000000000077
:101970000000000000000000000000000000000067
:101980000000000000000000000000000000000057
:101990000000000000000000000000000000000047
:1019A0000000000000000000000000000000000037
:1019B0000000000000000000000000000000000027
:1019C0000000000000000000000000000000000017
:1019D0000000000000000000000000000000000007
:1019E00000000000000000000000000000000000F7
:1019F00000000000000000000000000000000000E7
:101A000000000000000000000000000000000000D6
:101A100000000000000000000000000000000000C6
:101A200000000000000000000000000000000000B6
:101A300000000000000000000000000000000000A6
:101A40000000000000000000000000000000000096
:101A50000000000000000000000000000000000086
:101A60000000000000000000000000000000000076
:101A70000000000000000000000000000000000066
:101A80000000000000000000000000000000000056
:101A90000000000000000000000000000000000046
:101AA0000000000000000000000000000000000036
:101AB0000000000000000000000000000000000026
:101AC0000000000000000000000000000000000016
:101AD0000000000000000000000000000000000006
:101AE00000000000000000000000000000000000F6
:101AF00000000000000000000000000000000000E6
:101B000000000000000000000000000000000000D5
:101B100000000000000000000000000000000000C5
:101B200000000000000000000000000000000000B5
:101B300000000000000000000000000000000000A5
:101B40000000000000000000000000000000000095
:101B50000000000000000000000000000000000085
:101B60000000000000000000000000000000000075
:101B70000000000000000000000000000000000065
:101B80000000000000000000000000000000000055
:101B90000000000000000000000000000000000045
:101BA0000000000000000000000000000000000035
:101BB0000000000000000000000000000000000025
:101BC0000000000000000000000000000000000015
:101BD0000000000000000000000000000000000005
:101BE00000000000000000000000000000000000F5
:101BF00000000000000000000000000000000000E5
:101C000000000000000000000000000000000000D4
:101C100000000000000000000000000000000000C4
:101C200000000000000000000000000000000000B4
:101C300000000000000000000000000000000000A4
:101C40000000000000000000000000000000000094
:101C50000000000000000000000000000000000084
:101C60000000000000000000000000000000000074
:101C70000000000000000000000000000000000064
:101C80000000000000000000000000000000000054
:101C90000000000000000000000000000000000044
:101CA0000000000000000000000000000000000034
:101CB0000000000000000000000000000000000024
:101CC0000000000000000000000000000000000014
:101CD0000000000000000000000000000000000004
:101CE00000000000000000000000000000000000F4
:101CF00000000000000000000000000000000000E4
:101D000000000000000000000000000000000000D3
:101D100000000000000000000000000000000000C3
:101D200000000000000000000000000000000000B3
:101D300000000000000000000000000000000000A3
:101D40000000000000000000000000000000000093
:101D50000000000000000000000000000000000083
:101D60000000000000000000000000000000000073
:101D70000000000000000000000000000000000063
:101D80000000000000000000000000000000000053
:101D90000000000000000000000000000000000043
:101DA0000000000000000000000000000000000033
:101DB0000000000000000000000000000000000023
:101DC0000000000000000000000000000000000013
:101DD0000000000000000000000000000000000003
:101DE00000000000000000000000000000000000F3
:101DF00000000000000000000000000000000000E3
:101E000000000000000000000000000000000000D2
:101E100000000000000000000000000000000000C2
:101E200000000000000000000000000000000000B2
:101E300000000000000000000000000000000000A2
:101E40000000000000000000000000000000000092
:101E50000000000000000000000000000000000082
:101E60000000000000000000000000000000000072
:101E70000000000000000000000000000000000062
:101E80000000000000000000000000000000000052
:101E90000000000000000000000000000000000042
:101EA0000000000000000000000000000000000032
:101EB0000000000000000000000000000000000022
:101EC0000000000000000000000000000000000012
:101ED0000000000000000000000000000000000002
:101EE00000000000000000000000000000000000F2
:101EF00000000000000000000000000000000000E2
:101F000000000000000000000000000000000000D1
:101F100000000000000000000000000000000000C1
:101F200000000000000000000000000000000000B1
:101F300000000000000000000000000000000000A1
:101F40000000000000000000000000000000000091
:101F50000000000000000000000000000000000081
:101F60000000000000000000000000000000000071
:101F70000000000000000000000000000000000061
:101F80000000000000000000000000000000000051
:101F90000000000000000000000000000000000041
:101FA0000000000000000000000000000000000031
:101FB0000000000000000000000000000000000021
:101FC0000000000000000000000000000000000011
:101FD0000000000000000000000000000000000001
:101FE00000000000000000000000000000000000F1
:101FF00000000000000000000000000000000000E1
:1020000000000000000000000000000000000000D0
:1020100000000000000000000000000000000000C0
:1020200000000000000000000000000000000000B0
:1020300000000000000000000000000000000000A0
:102040000000000000000000000000000000000090
:102050000000000000000000000000000000000080
:102060000000000000000000000000000000000070
:102070000000000000000000000000000000000060
:102080000000000000000000000000000000000050
:102090000000000000000000000000000000000040
:1020A0000000000000000000000000000000000030
:1020B0000000000000000000000000000000000020
:1020C0000000000000000000000000000000000010
:1020D0000000000000000000000000000000000000
:1020E00000000000000000000000000000000000F0
:1020F00000000000000000000000000000000000E0
:1021000000000000000000000000000000000000CF
:1021100000000000000000000000000000000000BF
:1021200000000000000000000000000000000000AF
:10213000000000000000000000000000000000009F
:10214000000000000000000000000000000000008F
:10215000000000000000000000000000000000007F
:10216000000000000000000000000000000000006F
:10217000000000000000000000000000000000005F
:10218000000000000000000000000000000000004F
:10219000000000000000000000000000000000003F
:1021A000000000000000000000000000000000002F
:1021B000000000000000000000000000000000001F
:1021C000000000000000000000000000000000000F
:1021D00000000000000000000000000000000000FF
:1021E00000000000000000000000000000000000EF
:1021F00000000000000000000000000000000000DF
:1022000000000000000000000000000000000000CE
:1022100000000000000000000000000000000000BE
:1022200000000000000000000000000000000000AE
:10223000000000000000000000000000000000009E
:10224000000000000000000000000000000000008E
:10225000000000000000000000000000000000007E
:10226000000000000000000000000000000000006E
:10227000000000000000000000000000000000005E
:10228000000000000000000000000000000000004E
:10229000000000000000000000000000000000003E
:1022A000000000000000000000000000000000002E
:1022B000000000000000000000000000000000001E
:1022C000000000000000000000000000000000000E
:1022D00000000000000000000000000000000000FE
:1022E00000000000000000000000000000000000EE
:1022F00000000000000000000000000000000000DE
:1023000000000000000000000000000000000000CD
:1023100000000000000000000000000000000000BD
:1023200000000000000000000000000000000000AD
:10233000000000000000000000000000000000009D
:10234000000000000000000000000000000000008D
:10235000000000000000000000000000000000007D
:10236000000000000000000000000000000000006D
:10237000000000000000000000000000000000005D
:10238000000000000000000000000000000000004D
:10239000000000000000000000000000000000003D
:1023A000000000000000000000000000000000002D
:1023B000000000000000000000000000000000001D
:1023C000000000000000000000000000000000000D
:1023D00000000000000000000000000000000000FD
:1023E00000000000000000000000000000000000ED
:1023F00000000000000000000000000000000000DD
:1024000000000000000000000000000000000000CC
:1024100000000000000000000000000000000000BC
:1024200000000000000000000000000000000000AC
:10243000000000000000000000000000000000009C
:10244000000000000000000000000000000000008C
:10245000000000000000000000000000000000007C
:10246000000000000000000000000000000000006C
:10247000000000000000000000000000000000005C
:10248000000000000000000000000000000000004C
:10249000000000000000000000000000000000003C
:1024A000000000000000000000000000000000002C
:1024B000000000000000000000000000000000001C
:1024C000000000000000000000000000000000000C
:1024D00000000000000000000000000000000000FC
:1024E00000000000000000000000000000000000EC
:1024F00000000000000000000000000000000000DC
:1025000000000000000000000000000000000000CB
:1025100000000000000000000000000000000000BB
:1025200000000000000000000000000000000000AB
:10253000000000000000000000000000000000009B
:10254000000000000000000000000000000000008B
:10255000000000000000000000000000000000007B
:10256000000000000000000000000000000000006B
:10257000000000000000000000000000000000005B
:10258000000000000000000000000000000000004B
:10259000000000000000000000000000000000003B
:1025A000000000000000000000000000000000002B
:1025B000000000000000000000000000000000001B
:1025C000000000000000000000000000000000000B
:1025D00000000000000000000000000000000000FB
:1025E00000000000000000000000000000000000EB
:1025F00000000000000000000000000000000000DB
:1026000000000000000000000000000000000000CA
:1026100000000000000000000000000000000000BA
:1026200000000000000000000000000000000000AA
:10263000000000000000000000000000000000009A
:10264000000000000000000000000000000000008A
:10265000000000000000000000000000000000007A
:10266000000000000000000000000000000000006A
:10267000000000000000000000000000000000005A
:10268000000000000000000000000000000000004A
:10269000000000000000000000000000000000003A
:1026A000000000000000000000000000000000002A
:1026B000000000000000000000000000000000001A
:1026C000000000000000000000000000000000000A
:1026D00000000000000000000000000000000000FA
:1026E00000000000000000000000000000000000EA
:1026F00000000000000000000000000000000000DA
:1027000000000000000000000000000000000000C9
:1027100000000000000000000000000000000000B9
:1027200000000000000000000000000000000000A9
:102730000000000000000000000000000000000099
:102740000000000000000000000000000000000089
:102750000000000000000000000000000000000079
:102760000000000000000000000000000000000069
:102770000000000000000000000000000000000059
:102780000000000000000000000000000000000049
:102790000000000000000000000000000000000039
:1027A0000000000000000000000000000000000029
:1027B0000000000000000000000000000000000019
:1027C0000000000000000000000000000000000009
:1027D00000000000000000000000000000000000F9
:1027E00000000000000000000000000000000000E9
:1027F00000000000000000000000000000000000D9
:1028000000000000000000000000000000000000C8
:1028100000000000000000000000000000000000B8
:1028200000000000000000000000000000000000A8
:102830000000000000000000000000000000000098
:102840000000000000000000000000000000000088
:102850000000000000000000000000000000000078
:102860000000000000000000000000000000000068
:102870000000000000000000000000000000000058
:102880000000000000000000000000000000000048
:102890000000000000000000000000000000000038
:1028A0000000000000000000000000000000000028
:1028B0000000000000000000000000000000000018
:1028C0000000000000000000000000000000000008
:1028D00000000000000000000000000000000000F8
:1028E00000000000000000000000000000000000E8
:1028F00000000000000000000000000000000000D8
:1029000000000000000000000000000000000000C7
:1029100000000000000000000000000000000000B7
:1029200000000000000000000000000000000000A7
:102930000000000000000000000000000000000097
:102940000000000000000000000000000000000087
:102950000000000000000000000000000000000077
:102960000000000000000000000000000000000067
:102970000000000000000000000000000000000057
:102980000000000000000000000000000000000047
:102990000000000000000000000000000000000037
:1029A0000000000000000000000000000000000027
:1029B0000000000000000000000000000000000017
:1029C0000000000000000000000000000000000007
:1029D00000000000000000000000000000000000F7
:1029E00000000000000000000000000000000000E7
:1029F00000000000000000000000000000000000D7
:102A000000000000000000000000000000000000C6
:102A100000000000000000000000000000000000B6
:102A200000000000000000000000000000000000A6
:102A30000000000000000000000000000000000096
:102A40000000000000000000000000000000000086
:102A50000000000000000000000000000000000076
:102A60000000000000000000000000000000000066
:102A70000000000000000000000000000000000056
:102A80000000000000000000000000000000000046
:102A90000000000000000000000000000000000036
:102AA0000000000000000000000000000000000026
:102AB0000000000000000000000000000000000016
:102AC0000000000000000000000000000000000006
:102AD00000000000000000000000000000000000F6
:102AE00000000000000000000000000000000000E6
:102AF00000000000000000000000000000000000D6
:102B000000000000000000000000000000000000C5
:102B100000000000000000000180000000720018AA
:102B200000000000000000000000000000000000A5
:102B3000018000000072001800000000000000008A
:102B4000000000000000000001800000007200187A
:102B50000000000000000000000000000000000075
:102B60000000000000000000000000000000000065
:102B70000000000000000000000000000000000055
:102B80000000000000000000000000000000000045
:102B90000180000000720018E0800000002400D0D6
:102BA0000000000000000000000000000000000025
:102BB0000000000000000000000000000000000015
:102BC0000000000000000000000000000000000005
:102BD0000180000000720018E0800000002400D096
:102BE00000000000000000000000000000000000E5
:102BF00000000000000000000000000000000000D5
:102C000000000000000000000000000000000000C4
:102C100000000000000000000000000000000000B4
:102C200000000000000000000000000000000000A4
:102C3000E0800000002400D0000000000000000040
:102C4000018000330088008001800033008800800C
:102C500001800033008800800180003300880080FC
:102C60000000000000000000000000000000000064
:102C700001800033008800800180003300880080DC
:102C80000000000000000000018000000072001839
:102C900001800033008800800180003300880080BC
:102CA00001800033008800800180003300880080AC
:102CB0000000000000000000000000000000000014
:102CC0000000000000000000000000000000000004
:102CD00000000000000000000000000000000000F4
:102CE00000000000000000000000000000000000E4
:102CF00000000000000000000000000000000000D4
:102D0000E180003300880080E1800033008800808B
:102D1000E180003300880080E1800033008800807B
:102D200000000000000000000000000000000000A3
:102D30000000000000000000000000000000000093
:102D40000000000000000000000000000000000083
:102D5000E180003300880080E1800033008800803B
:102D6000E180003300880080E1800033008800802B
:102D70000000000000000000000000000000000053
:102D80000000000000000000000000000000000043
:102D90000000000000000000000000000000000033
:102DA0000180003300880080E180003300880080CB
:102DB000E180003300880080E180003300880080DB
:102DC0000000000000000000000000000000000003
:102DD00000000000000000000000000000000000F3
:102DE00000000000000000000000000000000000E3
:102DF00000000000000000000000000000000000D3
:102E0000E180003300880080E1800033008800808A
:102E1000E180003300880080E1800033008800807A
:102E2000E18000330088008001800033008800804A
:102E3000018000330088008001800033008800801A
:102E40000000000000000000000000000000000082
:102E50000000000000000000000000000000000072
:102E60000000000000000000000000000000000062
:102E700001800033008800800180003300880080DA
:102E80000000000000000000018000330088008086
:102E900001800033008800800180003300880080BA
:102EA00001800033008800800180003300880080AA
:102EB000018000330088008001800033008800809A
:102EC0000000000000000000000000000000000002
:102ED00000000000000000000000000000000000F2
:102EE00000000000000000000000000000000000E2
:102EF00000000000000000000000000000000000D2
:102F000000000000000000000000000000000000C1
:102F100000000000000000000000000000000000B1
:102F2000E0C00000002400D0018000330088008051
:102F30000180003300880080E0000000002400D001
:102F40000000000000000000000000000000000081
:102F50000000000000000000000000000000000071
:102F60000000000000000000000000000000000061
:102F70000180000000720018000000000000000046
:102F8000018000000072001801800000007200182B
:102F90000000000000000000000000000000000031
:102FA0000000000000000000000000000000000021
:102FB0000000000000000000000000000000000011
:102FC0000000000000000000E0800000002400D0AD
:102FD0000180003300000030018000330000003029
:102FE0000180003300880080018000330088008069
:102FF000E0C00000002400D0018000330088008081
:103000000180000000880080E0C00000002400D0A3
:1030100000000000000000000000000000000000B0
:1030200000000000000000000000000000000000A0
:103030000000000000000000000000000000000090
:103040000000000000000000000000000000000080
:103050000000000000000000000000000000000070
:1030600001800000008800800000000000000000D7
:103070000180000000720018000000000000000045
:103080000000000000000000000000000000000040
:103090000000000000000000000000000000000030
:1030A0000000000000000000000000000000000020
:1030B0000000000000000000000000000000000010
:1030C0000000000000000000000000000000000000
:1030D0000000000000000000E0800000002400D09C
:1030E0000000000000000000018000330088008024
:1030F00000020010000000000000000000000000BE
:1031000000000000000000000000000000000000BF
:1031100000000000000000000000000000000000AF
:10312000000000000000000000000000000000009F
:10313000000000000000000000000000000000008F
:10314000000000000000000000000000000000007F
:10315000000000000000000000000000000000006F
:103160000000000000000000018000000072001854
:103170000180000000720018018000000072001839
:10318000000000000000000000000000000000003F
:10319000000000000000000000000000000000002F
:1031A000000000000000000000000000000000001F
:1031B000000000000000000000000000000000000F
:1031C00000000000000000000000000000000000FF
:1031D00000000000000000000000000000000000EF
:1031E00000000000000000000000000000000000DF
:1031F00000000000000000000180000000720018C4
:10320000000000D472EE0400040004000400040076
:10321000040004000400040004000400040004008E
:10322000040004000400040004000400040004007E
:103230000400040004000C44802000E80C85008099
:103240000A0600000041AEDE0000000000000000A1
:10325000000000000000000000000000000000006E
:10326000000000007B75AEDE0000000000000000E2
:10327000000000000000000000000000000000004E
:10328000000000007B750000AE9E00000000000002
:10329000000000000000000000000000000000002E
:1032A000000000000000000000000000000000001E
:1032B000000000000000000000000000000000000E
:1032C0000000000000000000FFFFFFFFFFFFFFFF06
:1032D000FFFFFFFFFFFFFFFFFFFFFFFFFFFFFFFFFE
:1032E000FFFFFFFFFFFFFFFFFFFFFFFFFFFFFFFFEE
:1032F000FFFFFFFFFFFFFFFFFFFFFFFFFFFFFFFFDE
:10330000FFFFFFFFFFFFFFFFFFFFFFFFFFFFFFFFCD
:10331000FFFFFFFFFFFFFFFFFFFFFFFFFFFFFFFFBD
:10332000FFFFFFFFFFFFFFFFFFFFFFFFFFFFFFFFAD
:10333000FFFFFFFFFFFFFFFFFFFFFFFFFFFFFFFF9D
:10334000FFFFFFFFFFFFFFFFFFFF004C61FB0C854E
:1033500000500C8500C004000400040004000C852B
:1033600000500C8500A00C8700FF0C8300810C40EE
:10337000007CFC5C0C8500B0040004000400040028
:10338000040004000400040004000400040004001D
:043390000400040031
:00000001FF
